PSA_Id,Domain,Class,English,Source,Date
1,Security & Safety,PSA,National Police Service Commission Functions & Mandate,National Police Service Commission (NPSC),12/14/2021
2,Security & Safety,PSA,Statement on Police Salaries and Promotion - National Police Service Commission,National Police Service Commission (NPSC),9/5/2024
3,Security & Safety,PSA,"The NPSC began operations on October 5, 2012, following the appointment of six Commissioners through Gazette Notice No.",National Police Service Commission (NPSC),9/25/2025
4,Security & Safety,PSA,"Peter Leley, EBS - National Police Service Commission",National Police Service Commission (NPSC),10/3/2025
5,Security & Safety,PSA,"Dr. Amani Yuda Komora, PhD, MBS, CHRP(K), FIHRM - National Police Service Commission",National Police Service Commission (NPSC),10/13/2025
6,Security & Safety,PSA,Refugee-Led Research Hub (RLRH) - Refugee-Led Organisations in East Africa: Community Perceptions in Kenya - November 2022 - Kenya,ReliefWeb Kenya,11/30/2022
7,Security & Safety,PSA,"Navigating the City - The Internal Migration of Refugees from Kakuma and Dadaab Refugee Camps to Nairobi, Working paper 3 - December 2024 - Kenya",ReliefWeb Kenya,12/9/2024
8,Security & Safety,PSA,JRS - Economic Inclusion of Refugees and Host Communities in Kenya: A market analysis - Kenya,ReliefWeb Kenya,2/21/2025
9,Security & Safety,PSA,"Educational challenges in refugee camps in Turkana County, Kenya: a brief literature review - Kenya Kenya: Salesian Missions provides funding for new bathrooms at Don Bosco - Kenya The toilets are modern and have sensors for flushing to avoid wasting water.",ReliefWeb Kenya,3/24/2025
10,Security & Safety,PSA,Kenya Annual Country Report 2024 - Country Strategic Plan 2023 - 2027 - Kenya Climate Change Impacts on Food Security and Nutrition in Kenya's Arid and Semi-Arid Lands: A Brief Literature Review - Kenya It concludes with strategic recommendations to strengthen climate resilience and ensure food and nutrition security across Kenya’s most climate-vulnerable regions. KEN: Epidemic - 02-2025 - Cholera Outbreak field report #3 (2025-03-27) - Kenya,ReliefWeb Kenya,3/27/2025
11,Security & Safety,PSA,"UNHCR’s Grandi hails launch of Kenya’s landmark refugee inclusion plan - Kenya Kenya - Food insecurity and malnutrition (DG ECHO, IPC) (ECHO Daily Flash of 28 March 2025) - Kenya",ReliefWeb Kenya,3/28/2025
12,Security & Safety,PSA,"WFP Kenya Country Brief, March 2025 - Kenya WFP’s Differentiated Assistance Approach aligns with the Shirika Plan to ensure refugee programming is sustainable and inclusive. The Urban Pull on Rural Food Production Systems in East Africa: A Brief Literature Review - Kenya",ReliefWeb Kenya,3/31/2025
13,Security & Safety,PSA,School Health & Nutrition Facility Progress Report 2024 (August-December) - Kenya - A Coordination Cell has been created for the inception phase of the SMIA initiative to ensure a more cohesive and supportive approach across the partners and countries involved.,ReliefWeb Kenya,4/1/2025
14,Security & Safety,PSA,Gender Strategy on Weather and Climate Information Services in East Africa - Kenya The project focuses on the co-design and co-production of inclusive WCIS and impact-based early warning systems (IBEWS) to improve accessibility and utilization among marginalized groups.,ReliefWeb Kenya,4/2/2025
15,Security & Safety,PSA,"EHAGL Region: Community Feedback Analysis Report, July - September 2024 - Kenya",ReliefWeb Kenya,4/7/2025
16,Security & Safety,PSA,"Ministry of Health Press Statement (Date of Release: 8th April, 2025) - Kenya Historic Danish public-private partnership with WFP expands home-grown school meals in East Africa - Kenya Around these schools, the partnership will build an ecosystem of support that ensures the long-term sustainability of the initiative. It drives actions to urgently improve and scale up school meal programmes to ensure that every child can receive a healthy, nutritious meal in school by 2030.",ReliefWeb Kenya,4/8/2025
17,Security & Safety,PSA,"Climate-Smart Agriculture and Urban/Peri-Urban Agriculture in the Great Lakes Region: A Brief Literature Review - Kenya Kenya - Cholera outbreak (DG ECHO, Ministry of Health of Kenya, WHO) (ECHO Daily Flash of 09 April 2025) - Kenya",ReliefWeb Kenya,4/9/2025
18,Security & Safety,PSA,"Kenya | Joint Market Monitoring Initiative (JMMI) Market Overview, Q4 (October - December, 2024) - Kenya Kenyan Court Delays Justice for Survivors of Post-Election Sexual Violence - Kenya Each election cycle brings fresh reminders of the trauma we suffered; the court must act before the 2027 election. Instead of offering relief or protection, the justice system, which should have been a source of support, has become another burden to bear. We urge the judiciary to prioritize this important matter.” “We urge the Judiciary of Kenya to be sensitive to the plight of survivors, where a single day’s delay is one too many,” said Grace Wangechi of Independent Medico-Legal Unit (IMLU). Justice must not only be done. And it must be felt, urgently, fully, and without compromise,” said Tina Alai, Utu Wetu Trust.",ReliefWeb Kenya,4/11/2025
19,Security & Safety,PSA,"Adaptation in Adversity - The Impact of Drought on the Livelihood Adaptive Strategies of Refugee Youth with Physical Disabilities in Kakuma Refugee Camp, Working paper 4 - December 2024 - Kenya",ReliefWeb Kenya,4/12/2025
20,Security & Safety,PSA,"Bridging policy and practice: Key insights from the Water, Peace and Climate Conference in Kenya - Kenya Several messages particularly stood out to me: - There’s an urgent need for collective action on climate security, and local communities must be at the centre of shaping solutions Dr. Monica Juma, Advisor on National Security in Kenya, described climate security as ""one of the largest public good portfolios."" Her emphasis on community-centered approaches mirrors what we've witnessed in our WPS work – solutions developed with and by local communities last longer and work better. This is why water, peace and climate security must be part of national security policies, disaster response planning, and regional cooperation agreements. But to break the silos, we must continue to enhance awareness and education at the highest levels of decision-making. - Knowledge must translate to action During our panel, I emphasized that sharing knowledge on the water, peace and security agenda must result in practical solutions that bridge the gap between policy discussions and community realities and needs. Daisy Kosgei is a Senior Project Officer at International Alert Kenya and the Horn of Africa that implements the Water, Peace and Security partnership work in Kenya.",ReliefWeb Kenya,4/14/2025
21,Security & Safety,PSA,"UK Parliamentarians conclude study tour to Kenya aimed at gaining insights into global sexual and reproductive health and rights - Kenya About UNFPA UNFPA is the United Nations sexual and reproductive health agency, working to ensure every pregnancy is wanted, every childbirth is safe, and every young person’s potential is fulfilled. Kenya: Don Bosco Center Makuyu renovates facilities thanks to donor funding from Salesian Missions - Kenya",ReliefWeb Kenya,4/15/2025
22,Security & Safety,PSA,"Kenya: Scholarships help vulnerable students complete secondary education - Kenya Scholarship recipients also receive mentoring services to help ensure they successfully complete secondary education. Applications were reviewed by Kenya’s Community Scholars Advisory Committee at locations throughout the country. In the future, I want to be a surgeon.",ReliefWeb Kenya,4/16/2025
23,Security & Safety,PSA,"Kenya - Floods (DG ECHO, media, Kenya Meteorological Department) (ECHO Daily Flash of 23 April 2025) - Kenya",ReliefWeb Kenya,4/23/2025
24,Security & Safety,PSA,World Malaria Day: preventing deaths among refugee children in Kenya - Kenya,ReliefWeb Kenya,4/25/2025
25,Security & Safety,PSA,"Kenya, Garissa and Turkana Counties: Addressing water and sanitation challenges for schools and health facilities (November 2024) - Kenya",ReliefWeb Kenya,4/28/2025
26,Security & Safety,PSA,Nairobi County Refugee Integration and Community Building Strategy - Kenya,ReliefWeb Kenya,4/29/2025
27,Security & Safety,PSA,"By registering all 138,000 refugee and asylum-seeker households into a unified government database, the ESR operationalizes the Shirika Plan’s vision to transition camps into integrated settlements through socio-economic inclusion and data-driven governance.",ReliefWeb Kenya,4/30/2025
28,Security & Safety,PSA,"IRC Re:BUILD - Wave 1 RCT Research Brief - May 2025: Benefits of cash alone and cash+mentorship for Kenyan and refugee microentrepreneurs in Nairobi, Kenya - Kenya IRC Re:BUILD - Policy Brief: Access To Decent Work - A Pathway To Durable Solutions For Urban Refugees - Kenya Presentation - Supporting refugee self-reliance through large cash transfers - May 2025 - Kenya",ReliefWeb Kenya,5/8/2025
29,Security & Safety,PSA,Urban Refugee Policies and Legislation in Kenya and Uganda: 2025 Stocktake - Kenya,ReliefWeb Kenya,5/12/2025
30,Security & Safety,PSA,"Toward a Shared Future: Advancing Refugee Integration in Kenya - Kenya Strikingly, over half of these individuals were children, underscoring the urgency of sustainable, child-focused solutions. What I witnessed was not just hardship; it was a haunting reminder of the world’s failure to protect refugees.” In the camps, refugees live in overcrowded shelters, many made of tarps and tin. As implementation of the Shirika Plan begins and sets out to address the needs of refugees and host communities, refugee voices must be included and at the center of dialogue and action. For inquiries, please contact: policy@refugees.org",ReliefWeb Kenya,5/13/2025
31,Security & Safety,PSA,"Severe droughts in Kenya drive child marriage, increasing the risk of modern slavery - Kenya Climate change is worsening exploitation, highlighting the urgent need for stronger protections. Urgent action is needed to protect women and girls from exploitation The increasing frequency of extreme weather events is deepening gender inequalities, pushing women and girls further into modern slavery. Walk Free’s Global Slavery Index highlights the urgent need for targeted interventions to protect vulnerable populations, including: - Expanding social safety nets to support vulnerable families and prevent child marriage. As climate change accelerates, protecting women and girls from modern slavery must be a priority in global adaptation responses. Despite these eorts, the crisis underscored the urgent need for sustainable solutions. Everyday Heroes Leading the Fight Against Hunger - Kenya We register them in our malnutrition register, enroll them in our outpatient therapeutic or supplementary feeding program, administer deworming medication, and collaborate with community health promoters to monitor their progress”, she says. Action Against Hunger supported her with a water tank to store rainwater and installed a bio-sand water filtration system in the community to ensure clean water access.",ReliefWeb Kenya,5/15/2025
32,Security & Safety,PSA,"Weekly Bulletin on Outbreaks and Other Emergencies: Week 20: 12 -18 May 2025 (Data as reported by: 17:00; 18 May 2025) - Kenya Additionally, enhancing the diagnostic capacity of sub-national laboratories and strengthening healthcare worker training on Mpox identification and case management are critical areas requiring urgent attention.",ReliefWeb Kenya,5/18/2025
33,Security & Safety,PSA,"MSF Responds to Surge in Kala-azar cases in Wajir and Marsabit Counties in Kenya - Kenya MSF Responds to Surge in Kala-azar cases in Wajir and Marsabit Counties in Kenya - Kenya Since late 2024, Marsabit and Wajir counties, in the arid north-eastern region of Kenya, have been experiencing a significant surge in cases of Kala-azar, also known as Visceral Leishmaniasis. This shortage severely hindered timely treatment and control of the disease in the affected communities at the start of the surges. Health care workers not always knowing how to diagnose reduced the capacity to respond quickly at the initial stages of the surges leading to untimely loss of lives” said Hussein Mohammed, acting neglected tropical disease coordinator in Wajir County. A call for greater attention and resources for neglected tropical diseases “This outbreak is a reminder that neglected diseases do not just affect health, they expose deep inequalities in healthcare access,” reiterates Maureen Muchanga, MSF medical team lead in Wajir. “Without proper vector control, accurate diagnosis, affordable treatment, and enough trained healthcare workers, kala azar detection and care remain delayed and difficult with human cost.” The surges in Wajir and Marsabit have once again shown the human impact of neglected diseases.",ReliefWeb Kenya,5/20/2025
34,Security & Safety,PSA,"Project Brief: Enhancing Soil Health and Agroecology in Kenya - May 2025 - Kenya Kenya launches 'Early Warnings for All' initiative to enhance disaster preparedness - Kenya Kenya launches 'Early Warnings for All' initiative to enhance disaster preparedness - Kenya Nairobi, Kenya - May 21, 2025 - Today, Kenya officially took a major step towards protecting lives and livelihoods from disasters through its national launch of the Early Warnings for All (EW4All) initiative. The launch of EW4All in Kenya underscores the urgent need to shift from reactive disaster response to proactive anticipatory action, while ensuring that no one is left behind when disasters strike. Let us therefore unite, collaborate, engage, and build an Early Warning System in Kenya that will reduce loss of life and livelihoods, bolster food security, and build a more resilient Kenya for generations to come"". She also announced that ""5 percent of the national Disaster Risk Management budget will be allocated to upgrading early warning systems across all relevant institutions"". Kenya is not new to early warning systems and has been making notable progress in advancing this work. To strengthen inclusive early warning in the country, the workshop will provide a platform to coordinate efforts, strengthen disaster governance, and enhance Kenya's capacity for real-time monitoring and forecasting of natural hazards. Early warning systems are among the most effective measures for reducing disaster risks and building resilience.",ReliefWeb Kenya,5/21/2025
35,Security & Safety,PSA,"Kenya steps up national cholera preparedness and response - Kenya Community health promoters have visted her, checking on her recovery and educating her family and neighbours on using water purification tablets, proper handwashing, avoiding cold food and maintaining hygiene at food preparation areas and toilets. Refugees in Kenya at risk of worsening hunger as WFP faces critical funding shortfall - Kenya A GAM rate over 10 percent is classed as a nutrition emergency, particularly in refugee settings, meaning urgent intervention is required to prevent life-threatening complications from malnutrition. “Food assistance is a vital safety net, and we remain committed to doing all we can to support refugees who are trying to rebuild their lives in safety.” WFP urgently requires US$44 million to provide full rations and restore cash assistance for all refugees through August. Follow us on X, formerly Twitter, via @wfp_media @wfp_africa @wfp_kenya For more information please contact (email address: firstname.lastname@wfp.org): Mercy Juma, WFP/ Nairobi; Tel: +254 704 723 762",ReliefWeb Kenya,5/22/2025
36,Security & Safety,PSA,"Lancet research finds glasses still out of reach for millions of people - Kenya Dr May Ho, Optometry and Primary Care Advisor at The Fred Hollows Foundation, said the findings reflect that not enough was being done to address persistent and preventable inequity. “We are working to change this, but without urgent, coordinated action across governments, global institutions, philanthropy and the private sector, the most disadvantaged people will continue to be left behind.",ReliefWeb Kenya,5/23/2025
37,Security & Safety,PSA,CADIS and Tzu Chi Deliver Relief to Flood-Hit Communities in Kenya - Kenya,ReliefWeb Kenya,5/26/2025
38,Security & Safety,PSA,"Kisumu County sought assistance for cholera control on 2 May and flood response on 14 May, following earlier appeals including a public notice by the Cabinet Secretary for Health. Following further floods alerts, on 16 May, the government ordered evacuations in Tana River and Garissa after Kiambere Dam overflowed and KRCS was called to support as well. In parallel, both the upsurge of cases and death for cholera and Leishmaniasis pose a serious threat to the communities in the past quarter.",ReliefWeb Kenya,5/27/2025
39,Security & Safety,PSA,Kenya – Flow Monitoring Dashboard Round 3 (January-March 2025) - Kenya,ReliefWeb Kenya,5/28/2025
40,Security & Safety,PSA,Kenya – Solutions and Mobility Index – Turkana and Garissa counties (September - November 2024) - Kenya,ReliefWeb Kenya,5/31/2025
41,Security & Safety,PSA,Enhancing reproductive health services through on-site mentorship in Kenya - Kenya,ReliefWeb Kenya,6/1/2025
42,Security & Safety,PSA,Between drought and deluge: the fragility of ‘resilience’ in Kakuma Refugee Camp - Kenya,ReliefWeb Kenya,6/3/2025
43,Security & Safety,PSA,"Regional Report 2024: Regional Program on Enhancing the Investment Climate for the Economic Empowerment of Refugee, Returnee and Host/Return Community Women in the East and Horn of Africa and Great Lakes Region - Kenya Strengthening Quality of Healthcare in Refugee Camps: Tracking the ISO 15189:2022 Accreditation Journey of Ammusait General Level 4 Hospital Laboratory in Kakuma - Kenya Ammusait has a bed capacity of 180, which, at times, is stretched beyond capacity and can reach up to 300 admissions during surges. This collaboration ensured alignment with best practices and strengthened community health responses, particularly in addressing COVID-19 and routine healthcare needs. Annex: Roadmap 2024 -Regional Program on Enhancing the Investment Climate for the Economic Empowerment of Refugee, Returnee and Host/Return Community Women in the East and Horn of Africa and Great Lakes Region - Kenya",ReliefWeb Kenya,6/4/2025
44,Security & Safety,PSA,‘Consensual’ Women Trafficking in Kenya: Can Intersectional Feminism Provide a Solution? - Kenya,ReliefWeb Kenya,6/5/2025
45,Security & Safety,PSA,"Recurring Fire Tragedies in Kenya, from Reaction to Prevention - Kenya",ReliefWeb Kenya,6/9/2025
46,Security & Safety,PSA,Efficiency Gains in Cash and Voucher Assistance (CVA) in Eastern Africa: Examples from Kenya and Uganda - Kenya,ReliefWeb Kenya,6/10/2025
47,Security & Safety,PSA,"Research Briefs: Results From Re:BUiLD’s Wave 1 Randomized Control Trials (RCTs) On Mentorship And Cash Grants For Microentrepreneurs in Nairobi, Kenya and Kampala, Uganda - Kenya",ReliefWeb Kenya,6/11/2025
48,Security & Safety,PSA,Solutions Brief: Community Advocacy Champions - Kenya,ReliefWeb Kenya,6/13/2025
49,Security & Safety,PSA,Dadaab and Kakuma Refugee Camp in Kenya | Joint Market Monitoring Initiative (JMMI) Q4 (October - December 2024) - Kenya,ReliefWeb Kenya,6/17/2025
50,Security & Safety,PSA,GIEWS Country Brief: Kenya 18-June-2025 - Kenya,ReliefWeb Kenya,6/19/2025
51,Security & Safety,PSA,CGD Policy Paper 358 - Urban Refugee Policies and Legislation in Kenya and Uganda: 2025 Stocktake - May 2025 - Kenya,ReliefWeb Kenya,6/20/2025
52,Security & Safety,PSA,TOR: Kenya Environmentally Sustainable Logistics Working Group (WREC) - Kenya,ReliefWeb Kenya,6/24/2025
53,Security & Safety,PSA,"Starvation closing in: Urgent help needed in Kenya’s refugee camps - Kenya Starvation closing in: Urgent help needed in Kenya’s refugee camps - Kenya The U.S. Should this continue, refugees in Kenya will face the specter of a widespread, man-made famine. They are now left to languish in open-air prisons.” WFP warns that August brings an additional wave of uncertainty if the agency does not receive immediate funding. The agency states that it urgently requires 44 million USD to provide full rations and cash assistance for all refugees in Kenya through August.",ReliefWeb Kenya,6/25/2025
54,Security & Safety,PSA,"The exercise successfully registered 138,056 households (828,331 individuals) into the ESR.",ReliefWeb Kenya,6/27/2025
55,Security & Safety,PSA,"IRC Re:BUILD - Policy Brief: The Impact of Cash Grants and Cash + Mentorship on Kenyan and Refugee Business Owners in Nairobi, Kenya - June 2025 - Kenya Reaching Last Mile with Early Warning Information for Anticipatory Action - Kenya Reaching Last Mile with Early Warning Information for Anticipatory Action - Kenya In 2024, World Vision (WV) implemented a pilot project on Anticipatory Action (AA) in Marsabit County, Kenya, focusing on communities where WV has ongoing long-term development programming. Kenya: Registered refugees and asylum-seekers (as of 30 June 2025) - Kenya",ReliefWeb Kenya,6/30/2025
56,Security & Safety,PSA,"Kenya: Deaths during protests deeply concerning - Kenya Under international human rights law, lethal force by law enforcement officers, such as firearms, should only be used when strictly necessary in order to protect life or prevent serious injury from an imminent threat. The rights of peaceful assembly and freedom of expression are cornerstones of the rule of law and must be respected and upheld by all. Re:BUiLD Year 4 Annual Report - Kenya",ReliefWeb Kenya,7/1/2025
57,Security & Safety,PSA,"EHAGL Region: Community Feedback Analysis Report, October - December 2024 - Kenya Continued efforts are needed to sustain and improve response rates, ensure timely resolution of community concerns, and maintain open, accessible feedback channels across all operations.",ReliefWeb Kenya,7/7/2025
58,Security & Safety,PSA,"Kenya: Concerns over deaths in protests - Kenya UN High Commissioner for Human Rights Volker Türk renews his call for calm and restraint, and full respect for the freedoms of expression, association and peaceful assembly. The High Commissioner repeats his call for all reported killings and other alleged violations and abuses of international human rights law, including with respect to use of force, to be promptly, thoroughly, independently and transparently investigated. Those responsible must be held to account. Under international human rights law, intentional lethal force by law enforcement officers, including with firearms, should only be used when strictly necessary to protect life from an imminent threat.",ReliefWeb Kenya,7/8/2025
59,Security & Safety,PSA,"Jumale, who is in charge of VSLAs in the area, noticed a significant difference in the community. EHAGL Region: Community Feedback Analysis Report, January - March 2025 - Kenya This surge underscores the growing needs of communities amidst constrained resources and highlights the urgency for timely and targeted responses.",ReliefWeb Kenya,7/9/2025
60,Security & Safety,PSA,"Republic of Korea rice donation provides critical boost to WFP's emergency response for refugees in Kenya | World Food Programme - Kenya Republic of Korea rice donation provides critical boost to WFP’s emergency response for refugees in Kenya - Kenya Follow us on X @wfp_kenya, @wfp_africa, @wfp_media For more information please contact (email address: firstname.lastname@wfp.org): Mercy Juma, WFP/Nairobi, Mob +254 704 723 762",ReliefWeb Kenya,7/11/2025
61,Security & Safety,PSA,"Navigating Cultural and Traditional Barriers in Qualitative Data Collection - Kenya The conclusion argues for an adaptive, reflexive, and ethically grounded approach to qualitative research that ensures both data quality and respect for community norms.",ReliefWeb Kenya,7/12/2025
62,Security & Safety,PSA,"Job losses and aid cuts leave Dadaab refugees uncertain of their future - Kenya “When I’m walking that debt nags me with worry because when I pass the shop when go along that road every day, and the shop owner says – I still haven’t been paid, why are you avoiding me…and he subjects me to lots of questions. Abbas Abdullahi Abdi, deputy head of the Ifo Camp Youth Umbrella, warned of rising insecurity.",ReliefWeb Kenya,7/22/2025
63,Security & Safety,PSA,"Aligned with the Shirika Plan, the Refugee Act of 2021, and the national vision for expanding social protection to the most vulnerable, the exercise successfully registered 102,177 households—representing 510,885 individuals—into the ESR.",ReliefWeb Kenya,7/23/2025
64,Security & Safety,PSA,"The System is Folding in on Itself : The Impact of U.S. Global Health Funding Cuts - Kenya For example, there are reports that some of the girls participating in the U.S.-funded DREAMS program, which ensured that 66,000 girls remained HIV-free over three years, have started to engage in sex work for survival after this vital support ended. The country also faces a serious risk of resurgence of malaria, HIV/AIDS, and vaccine-preventable diseases due to disruptions in treatment and prevention.",ReliefWeb Kenya,7/24/2025
65,Security & Safety,PSA,"DRC - Learning Brief: Leveraging the Self-Reliance Index for Livelihoods Impact Assessment - Kenya When some beneficiaries couldnʼt be reached, replacing them with others from beneficiary list with slightly increased sample size, ensured data collection remained on track.",ReliefWeb Kenya,7/28/2025
66,Security & Safety,PSA,"Kenya - Humanitarian situation in refugee camps (DG ECHO, DRC) (ECHO Daily Flash of 29 July 2025) - Kenya USCRI calls for immediate action as refugees face man-made starvation crisis in Kenya - Kenya Desperate cries for food and survival must not be met with silence or with force. Despite unprecedented cuts to food rations in June, WFP’s urgent appeal for funding to restore full rations and cash assistance went unanswered. We must act immediately to reverse these deadly funding gaps.",ReliefWeb Kenya,7/29/2025
67,Security & Safety,PSA,AIRA Infodemic Trends Report 26 June - 9 July 2025 - Kenya,ReliefWeb Kenya,7/31/2025
68,Security & Safety,PSA,"Kenya | Joint Market Monitoring Initiative (JMMI) Market Overview, Q1 (January - March, 2025) - Kenya Kenya - Key Message Update: Short improvement from long rains amid forecast below-average short rains, July 2025 - Kenya",ReliefWeb Kenya,8/1/2025
69,Security & Safety,PSA,"The ever-harsher climate, including sometimes intense rains and floods, has been a wakeup call for Kenya’s new generation of pastoralists: pushing them to adapt their ancestral livelihood to a fast-changing world.",ReliefWeb Kenya,8/4/2025
70,Security & Safety,PSA,"Kenya achieves elimination of human African trypanosomiasis or sleeping sickness as a public health problem - Kenya Supported by WHO and partners, including FIND, Kenya’s HAT elimination programme will now implement a post-validation surveillance plan to detect any potential resurgence or reintroduction of transmission. WHO continues to support ongoing monitoring in previously affected areas and maintains a stock of medicines to ensure rapid treatment of possible future cases, thanks to donations from Bayer AG and Sanofi.",ReliefWeb Kenya,8/8/2025
71,Security & Safety,PSA,"Beyond these efforts, there is an urgent need for Mpox vaccination to reduce the spread of the disease. MSF is ready and willing to support vaccination efforts in Mombasa, and we urge the Ministry of Health to swiftly make vaccines available there, as well as in other counties with high caseloads,” says Laura Gómez Mantilla, MSF Country Director in Kenya. “To effectively control the Mpox outbreak within communities, it remains urgent to strengthen community-level case detection and referral systems, and to address stigma through health education and outreach that encourages early care-seeking.” Caroline reiterates.",ReliefWeb Kenya,8/12/2025
72,Security & Safety,PSA,"Kenya Population Movement, DREF Operation No: MDRKE064 Final Report - Kenya",ReliefWeb Kenya,8/18/2025
73,Security & Safety,PSA,"IFRC launches Zero Hunger Campaign to drive durable food security across Africa - Kenya For Africa, it’s a rallying call to end hunger by harnessing local ingenuity, climate-smart practices, and sustainable livelihoods."" Durable solutions, African leadership Launched in Kenya, Ethiopia, DRC, Mali, Nigeria, and Zimbabwe, the campaign is grounded in SDG 2, the AU’s Agenda 2063, and the Malabo Declaration.",ReliefWeb Kenya,8/19/2025
74,Security & Safety,PSA,"Kenya: Rapid Assessment — Mandera County (Data collected 15-17 August 2025) - Kenya As of 19 August 2025, 492 refugee households (approximately 2.952 individuals) were registered by Kenya Red Cross Society (KRCS) in three refugee camps (namely, Barwaaqo Secondary School, Shafshafey Secondary School and Duse Primary School).",ReliefWeb Kenya,8/20/2025
75,Security & Safety,PSA,Dadaab businesses close as aid cuts shut down refugee economy - Kenya,ReliefWeb Kenya,8/22/2025
76,Security & Safety,PSA,"Countries in Africa risk running out of ‘wonder’ food over the next 3 months due to aid cuts - Kenya But despite the needs, only 39% of the required nutrition funding for 2025 has been received, with the UN warning that September marks a critical turning point, with most aid agencies likely to face significant disruption to their nutrition programmes or be forced to scale down their support [7]. He was urgently admitted to a Save the Children supported stabilisation centre with malnutrition after being screened at home by Save the Children community worker Hafsa*. Save the Children is calling on the international community to ensure children who are severely malnourished can receive the urgent support they need by increasing flexible funding to treat severe acute malnutrition and strengthening national and global supply chains.",ReliefWeb Kenya,8/28/2025
77,Security & Safety,PSA,Pathways to Employment - Kenya Report - August 2025 - Kenya ILO Brief - Constructing pathways: Enhancing employment and inclusion of host communities and urban refugees in Kenya’s construction sector (August 2025) - Kenya,ReliefWeb Kenya,8/31/2025
78,Security & Safety,PSA,"Immediate intervention is essential to rehabilitate water infrastructure, deploy emergency sanitation, contain disease outbreaks, and ensure inclusive access for persons with disabilities and elderly populations to prevent further public health deterioration.",ReliefWeb Kenya,9/1/2025
79,Security & Safety,PSA,Somali refugees in Dadaab don’t have enough to eat after aid cuts - Kenya,ReliefWeb Kenya,9/2/2025
80,Security & Safety,PSA,ILO Brief - Embracing innovation and inclusion: Strengthening Kenya’s beauty sector for host communities and urban refugees - Kenya,ReliefWeb Kenya,9/3/2025
81,Security & Safety,PSA,"Kenya: IPC Acute Food Insecurity and Acute Malnutrition Analysis (July 2025 - January 2026) Published on 8 September 2025 - Kenya Of the projected 2.1 million people in urgent need of assistance, around 2 million are expected to be in Phase 3, while approximately 160,000 will be in Phase 4. Similar observations are registered among pregnant and breast-feeding women (PBW), with the numbers suffering acute malnutrition and in need of treatment reduced from 112,401 in 2024 to the current 109,462—reflecting a 2.6 percent reduction.",ReliefWeb Kenya,9/8/2025
82,Security & Safety,PSA,"Kenya Food Security Outlook Update: Food insecurity in pastoral areas to worsen amid forecast below-average short rains, August 2025 - Kenya",ReliefWeb Kenya,9/9/2025
83,Security & Safety,PSA,"Feeding the future: Africa surges ahead on school meals - Kenya Now, with the farmer-supplied meals, he says, “we have noticed that the enrolment of the school is growing.” Adapting to crises Despite these strides, challenges remain in ensuring Africa’s students get the meals they need. The Kenya Cash Consortium Alert-Based Cash Assistance to Disaster-Affected Communities in Garissa and Turkana Counties: Endline (May 2025) - Kenya",ReliefWeb Kenya,9/10/2025
84,Security & Safety,PSA,"Contraceptive stocks dwindle in Kenya, affecting most vulnerable women - Kenya 6 Years on: how a water access project impacted lives in Churo, Kenya - Kenya Access points were also improved with the construction of a water kiosk and a community water point to ensure that clean water is readily available to residents. How sustainability was achieved To ensure sustainability, a 10 -member Water Management Committee (WMC), comprising 4 women and 6 men was formed and trained in system operation, maintenance and financial management. The current committee, composed of 13 members (5 men and 8 women), is operating effectively, with continuity ensured by retaining the trained borehole operators.",ReliefWeb Kenya,9/11/2025
85,Security & Safety,PSA,"Research Terms of Reference: Exploring Climate Resilient Livelihoods Among Refugees and Host Communities in Kenya and Uganda, REG2502 (January 2025, V1.0) - Kenya",ReliefWeb Kenya,9/12/2025
86,Security & Safety,PSA,"Africa Zero Hunger: The empowering journey of Mtakuja's women farmers - Kenya This campaign champions community-led durable solutions and calls for urgent investment in sustainable programmes that harness local resilience to tackle the root causes of food insecurity across the continent. The loss was a harsh reminder of the ongoing human-wildlife conflict in the region. Kenya bolsters polio and measles surveillance with cutting-edge KEMRI laboratory - Kenya These labs ensure that stool and environmental samples are quickly tested for polioviruses, guiding immunization campaigns and outbreak response. Kenya has not reported circulating variant poliovirus type 2 (cVDPV2) cases in the past 15 months, and continued surveillance and Kenya’s strengthened laboratory capacity will help sustain this momentum and ensure no resurgence. For Additional Information or to Request Interviews, Please contact: Monge Marta Villa Communications Officer Polio Eradication Programme WHO Regional Office for Africa Email: mongem@who.int Tel: + 34 636 04 76 79",ReliefWeb Kenya,9/16/2025
87,Security & Safety,PSA,"Early Action Protocol Activation: Kenya Drought (EAP №: EAP2022KE02, Operation №: MDRKE055) - Kenya Based on a range of early warning indicators monitored through the drought early warning system, all the 23 ASAL counties are in the ‘Normal’ phase, albeit the conditions have started deteriorating in nine (9) counties including Garissa, Mandera, Tana River, Turkana, Baringo, Meru, Nyeri and Kitui (Figure 1a).",ReliefWeb Kenya,9/17/2025
88,Security & Safety,PSA,"Kenya: One-third of children found to be malnourished in Turkana as aid cuts, crocodile attacks compound hunger crisis - Kenya",ReliefWeb Kenya,9/18/2025
89,Security & Safety,PSA,"International Medical Corps Receives $6.3 Million Grant from Takeda to Improve Health Delivery in Kenya and Somalia - Kenya PIMS helps to ensure that the right items are available in the right place at the right time, immediately improving service delivery, saving lives and restoring trust in health systems.",ReliefWeb Kenya,9/23/2025
90,Security & Safety,PSA,"Kenya Refugee Response Under Strain: Funding Cuts, Differentiated Assistance, and the Rising Social Cohesion Crisis (August 2025) - Kenya Together, these challenges are delaying urgent interventions, weakening accountability, and further eroding service delivery for refugees. Building resilience in Dadaab: workshop builds capacity of local leaders to tackle urban risks - Kenya It will help us strengthen early warning systems, improve community engagement, and put practical measures in place to reduce the impact of disasters."" Dadaab currently hosts nearly 705,000 residents, including over 430,000 refugees, making DRR particularly critical. The urgency of this work was underscored by the May 2024 floods, which displaced over 20,000 people and disrupted essential services. ""Inclusivity is key, making sure that refugee leaders actively participate in decision-making."" DRR planning must also include at-risk groups. ""Early warning information must be accessible, through audio, sign language, or community messengers, and evacuation centers must be physically accessible."" National and county-level representatives stressed the need for stronger coordination between local and national DRR efforts. ""This means we must work with all stakeholders and integrate disaster risk in everything we do, to ensure that we develop a resilient sustainable municipality."" Beyond technical planning, the workshop served as a space for healing and hope.",ReliefWeb Kenya,9/24/2025
91,Security & Safety,PSA,"Cross border Household Multisector Survey Kenya and Somalia (June, 2025) - Kenya Dadaab and Kakuma Refugee Camp in Kenya | Joint Market Monitoring Initiative (JMMI) Q2 (April - June 2025) - Kenya INTRODUCTION As of the end of June, 2025, the total number of registered refugees and asylum-seekers in Kenya stood at 854,876. For more information on the methodology, please refer to page 9.",ReliefWeb Kenya,9/25/2025
92,Security & Safety,PSA,Embedding Peace: Key considerations for strengthening an infrastructure for building and sustaining positive peace (i4p) - Kenya,ReliefWeb Kenya,9/29/2025
93,Security & Safety,PSA,Dwindling jobs for refugee women as Dadaab’s camp economy shrinks - Kenya,ReliefWeb Kenya,9/30/2025
94,Security & Safety,PSA,"How the Climate Crisis Threatens Farming in Rural Kenya - Kenya To ensure long-term success, Action Against Hunger partnered closely with the local government of Isiolo to coordinate efforts and align with community priorities. For climate-smart agriculture to succeed, it must be rooted in a long-term, holistic framework. WFP Kenya Country Brief July 2025 - Kenya Urgent, donor support is essential to restore adequate rations, sustain malnutrition screening, and prevent further deterioration of the quality of life and stability in the camps. Kenya — Displacement and Needs Assessment Key Findings — Tana River County (May - June 2025) - Kenya",ReliefWeb Kenya,10/1/2025
95,Security & Safety,PSA,Kenya Multi-sector Needs Assessment (MSNA): Refugee Households | June 2025 - Kenya,ReliefWeb Kenya,10/6/2025
96,Security & Safety,PSA,Kenya — Demographic and Displacement Calculator — Tana River County (21 May - 4 June) - Kenya Kenya — Findings from WISE Assessment — Tana River County - Kenya,ReliefWeb Kenya,10/10/2025
97,Security & Safety,PSA,"Bridging the Healthcare Gap: Nawiri's Impact in Revitalizing Moite and Marsabit’s Remote Communities - Kenya Amidst soaring malnutrition rates, with a staggering proxy GAM prevalence of 51.1%, USAID-funded Nawiri answered Moite’s urgent call for help, initiating integrated medical outreaches as part of a critical IMAM surge response. These frontline staff are further empowered through continuous mentorship by the Sub-County Health Management Team (SCHMT) in vital practices like accurate data entry in MOH registers, immunization, and cold chain management, ensuring every patient encounter is met with the highest standard of care.",ReliefWeb Kenya,10/15/2025
98,Security & Safety,PSA,"Anticipatory Action Activation: Anticipatory Action to mitigate the impact of drought in Kenya (September 2025) - Kenya To mitigate the predicted impacts of drought, WFP is implementing the following AAs: 1.Early Warning Messages. The messages provide relevant early warning information on food security and agriculture, as well as water, livestock management, and other sectors. Kenya - Key Message Update: Persistent food insecurity in pastoral areas ahead of below-average short rains season, September 2025 - Kenya Tana River’s Battle with Climate Extremes - Kenya The county has also established a County Climate Change Fund, allocated a share of its development budget, and enacted a Climate Change Act (2021) to ensure adaptation efforts have legal backing. Concern and partners should phase gradual exit support, linking farmers more firmly to county extension, private sector, cooperatives, and subsidies.",ReliefWeb Kenya,10/16/2025
99,Security & Safety,PSA,"“When girls succeed, entire communities change”: A rural shelter in Kenya giving girls hope beyond female genital mutilation - Kenya A call for more shelters A report by Kenya’s Generation Equality Secretariat in 2022 revealed that the country has 54 private shelters and gender-based violence rescue centres operational, but they are located in only 18 of the 47 counties.",ReliefWeb Kenya,10/28/2025
100,Security & Safety,PSA,Kenya's Sustainable Supply Chain: Recycling Packaging from Damaged Stocks – A WFP Initiative - Kenya Waste Management & Reverse Logistics of Used Packaging in Kenya (WFP) - Kenya,ReliefWeb Kenya,10/30/2025
101,Security & Safety,PSA,"Kenya Food Security Outlook: Below-average short rains, high temperatures to drive Crisis (IPC Phase 3) into May, October 2025 - May 2026 - Kenya",ReliefWeb Kenya,10/31/2025
102,Security & Safety,PSA,"MSF: Test and treat approach: How communities lead in malaria treatment - Kenya MSF: Test and treat approach: How communities lead in malaria treatment - Kenya Since mid-September, Medecins Sans Frontieres/Doctors Without Borders (MSF)'s emergency team has been in Turkana responding to a surge in malaria cases in Turkwell, Naipa and Kotaruk areas. This includes the identification of danger signs for complicated malaria and facilitating urgent referral. Beyond MSF response, community-based surveillance should be sustained to ensure timely identification of malaria and other diseases to reduce severity of cases.",ReliefWeb Kenya,11/2/2025
103,Security & Safety,PSA,"Kenya - Landslide (CatNat, media, KMD) (ECHO Daily Flash of 3 November 2025) - Kenya Farmers in Kenya fight food insecurity by making their own, low-cost animal feeds | IFRC - Kenya",ReliefWeb Kenya,11/3/2025
104,Security & Safety,PSA,"Kenya: IFRC launches CHF 15 million emergency appeal as climate extremes push millions to the brink - Kenya Authorities have since warned of further landslides as rainfall continues, compounding an already critical humanitarian situation across the country. This appeal will enable us to scale up life-saving support and strengthen resilience against these multiple shocks.” A Call for Collective Action The IFRC and Kenya Red Cross are urging governments, donors, humanitarian agencies, and the private sector to step up support immediately. The appeal seeks to ensure that no Kenyan goes hungry, thirsty, or without healthcare as climate extremes intensify. For more information, please contact: [email protected] Timothy Maina, +254 110 848 161 Susan Mbalu, +254 733 827 654 Tommaso Della Longa: +41 79 708 43 67 Scott Craig: +41 76 370 35 75",ReliefWeb Kenya,11/4/2025
105,Security & Safety,PSA,"Kenya - Landslide and floods, update (Meteo Kenya, media) (ECHO Daily Flash of 7 November 2025) - Kenya",ReliefWeb Kenya,11/7/2025
106,Security & Safety,PSA,"The intervention begun with broad-based early warning messages, reaching 460,000 people with critical, actionable information on food security, water conservation, and livestock management. Approximately 10,750 high-risk households (64,500 individuals) are receiving 3-months (September to November) unconditional cash transfers of USD 79 to empower them to meet part of their household minimum expenditure basket (MEB) and avoid negative coping strategies, such as selling off productive assets.",ReliefWeb Kenya,11/11/2025
107,Security & Safety,PSA,"Multi-Sector Needs Assessment (MSNA): Host Communities and Affected Populations in Garissa, Mandera, Marsabit & Turkana Counties | June 2025 - Kenya The Kenya Red Cross Society (KRCS), with support from the International Federation of Red Cross and Red Crescent Societies (IFRC) and other partners, launched a comprehensive emergency response to address the urgent needs of affected communities. Nonetheless, the operation demonstrated the critical role of coordinated humanitarian action, early warning systems, and community-centered approaches in mitigating the impacts of climate-induced disasters.",ReliefWeb Kenya,11/13/2025
108,Security & Safety,PSA,"Dual Shocks Threaten Durable Solutions for Refugees in Kenya - Kenya I have nowhere else to go.” The survey shows why these risks are so urgent. NRG’s Ask to Stakeholders The picture that emerges is clear: without urgent intervention, both refugee well-being and the Shirika vision are at risk. government, donors, UN agencies, and NGOs, to take urgent, coordinated action to prevent further erosion of services and restore refugee trust in durable solutions. To prevent this trajectory, stakeholders must urgently restore flexible funding, strengthen coordination, and align investments with Shirika’s pillars.",ReliefWeb Kenya,11/17/2025
109,Security & Safety,PSA,"Hope Amid Kenya's Malnutrition Crisis: One Child's Journey to Recovery - Kenya Nearly 1.9 million people in Kenya—or 12% of the population—are facing acute food insecurity and in need of urgent humanitarian aid. “I was trained on how to feed Clinton and ensure his nutrition levels remain high,” said Mary.",ReliefWeb Kenya,11/19/2025
110,Security & Safety,PSA,"Kenya, Cash-Based Transfers on Food Security and Gender Equality: Impact Evaluation | World Food Programme - Kenya",ReliefWeb Kenya,11/20/2025
111,Security & Safety,PSA,"WFP Kenya Country Brief October 2025 - Kenya DREF Operation Kenya Complex Emergency 2025 - Kenya A new cholera outbreak has been declared in Nairobi and Narok counties, with rapid spread in Narok where case fatality rates have surged to 9%. Through the launch of this Appeal, KRCS is triggering a DREF allocation to address the immediate urgent unmet needs and to help mitigate the current spike in humanitarian demands. The DREF will support seasonally appropriate urgent interventions in livelihoods, health, and WASH, targeting the most aected areas and most vulnerate communities.",ReliefWeb Kenya,11/21/2025
112,Security & Safety,PSA,"Kenya, Africa | Complex Emergency - Emergency Appeal: Operational Strategy (MDRKE068) - Kenya By January 2025, the National Drought Management Authority (NDMA) reported deteriorating drought conditions in most ASAL counties, with Wajir, Kilifi, and Kwale entering the “Alert” phase due to inadequate rainfall. The ASAL Humanitarian Network emphasize that six ASAL counties are at IPC Phase 4 (Emergency) and eight in Phase 3 (Crisis), urging urgent funding and early action to prevent worsening conditions. The NDMA’s September 2025 food and nutrition assessment found that while the March–May long rains were near to or above average in most regions, over 1.8 million people – including 500,000 children and 100,000 pregnant women – remain in urgent need of food assistance (IPC Phase 3 or higher). The NDMA has warned that the scarcity of water is intensifying competition over limited resources, heightening the risk of intercommunal conflict. Kenya is grappling with a resurgence of cholera and escalating zoonotic disease risks, driven by worsening drought conditions that have severely limited access to safe water, sanitation, and hygiene services across several counties. Rift Valley Fever alerts have been issued for Garissa, Wajir, Marsabit, and Narok, where drought and sporadic rains have created ideal conditions for mosquito vectors. Kenya: Anticipated impact of drought conditions in Mandera, Tana River, Turkana, and Wajir counties (Anticipatory Note 27 November 2025) - Kenya",ReliefWeb Kenya,11/27/2025
113,Security & Safety,PSA,WFP Kenya Country Brief November 2025 - Kenya,ReliefWeb Kenya,11/30/2025
114,Security & Safety,PSA,"Noncommunicable diseases and mental health in the WHO African Region progress report 2024 - Kenya Kenya - Key Message Update: Exceptionally poor short rains are worsening the severity of food insecurity, November 2025 - Kenya The majority of water points in the north and east are currently classified as “near-dry” or “alert” status during what is typically the peak of the short rains, sustaining an atypically high reliance on boreholes and shallow wells.",ReliefWeb Kenya,12/2/2025
115,Security & Safety,PSA,"UNAIDS welcomes new agreement between the United States and Kenya to advance progress to end AIDS and strengthen health systems - Kenya “Education is our future, and no tradition should take that away from us.” While the road to eradicating these harmful practices is long, Action Against Hunger’s work in West Pokot is a testament to the power of collaboration, education, and community engagement.",ReliefWeb Kenya,12/4/2025
116,Security & Safety,PSA,Climate Risk Perception and Adoption of Sustainable Agricultural Practices: Insights from Kenya’s Central Highlands (December 2025) - Kenya,ReliefWeb Kenya,12/5/2025
117,Security & Safety,PSA,"Kenya and Uganda: Impact of Climate Hazards on Livelihoods and Access to Services Among Refugees and Host Communities (November 2025) - Kenya Targeted training and capacity-building initiatives/programs, such as trainings on drought resistant agriculture for farmers and climate-informed planning at the local level, should be strengthened to better equip vulnerable communities against recurring climate threats. Exploring Climate Resilient Livelihoods Among Refugees and Host Communities in Kenya and Uganda - An Evidence Synthesis Report (November 2025) - Kenya According to the Intergovernmental Panel on Climate Change (IPCC), under current emissions trajectories, East Africa is likely to experience more frequent and intense extreme weather events.1 This heightens the urgency for timely, locally appropriate adaptation strategies.",ReliefWeb Kenya,12/10/2025
118,Security & Safety,PSA,Policy Brief - Building Resilience: Addressing the Impacts of Climate-related hazards on Livelihoods and Unpaid Household Labour in Kenya’s Refugee-Hosting Districts - Kenya,ReliefWeb Kenya,12/12/2025
119,Security & Safety,PSA,"Overcoming scarcity: how local innovations are transforming Western Kenya’s agricultural landscapes (December 2025) - Kenya Status of mobility of livestock in Kenya and Ethiopia: Mapping of livestock routes and case studies on mobility blockages - Kenya Policy implications: - To preserve these vital corridors, governments should set policies that recognise and legally protect livestock routes, and invest in veterinary services, abattoirs, holding grounds and loading ramps.",ReliefWeb Kenya,12/18/2025
120,Security & Safety,PSA,Water and land use systems and natural resources management in the multifunctional landscapes of Western Kenya - Kenya,ReliefWeb Kenya,12/22/2025
121,Security & Safety,PSA,"Wajir County Drought Rapid Assessment Report, December 2025 - Kenya The drought situation is currently classified at the Alert Stage on a worsening trend.",ReliefWeb Kenya,12/24/2025
122,Security & Safety,PSA,"Kenya | Joint Market Monitoring Initiative (JMMI) Market Overview, Q3 2025 (July - September 2025) - Kenya",ReliefWeb Kenya,12/25/2025
123,Security & Safety,PSA,"WFP Kenya Country Brief December 2025 - Kenya Together with the National Council for Persons with Disabilities, WFP also helped identify and register 400 persons with disabilities—an important step toward expanding Kenya’s flagship social protection programme.",ReliefWeb Kenya,12/31/2025
124,Security & Safety,PSA,Economic stresses in Dadaab lead to refugee family breakups - Kenya “I am suffering because the father who should be helping me raise these children has gone off.,ReliefWeb Kenya,1/5/2026
125,Security & Safety,PSA,"The Kenya Cash Consortium Alert-Based Cash Assistance to Disaster-Affected Communities in Garissa and Marsabit Counties: Baseline (August 2025) - Kenya The Kenya Cash Consortium Alert-Based Cash Assistance to Disaster-Affected Communities in Garissa and Marsabit Counties: Baseline (August 2025) - Kenya KEY MESSAGES • Overall, households (HHs) were found to have a poor economic well-being, with many unable to meet basic needs or access essential services. Kenya, Africa | Complex Emergency - Operational Update #1 (MDRKE068) - Kenya Nine—including Wajir, Garissa, Kilifi, Marsabit, Kitui, Kwale, Kajiado, Isiolo, and Tana River—are in the “Alert” phase, and Mandera remains in the critical “Alarm” phase.",ReliefWeb Kenya,1/7/2026
126,Security & Safety,PSA,Kenya Food Security Outlook Update December 2025 - Historic low October-December rainfall drives widespread Crisis (IPC Phase 3) - Kenya,ReliefWeb Kenya,1/10/2026
127,Security & Safety,PSA,"In Kenya, UNHCR’s Salih urges greater solidarity and solutions for refugees [EN/AR] - Kenya In Kenya, UNHCR’s Salih urges greater solidarity and solutions for refugees [EN/AR] - Kenya NAIROBI – On his first official visit as United Nations High Commissioner for Refugees, Barham Salih today called for stronger global support to develop the solutions refugees need to rebuild their lives.",ReliefWeb Kenya,1/12/2026
128,Security & Safety,PSA,"Drought leaves over two million vulnerable to health and nutrition crises in Kenya - Kenya Nine counties, Wajir, Garissa, Kilifi, Marsabit, Kitui, Kwale, Kajiado, Isiolo, and Tana River, are in the “alert” phase, while Mandera is in the critical “alarm” phase. The Kenyan government has warned that 2.5 million citizens are at risk of severe hunger and water scarcity if the drought persists. Acting on these early warnings, in November 2025, WHO handed over assorted emergency supplies to the Government of Kenya received, including cholera kits, pneumonia kits, and essential supplies and equipment pre-positioned in high-risk counties before the drought intensified. Climate change is intensifying these extreme weather patterns, making droughts and floods more severe and unpredictable.” “WHO is calling on national and county governments, humanitarian agencies, and communities to mobilize urgently,” said Dr. “Our immediate priority must be ensuring communities have access to adequate food supply and safe water for both people and livestock. Kenya | Joint Market Monitoring Initiative (JMMI) Dadaab and Kakuma Refugee Camp, Q3 2025 (July - September 2025) - Kenya INTRODUCTION As of the end of September, 2025, the total number of registered refugees and asylum-seekers in Kenya stood at 864,693.",ReliefWeb Kenya,1/22/2026
129,Security & Safety,PSA,Early warning systems and dryland communities in the Horn of Africa: Kenya country report - Kenya,ReliefWeb Kenya,1/23/2026
130,Security & Safety,PSA,Republic of Kenya: 2024 - 2025 Drought Severity (25 Jan 2026) - Kenya,ReliefWeb Kenya,1/25/2026
131,Security & Safety,PSA,"What it is like to survive female genital mutilation (FGM) - Kenya Silence becomes compliance.” Campaigns like Men End FGM confront one of the strongest forces keeping FGM alive: the belief that a woman must be cut to be accepted, respected, and married. By rejecting that expectation publicly, men help dismantle the social pressure that makes the practice feel unavoidable to many young women and girls. “If the social incentives remain, families will find ways around the law – cutting in secret, crossing borders, or pressuring girls to comply.” Why many girls cannot refuse FGM In many communities, refusing FGM is not an option. The next thing we realised, they removed the surgery blades. The Gambian case is a stark reminder that access to justice does not rest on laws alone, but on the willingness to defend them. Why UN Women is essential in ending FGM Justice, Mootian argues, must go beyond punishment. “If we want justice, we must make sure both sides are catered for. And we apply sustained pressure – nationally, regionally and globally – to ensure that hard-won protections are boosted, not diluted.",ReliefWeb Kenya,1/26/2026
132,Security & Safety,PSA,Kenya - Northern Kenya: Drought Severity and Population Exposure in Wajir County (28 Jan 2026) - Kenya Kenya - Northern Kenya: Drought Severity and Population Exposure in Samburu County (28 Jan 2026) - Kenya Kenya - Northern Kenya: Drought Severity and Population Exposure in Turkana County (28 Jan 2026) - Kenya Resettlement in Dadaab enables hundreds of refugee families to access services after years - Kenya I told them that we all came from the same place and we should endure together. Kenya - Northern Kenya: Drought Severity and Population Exposure in Marsabit County (28 Jan 2026) - Kenya Kenya - Northern Kenya: Drought Severity and Population Exposure in Mandera County (28 Jan 2026) - Kenya Kenya - Northern Kenya: Drought Severity and Population Exposure in Isiolo County (28 Jan 2026) - Kenya,ReliefWeb Kenya,1/28/2026
133,Security & Safety,PSA,"Republic of Kenya: Precipitation Anomaly - Standardized Precipitation Index(SPI) for the period 2024-2025 (30 Jan 2026) - Kenya Kenya - Key Message Update: Crisis (IPC Phase 3) outcomes expanding as anomalous dry conditions intensify, January 2026 - Kenya",ReliefWeb Kenya,1/30/2026
134,Security & Safety,PSA,"The crisis extended beyond food shortages to health and economic pressures, with authorities and humanitarian agencies warning of ongoing vulnerability until the next rainy season.",ReliefWeb Kenya,2/2/2026
135,Security & Safety,PSA,"Situation Update: Escalating Malnutrition and Acute Food Shortage in Kenya’s ASAL Counties Amid Worsening Drought: Urgent Multisectoral Action Needed to Save Lives (18th February 2026) - Kenya Four counties; Mandera, Wajir, Kwale, and Kilifi, are currently classified in the Alarm Phase, indicating critical drought conditions requiring urgent response. Twelve other counties, including Baringo, Tana River, Kajiado, Kitui, Lamu, Samburu, Laikipia, Narok, Turkana, Isiolo, Marsabit and Garissa are classified in the Alert Phase. Kenya | Complex Emergency Operation Update MDRKE068 - Kenya Nine counties including Wajir, Garissa, Kilifi, Marsabit, Kitui, Kwale, Kajiado, Isiolo, and Tana River are in the “Alert” phase, and Mandera remains in the critical “Alarm” phase. Water scarcity is deepening across northern and eastern Kenya, where many water points are now “near-dry” or in “alert” status.",ReliefWeb Kenya,2/18/2026
136,Security & Safety,PSA,"Urgent: 3.3 Million Kenyans face acute hunger as multi-year drought devastates ASAL counties: Urgent multisectoral action needed to save lives - Kenya Twelve other counties—Baringo, Tana River, Kajiado, Kitui, Lamu, Samburu, Laikipia, Narok, Turkana, Isiolo, Marsabit, and Garissa, remain in the Alert Phase, a worsening trajectory. Staggering Nutrition and Health Risks The humanitarian impact is most severe, especially among the most vulnerable population: • Malnutrition: Over 810,000 children (aged 6–59 months) and nearly 117,000 pregnant and breastfeeding mothers require urgent assistance & treatment for acute malnutrition. CALL TO ACTION: We are calling on the national government, ASAL county governments, development partners, and the private sector to provide resources and undertake immediate lifesaving interventions to prevent malnutrition, protect livelihoods, and prevent deaths.",ReliefWeb Kenya,2/19/2026
137,Security & Safety,PSA,"WHO and Novo Nordisk Foundation partner to advance health workforce education in Kenya - Kenya Last year, WHO AFRO launched the first-ever prototype competency-based curricula for 10 key health cadres including critical care nursing, general surgery and community health workers. ""Competency-based education ensures our health workers are prepared to address the real health challenges communities face, from preventing and managing chronic diseases including diabetes and heart disease to delivering quality care at every level. Kenya: Drought Snapshot (February 2026) - Kenya",ReliefWeb Kenya,2/20/2026
138,Security & Safety,PSA,"Kenya builds capacity to produce its own vaccines - Kenya During the COVID-19 pandemic, this dependency had serious consequences; when global demand surged, lower-income countries were consistently last to receive vaccines, with some waiting years while wealthier nations secured multiple rounds of supply. Should a health emergency arise, the same platform can be rapidly redirected to produce a response, shortening the time it takes for effective countermeasures to reach affected populations. The Pharmacy and Poisons Board is working alongside programme partners to ensure that vaccines produced locally meet the regulatory standards required to reach patients safely.",ReliefWeb Kenya,2/23/2026
139,Security & Safety,PSA,Status of mobility of livestock in Kenya: Mapping of livestock routes and case studies on mobility blockages - Kenya,ReliefWeb Kenya,2/24/2026
140,Security & Safety,PSA,"Hanaano Programme | Concern Worldwide - Kenya The Realities of Adapting from Floodplains to Eco Villages | Concern Worldwide - Kenya To fully realise the eco‑village concept and ensure sustainability, further investment is required in infrastructure such as apiculture, livestock enterprises and irrigation systems.",ReliefWeb Kenya,2/25/2026
141,Security & Safety,PSA,Kenya introduces WHO child development assessment tool in national health survey for the first time - Kenya,ReliefWeb Kenya,3/4/2026
142,Security & Safety,PSA,"This month, leaders from around the world will convene at the United Nations office in New York to call for rights, justice and action to lift up all women and girls. “The officers I spoke to first admonished me and told me that this was not a criminal case, but rather a case of indecent behaviour on my part.” She tried to report the crime a second time, but was advised to hire a lawyer, which she could not afford. “I launched Girls For Girls Africa Mental Health Foundation, a registered non-profit that offers trauma-informed psychosocial support to survivors,” she explained.",ReliefWeb Kenya,3/6/2026
143,Security & Safety,PSA,"Kenya - Floods (media, Kenya Met Department, NOAA - CPC) (ECHO Daily Flash of 9 March 2026) - Kenya Kenya Food Security Outlook February - September 2026: Slow recovery from historic poor short rains to sustain Crisis (IPC Phase 3) in pastoral areas - Kenya",ReliefWeb Kenya,3/9/2026
144,Security & Safety,PSA,Kenya | Severe weather and flash floods - DG ECHO Daily Map | 10/03/2026 - Kenya,ReliefWeb Kenya,3/10/2026
145,Security & Safety,PSA,Flooding contributed to a surge in water-borne and vector-borne diseases.,ReliefWeb Kenya,3/11/2026
146,Security & Safety,PSA,"Kenya: Climatic shocks drive Extremely Critical acute malnutrition among children and increasing numbers of high acute food insecurity - IPC Acute Food Insecurity and Acute Malnutrition Analysis (January – December 2026), Published on 12 March 2026 - Kenya",ReliefWeb Kenya,3/12/2026
147,Security & Safety,PSA,"Kenya - Floods, update (NOAA-CPC, media) (ECHO Daily Flash of 16 March 2026) - Kenya As drought tightens its grip on northern Kenya, a new IPC report confirms the crisis is getting significantly worse - Kenya With more than 1 in 3 children affected, the risk of death from starvation, disease, and other preventable causes is only predicted to grow without urgent scale up of assistance. According to the National Drought Management Authority (NDMA) Drought Early Warning Bulletins, Garissa County remains in the Alert phase but has deteriorated between December 2025 and February 2026. CARE Kenya and partners are calling on donors to urgently increase the volume and quality of funding to respond the drought in Kenya. For media inquiries, please email usa.media@care.org, or contact Kelly Muthusi, CARE East and Central Africa, Regional Communications Associate, email: Kelly.Muthusi@care.org",ReliefWeb Kenya,3/16/2026
148,Security & Safety,PSA,"Canada strengthens humanitarian and economic partnerships during Secretary of State Sarai’s visit to Kenya - Kenya Kenya - Floods, update (Kenya Government, media, Kenya Met Department, NOAA-CPC) (ECHO Daily Flash of 18 March 2026) - Kenya",ReliefWeb Kenya,3/18/2026
149,Security & Safety,PSA,"Kenya - Floods, update (Ministry of Interior and National Administration, Kenya Met, DG ECHO, media) (ECHO Daily Flash of 19 March 2026) - Kenya Residents in the affected areas should stay informed of official updates, avoid flood‑prone zones, and follow any evacuation or shelter‑in‑place instructions issued by authorities. Kenya | Cholera - Simplified Early Action Protocol (EAP No.: sEAP2025KE04, Operation No: MDRKE071) - Kenya The index case, reported in Migori, was linked to cross-border transmission which then creates the urgency with which the cross-border epidemic surveillance needs to be heightened. Kwale county has high cross border movement with Tanzania at Lunga Lunga and was categorized under ‘Alert’ drought phase by the National Drought Management Authority (NDMA, 2025)6 and faces inadequate availability of safe water.",ReliefWeb Kenya,3/19/2026
150,Security & Safety,PSA,"New Somali refugees in Dadaab camps find no services, no aid - Kenya Kenya - Floods, update (Ministry of Interior and National Administration, Kenya Met, media) (ECHO Daily Flash of 23 March 2026) - Kenya On 20 March, residents living downstream of the Nairobi Dam were ordered to evacuate after authorities warned that rising water levels threatened to breach the dam embankment, creating an imminent risk of flooding.",ReliefWeb Kenya,3/23/2026
151,Security & Safety,PSA,"World Water Day: Salesian Missions highlights water projects that make clean, fresh water available in communities - Kenya While serving as a reminder of the global population who suffers from water-related issues, the day also provides calls to action to prepare for the management of water in the future. To ensure optimal groundwater availability, a survey was conducted to identify the most suitable location for drilling. A borewell was drilled to access a sustainable aquifer and then a high-capacity submersible pump was installed, along with durable piping and electrical connections to ensure efficient water extraction.",ReliefWeb Kenya,3/24/2026
152,Security & Safety,PSA,"Kenya - Severe weather and floods, update (Meteo Kenya, media) (ECHO Daily Flash of 25 March 2026) - Kenya Forecasts warn of further moderate rainfall expected over the next two days, particularly in the northern, western, and southeastern parts of the country. Unlocking refugee work authorisation in Kenya: A practical framework for economic inclusion, institutional alignment, and national growth (March 2026) - Kenya",ReliefWeb Kenya,3/25/2026
153,Security & Safety,PSA,"Kenya now faces both flood emergency and drought crisis, country braces for cholera risk - Kenya CARE Kenya is well-positioned to reach vulnerable households and will be continuously assessing the evolving situation through rapid needs assessments to identify emerging gaps in shelter, water and sanitation, protection, and livelihoods and ensure that assistance reaches those most in need, as quickly as possible. Many households have also lost their sources of income and urgently require help to restart their livelihoods and support for small businesses. - CARE and its partners are conducting rapid needs assessments to determine the most urgent humanitarian priorities, including shelter, water, sanitation and hygiene (WASH), protection, and livelihood support. For media inquiries, please email usa.media@care.org, or contact Pauline Hurungudo, CARE East and Southern Africa, Regional Communications Advisor, email: Pauline.Hurungudo@care.org",ReliefWeb Kenya,3/27/2026
154,Security & Safety,PSA,"Africa Region | Mpox Appeal - Operations Update #5 (MDRS1003) - Kenya Despite this progress, within the same period, a strong resurgence of cases was observed in Western Africa, in particular Guinea, Togo and Sierra Leone, in Kenya and Tanzania in East Africa and in Malawi and Mozambique in Southern Africa. What Is Therapeutic Milk? Treating Severe Child Malnutrition - Kenya Treating Severe Child Malnutrition - Kenya Severe acute malnutrition is one of the deadliest conditions affecting children under five, requiring urgent medical care—not just food. Caregivers or health workers identify warning signs such as visible wasting, swollen feet, or a red-zone MUAC measurement. By pairing lifesaving treatment with prevention-focused care, Action Against Hunger works not only to help children survive today, but to ensure they grow, thrive, and never need therapeutic milk again.",ReliefWeb Kenya,3/31/2026
155,Security & Safety,PSA,"Disaster displacement risk in Kenya: An overview of the risk of future displacement by riverine floods, storm surges, cyclonic winds and droughts at the national and sub-national levels - Kenya",ReliefWeb Kenya,4/1/2026
156,Security & Safety,PSA,"Building Strong Systems to Improve Health and Nutrition in Kenya - Kenya Kenya - Severe weather and floods (media, NOAA-CPC) (ECHO Daily Flash of 2 April 2026) - Kenya Kenya - Key Message Update: Long rains to drive improvement, but widespread Crisis (IPC Phase 3) will persist, March 2026 - Kenya Country Brief Kenya - Climate Change, Mobility, and Conflict Dynamics (April 2026) - Kenya - Many urgent humanitarian needs are unmet in Kenya. - Community-based early warning systems for climate risks exist, but they are underdeveloped. Fewer than half (45%) of all respondents had access to early warning systems, and most relied on traditional knowledge or NGOs, rather than government systems. Even when early warnings were received (n=478), 19% of respondents took no action due to a lack of capacity.",ReliefWeb Kenya,4/2/2026
157,Security & Safety,PSA,"Drought Emergency Response in Mandera, North Kenya – Kenya Cash Consortium - Kenya In response to this crisis, Acted together with the KCC launched a Multi-Purpose Cash Assistance program to empower vulnerable families with the flexibility to prioritise their most urgent needs—whether food, water, or essential household items. According to the latest Kenya Authority (NDMA) report, 13 counties are classified in the ‘Normal’ drought phase, 9 counties in the “Alert” phase and Mandera county in ‘Alarm’ phase. To support the affected communities in the ASALs**, the KCC activated its crisis management mechanism (Crisis Modifier) as part of an ECHO-funded intervention** to urgently support drought-affected households in Mandera county through cash-based interventions. The KCC is relying on its Alert based Mechanism, which allows local partners to trigger an alert if specific thresholds are surpassed. Since the start of the ECHO intervention, three alerts have been raised and activated to support households impacted by floods or droughts. In this framework, two AHN members raised the alert for Mandera county in December 2025 to support drought affected communities. The assessment conducted in the area revealed that 288,000 people need urgent assistance. Following the alert raising, the KCC Consortium Management Unit (composed of Acted, Oxfam, AHN, Concern and IMPACT) decided to activate the alert. Strengthening Humanitarian Ecosystems through Local Leadership and the GOCA Initiative in Kenya - Kenya By integrating local insights on market functionality and community dynamics with international standards for disaster preparedness, the consortium ensures that cash assistance is both rapid and contextually precise. GOCA: Enhancing Institutional Resilience Acted recognises localisation not only as a principled commitment to ensure local actors are at the core of aid actions but also as a strategic necessity. The objective is to ensure that Kenyan civil society organisations possess the robust architecture necessary to manage the large-scale interventions independently. This reduces systemic bottlenecks and ensures that resources remain as close to the point of impact as possibles.",ReliefWeb Kenya,4/13/2026
158,Security & Safety,PSA,"Nutritional Status of Refugees and Host children in Kenya (2025): Survey findings on child nutrition and immunization among refugee and host communities in Turkana Country and urban areas of Nairobi - Kenya Kenya Statistics Infographics | December 2025 - Kenya George Natembeya, to brief them on the planned flood and damages assessment and to ensure alignment with ongoing county-level response effort.",ReliefWeb Kenya,4/14/2026
159,Security & Safety,PSA,"Factsheet: The Kenya Cash Consortium Alert-Based Cash Assistance to Disaster Affected Communities in Mandera County - Baseline and Endline (February 2026) - Kenya Factsheet: The Kenya Cash Consortium Alert-Based Cash Assistance to Disaster Affected Communities in Mandera County - Baseline and Endline (February 2026) - Kenya KEY MESSAGES • Household income and expenditure rose between baseline and endline, with the largest share spent on food and debt repayment for food. Factsheet: The Kenya Cash Consortium Alert-Based Cash Assistance to Disaster Affected Communities: Urban Refugees in Nairobi County - Baseline and Endline (February 2026) - Kenya Factsheet: The Kenya Cash Consortium Alert-Based Cash Assistance to Disaster-Affected Communities in Dadaab and Kakuma–Kalobeyei refugee-hosting area: Endline (February 2026) - Kenya",ReliefWeb Kenya,4/16/2026
160,Security & Safety,PSA,ASAL Humanitarian Network,ReliefWeb Kenya,4/17/2026
161,Security & Safety,PSA,"Kenya - Severe weather and floods (NOAA-CPC, media) (ECHO Daily Flash of 24 April 2026) - Kenya Mixed conditions across East Africa triggered by an early March – May rains onset - Kenya Mixed conditions across East Africa triggered by an early March – May rains onset - Kenya Key Messages - Early long rains onset across most parts of the region including Kenya, Uganda, Rwanda and Burundi and Belg cropping regions of Ethiopia ensured favourable planting conditions.",ReliefWeb Kenya,4/24/2026
162,Security & Safety,PSA,Somali families cut off from aid after verification process in Dadaab refugee camps - Kenya,ReliefWeb Kenya,4/28/2026
163,Security & Safety,PSA,"Kenya: Belgium’s contribution through the Special Fund for Emergency and Resilience Activities (SFERA) - Kenya Cash assistance will be provided to enable 2 000 vulnerable families to immediately access food and address urgent basic needs without having to engage in negative coping mechanisms, such as selling animals or withdrawing children from school.",ReliefWeb Kenya,4/29/2026
164,Security & Safety,PSA,Kenya Statistics Infographics | April 2026 - Kenya,ReliefWeb Kenya,4/30/2026
165,Security & Safety,PSA,"Regional Bureau for Eastern and Southern Africa | EAC region Population of concern to UNHCR - 31 March 2026 - Kenya The cost of inaction: The cost of not realizing the HIV and sexual and reproductive health and rights of young people in Kenya, Rwanda and Uganda - Kenya Kenya - Floods and landslides, update (media, Kenya Meteorological Department) (ECHO Daily Flash of 4 May 2026) - Kenya",ReliefWeb Kenya,5/4/2026
166,Security & Safety,PSA,"Kenya | Recent floods and landslides - DG ECHO Daily Map | 07/05/2026 - Kenya Kenya: Solutions & Mobility Index — Tana River County (June 2025) - Kenya SMI indicators align with the Inter-Agency Standing Committee’s (IASC) Framework for Durable Solutions and integrates data from IOM’s Displacement Tracking Matrix (DTM) to ensure a comprehensive, evidence-based approach. Kenya: Solutions & Mobility Index — Mandera & Wajir Counties (December 2024 – January 2025) - Kenya The indicators for SMI align with the Inter-Agency Standing Committee’s (IASC) Framework for Durable Solutions and integrates data from IOM’s Displacement Tracking Matrix (DTM) to ensure a comprehensive, evidence-based approach. Kenya Food Security Outlook Update, April - September 2026 - Crisis (IPC Phase 3) to persist in pastoral regions, despite favorable long rains - Kenya",ReliefWeb Kenya,5/7/2026
167,Security & Safety,PSA,Kenya — Flow Monitoring Dashboard Round 4 (July-October 2025) - Kenya,ReliefWeb Kenya,5/10/2026
168,Security & Safety,PSA,"ICRC Nairobi Regional Delegation: Facts & Figures - Activities in Kenya, Djibouti and Tanzania (January - December 2025) - Kenya",ReliefWeb Kenya,5/12/2026
169,Security & Safety,PSA,Kenya Statistics Infographics | March 2026 - Kenya Kenya Statistics Infographics | February 2026 - Kenya,ReliefWeb Kenya,5/13/2026
170,Security & Safety,PSA,Kenya Registered refugees and asylum-seekers | July 2025 - Kenya Kenya Registered refugees and asylum-seekers | August 2025 - Kenya Kenya Registered refugees and asylum-seekers | October 2025 - Kenya,ReliefWeb Kenya,5/15/2026
171,Security & Safety,PSA,Building Evidence to Enhance the Welfare of Refugees and Host Communities in Kenya - Insights from Two Waves of the Kenya Longitudinal Socioeconomic Study - Kenya,ReliefWeb Kenya,5/18/2026
172,Security & Safety,PSA,"Kenya: Research Terms of Reference - 2026 Multi-Sectoral Needs Assessment, KEN2601 (May 2026, 01) - Kenya",ReliefWeb Kenya,5/28/2026
173,Security & Safety,PSA,"Uneven rains, unequal impact: Drought and hunger in Northern Kenya - Kenya Uneven rains, unequal impact: Drought and hunger in Northern Kenya - Kenya While floods in parts of Kenya demand urgent response, drought affected communities are facing a quieter emergency that unfolds over months rather than days. In Turkana and Baringo counties, KRCS supported 20 schools with fortified porridge as part of a school‑based safety net that reached about 6,120 children for one term together with their parents, coordinated through the County Steering Group to avoid duplication. Cash and voucher assistance are coordinate through the County Steering groups and aligned with the Kenya Cash Working group guidance to avoid duplication and maximize on the impact. A recent example is Turkana county, where KRCS working with the County Steering Group and supported by Danish Red Cross registered 2,000 vulnerable families for cash while supporting 10 schools with food; the intervention was explicitly mapped against other partners to prevent overlap and close priority gaps.",ReliefWeb Kenya,6/2/2026
174,Security & Safety,PSA,"The Kenya Every Woman Every Newborn Everywhere (EWENE) Acceleration Plan | 2026-2028 - Kenya It is grounded in WHO normative guidance, Kenya’s EWENE scorecard priorities, and recent performance reviews, and identifies quick wins and catalytic reforms to close the most urgent gaps in quality, readiness, and equity of care.",ReliefWeb Kenya,6/3/2026
175,Security & Safety,PSA,"Kenya - Key Message Update: Long rains ease conditions but Crisis (IPC Phase 3) to persist in pastoral areas, May - September 2026 - Kenya Mobile health services in Kenya reduce the risk of stillbirths - Kenya In the past year, WHO has supported 14 of the 47 counties in Kenya to develop a pool of facility-based mentors of emergency obstetric and newborn care, helping ensure that more women can access skilled care during pregnancy and childbirth, even in the most hard-to-reach areas. For Additional Information or to Request Interviews, Please contact: Genna Print Communication officer WHO Kenya Tel: +254 740 466 426 Email: printg@who.int",ReliefWeb Kenya,6/4/2026
176,Security & Safety,PSA,Scalable and sustainable primary HIV prevention models for people from key populations - Kenya The 2021 Political Declaration on HIV and AIDS specified that community-led organizations should be delivering 80% of HIV prevention services for populations at high risk of HIV infection by 2025.,ReliefWeb Kenya,6/8/2026
177,Security & Safety,PSA,"Kenya Statistics Infographics | May 2026 - Kenya Kenya | Complex Emergency - 6 Month Operational Update - MDRKE068 - Kenya Without urgent additional funding, KRCS and partners will be forced to limit coverage, shorten assistance cycles, and leave high‑risk communities without lifesaving food, water, nutrition, and health support.",ReliefWeb Kenya,6/10/2026
178,Security & Safety,PSA,Policy Brief: Breastfeeding for Resilience and a Healthier Planet Promoting Optimal Infant Feeding Practices Across the Mandera Triangle - Kenya,ReliefWeb Kenya,6/11/2026
179,Security & Safety,PSA,Circular Bioeconomy Approaches for Resilient Livelihoods and Peacebuilding in Fragile and Conflict-Affected Settings - Resilient Food Systems in Fragile Contexts | Research Brief (May 2026) - Kenya,ReliefWeb Kenya,6/16/2026
180,Security & Safety,PSA,Crisis response reveals governance differences in Kenya - Kenya,ReliefWeb Kenya,6/18/2026
181,Security & Safety,PSA,Kenya Health Products and Technologies Local Manufacturing Strategy 2026–2030 (June 2026) - Kenya,ReliefWeb Kenya,6/23/2026
182,Security & Safety,PSA,"Chronic heat: impacts and solutions from South-East Asia and East Africa - Kenya An additional challenge is when it’s hot, but not hot enough to trigger extreme heat warnings. - Heat action plans should be expanded to include both response and long-term risk reduction efforts. Targeted consultations with civil society organizations, non-governmental organizations, construction practitioners, the private sector, and development partners have ensured that the strategy reflects broad stakeholder consensus. This work will ensure that future investments are evidence-based, economically sound, and aligned with national priorities. ""We must strengthen risk data and analytics to guide financial planning. It establishes the National Disaster Risk Management Authority and County Disaster Risk Management Committees, tasked with coordinating response, issuing early warnings, and ensuring that resources reach affected communities in a timely manner. For more information, please contact: Ms.",ReliefWeb Kenya,6/24/2026
183,Security & Safety,PSA,"The county department of health – Uasin Gishu, however, dismissed the rumor through public notice as false.",ReliefWeb Kenya,6/26/2026
184,Security & Safety,PSA,"Kenya, Rwanda strengthen their defences against antimicrobial resistance - Kenya For Additional Information or to Request Interviews, Please contact: NTAGANIRA UWASE Marie France Communications officer WHO regional ofice for Africa Email: ntaganiram@who.int",ReliefWeb Kenya,6/29/2026
185,Security & Safety,PSA,"Locally Led, Adaptive Cash Assistance for Disaster-Affected Communities Across Kenya - Kenya In this context, the Kenya Cash Consortium (KCC) plays a critical role in supporting crisis-affected communities to meet their most urgent needs, as they define and prioritise them, in a flexible, dignified manner.",ReliefWeb Kenya,7/1/2026
186,Security & Safety,PSA,"Listeners call to explain or comment on challenges or crises in their local area, such as disease outbreaks or a broken water well, and to ask questions to radio programme experts on health, livestock, or farming.",ReliefWeb Kenya,7/10/2026
187,Security & Safety,PSA,"Citizens are encouraged to uphold the national values and principles of governance as outlined in the Constitution of Kenya 2010, promoting unity, equity, and social justice.",https://www.kenyanews.go.ke/submit-news/,7/22/2026
188,Security & Safety,PSA,"Khat women traders in Marsabit County have received Sh13.5 million to expand their businesses. If you are a trader, consider seeking support through cooperative societies.",https://www.kenyanews.go.ke/category/bf/,7/22/2026
189,Security & Safety,PSA,No actionable information is provided in the source article.,https://www.kenyanews.go.ke/ge-francis-ogolla/,7/22/2026
190,Security & Safety,PSA,We are currently experiencing issues with our Primary Health Care services. Please check back later for updates.,https://www.kenyanews.go.ke/category/phc/,7/22/2026
191,Security & Safety,PSA,Public officers in Kericho County are urged to fully embrace the Social Health Authority (SHA) and learn about their healthcare benefits to prevent misinformation.,https://www.kenyanews.go.ke/category/hic/,7/22/2026
192,Security & Safety,PSA,"The French Government, through the Alliance Française, is partnering with Nakuru County to enhance digital health services. Youth are encouraged to seek opportunities in this evolving sector.",https://www.kenyanews.go.ke/category/dce/,7/22/2026
193,Security & Safety,PSA,"The Affordable Housing Programme has started in Marsabit County, with 220 housing units planned. Local businesses are encouraged to engage with the opportunities around construction sites.",https://www.kenyanews.go.ke/category/house/,7/22/2026
194,Security & Safety,PSA,Residents of Isiolo County are advised to seek relief food to combat malnutrition among young children and lactating mothers due to the suspension of USAID-funded programs.,https://www.kenyanews.go.ke/category/pppf/,7/22/2026
195,Security & Safety,PSA,"Entrepreneurs are encouraged to participate in the 3rd Annual SME Conference, Awards & Exhibition in Nairobi this week to enhance business opportunities and networking.",https://www.kenyanews.go.ke/category/msmes/,7/22/2026
196,Security & Safety,PSA,"The Government is fast-tracking stalled education infrastructure projects in Chebara, Elgeyo Marakwet County.",https://www.kenyanews.go.ke/category/county/wet/,7/22/2026
197,Security & Safety,PSA,"Stay informed about updates and communications from the Ministry of Information, Communications, and the Digital Economy by following Nyota Ya Magharibi, available monthly.",https://www.kenyanews.go.ke/nyota-ya-magharibi/,7/22/2026
198,Security & Safety,PSA,No actionable content available. Please provide specific details or an article related to safety or security news for a suitable PSA.,https://www.kenyanews.go.ke/sauti-ya-kericho/,7/22/2026
199,Security & Safety,PSA,Official Presidential Portraits are available for purchase at KNA offices for Sh 300 (A2) and Sh 200 (A3). Use E-Citizen for payment by dialing *222# and following the instructions.,https://www.kenyanews.go.ke/purchase-of-presidential-portraits/,7/22/2026
200,Security & Safety,PSA,"KNA has office space available for leasing in various counties. To lease, visit the local KNA office for viewing, sign the lease, and make payments via E-Citizen.",https://www.kenyanews.go.ke/leasing-of-office-space/,7/22/2026
201,Security & Safety,PSA,"To subscribe to Kenya News Agency content, choose from yearly (Sh 100,000), half-yearly (Sh 50,000), or quarterly (Sh 25,000) plans. Follow the instructions on E-Citizen to make your payment.",https://www.kenyanews.go.ke/instructions-for-subscription-for-news-and-information-services/,7/22/2026
202,Security & Safety,PSA,"Historical and current photographs are available for purchase at KNA offices in Nairobi. Prices: Historical – Sh 2,500; Current – Sh 1,000. Follow payment instructions via E-Citizen to buy.",https://www.kenyanews.go.ke/purchase-historical-and-current-photos/,7/22/2026
203,Security & Safety,PSA,"Foreign journalists in Kenya must obtain a clearance letter from the Director of Information to apply for work permits or special passes. Visit Uchumi House, Nairobi for assistance.",https://www.kenyanews.go.ke/foreign-journalists-clearance-letter/,7/22/2026
204,Security & Safety,PSA,"Students seeking industrial attachment at Kenya News Agency must apply in person at Uchumi House, Nairobi, with required documents. Ensure accreditation by the Media Council of Kenya before reporting.",https://www.kenyanews.go.ke/student-attachment/,7/22/2026
205,Security & Safety,PSA,Police continue aggressive crackdowns on drug trafficking in the coastal region; 27 suspects have been arrested with narcotics valued at Sh51.5 million. Stay vigilant and report any suspicious activities.,https://www.kenyanews.go.ke/coast-police-intercept-drug-haul-arrest-27-suspects-in-three-months/,7/22/2026
206,Security & Safety,PSA,Young people are urged to reject political exploitation and involvement in violent gangs. Stay informed and avoid being lured by financial handouts that lead to harmful actions.,https://www.kenyanews.go.ke/archbishop-warns-youth-against-political-exploitation-and-violent-gangs/,7/22/2026
207,Security & Safety,PSA,Residents of Ndhiwa East are urged to report cases of defilement and goonism to authorities. Offenders will face serious legal consequences. Protect our children and maintain community safety.,https://www.kenyanews.go.ke/government-warns-against-rising-defilement-goonism-cases-in-ndhiwa-east/,7/22/2026
208,Security & Safety,PSA,Tana River communities are urged to surrender illegal firearms during the ongoing 60-day amnesty period to avoid legal action. Voluntary surrender is encouraged before disarmament operations begin.,https://www.kenyanews.go.ke/government-urges-tana-river-communities-to-surrender-illegal-firearms/,7/22/2026
209,Security & Safety,PSA,Public participation is essential for effective security reforms. Citizens are encouraged to engage with local authorities to contribute to decision-making and enhance community safety.,https://www.kenyanews.go.ke/murkomen-says-public-participation-key-to-security-reforms/,7/22/2026
210,Security & Safety,PSA,"Education stakeholders are urged to collaborate effectively to improve educational standards in Nandi County. Engage with local leaders, schools, and communities to enhance learning environments and outcomes.",https://www.kenyanews.go.ke/collaboration-key-to-improving-education-standards-stakeholders-told/,7/22/2026
211,Security & Safety,PSA,Tinderet residents can now access expanded Technical and Vocational Education and Training (TVET) with the completion of new facilities at Tinderet Technical and Vocational Training College.,https://www.kenyanews.go.ke/legislator-prioritizes-technical-training-for-tinderet-residents/,7/22/2026
212,Security & Safety,PSA,"The Government is fast-tracking completion of stalled education projects in Chebara, Elgeyo Marakwet County. Affected communities will soon see improvements in access to education and services.",https://www.kenyanews.go.ke/government-to-fast-track-completion-of-chebara-education-projects/,7/22/2026
213,Security & Safety,PSA,TVET institutes are urged to adopt modern training methodologies and collaborate with industries to equip the workforce with skills for the fourth industrial revolution.,https://www.kenyanews.go.ke/tvets-urged-to-embrace-emerging-technologies-for-industrial-revolution-skills/,7/22/2026
214,Security & Safety,PSA,Young people in Murang'a County can access free vocational training through the 360 Climate Institute. Enroll now to gain marketable skills for employment or self-employment.,https://www.kenyanews.go.ke/free-skills-training-transforms-lives-of-muranga-youth/,7/22/2026
215,Security & Safety,PSA,Beware of the growing influence of money and religion on the democratic process ahead of the 2027 elections. Stay vigilant against vote buying and political manipulation.,https://www.kenyanews.go.ke/money-religion-threatens-democratic-process-ahead-of-2027-polls-warns-ncck/,7/22/2026
216,Security & Safety,PSA,Political leaders are urged to reject violence and tribal politics ahead of the elections. Accountability is crucial to ensure national peace and cohesion.,https://www.kenyanews.go.ke/aic-bishop-warns-against-goon-culture-tribal-politics-before-elections/,7/22/2026
217,Security & Safety,PSA,"A new Jamia Mosque has opened in Isebania, Kuria West Sub County, serving the Muslim community and promoting unity and development in the region.",https://www.kenyanews.go.ke/new-mosque-for-muslim-community-in-isebania-kuria/,7/22/2026
218,Security & Safety,PSA,"Students are urged to uphold discipline, integrity, and hard work to achieve lasting academic success. Avoid social vices that can hinder your potential.",https://www.kenyanews.go.ke/archbishop-anyolo-calls-for-discipline-as-st-john-kanunga-honours-academic-excellence/,7/22/2026
219,Security & Safety,PSA,Avoid political violence and manipulation during campaigns. Youth are urged to remain peaceful and engage in politics responsibly as the country approaches the General Election.,https://www.kenyanews.go.ke/religious-leaders-condemn-political-violence-2/,7/22/2026
220,Security & Safety,PSA,Nandi community members are urged to actively preserve their cultural heritage and support the efforts of the Kaburwo Council of Elders in promoting peace and unity.,https://www.kenyanews.go.ke/nandi-elders-urged-to-preserve-cultural-heritage-amid-modernization-challenges/,7/22/2026
221,Security & Safety,PSA,Tharaka Nithi County will establish museums in each constituency to preserve cultural heritage. Community members are encouraged to support this initiative.,https://www.kenyanews.go.ke/tharaka-nithi-plans-constituency-museums-to-preserve-culture-for-future-generations/,7/22/2026
222,Security & Safety,PSA,Residents of Tharaka Nithi are invited to attend the Chuka Igambang'ombe Cultural Festival on July 17-18 at Kaanwa Chief's Camp to celebrate local heritage and cuisine.,https://www.kenyanews.go.ke/tharaka-nithi-gears-up-for-chuka-igambangombe-cultural-festival/,7/22/2026
223,Security & Safety,PSA,Learners from the Eastern Region are participating in the Regional Music Festivals at ACK St. Luke's Wote Township Primary School in Makueni County from June 29 to July 3.,https://www.kenyanews.go.ke/makueni-hosts-eastern-region-music-festivals-to-showcase-learners-creative-talents/,7/22/2026
224,Security & Safety,PSA,Residents are encouraged to teach children indigenous languages to preserve cultural heritage. Attend the Tharaka Cultural Festival on June 25 and the Chuka Cultural Festival in July to celebrate local traditions.,https://www.kenyanews.go.ke/%e2%80%8e%e2%80%8egovernor-njuki-calls-for-preservation-of-indigenous-languages-and-cultural-heritage-%e2%80%8e/,7/22/2026
225,Security & Safety,PSA,"Construction of the Raila Odinga Mausoleum has begun in Bondo, Siaya County, and is expected to be completed by September 30.",https://www.kenyanews.go.ke/government-to-build-raila-odinga-mausoleum-to-preserve-national-legacy/,7/22/2026
226,Security & Safety,PSA,Residents are urged to support each other during this difficult time of mourning following the passing of former Kilgoris MP Gideon Konchellah.,https://www.kenyanews.go.ke/more-tributes-for-the-late-gideon-konchellah/,7/22/2026
227,Security & Safety,PSA,"Political leaders express condolences to Senator Richard Onyonka following the death of his mother, Mama Teresia Nyaboke Omoke, at age 81.",https://www.kenyanews.go.ke/leaders-condole-with-senator-onyonka-following-his-mothers-demise/,7/22/2026
228,Security & Safety,PSA,"The late Senior Superintendent of Police Peter Kazungu Charo will be laid to rest on Saturday, April 25, at Mavueni in Kilifi North Sub-County, Kilifi County.",https://www.kenyanews.go.ke/nyanchwa-sub-county-police-commander-kazungu-charo-eulogized/,7/22/2026
229,Security & Safety,PSA,"The Kenya News Agency is part of the Directorate of Information Services. For information or inquiries, please contact the appropriate department listed on the agency's official website.",https://www.kenyanews.go.ke/management-staff/,7/22/2026
230,Security & Safety,PSA,"Kenya's citizens are encouraged to uphold national values and principles of governance as per the Constitution, promoting unity, democracy, and respect for human dignity.",https://www.kenyanews.go.ke/national-values-and-principles/,7/22/2026
231,Security & Safety,PSA,"For payments to the Directorate of Information, follow the provided instructions for subscriptions, purchases, foreign journalist clearance, leasing, and student attachments.",https://www.kenyanews.go.ke/e-services/,7/22/2026
232,Security & Safety,PSA,A new police station has been launched in Moi's Bridge to enhance security. Residents are urged to report drug and substance abuse and any suspected criminals to the Officer Commanding Police Division.,https://www.kenyanews.go.ke/police-station-and-modern-market-launched-in-mois-bridge/,7/22/2026
233,Security & Safety,PSA,"Residents of Embali Sub-location are encouraged to cooperate with the new Assistant Chief, Charles Sande Asembo, by sharing security information and participating in local government programs.",https://www.kenyanews.go.ke/new-assistant-chief-installed-in-embali-sub-location/,7/22/2026
234,Security & Safety,PSA,The government will not tolerate lawlessness and will arrest anyone involved in organized violence or criminal activities. Residents are urged to report suspicious individuals to law enforcement.,https://www.kenyanews.go.ke/police-put-political-goons-on-notice/,7/22/2026
235,Security & Safety,PSA,Residents are urged to promote peace and not to engage in violence during political gatherings. Avoid being misused by politicians for disruptive acts.,https://www.kenyanews.go.ke/call-for-peace-amid-surge-in-political-unrest/,7/22/2026
236,Security & Safety,PSA,"Kenyans are urged to uphold peace and unity, rejecting ethnic divisions and divisive politics as the country approaches the 2027 General Election.",https://www.kenyanews.go.ke/champion-peace-unity-cabinet-secretary-tuya-cautions-kenyans/,7/22/2026
237,Security & Safety,PSA,Politicians are urged to stop violence and intimidation during campaign periods. Citizens must have the opportunity to vote freely without fear.,https://www.kenyanews.go.ke/ps-asks-politicians-to-stop-politics-of-goonism/,7/22/2026
238,Security & Safety,PSA,The National Council of Churches of Kenya warns of a rising gangland culture linked to political violence. Immediate government action is needed to prevent further escalation.,https://www.kenyanews.go.ke/ncck-warns-against-rise-in-gangland-culture-in-kenya/,7/22/2026
239,Security & Safety,PSA,Community leaders in Marsabit County are now trained to detect early signs of radicalization and promote peace. Engage with local leaders and security agencies to enhance community safety.,https://www.kenyanews.go.ke/kcerp-equips-marsabit-community-leaders-to-counter-violent-extremism/,7/22/2026
240,Security & Safety,PSA,Enhanced security operations are ongoing along the Kenya-Somalia border. Remain vigilant and report any suspicious activity to local authorities.,https://www.kenyanews.go.ke/al-shabaab-militants-killed-in-security-operation-along-kenya-somalia-border/,7/22/2026
241,Security & Safety,PSA,Kisumu County Security Committee is cracking down on criminal gangs. All individuals involved or funding such gangs will be prosecuted. Report any suspicious activity to authorities immediately.,https://www.kenyanews.go.ke/kisumu-security-team-vows-to-crackdown-on-criminal-gangs/,7/22/2026
242,Security & Safety,PSA,A firearms disarmament operation will soon be launched along the Samburu-Baringo border to target illegal firearms and restore peace. Residents are urged to support this initiative.,https://www.kenyanews.go.ke/government-to-launch-firearms-mop-up-along-samburu-baringo-border/,7/22/2026
243,Security & Safety,PSA,Tana River County is enhancing the professionalism of County Enforcement Officers through a comprehensive refresher training program. No new officers will be recruited during the 2026/2027 financial year.,https://www.kenyanews.go.ke/tana-river-set-to-retool-enforcement-officers/,7/22/2026
244,Security & Safety,PSA,Voters in Ol Kalou are urged to cast their votes and leave polling stations immediately to ensure a smooth election process. Security agents and IEBC will safeguard the electoral process.,https://www.kenyanews.go.ke/security-agents-iebc-warn-against-protecting-votes-as-ol-kalou-by-election-preparations-enter-final-stage/,7/22/2026
245,Security & Safety,PSA,The government has launched a security operation in Tana River County to recover 123 illegally held firearms. Local chiefs and community leaders are responsible for ensuring their surrender.,https://www.kenyanews.go.ke/government-launches-security-operation-in-parts-of-tana-river/,7/22/2026
246,Security & Safety,PSA,Eldoret National Polytechnic has implemented a digital visitor management system at the main entrance to improve security and streamline operations. Visitors are now required to register electronically upon arrival.,https://www.kenyanews.go.ke/eldoret-national-polytechnic-embraces-digital-systems-to-boost-efficiency-and-security/,7/22/2026
247,Security & Safety,PSA,"A new program has been launched to improve the safety and equity of journalists in Nairobi, Mombasa, Busia, and Kakamega. Journalists are urged to participate for skill development and support.",https://www.kenyanews.go.ke/amwik-unesco-launch-programme-to-enhance-safety-and-equity-of-journalists-2/,7/22/2026
248,Security & Safety,PSA,"If you see anyone seeking treatment for gunshot wounds, please report it to the police as it may aid in ongoing investigations related to the recent robbery shootout in Eldoret.",https://www.kenyanews.go.ke/four-suspected-robbers-killed-in-a-police-shootout-in-eldoret/,7/22/2026
249,Security & Safety,PSA,The government will conduct a forceful disarmament of illegal firearms in Tana River County soon. Those in possession of firearms are urged to surrender them immediately.,https://www.kenyanews.go.ke/government-goes-for-forceful-disarmament-of-illegal-firearms-in-tana-river/,7/22/2026
250,Security & Safety,PSA,Kwale County is adopting a community-led approach to prevent violent extremism by empowering youth as peace champions. Community members are encouraged to engage in local peace initiatives.,https://www.kenyanews.go.ke/kwale-seeks-ways-to-contain-violent-extremism/,7/22/2026
251,Security & Safety,PSA,Nyaribari Chache MP Zaheer Jhanda is required to appear before the DCI in Kisii regarding the violent attacks on a convoy in Keumbu.,https://www.kenyanews.go.ke/police-summon-mp-jhanda-over-keumbu-incident/,7/22/2026
252,Security & Safety,PSA,"Three suspects have been arrested in connection with the attack on a vehicle convoy on Kisii–Keroka road. Citizens are encouraged to report any information to the police via numbers 999, 911, 0800 722 203, or WhatsApp 0709 570 000.",https://www.kenyanews.go.ke/three-arrested-over-linda-mwananchi-kisii-attack/,7/22/2026
253,Security & Safety,PSA,"In response to rising killings of boda boda riders in Luanda, the government is urged to intensify security measures and investigations to protect operators and restore public safety.",https://www.kenyanews.go.ke/luanda-mp-demands-urgent-action-over-rising-killings-of-boda-boda-riders/,7/22/2026
254,Security & Safety,PSA,"Kisumu County is implementing a six-point security plan to address rising insecurity, including regulating political gatherings, sanitizing public transport, and enhancing community policing.",https://www.kenyanews.go.ke/kisumu-leaders-unveil-six-point-plan-to-curb-insecurity/,7/22/2026
255,Security & Safety,PSA,The Independent Policing Oversight Authority (IPOA) is urged to expedite investigations into recent alleged police abductions; accountability for rogue officers is essential for public trust.,https://www.kenyanews.go.ke/waiguru-urges-ipoa-to-expedite-investigations-into-alleged-abductions/,7/22/2026
256,Security & Safety,PSA,Youth in Likoni are urged to embrace peace and reject political violence as the country approaches the 2027 General Election. Security starts with you.,https://www.kenyanews.go.ke/church-leaders-urge-youth-to-embrace-peace-ahead-of-2027-polls/,7/22/2026
257,Security & Safety,PSA,Residents along the Kisumu-Kericho border are urged to work with security agencies to prevent cattle rustling and election-related violence by reporting suspicious activities.,https://www.kenyanews.go.ke/border-communities-unite-to-curb-election-violence-cattle-rustling/,7/22/2026
258,Security & Safety,PSA,Maralal town is currently calm and businesses are operating as usual. Residents should remain vigilant but can go about their activities normally.,https://www.kenyanews.go.ke/calm-prevails-in-maralal-town-amid-protests/,7/22/2026
259,Security & Safety,PSA,Heightened security in Kitengela ahead of planned demonstrations. Residents are advised to avoid unnecessary travel and remain indoors for safety.,https://www.kenyanews.go.ke/calm-prevails-in-kitengela-as-security-heightened-ahead-of-demonstrations/,7/22/2026
260,Security & Safety,PSA,Individuals in Ang'ata Barrikoi and neighbouring areas of Migori East must surrender illegal firearms within seven days to avoid legal action.,https://www.kenyanews.go.ke/murkomen-issues-seven-day-ultimatum-for-surrender-of-illegal-firearms-in-angata-barrikoi/,7/22/2026
261,Security & Safety,PSA,Business activities in Nyeri are disrupted due to the Gen Z anniversary commemoration. Shop owners are urged to assess security conditions before reopening.,https://www.kenyanews.go.ke/business-activity-slows-down-in-nyeri-amid-gen-z-anniversary/,7/22/2026
262,Security & Safety,PSA,The planned June 25 demonstrations in Mombasa have been declared illegal due to the lack of proper notification to authorities. Participants are advised to stay informed of any updates regarding this situation.,https://www.kenyanews.go.ke/mombasa-cc-declares-thursday-demos-illegal-amidst-dispute-over-notice/,7/22/2026
263,Security & Safety,PSA,High-mast floodlights have been installed at Kaimosi Friends University to enhance security and visibility on campus and its surroundings.,https://www.kenyanews.go.ke/floodlights-installed-at-kaimosi-friends-university-to-boost-security/,7/22/2026
264,Security & Safety,PSA,Residents of Murang'a County are urged to participate peacefully in Thursday's memorial protests and to refrain from vandalism or any form of property destruction.,https://www.kenyanews.go.ke/cc-bule-warns-against-property-destruction-during-genz-memorial-protests/,7/22/2026
265,Security & Safety,PSA,The Mombasa County Security and Intelligence Committee warns against mob justice related to false claims of disappearing male genitalia. Anyone involved will face prosecution.,https://www.kenyanews.go.ke/genitalia-disappearance-hoax-security-team-warns-against-mob-justice/,7/22/2026
266,Security & Safety,PSA,Support your local security personnel by recognizing their sacrifices. Encourage family visits for officers to strengthen their emotional and psychological well-being.,https://www.kenyanews.go.ke/security-personnel-lauded-for-their-dedication-and-self-sacrifice/,7/22/2026
267,Security & Safety,PSA,"To prevent fire incidents, learn basic fire safety tips. For training and resources, contact Africa Fire Mission (AFM). Stay aware and keep your home safe.",https://www.kenyanews.go.ke/fire-victim-turned-advocate-ngunjiri-transforms-pain-into-purpose/,7/22/2026
268,Security & Safety,PSA,Kiamumbi Police Station has opened a new modern administration block to enhance service delivery and coordination between police and DCI. Residents can expect improved security services.,https://www.kenyanews.go.ke/kiamumbi-police-station-get-modern-administration-block/,7/22/2026
269,Security & Safety,PSA,Residents of Nyando are urged to collaborate with security agencies to enhance peace and security in the community. Your participation is vital in promoting a safer environment for all.,https://www.kenyanews.go.ke/nyando-residents-urged-to-cooperate-with-security-agencies-to-enhance-peace/,7/22/2026
270,Security & Safety,PSA,Kiambu County held a thanksgiving service for uniformed services. Officers are encouraged to embody gratitude and lead by example in their duty to ensure national security.,https://www.kenyanews.go.ke/kiambu-holds-thanksgiving-for-uniformed-services/,7/22/2026
271,Security & Safety,PSA,Residents of Garissa town are urged to remain vigilant due to rising insecurity and increase in violent crimes including armed robberies and assaults. Report any suspicious activities to local authorities.,https://www.kenyanews.go.ke/governor-fault-police-parents-for-rising-insecurity-in-garissa-town/,7/22/2026
272,Security & Safety,PSA,Residents in Baringo County are now enjoying improved security and peace. Please remain vigilant and report any suspicious activities to local authorities.,https://www.kenyanews.go.ke/ilchamus-celebrate-peace-new-sub-county-status/,7/22/2026
273,Security & Safety,PSA,"A total of 40 officers from the County Inspectorate Department have graduated after completing a 20-day training course, enhancing their skills for better service delivery and law enforcement.",https://www.kenyanews.go.ke/inspectorate-officers-graduate-after-intensive-enforcement-training/,7/22/2026
274,Security & Safety,PSA,"All school administrators must review safety standards, ensure emergency exits are accessible, and maintain proper firefighting equipment. Conduct regular fire drills and prepare emergency plans.",https://www.kenyanews.go.ke/murkomen-calls-for-urgent-review-of-school-safety/,7/22/2026
275,Security & Safety,PSA,"Kiambu County mandates strict adherence to school hours: classes from 8:00 am to 3:30 pm, co-curriculars until 4:45 pm, and no student to report before 7:15 am to ensure safety.",https://www.kenyanews.go.ke/kiambu-orders-strict-compliance-with-school-timelines-to-protect-learners/,7/22/2026
276,Security & Safety,PSA,"Parents in Bumula Sub-County are urged to actively engage with their children, monitor their behavior, and guide them to combat rising insecurity, drug abuse, and moral decay.",https://www.kenyanews.go.ke/parents-urged-to-take-active-role-in-upbringing-children/,7/22/2026
277,Security & Safety,PSA,Migori County Commissioner urges all sub-county security teams and education officers to inspect schools for safety compliance following increased incidents.,https://www.kenyanews.go.ke/migori-cc-orders-strict-review-on-school-safety/,7/22/2026
278,Security & Safety,PSA,Enhance child protection and school safety by reporting concerns through the designated hotline at 116 or visiting your local children's office. Your cooperation is crucial for ensuring safe learning environments.,https://www.kenyanews.go.ke/cc-osumba-calls-for-stronger-child-protection-school-safety-systems/,7/22/2026
279,Security & Safety,PSA,"Residents of Kericho County are urged to utilize national registration services to acquire identity cards, essential for accessing government services and participating in socio-economic development.",https://www.kenyanews.go.ke/government-calls-for-enhanced-national-registration/,7/22/2026
280,Security & Safety,PSA,All schools in Homa Bay Town Sub County are urged to install CCTV cameras to enhance security and ensure the safety of learners.,https://www.kenyanews.go.ke/schools-urged-to-install-cctv-cameras-to-boost-security/,7/22/2026
281,Security & Safety,PSA,"Residents of Kirinyaga are encouraged to report police misconduct through IPOA's toll-free hotline 1559, available 24/7, to promote accountability and professional policing.",https://www.kenyanews.go.ke/ipoa-engages-kirinyaga-residents-to-promote-accountability/,7/22/2026
282,Security & Safety,PSA,"Kenya's National Assembly is scheduled to discuss the inquiry into the murder of Agnes Wanjiku Wanjiru on June 10, 2026, involving the British Army Training Unit Kenya.",https://www.kenyanews.go.ke/kenyan-lawmakers-push-for-enhanced-defence-and-trade-cooperation-with-the-united-kingdom/,7/22/2026
283,Security & Safety,PSA,Residents of Nyandarua County are urged to promote peaceful coexistence and be cautious of politicians who may incite violence as parliamentary by-elections approach on July 16.,https://www.kenyanews.go.ke/religious-leaders-in-nyandarua-want-peaceful-coexistence/,7/22/2026
284,Security & Safety,PSA,"Makueni County urges the public to report cases of femicide, defilement, and child abduction to authorities. Parents are advised to shield children from domestic violence to prevent normalization of abuse.",https://www.kenyanews.go.ke/femicide-defilement-child-abductions-are-matters-of-concern-makueni-woman-rep/,7/22/2026
285,Security & Safety,PSA,"Residents are urged to stay vigilant as child kidnappings rise in Kakamega. Parents, teachers, and guardians must ensure children's safety at all times.",https://www.kenyanews.go.ke/governor-raises-alarm-over-rising-cases-of-child-kidnappings/,7/22/2026
286,Security & Safety,PSA,The Kenya Women Parliamentary Association and various NGOs condemn the rising cases of femicide and violence against women in Vihiga. Increased awareness and reporting are essential to combat this.,https://www.kenyanews.go.ke/organization-stand-against-femicide-and-violence-in-vihiga/,7/22/2026
287,Security & Safety,PSA,The seven-year night curfew in Lamu County has been suspended by court order; residents are advised to resume unrestricted movement.,https://www.kenyanews.go.ke/human-rights-groups-demand-lifting-of-lamu-night-curfew/,7/22/2026
288,Security & Safety,PSA,Residents of Majimoto Village are urged to remain calm as the government works to resolve ongoing land disputes. A police post is being considered to enhance security in the area.,https://www.kenyanews.go.ke/majimoto-residents-demand-lasting-solution-as-leaders-calm-tension/,7/22/2026
289,Security & Safety,PSA,Insecurity in Kerio Valley is linked to environmental degradation. Addressing ecological destruction is essential for restoring peace and reducing conflicts over resources.,https://www.kenyanews.go.ke/insecurity-in-kerio-valley-links-to-environmental-destruction-murkomen/,7/22/2026
290,Security & Safety,PSA,Residents of Uasin Gishu are encouraged to maintain community cooperation and vigilance to continue ensuring safety and security following the departure of the County Police Commander.,https://www.kenyanews.go.ke/accolades-for-the-outgoing-uasin-gishu-police-commander/,7/22/2026
291,Security & Safety,PSA,Residents of Busia are urged to refrain from taking the law into their own hands and to use proper channels to resolve grievances. There will be zero tolerance for looting and violence.,https://www.kenyanews.go.ke/two-youths-shot-dead-as-police-repel-busia-station-attack/,7/22/2026
292,Security & Safety,PSA,Residents of Transmara West are urged to remain vigilant and report any suspicious activities to the police as security operations continue to combat rising crime linked to gold mining activities.,https://www.kenyanews.go.ke/police-restores-calm-in-troubled-transmara-west/,7/22/2026
293,Security & Safety,PSA,A police training camp will be established along the Isiolo border to improve security and curb cattle rustling. Residents are encouraged to cooperate with security agencies for a safer community.,https://www.kenyanews.go.ke/meru-residents-welcome-police-training-camp-along-isiolo-border/,7/22/2026
294,Security & Safety,PSA,Increased security operations in Isiolo County are ongoing to combat cattle rustling and illegal firearms. Residents are urged to report any suspicious activities to local authorities.,https://www.kenyanews.go.ke/government-steps-up-security-in-isiolo-to-accelerate-development/,7/22/2026
295,Security & Safety,PSA,The government is taking action to resolve the border conflict between Marsabit and Wajir counties. Residents are encouraged to stay informed and cooperate with authorities.,https://www.kenyanews.go.ke/government-moves-to-resolve-marsabit-and-wajir-border-conflict/,7/22/2026
296,Security & Safety,PSA,Residents of Kerio Valley are urged to cooperate with security agencies and voluntarily surrender illegal firearms to authorities to support ongoing peace restoration efforts.,https://www.kenyanews.go.ke/state-reaffirms-commitment-to-restoring-peace-in-kerio-valley/,7/22/2026
297,Security & Safety,PSA,Residents of Nakuru are urged to provide any information regarding the murder of Rev. Julius Ngari Ndumia to local authorities as investigations are ongoing.,https://www.kenyanews.go.ke/church-members-community-hold-peaceful-procession-to-condemn-killing/,7/22/2026
298,Security & Safety,PSA,New administrative units will be operationalized in Keiyo South to improve access to government services. Residents can expect enhanced service delivery and coordination soon.,https://www.kenyanews.go.ke/plans-to-operationalize-new-administrative-units-in-keiyo-south/,7/22/2026
299,Security & Safety,PSA,Residents of Murang'a County are urged to relocate to safer areas due to increased landslide risks from ongoing heavy rains. Stay safe and monitor local conditions.,https://www.kenyanews.go.ke/residents-cautioned-about-landslides-as-heavy-rains-persist/,7/22/2026
300,Security & Safety,PSA,Residents of Trans Nzoia County are encouraged to report any information about criminal gangs to the police as an ongoing security operation aims to enhance safety in the area.,https://www.kenyanews.go.ke/lagat-hails-ongoing-security-operation-in-trans-nzoia/,7/22/2026
301,Security & Safety,PSA,Officers from the County Inspectorate Department in Nyeri are undergoing training to enhance professionalism and public service standards.,https://www.kenyanews.go.ke/kahiga-directs-enforcement-officers-to-uphold-professionalism/,7/22/2026
302,Security & Safety,PSA,A special security team will operate in Nyeri County for the next three weeks to combat counterfeit alcohol and drugs. Residents are urged to report illicit activities to authorities.,https://www.kenyanews.go.ke/murkomen-orders-crackdown-on-illicit-alcohol-drugs-in-nyeri/,7/22/2026
303,Security & Safety,PSA,"Political leaders are warned against incitement and divisive speech. Community members are urged to promote unity and peace during public gatherings, especially at solemn events.",https://www.kenyanews.go.ke/omollo-warns-political-leaders-against-incitement-calls-for-unity/,7/22/2026
304,Security & Safety,PSA,Residents of Wajir County are encouraged to report cases of police misconduct. Call for the establishment of a local IPOA office to improve access to justice and oversight of police conduct.,https://www.kenyanews.go.ke/wajir-civil-society-calls-for-ipoa-office-to-enhance-police-accountability/,7/22/2026
305,Security & Safety,PSA,"Residents of flood-prone areas in Mwea, Kirinyaga are urged to remain vigilant and take precautionary measures as heavy rains increase the risk of flooding. Please monitor weather updates and relocate if necessary.",https://www.kenyanews.go.ke/county-commissioner-issues-floods-warning-in-kirinyaga/,7/22/2026
306,Security & Safety,PSA,Camel herders in Kitui County will be registered by local chiefs to reduce border conflicts. All herders must provide their details for monitoring and improved security measures.,https://www.kenyanews.go.ke/camel-herders-in-kitui-to-be-registered-to-tame-conflicts/,7/22/2026
307,Security & Safety,PSA,Kenyan Police Officers have successfully completed a high-risk peace mission in Haiti and returned home. Thank you for your service and dedication to global peacekeeping efforts.,https://www.kenyanews.go.ke/kenyan-police-officers-return-home-after-successful-haiti-peace-mission/,7/22/2026
308,Security & Safety,PSA,Residents of Garissa and Tana River counties are urged to remain calm and avoid tensions following recent violent protests. Please refrain from any incendiary actions and allow law enforcement to address the situation.,https://www.kenyanews.go.ke/leaders-elders-urge-calm-after-violent-protests-in-garissa/,7/22/2026
309,Security & Safety,PSA,Participate in workplace fire safety training and preparedness initiatives leading up to World Day for Safety and Health at Work on April 28. Stay safe!,https://www.kenyanews.go.ke/companies-showcase-fire-safety-skills-in-eldoret/,7/22/2026
310,Security & Safety,PSA,Residents of Garissa are urged to refrain from attributing tribal or religious motives to recent violence and to promote peace while investigations are ongoing.,https://www.kenyanews.go.ke/religious-leaders-in-garissa-warn-against-tribal-and-religious-incitement/,7/22/2026
311,Security & Safety,PSA,"A new police training program in Iombe, Igembe North aims to enhance security in Meru County. Residents are encouraged to support this initiative for improved safety and economic development.",https://www.kenyanews.go.ke/security-boost-as-leaders-rally-behind-northern-training-initiative/,7/22/2026
312,Security & Safety,PSA,The government is establishing Regional Security Command Centres in major towns to enhance surveillance and coordination against emerging security threats.,https://www.kenyanews.go.ke/govt-to-establish-regional-security-command-centres-across-major-towns/,7/22/2026
313,Security & Safety,PSA,Residents of Garissa are urged to maintain calm following the tragic shooting of a taxi driver by an alleged police officer. The community is calling for a thorough investigation into the incident.,https://www.kenyanews.go.ke/killing-of-garissa-taxi-driver-cause-uproar/,7/22/2026
314,Security & Safety,PSA,"There has been a 5% drop in crime rates in 2025. The public is urged to remain vigilant, report any suspicious activities, and support efforts to ensure community safety.",https://www.kenyanews.go.ke/national-police-service-reports-5-drop-in-crime-in-2025/,7/22/2026
315,Security & Safety,PSA,The government warns against political violence and the use of goons to disrupt gatherings; all public meetings must be notified to police in advance for safety.,https://www.kenyanews.go.ke/government-issues-firm-warning-on-goons-instilling-fear-on-kenyans/,7/22/2026
316,Security & Safety,PSA,Bodaboda operators are urged to work with security agencies to combat rising insecurity. Avoid street protests and focus on dialogue to address issues peacefully.,https://www.kenyanews.go.ke/ps-omollo-urges-bodaboda-operators-to-help-in-tackling-insecurity/,7/22/2026
317,Security & Safety,PSA,Public Benefit Organizations (PBOs) in North Eastern Kenya are actively fostering peace and security by enhancing community-trust and facilitating dialogue with security agencies.,https://www.kenyanews.go.ke/pbos-in-north-eastern-hailed-for-fostering-peace-and-security/,7/22/2026
318,Security & Safety,PSA,Thika police will hold a week-long prayer crusade for peace in the community as the country approaches the General Election. Join the effort to pray for unity and healing.,https://www.kenyanews.go.ke/thika-police-trade-arms-for-peace-prayer-spiritual-outreach/,7/22/2026
319,Security & Safety,PSA,Kisumu leaders are launching a crackdown on goonism and targeted attacks on businesses. Residents are urged to report any criminal activities to authorities and resist involvement in unlawful acts.,https://www.kenyanews.go.ke/kisumu-leaders-agree-to-crackdown-on-goonism-amid-rising-insecurity/,7/22/2026
320,Security & Safety,PSA,"Business activities in Macalder/Konavirando, Nyatike Sub-County are slow to recover following a recent security operation. Residents are urged to cooperate with security agencies to maintain peace.",https://www.kenyanews.go.ke/macalder-businesses-struggle-to-recover-after-security-operation/,7/22/2026
321,Security & Safety,PSA,Tinderet residents are urged to actively partner with security agencies by reporting suspicious activities to enhance peace and safety in the community.,https://www.kenyanews.go.ke/tinderet-residents-urged-to-partner-with-security-agencies-to-enhance-peace/,7/22/2026
322,Security & Safety,PSA,A security operation to eliminate illegal firearms in civilian hands will continue in Turkana County. Stay informed and report any suspicious activities to local authorities for community safety.,https://www.kenyanews.go.ke/security-mop-up-operation-to-continue-says-ps-omollo/,7/22/2026
323,Security & Safety,PSA,"A National Government Administration Police tactical training college has opened in Mutuati, Igembe North, to enhance security and combat banditry in the region.",https://www.kenyanews.go.ke/government-moves-to-curb-banditry-as-police-college-opens/,7/22/2026
324,Security & Safety,PSA,"Residents and traders in Ahero Market are urged to enhance their safety measures amidst rising insecurity caused by a gang known as ""Chude Chude."" Report suspicious activities immediately to local authorities.",https://www.kenyanews.go.ke/ahero-traders-riders-raise-alarm-over-rising-insecurity/,7/22/2026
325,Security & Safety,PSA,Wajir residents are urged to enhance vigilance and collaborate with security agencies to combat terrorism. Report suspicious activities using the appropriate channels.,https://www.kenyanews.go.ke/wajir-residents-urged-to-enhance-vigilance-against-terrorism/,7/22/2026
326,Security & Safety,PSA,"Residents of Kiambu County, remain vigilant against livestock thefts. Report any suspicious activity or unusually deep sleep to police, as criminals may be using chemical sedatives in their attacks.",https://www.kenyanews.go.ke/police-deploy-specialized-unit-against-chemical-livestock-theft/,7/22/2026
327,Security & Safety,PSA,"The National Police Service Commission is enhancing its regional operations in the Rift Valley, Nyanza, and Western regions to improve service delivery. Engage with regional teams for progress updates.",https://www.npsc.go.ke/strengthening-regional-presence/,7/22/2026
328,Security & Safety,PSA,Eligibility for the non-practising allowance applies only to uniformed legal officers formally appointed in the Legal Services cadre. Compliance with specific requirements is necessary.,https://www.npsc.go.ke/npsc-clarifies-non-practising-allowance-eligibility-for-uniformed-legal-officers/,7/22/2026
329,Security & Safety,PSA,The National Police Service Commission is implementing measures to support disabled officers with welfare programs and accommodations. Stakeholders are urged to promote disability inclusion in all policies and practices.,https://www.npsc.go.ke/advancing-disability-inclusion/,7/22/2026
330,Security & Safety,PSA,"The Commission is seeking additional budgetary allocation to support operational demands and expand its mandate, including mental health and wellness support for police officers.",https://www.npsc.go.ke/commission-presents-supplementary-estimates-for-fy-2025-2026/,7/22/2026
331,Security & Safety,PSA,The National Police Service Commission reports that 65% of claims for police officers injured on duty have been paid. Officers should ensure their documentation is complete to expedite compensation.,https://www.npsc.go.ke/npsc-appears-before-senate-committee-on-compensation-of-officers/,7/22/2026
332,Security & Safety,PSA,"The Public Service Commission has launched its Strategic Plan 2025–2029, aiming to enhance efficiency and service excellence in public service.",https://www.npsc.go.ke/npsc-attends-psc-strategic-plan-2025-2029-launch/,7/22/2026
333,Security & Safety,PSA,The National Police Service is digitizing its services to improve efficiency and transparency; expect changes in human resource management and enhanced accessibility of services nationwide.,https://www.npsc.go.ke/commission-presents-2026-budget-policy-statement/,7/22/2026
334,Security & Safety,PSA,The Commission has refined its Strategic Plan for 2023-2027 to align with new leadership priorities. Stay informed on upcoming initiatives that may affect your community.,https://www.npsc.go.ke/commission-retreat-to-realign-2023-2027-strategic-plan/,7/22/2026
335,Security & Safety,PSA,The Commission is reviewing its Strategic Plan to enhance service delivery and staff welfare. All employees are encouraged to engage actively in the improvement process.,https://www.npsc.go.ke/commission-deepens-engagement-with-secretariat-to-strengthen-service-delivery/,7/22/2026
336,Security & Safety,PSA,The National Police Service Commission is conducting nationwide consultations on the 10-Point Agenda and NADCO Report to enhance internal security. Your input is vital for insightful deliberations.,https://www.npsc.go.ke/npsc-hosts-implementing-committee-for-consultations-on-nadco-report/,7/22/2026
