PSA_Id,Domain,Class,English,Kiswahili,Ekegusii,Dholuo,Somali,Source,Date,Metadata
1,Agriculture,PSA,Farmers are urged to prioritize safe agrochemical usage as Kenya hosts the World Farmers' Organisation General Assembly.,Wakulima wanakumbushwa kuzingatia matumizi salama ya kemikali za kilimo wakati Kenya ikihudumia Mkutano Mkuu wa Shirika la Wakulima Duniani.,Abakuli batosere omogori bw'ogenda gesia bw'ogenda buya bw'ekegero naki bwasibori weke umwaki wa World Farmers' Organisation.,Dala marach yong’ni kuom thuolo buo ma jochwe gi ne nyaka keto buo ma ooyo kendo Kenya owuonye World Farmers' Organisation General Assembly.,"Beeraleyda waxa lagu boorinayaa inay mudnaanta siiyaan isticmaalka sunta beerta ee ammaanka leh, maadaama Keenya ay martigelinayso Shirweynaha Guud ee Ururka Beeraleyda Adduunka.",https://kilimo.go.ke/cs-kagwe-calls-for-global-action-on-hazardous-agrochemicals-as-kenya-hosts-world-farmers-organisation-general-assembly/,2026-07-14,scraped:MoALD News
2,Agriculture,PSA,Trucks ferrying top-dressing fertilizer are now arriving at the Eldoret Depot of the National Cereals and Produce Board. Farmers are encouraged to collect their supplies.,Masafa yanayosafirisha mbolea ya kuongeza mavuno sasa yanawasili katika Ghala la Eldoret la Bodi ya Taifa ya Nafaka na Mazao. Wakulima wanahimizwa kuchukua vifaa vyao.,Matika agwanana oria okora buya bwakonyang'ana oria buye bwanyama bwanja buya bu fei na Eldoret ya National Cereals and Produce Board. Abagorie baogekire okuigana oria buya bwabo.,Magari maher koro oyum oting' ka piny Eldoret kuom National Cereals and Produce Board. Jokanya no nyaka kony ng'ato mago.,Baabuurta qaada bacriminta sare ayaa hadda imaanaya keydka Eldoret ee Guddiga Qaranka ee Hadhuudhka iyo Miraha. Farming ayaa lagu dhiirrigelinayaa inay soo qaataan sahaydooda.,https://kilimo.go.ke/trucks-ferrying-top-dressing-fertilizer-have-begun-arriving-at-the-eldoret-depot-of-the-national-cereals-and-produce-boa/,2026-07-14,scraped:MoALD News
3,Agriculture,PSA,Farmers in Wajir are invited to participate in the Ksh. 5 billion Livestock Investment Drive launched by President Ruto.,Wakulima wa Wajir wanakaribishwa kushiriki katika Mpango wa Uwekezaji wa Mifugo wa Ksh. bilioni 5 ulioanzishwa na Rais Ruto.,Abagere bu Wajir batarikire kugana mu Ksh. 5 billion Livestock Investment Drive amogotere President Ruto.,Wamoro e Wajir to nying' gima to yudhi kanyiengi Ksh. 5 billion magi mo kwayo mar Nyasaye Ruto.,Beeralayda Wajir waxaa lagu casuumay inay ka qayb qaataan ololaha maalgelinta xoolaha oo ah Ksh. 5 bilyan oo uu soo bandhigay Madaxweyne Ruto.,https://kilimo.go.ke/president-ruto-launches-ksh-5b-livestock-investment-drive-in-wajir/,2026-07-14,scraped:MoALD News
4,Agriculture,PSA,Farmers are encouraged to participate in the sugarcane ethanol initiative to help lower fuel prices and boost the sugar sector.,Wakulima wanahimizwa kushiriki katika mpango wa etanoli wa miwa ili kusaidia kupunguza bei ya mafuta na kuimarisha sekta ya sukari.,Abagaba batemerewe kuhakanya mulashi wa ethanol ya miwa kugira akore bajua ng'ana buya na bushande bw'ekisukari.,Ng'eno mamoko konyo gi kita kuom sugarcane ethanol initiative dla goyo mar namba mar fuel ma gin manokoro gi sugar sector.,Dhalinyarada waxaa lagu dhiirrigelinayaa inay ka qaybqaataan mashruuca ethanol-ka sonkorta si loo yareeyo qiimaha shidaalka iyo kor loogu qaado qaybta sonkorta.,https://kilimo.go.ke/kenya-turns-to-sugarcane-ethanol-to-lower-fuel-prices-expand-sugar-sector/,2026-07-14,scraped:MoALD News
5,Agriculture,PSA,"A Ksh. 34.4 billion program has been launched to enhance climate resilience, food security, and sustainable livelihoods. Stakeholders in agriculture are encouraged to participate.","Mpango wa Ksh. bilioni 34.4 umeanzishwa ili kuimarisha ustahimilivu wa hali ya hewa, usalama wa chakula, na maisha endelevu. Washiriki katika sekta ya kilimo wanahimizwa kushiriki.","Programu ya Ksh. 34.4 bilioni imeanzishwa kuimarisha ustahimilivu wa hali ya hewa, usalama wa chakula, na maisha endelevu. Wadau katika kilimo wanahimizwa kushiriki.","Dhuong' Ksh. 34.4 bilioni nyasach nyaka jowuoth malong'o, iwacho e yo ng'ato, gima nigi piero, kod mga teko makare. Jotare chiegni e yo tsa e nyale.","Barnaamij dhan Ksh. 34.4 bilyan ayaa la bilaabay si loo xoojiyo adkeysiga cimilada, amniga cunnada, iyo nolol waarta. Sidoo kale, daneeyayaasha beeraha waxaa lagu dhiirigelinayaa inay ka qeybqaataan.",https://kilimo.go.ke/government-ifad-and-counties-unite-in-ksh-34-4-billion-programme-to-advance-climate-resilience-food-security-and-sustainable-livelihoods/,2026-07-14,scraped:MoALD News
6,Agriculture,PSA,The 12th Agritec Africa Conference will be held at KICC. Farmers and agribusiness stakeholders are encouraged to participate.,Mkutano wa 12 wa Agritec Africa utafanyika KICC. Wakulima na wadau wa biashara ya kilimo wanahimizwa kushiriki.,Itong’ango 12 ya Agritec Africa ichaitwaki na KICC. Abagikiri na abarwaki b’amasoko buinane baria bataraka buya.,Chiemo 12th Agritec Africa Conference nyi gima yaye KICC. Babichni ne lweny mar shamba magi e koni kanyono ni wobed kuom joma mang'ere.,Shirka 12-aad ee Agritec Africa waxaa lagu qaban doonaa KICC. Beeraleyda iyo daneeyayaasha ganacsiga beerta waxaa lagu dhiirigelinayaa inay ka qaybqaataan.,https://kilimo.go.ke/ps-agriculture-leads-curtain-raiser-for-12th-agritec-africa-conference-ahead-of-kicc-summit/,2026-07-14,scraped:MoALD News
7,Agriculture,PSA,The 4th National Kalro Open Research Week and 20th Annual Ruiru Coffee Fair is now open. Farmers and stakeholders in the coffee industry are encouraged to participate.,Siku ya 4 ya Utafiti wa Taifa wa Kalro na Maonyesho ya Kahawa ya Ruiru ya Kila Mwaka ya 20 yamefunguliwa sasa. Wakulima na wadau katika sekta ya kahawa wanahimizwa kushiriki.,"Naki za Nane Kaliro Open Research Week na Naki ya Nyakabingo ya Akarangu Ruiru ya 20, zikari kianchani. Abagurukire na abachokere bonyoro baretore batesebene.","Katsanda kuom Chan Piny 4, National Kalro Open Research Week, e tin mokuongo. Wuon-gi gi jomoko e kisumu mag Ruiru gi nyaka chike.",Tartanka 4-aad ee Qaranka ee Kalro iyo 20-aad ee Sanadlaha Ruiru Coffee Fair ayaa hadda furan. Beeralayda iyo daneeyayaasha warshadaha kafee ayaa lagu dhiirigelinayaa inay ka qaybgalaan.,https://kilimo.go.ke/ps-for-agriculture-dr-kipronoh-ronoh-paul-cbs-officially-opens-4th-national-kalro-open-research-week-and-20th-annual-ruiru-coffee-fair/,2026-07-14,scraped:MoALD News
8,Agriculture,PSA,Farmers in Garissa are encouraged to utilize the Bulla Cadey Irrigation Scheme to enhance agricultural productivity.,Wakulima Garissa wanahimizwa kutumia Mpango wa Umwagiliaji wa Bulla Cadey ili kuboresha uzalishaji wa kilimo.,Abagere baki Garissa mugakire buya Bulla Cadey Irrigation Scheme buya omogaka bwiira.,Mokoro e Garissa bang' gi Bulla Cadey Irrigation Scheme ka giyer gi tich mar udhi.,Beeraleyda Garissa waxaa lagu dhiirigelinayaa inay isticmaalaan Qorshaha Jilitaanka Bulla Cadey si kor loogu qaado waxsoosaarka beeraha.,https://kilimo.go.ke/ps-agriculture-and-cs-water-commission-bulla-cadey-irrigation-scheme-in-garissa/,2026-07-14,scraped:MoALD News
9,Agriculture,PSA,"The High Court has dismissed a petition against the Nzoia Sugar lease, allowing West Kenya Sugar to proceed with its Ksh 5.7 billion investment.","Mahakama Kuu imetupa ombi dhidi ya mkataba wa Nzoia Sugar, ikiruhusu West Kenya Sugar kuendelea na uwekezaji wa Ksh bilioni 5.7.","Omosioro ogendete ogwaki omokiri omokiamokiririe naki ya Nzoia Sugar, gaki oregisiri West Kenya Sugar okore stringa ye Ksh 5.7 billion.","Chakre gi High Court eyo ni petition ma nyal ni Nzoia Sugar lease, kendo osethgi West Kenya Sugar nigi konyo kanyo machiemo Ksh 5.7 billion.","Maxkamadda Sare ayaa diidday codsi ka dhan ah kirada Nzoia Sugar, iyadoo oggolaatay West Kenya Sugar inay sii wado maalgelinteeda oo ah Ksh 5.7 bilyan.",https://kilimo.go.ke/rulling/,2026-07-14,scraped:MoALD News
10,Agriculture,PSA,The Kenya Sugar Board announces that no sugar factories have been sold; they are only leased. Stakeholders should verify their contracts accordingly.,Bodi ya Sukari ya Kenya inatangaza kwamba hakuna viwanda vya sukari vilivyouzwa; vinapangishwa tu. Wadau wanapaswa kuthibitisha mikataba yao ipasavyo.,"Naki Kenya Sugar Board ekerere osibori buya, ore berire buya bwenga; orere buya bosiaki. Abachama batorore omotereri ba ibokireri bwosi.",Kenya Sugar Board oving' ni kendo sugar factories to kod nyalo yichal; nyaka to otimo ka gi leasa. Wanyalo joma oketh bende nyalo weche gi chon.,Hay'adda Sonkorta Kenya waxay ku dhawaaqaysaa in aan la iibin wax warshado sonkor ah; kaliya waa la kiraystay. Qaybaha daneynaya waa inay xaqiijiyaan heshiisyadooda sida ku habboon.,https://kilimo.go.ke/no-sugar-factory-sold-only-leased-agriculture-livestock-development-cs-tells-parliament/,2026-07-14,scraped:MoALD News
11,Agriculture,PSA,The Kenyan government has partnered with Pula Advisors to offer an innovative insurance program aimed at boosting climate resilience for smallholder farmers.,Serikali ya Kenya imefungamana na Pula Advisors kutoa mpango wa bima wa kisasa unaolenga kuimarisha uhimili wa hali ya hewa kwa wakulima wadogo.,Abagere baki Kenya batarire ne Pula Advisors omokigo omogori bwakorori buya bwaki oshie ikari ya buya bwaki orenda bukiing'ana buna chiang'ana buya bwaki abakereri.,Waganga wa Kenya anachok piny gi Pula Advisors nyaka tedi program mokuongo mauruok kuom jingo duto ma ombogo nyaka in-gi kakrindo yienyo ka gima odhi gi momuno.,Dowladda Kenya ayaa la shaqeyneysa Pula Advisors si ay u soo bandhigto barnaamij caymis cusub oo loogu talagalay in kor loogu qaado adkeysiga cimilada ee beeraleyda yaryar.,https://kilimo.go.ke/kenya-partners-with-pula-advisors-to-boost-climate-resilience-for-smallholder-farmers-through-innovative-insurance-program/,2026-07-14,scraped:MoALD News
12,Agriculture,PSA,Farmers and agribusiness stakeholders are encouraged to participate in new opportunities under the Bottom-Up Economic Transformation Agenda (BETA) for agricultural reforms and sugar sector revitalization.,Wakulima na wadau wa biashara ya kilimo wanahimizwa kushiriki katika fursa mpya chini ya Mpango wa Mabadiliko ya Uchumi wa Chini kuelekea Juu (BETA) kwa ajili ya marekebisho ya kilimo na uhuishaji wa sekta ya sukari.,Abagabire batyire naki bw'a nyang'iri bategere abakereri b'achire bw'ekomi  ekoroketi naki Bottom-Up Economic Transformation Agenda (BETA) bw'ekore naki osibori bw'ekibori.,Nakiema kuom farmers ni stakeholders mar agribusiness gir e konyo nyalo chak kendo mar Bottom-Up Economic Transformation Agenda (BETA) kuom sekta mar kager ni kwe.,Beeraleyda iyo daneeyayaasha ganacsiga beeraha waxaa lagu dhiirrigelinayaa inay ka qaybqaataan fursadaha cusub ee ka hooseeya Ajandaha Isbeddelka Dhaqaalaha (BETA) si loogu sameeyo isbedel ku saabsan beeraha iyo dib u noolaynta waaxda sonkorta.,https://kilimo.go.ke/cs-mutahi-kagwe-briefs-rt-hon-raila-odinga-on-agricultural-reforms-sugar-sector-revitalization-under-beta-agenda/,2026-07-14,scraped:MoALD News
13,Agriculture,PSA,A partnership has been formed to address climate challenges in East African agriculture. Farmers are encouraged to stay informed about upcoming initiatives and resources.,Mshikamano umeundwa kukabiliana na changamoto za hali ya hewa katika kilimo cha Afrika Mashariki. Wakulima wanahimizwa kubaki na habari kuhusu mipango na rasilimali zitakazo kuja.,Abakire buya bwakorekeria buya buya naki angete naki osisi mirere ebire buya moke mu isi ya mashamba ya Afurika y'Ababuraru. Abashamba barigwa bamenyane nibwaki bwanye bige na matokari amakire.,Kaka marfondo oseth giro marach e golo maruo e Afrika Mashariki. Abaluhya ng'eyo ka joma osetho ng'ato kewe gima obiro chutho gi gigo mag piny.,Wada shaqeyn ayaa la sameeyay si wax looga qabto caqabadaha cimilada ee wax soo saarka beeraha Bariga Afrika. Beeralayda waxaa lagu dhiirigelinayaa inay si fiican u socdaan barnaamijyada iyo ilooyinka soo socda.,https://kilimo.go.ke/cs-sen-mutahi-kagwe-kilimo-trust-ceo-dr-birungi-korutaro-forge-partnership-to-tackle-climate-challenges-in-east-african-agriculture/,2026-07-14,scraped:MoALD News
14,Agriculture,PSA,The government has waived packaging taxes to support the tea sector. Farmers are encouraged to take advantage of this initiative.,Serikali imeondoa ushuru wa ufungashaji ili kusaidia sekta ya chai. Wakulima wanahimizwa kutumia fursa hii.,Abakinyari bategereje omogendi mwakire okwiitire amang'anya abakiende bware. Abagondo batariri nyasa okuigenya okegia oria.,Oganda osetiyo abich mar packaging ok nyal bende masindo sekta mar ti. Piny ma oting' konyo cham gi konyo mar uwe.,Dowladda waxay ka cafisay canshuuraha baakadka si ay u taageerto qaybta shaaha. Beeralayda waxaa lagu dhiirigelinayaa inay ka faa'iidaystaan fursadan.,https://kilimo.go.ke/government-waives-packaging-taxes-to-boost-tea-sector-cs-mutahi-kagwe-reaffirms-support-for-farmers/,2026-07-14,scraped:MoALD News
15,Agriculture,PSA,The World Bank is collaborating with the Ministry of Agriculture to advance the Digital Agriculture Roadmap. Stay informed for updates on program opportunities.,Benki ya Dunia inashirikiana na Wizara ya Kilimo kuendeleza Ramani ya Kidijitali ya Kilimo. Fuata taarifa za fursa za mpango huu.,Osomeka Ikoranyane otore na Kanyange ka Abagereka buya buya bw'ibire. Naki'ora bwakire buya bw'ebyokoranye.,"World Bank oning' chunyi gi Ministry of Agriculture, ma okinyi Digital Agriculture Roadmap. Chwero ng'ato gi ndalo kuom bura mar program.",Bangiga Adduunka ayaa ka shaqeynaya Wasaaradda Beeraha si loo horumariyo Qorshaha Dijitalka ah ee Beeraha. La soco wixii cusbooneysiin ah fursadaha barnaamijka.,https://kilimo.go.ke/world-bank-pays-courtesy-call-to-cabinet-secretary-ministry-of-agriculture-to-advance-digital-agriculture-roadmap/,2026-07-14,scraped:MoALD News
16,Agriculture,PSA,There is ongoing collaboration between the PS for Agriculture and the World Bank Group regarding Kenya's Digital Agriculture Roadmap. Stay informed for upcoming initiatives.,Kuna ushirikiano unaoendelea kati ya PS wa Kilimo na Kundi la Benki ya Dunia kuhusu Ramani ya Kidijitali ya Kilimo ya Kenya. Endelea kufuatilia mipango ijayo.,Abakire buya bwaki bune okorania na PS wa Agriculture na World Bank Group bwaki buya bwaki buya Kenya's Digital Agriculture Roadmap. Naki minto buya bwaki buya.,Ber tich mar kaurach e PS moko ne Agriculture gi World Bank Group kuom Kenya's Digital Agriculture Roadmap. Ngi tiende kendo wachoni maber e tich.,Waxa jira iskaashi socda oo u dhexeeya PS ee Beeraha iyo Kooxda Bangiga Adduunka oo ku saabsan Qorshaha Dijitaal ah ee Beeraha ee Kenya. La soco mashaariicda soo socda.,https://kilimo.go.ke/ps-for-agriculture-dr-ronoh-hosts-world-bank-group-for-talks-on-kenyas-digital-agriculture-roadmap/,2026-07-14,scraped:MoALD News
17,Agriculture,PSA,The Rockefeller Foundation is partnering with Kenya to enhance food security and promote agricultural innovation. Farmers and agribusiness stakeholders should stay updated on new initiatives.,Shirika la Rockefeller linashirikiana na Kenya kuboresha usalama wa chakula na kuendeleza ubunifu wa kilimo. Wakulima na wadau wa biashara ya kilimo wanapaswa kubaki na ufahamu wa mipango mipya.,Ibanda ya Rockefeller iria na Kenya buya omogori bw'ogekere buya na omokirigo bw'amagari. Abagere n'abashindori b'egikora buya nyakiari iwane naki oria genda.,Rockefeller Foundation nigi timo gi Kenya kuom nyalo dalo oganda mar chakre mi tichni nyando. Maber ma chiegni gi ma-chakre kuom micho dongo ne ok nyal wuokne gi nyasaye.,Hay'adda Rockefeller waxay la shaqaynaysaa Kenya si kor loogu qaado amniga cunnada iyo in la dhiirrigeliyo hal-abuurka beeraha. Beeraleyda iyo daneeyayaasha agribusiness-ka waa inay si joogto ah ula socdaan Hindisayaasha cusub.,https://kilimo.go.ke/kenya-and-rockefeller-foundation-forge-strategic-alliance-to-boost-food-security-and-agricultural-innovation/,2026-07-14,scraped:MoALD News
18,Agriculture,PSA,Farmers are assured of uninterrupted fertilizer supply from the Thika NCPB Depot.,Wakulima wanahakikishiwa usambazaji wa mbolea bila kukatika kutoka Ghala la NCPB Thika.,Abagasi bosiere bwakokere obwakore bweng'ente bw'abakire buya go Thika NCPB Depot.,Dala magweya adhi eyo machielo yore gi fertilizer kubva Thika NCPB Depot.,Beeraleyda waxaa la xaqiijiyay in ay heli doonaan bacriminta aan hakad lahayn oo ka imanaysa Degaanka Thika ee NCPB.,https://kilimo.go.ke/secretary-administration-visits-thika-ncpb-depot-assures-farmers-of-uninterrupted-fertilizer-supply/,2026-07-14,scraped:MoALD News
19,Agriculture,PSA,There are ongoing assessments in Kenya's tea sector. Stakeholders in the tea industry are encouraged to stay informed about developments and implement any necessary adjustments to improve productivity.,Kuna tathmini zinaendelea katika sekta ya chai ya Kenya. Wadau katika sekta ya chai wanahimizwa kubaki na habari kuhusu maendeleo na kufanya marekebisho yoyote muhimu ili kuboresha uzalishaji.,Naki naki jaore chimboko ching’enda omogaka bwakire buya bwetechibori. Abakoresa buya bwakire naboka bwakire bwyoborere buya kwechera ibwakire omokigori bwetechibori.,E nigi duong' mar gi kanyo ka weche matut akati Kenya. Lwaki duto mar tea to nyisowe konyo to kanyal agwendi kod togi ngima e yie kende midwaro motegno.,Waxa socda qiimeyn ku saabsan qeybta shaaha ee Kenya. Qaybaha ka tirsan warshadaha shaaha waxaa lagu dhiirrigelinayaa inay la socdaan horumarka oo ay qaadaan isbeddelada lagama maarmaanka ah si kor loogu qaado wax soo saarka.,https://kilimo.go.ke/cs-mutahi-kagwe-assesses-progress-in-kenyas-tea-sector-at-chai-trading-warehouses/,2026-07-14,scraped:MoALD News
20,Agriculture,PSA,The export ban on macadamia remains in effect. Farmers are advised to stay updated on any future changes regarding this policy.,Marufuku ya kusafirisha macadamia inaendelea kutekelezwa. Wakulima wanashauriwa kufuatilia mabadiliko yoyote kuhusu sera hii.,Omoisho bw'omogori wa macadamia naki naki. Abakung'ana batarorwe no bw'oshure okobori bw'oshoka omogori ino.,"Kadh nyaka ohinga kuom macadamia osebedo gi piny. Wuod ng'ato to, gichako gi loso kadi goyo kuom ng'ato chalo ma odhi nindo.",Bannaanada dhoofinta macadamia waxay sii socotaa. Beeraleyda waxaa lagu talinayaa inay la socdaan isbeddelada mustaqbalka ee siyaasaddan.,https://kilimo.go.ke/cs-mutahi-kagwe-defends-macadamia-export-ban-highlights-progress-in-tea-sector-reform/,2026-07-14,scraped:MoALD News
21,Agriculture,PSA,The 8th Africa Agric Expo 2025 is officially open at KICC. Farmers and agribusiness stakeholders are encouraged to attend and explore opportunities.,Maonyesho ya 8 ya Kilimo Afrika 2025 rasmi yamefunguliwa katika KICC. Wakulima na wadau wa biashara za kilimo wanahimizwa kuhudhuria na kuchunguza fursa.,Emotigori Osotiriri 8 ya Bantu 2025 ikinyekagwa buya KICC. Abanyagachi na abashandisi b’inyaibori barasagwa kuja na gaki ogendete.,Africa Agric Expo 2025 8th ni open rasmi ku KICC. Kachuko mar muduon gi jingo duto ne okinyi ku duto kendo gi thok nyadhi.,Bandhigga 8-aad ee Beeraha Afrika 2025 waxaa si rasmi ah loogu furay KICC. Beeralayda iyo daneeyayaasha ganacsiga beeraha waxaa lagu boorinayaa inay ka soo qayb galaan una baadigoobaan fursadaha.,https://kilimo.go.ke/principal-secretary-dr-kipronoh-ronoh-presides-over-the-official-opening-of-the-8th-africa-agric-expo-2025-at-kicc/,2026-07-14,scraped:MoALD News
22,Agriculture,PSA,There are new agricultural partnerships under discussion that may benefit Kenyan farmers. Stay informed about developments and opportunities related to these initiatives.,Kuna ushirikiano mpya wa kilimo unaozungumziwa ambao unaweza kuwanufaisha wakulima wa Kenya. Fuata maendeleo na fursa zinazohusiana na mipango hii.,Makiaganyia atigi ekerori omokire buya ahaki emokiri nakiye. Tiga na mwaki magetenda buya na kemezere buya kobwakinyang'ore.,Osecho kaka ma nyinga pwodhi kanyge goyo manyiso mar Kenyani. Wacho e yo mar neno gi ng'ato ma gi konyo e miti mar kaka.,Waxaa jira iskaashiyo cusub oo dhinaca beeraha ah oo la falanqeynayo kuwaas oo faa'iido u yeelan kara beeralayda Kenyan. La soco horumarka iyo fursadaha la xiriira hawlahaan.,https://kilimo.go.ke/strengthening-agricultural-partnerships-cs-mutahi-kagwe-meets-with-ifad-president-on-the-sidelines-of-the-48th-ifad-governing-council-in-rome-italy-%f0%9f%87%b0%f0%9f%87%aa%f0%9f%87%ae%f0%9f%87%b9/,2026-07-14,scraped:MoALD News
23,Agriculture,PSA,Farmers and agribusiness stakeholders in the tea sector are encouraged to engage with Dr. Kipronoh Ronoh to discuss strategies for strengthening the sector and boosting earnings.,Wakulima na wadau wa biashara ya kilimo katika sekta ya chai wanahimizwa kuzungumza na Dk. Kipronoh Ronoh ili kujadili mikakati ya kuimarisha sekta hiyo na kuongeza mapato.,Abachara na abashmoseri bateguru boti na badi bochete bingi bakenyore okiro nandi Dr. Kipronoh Ronoh buya obokire bulimbo bwaki na buya ogethe bingi.,"Nigi chano ka owuon gi ondo mar tea, omoka kanyo ka ung'eyo Dr. Kipronoh Ronoh kaka uwacho ng'ato mar piny kod ng'ato ma ok wacho e dwe mar tea gi to nyaka itiyogo.",Beeralayda iyo daneeyayaasha ganacsiga beeraha ee qeybta shaaha waxaa lagu dhiirigelinayaa inay la xiriiraan Dr. Kipronoh Ronoh si ay uga wada hadlaan xeeladaha lagu xoojinayo qeybta iyo kordhinta dakhliga.,https://kilimo.go.ke/ps-dr-kipronoh-ronoh-engages-stakeholders-to-strengthen-tea-sector-and-boost-farmer-earnings/,2026-07-14,scraped:MoALD News
24,Agriculture,PSA,No actionable information available.,Hakuna taarifa inayoweza kutekelezwa.,Amakire abwaki na buya.,Osebedo ni oyang' ka imiyo weche ma osekelo.,Macluumaad wax kala qabta ma jiro.,https://kilimo.go.ke/cs-kagwe-holds-first-meeting-with-departmental-heads-at-the-ministry-of-agriculture-and-livestock-development/,2026-07-14,scraped:MoALD News
25,Agriculture,PSA,Kenya is set to enhance cotton production and the textile industry. Farmers and stakeholders should prepare for upcoming initiatives.,Kenya inaandaa kuboresha uzalishaji wa pamba na sekta ya nguo. Wakulima na wadau wanapaswa kujiandaa kwa mipango ijayo.,Kenya ikirongo omokebura ibori naki omokoya. Abakinyekenye na abaragani bakenye banye bakanunuka oria naki omokebura buse.,Kenya ogend erhore piny ma oketi cotton eyo mag ndal. Chik kanyalo ohinga gi jemborene kuom nyalo ir mang'eyo.,Kenya waxay qorsheynaysaa inay kordhiso soo saarista suufka iyo warshadaha dharka. Beeraleyda iyo daneeyayaasha waa inay iska diyaariyaan hawlaha soo socda.,https://kilimo.go.ke/kenya-to-boost-cotton-production-and-textile-industry-following-insights-from-benin-visit/,2026-07-14,scraped:MoALD News
26,Agriculture,PSA,Farmers in Kericho: The Principal Secretary of Agriculture visited the Tebesonik Tea Factory and Charera Water Project to address your concerns and promote sustainable development.,Wakulima wa Kericho: Katibu Mkuu wa Kilimo alitembelea Kiwanda cha Chai cha Tebesonik na Mradi wa Maji wa Charera ili kujadili matatizo yenu na kukuza maendeleo endelevu.,Abaki bobi Kericho: Obwaki bw’Atuma bw’Endere buya buwaki omokiri w'Omogaka ya Tebesonik na Omokiri wa Charera buya bosi tookwa buse ugwaki naye buya mwaki buse kisibori naki.,Ng'ato mar farm Kericho: Principal Secretary ma Okayo lweny gika teb kaban gi Charera Water Project kuom chiegni ang'wen mag jokoe gi inyal pwodhi.,Farmerska Kericho: Xoghayaha Guud ee Beeraha ayaa booqday Warshadda Tee ee Tebesonik iyo Mashruuca Biyaha Charera si uu uga jawaabo welwelkiinna iyo inuu dhiirrigeliyo horumar joogto ah.,https://kilimo.go.ke/dr-kipronoh-ronoh-paul-principal-secretary-of-agriculture-visits-tebesonik-tea-factory-and-charera-water-project-in-kericho-to-address-farmers-concerns-and-promote-sustainable-development/,2026-07-14,scraped:MoALD News
27,Agriculture,PSA,Farmers in Naivasha are advised to check the NCPB store for updates on the fertilizer subsidy distribution.,Wakulima wa Naivasha wanashauriwa kuangalia ghala la NCPB kwa taarifa za usambazaji wa ruzuku ya mbolea.,Abarutani baki Naivasha bataragane naki oria obokire bisiogia buya bwaki buri NCPB buya bwaki obwatigiri bwokutirihanga.,Oding’gi ma ojogo e Naivasha konyo kuot NCPB store kuom uwacho maler e moko ma piny e vomo mar fertilizers.,Beeraleyda Naivasha waxaa lagu talinayaa inay hubsadaan dukaanka NCPB si ay u helaan warar ku saabsan qaybinta deeqda bacrinta.,https://kilimo.go.ke/the-ps-dr-kipronoh-ronoh-paulcbs-visits-naivasha-ncpb-store-to-assess-fertilizer-subsidy-distribution-progress/,2026-07-14,scraped:MoALD News
28,Agriculture,PSA,The sugar sector is a vital economic pillar and source of livelihood for millions in western Kenya.,Sekta ya sukari ni nguzo muhimu ya uchumi na chanzo cha maisha kwa mamilioni katika magharibi mwa Kenya.,Sekta ya sukari ni nguzo muhimu ya uchumi na chanzo cha riziki kwa mamilioni magharibi mwa Kenya.,"Seche magi ni tayo moko ma okinyi e piny, kendo ni nyingʼni duto mar buoya kuom wach mar mila e Kenya ma mangʼich.",Sektorada sonkorta waa tiir dhaqaale muhiim ah iyo isha nololeed ee malaayiin dadka ah galbeedka Kenya.,https://kilimo.go.ke/the-sugar-sector-remains-a-key-economic-pillar-and-a-livelihood-source-for-millions-especially-in-western-kenya/,2026-07-14,scraped:MoALD News
29,Agriculture,PSA,Farmers in Uasin Gishu are encouraged to participate in National Farmers' Day celebrations aimed at highlighting agricultural transformation.,Wakulima katika Uasin Gishu wanahimizwa kushiriki katika maadhimisho ya Siku ya Wakulima wa Kitaifa yanayolenga kuonyesha mabadiliko katika kilimo.,Abagere baki Uasin Gishu baria batarora omokigo bw'echiire bw'Abagere b'anga omogori buseke obwakuri bwakujonga buseke bori omogorori.,Obi-gi gima an gi Uasin Gishu wan giywono kanyakla to kod nyaka uting' ka iduogo madirgi mang'ongo mar winjruok.,Farmers-ka Uasin Gishu waxaa lagu boorinayaa in ay ka qayb galaan dabaaldegga Maalinta Beeralayda Qaranka si loo muujiyo isbeddelka beeraha.,https://kilimo.go.ke/ps-dr-kipronoh-ronoh-leads-national-farmers-day-celebrations-in-uasin-gishu-to-highlight-agricultural-transformation/,2026-07-14,scraped:MoALD News
30,Agriculture,PSA,"The Narok and Bomet Counties Agripreneurs Model initiative is now available under NAVCDP. Interested agripreneurs should take note and participate starting December 18, 2024.",Mradi wa Wajasiriamali wa Kilimo wa Kaunti za Narok na Bomet sasa upatikana chini ya NAVCDP. Wajasiriamali wa kilimo wanaovutiwa wanapaswa kuzingatia na kushiriki kuanzia tarehe 18 Desemba 2024.,"Omoibo ya Narok na Bomet ichakatigana naki agri-prenuers ku NAVCDP. Abakire agri-prenuers bwerere bonyaki na bosi ogeto ogi December 18, 2024.","Ng'ano mar Narok gi Bomet Counties Agri-entrepreneurs Model ohinga nyakuhisi malong' go NAVCDP. Agri-entrepreneurs ma en ne ng'eyo nilda ka olal ka gima timo madhigo otieno, ng'weny dhok e nyisecha 18, 2024.","Hannaanka Agripreneurs ee Gobolka Narok iyo Bomet ayaa hadda laga heli karaa NAVCDP. Agripreneurs-ka daneynaya waa in ay xusaan oo ay ka qeyb qaataan laga bilaabo Diseembar 18, 2024.",https://kilimo.go.ke/ps-dr-kipronoh-ronoh-paulcbs-presides-over-the-unveiling-of-the-narok-and-bomet-counties-agripreneurs-model-a-transformative-initiative-under-navcdp/,2026-07-14,scraped:MoALD News
31,Agriculture,PSA,"The 2025 Long Rains National Fertilizer Subsidy Programme is now launched; farmers are encouraged to apply for subsidies at NCPB GPC Depot, Nairobi.","Mpango wa Msaada wa Mbolea wa Mvua ndefu wa Kitaifa wa mwaka 2025 umeanzishwa; wakulima wanahimizwa kuomba msaada katika Kituo cha NCPB GPC, Nairobi.","Programu ya 2025 ya Misaada ya Mbolea ya Mvua Ndefu sasa imeanza; wakulima wanahimizwa kuomba misaada katika NCPB GPC Depot, Nairobi.","Dhiang' tich 2025 kaka nene weche mar Long Rains National Fertilizer Subsidy Programme oleyo; joge ong'eyo bende kanyakre gi subsidies e NCPB GPC Depot, Nairobi.","Barnaamijka Subsidy-ga Bacrinta Ciidda Gu'ga Dheer ee Qaranka ee 2025 ayaa la bilaabay; beeraleyda waxaa lagu dhiirigelinayaa inay dalbadaan deeqaha NCPB GPC Depot, Nairobi.",https://kilimo.go.ke/cs-dr-andrew-karanja-has-presided-over-the-launch-of-the-2025-long-rains-national-fertilizer-subsidy-programme-nfsp-at-the-ncpb-gpc-depot-nairobi/,2026-07-14,scraped:MoALD News
32,Agriculture,PSA,"1 million bags of subsidized fertilizers are now available for farmers. Please visit your local agricultural office to obtain your supply starting December 18, 2024.","Mifuko milioni 1 ya mbolea iliyopunguzwa bei sasa inapatikana kwa wakulima. Tafadhali tembelea ofisi yako ya kilimo ya karibu ili kupata usambazaji wako kuanzia Desemba 18, 2024.","Maki 1 milioni ekeria chichieri kyabere buya buya bwakirere ogende. Naki ogwaki omokirori buya bwaki ba choka Maki 18, 2024.","Piga 1 million kuom mkogoro duto wacho. Konyo ji thokye kuom oher gima to, ka ogend owuon e odhiambo nikech 18, Juma 2024.",1 milyan oo bac ah oo bacriminta la taageeray ayaa hadda diyaar u ah beeralayda. Fadlan booqo xafiiskaaga reer gaareed si aad u hesho sahaydaada laga bilaabo 18-ka Diseembar 2024.,https://kilimo.go.ke/the-principal-secretary-state-department-for-agriculture-dr-kipronoh-ronoh-paulcbs-flags-off-the-first-batch-of-1million-bags-of-subsidized-fertilizers/,2026-07-14,scraped:MoALD News
33,Agriculture,PSA,"The Kimalel Goat Auction will take place on December 17, 2024, to support the livestock sector. Farmers are encouraged to participate.","Mauctioni ya Mbuzi ya Kimalel itafanyika tarehe 17 Desemba 2024, kusaidia sekta ya mifugo. Wakulima wanahimizwa kushiriki.","Ong'ogoti bw'Kimalel bwatabere na December 17, 2024, buya buya ochung'ere omogoti. Abarima bareke batigere omokanya.","Kimalel Goat Auction bende owinji kuom Disemba 17, 2024, kuom nyalo chuth mang'ich. Wuothi bende gikony gi weche.","Tartanka Ariga Kimalel wuxuu dhacayaa 17ka Diseembar, 2024, si loo taageero qaybta xoolaha. Beeraleyda waxaa lagu dhiirigelinayaa inay ka qeybqaataan.",https://kilimo.go.ke/cs-dr-andrew-karanja-joins-h-e-president-ruto-at-kimalel-goat-auction-to-boost-livestock-sector/,2026-07-14,scraped:MoALD News
34,Agriculture,PSA,The National Agricultural Investment Plan is undergoing a review to align with global and national priorities. Stay informed for updates on how this may affect your agricultural activities.,Mpango wa Kitaalamu wa Uwekezaji wa Kilimo unafanyiwa mapitio ili kuendana na vipaumbele vya kimataifa na kitaifa. Kuwa na habari za hivi punde kuhusu jinsi hii inaweza kuathiri shughuli zako za kilimo.,Ekirobo cha boke boki buya bwogoreka ekieere buya buse nekhwaki bwaki ijiikire magoti egesia na boke. Naki buya bwagogorie buya bwakire oria ohia itabaki buya ogwari.,Plani mar Iting' Nyalani kanyakla to niyudo kach konyo gi piny ne piny. Koro uyie gi ng'eyo ma ok gima ineno modhiere kanyakla.,Qorshaha Maalgashiga Beeraha Qaranka ayaa la daawanayaa si loo waafajiyo mudnaanta caalamiga ah iyo tan qaranka. La soco wararka ku saabsan sida tani u saameyn karto hawlahaaga beeraha.,https://kilimo.go.ke/cs-dr-andrew-karanja-launches-review-of-national-agricultural-investment-plan-to-align-with-global-and-national-priorities/,2026-07-14,scraped:MoALD News
35,Agriculture,PSA,"A groundbreaking ceremony for sustainable farming, education, and environmental restoration has been held in Murang'a. Farmers are encouraged to engage with local initiatives.","Tukio la kuweka msingi wa kilimo endelevu, elimu, na urejeleaji wa mazingira limefanyika Murang'a. Wakulima wanahimizwa kushiriki katika miradi ya ndani.","Ekegusii ekererangi ye soga yire, buya, naki enyorokire bwaki ibomire oria Murang'a. Abakire banoibsikire kuikire hamwe ne naki jia buya.","Kore mar yore gi chike ma okonyo farming, waduong’ and otieno mar piny nyaka abirir kwe Murang'a. Wuonruok mag farming nyaka wuoyi gi joma orefu.","Munaasibad dhismo ah oo ku saabsan beero waara, waxbarasho, iyo soo kabashada deegaanka ayaa ka dhacday Murang'a. Beeraleyda waxaa lagu dhiirigelinayaa inay ka qaybqaataan mashaariicda deegaanka.",https://kilimo.go.ke/cs-dr-andrew-karanja-leads-groundbreaking-ceremony-in-muranga-championing-education-environmental-restoration-and-sustainable-farming/,2026-07-14,scraped:MoALD News
36,Agriculture,PSA,County leaders and stakeholders should prepare for upcoming discussions on agricultural advancement with the World Bank. Stay informed for details on participation opportunities.,Viongozi wa kaunti na wadau wanapaswa kujiandaa kwa mjadala unaokuja kuhusu maendeleo ya kilimo na Benki ya Dunia. Endelea kuwa na taarifa kuhusu fursa za ushiriki.,Abaki boti na abaki naki naki naki nyasa neza buya bware bwereksiri bwetabukire na World Bank. Naki kuria na mwaki buya buya bwetabukire.,Owino nyaka yore gi dhako manokelo kod wawer yonyo kanyalo kayie ka World Bank. Wachir gi yore e yo mar anyway kod gi ng'ato mar chalo.,Hoggaamiyeyaasha gobolka iyo danaynayaashu waa inay isu diyaariyaan wada-hadallo ku saabsan horumarinta beeraleyda oo la galayo Bangiga Adduunka. La soco faahfaahinta fursadaha ka qaybgalka.,https://kilimo.go.ke/cs-dr-andrew-karanja-leads-consultative-meeting-on-advancing-agriculture-with-county-leaders-and-world-bank/,2026-07-14,scraped:MoALD News
37,Agriculture,PSA,"Farmers and stakeholders are invited to engage in discussions on significant coffee reforms on December 6, 2024.","Wakulima na wadau wanakaribishwa kushiriki katika majadiliano kuhusu mabadiliko makubwa ya kahawa tarehe 6 Desemba, 2024.","Abagabi naki omokireri bategereje omokiri ogenda omokiri ekebinde buseme buseme ka buseme na December 6, 2024.","Anyang' gi akinyi bang' kendo nyathini mago ka jodak ne ohinga kendo igweno kende eseru ok wiri, 6 juma, 2024.","Farmers iyo daneeyayaal waxaa lagu casuumay inay ka qayb qaataan doodaha ku saabsan isbeddelada muhiimka ah ee bunka 6-deeda Diseembar, 2024.",https://kilimo.go.ke/principal-secretary-state-department-for-agriculture-dr-kipronoh-ronoh-paul-engages-farmers-and-stakeholders-on-significant-coffee-reforms/,2026-07-14,scraped:MoALD News
38,Agriculture,PSA,Farmers are urged to remain vigilant and report any sightings of migratory pests or desert locusts to local agricultural authorities immediately.,Wakulima wanahamasishwa kubaki makini na kuripoti mtu yeyote atakayekutana na wadudu wahamaji au nzige wa jangwani kwa mamlaka za kilimo za eneo mara moja.,"Abagere bano batarire nogusomeka buya, naki naki batarire okogotiga obokiri bwomogori bosi bu masiga bu aremo kioi omogori.",Dhi buo mar farmers konyo chike ma nyalo iweyo kendo nitie choro yore miyo piny gi dhako mar okonyo to agok ng'ato kata lwendi ni gati misango mar buor maber.,Beeraleyda waxaa lagu boorinayaa inay feejigeen oo ay si degdeg ah ugu warbixiyaan aragtiyada cayayaanka guur-guura ama cawska lamadegaanka madaxda ugu sarreeya ee deegaanka.,https://kilimo.go.ke/regional-agriculture-ministers-gather-in-mombasa-to-address-threat-of-migratory-pests-and-desert-locust/,2026-07-14,scraped:MoALD News
39,Agriculture,PSA,The Ministry of Agriculture and Livestock Development has launched the Farmer Registration Report 2023. Farmers are encouraged to access the report for vital information.,Wizara ya Kilimo na Maendeleo ya Mifugo imezindua Ripoti ya Usajili wa Wakulima ya mwaka 2023. Wakulima wanahimiziwa kufikia ripoti hiyo kwa taarifa muhimu.,Ekiabera chakaranga naki nyamacheke omokiri ogenda omokinyere 2023. Abakiri bariga nyamacheke kwendachere obwaki bwaki.,Ministry of Agriculture and Livestock Development omiye Farmer Registration Report 2023. Okwach gi wach kuom kanyo mag report manejo buo.,Wasaaradda Beeraha iyo Horumarinta Xoolaha ayaa soo bandhigtay Warbixinta Diiwaangelinta Beeraleyda 2023. Beeraleyda waxaa lagu dhiirrigelinayaa inay helaan warbixinta si ay u helaan macluumaad muhiim ah.,https://kilimo.go.ke/8863-2/,2026-07-14,scraped:MoALD News
40,Agriculture,PSA,No actionable information for farmers or agribusiness stakeholders is present in this article.,Makala hii haina taarifa yoyote inayoweza kutekelezwa kwa wakulima au wahusika wa biashara ya kilimo.,"Abagisii na abashokire bikwakire omogaka, obwakire buya bwaki bwere nyasa buya.",Kakaber ni cham kod mar kanyruok e gima ng'ato oter e piny.,Maqaalkani ma zawarayo macluumaad waxqabad ah oo ku saabsan beeralayda ama daneeyayaasha ganacsiga beeraha.,https://kilimo.go.ke/courtesy-call-by-the-agricultural-society-of-kenya-delegation-to-the-cs-for-agriculture-and-livestock-development-dr-andrew-karanja/,2026-07-14,scraped:MoALD News
41,Agriculture,PSA,"Kenyan farmers are encouraged to engage in partnerships that strengthen the agricultural sector. For details, contact your local agricultural office.","Wakulima wa Kenya wanahimizwa kujiunga katika ushirikiano unaoimarisha sekta ya kilimo. Kwa maelezo zaidi, wasiliana na ofisi yako ya kilimo ya eneo.","Abagiri b'aki Kenya barakirwa kweng'ana mu masonga abatekerete ageng'ene emihoya. Kogotwomokire, naki mwakire omokiriganya bwaki b'amasonga bwaki.","Abagik kanyalo kuom joma oseremo nyaka nyaloch gi joma opear gi konyruok mar boset. Kwach nyasaye ka oduogo higa, nangi e nyaka ma ok nyal.","Farmers-ka Kenya waxaa lagu dhiirrigelinayaa inay la shuraakoodaan si ay u xoojiyaan beeraleyda. Faahfaahin, la xiriir xafiiskaaga beeraha ee deegaanka.",https://kilimo.go.ke/cs-dr-andrew-karanja-and-agra-president-dr-agnes-kalibata-discuss-strengthening-kenyas-agricultural-sector-through-strategic-partnerships/,2026-07-14,scraped:MoALD News
42,Agriculture,PSA,"Youth interested in agribusiness can participate in the TEJATI initiative aimed at transforming agricultural ecosystems through technology and innovation. Sign up by November 29, 2024.","Vijana wanaovutiwa na biashara ya kilimo wanaweza kushiriki katika mpango wa TEJATI unaolenga kubadilisha mifumo ya kilimo kupitia teknolojia na uvumbuzi. Jiandikishe kabla ya Novemba 29, 2024.","Abagere abane mAsa na agribusiness bataria kukiragiane mu TEJATI initiative ikorera ku buya bw’obushonga obw’osi bwiomoka mu buya bw’akaranga. Naki omokire buya buya hatari Oktoba 29, 2024.","Nyang'udzo gi agribusiness n'en ginyalo pako kuom TEJATI, mokwongo kanyakla chiegni min niego ma itimo e tiego mag joma. Sawa chuth gi November 29, 2024.",Dhallinyarada xiisaynaysa ganacsiga beeraha waxay ka qeyb qaadan karaan mashruuca TEJATI oo loogu talagalay in lagu beddelo nidaamka beeraleyda iyada oo la adeegsanayo tiknoolojiyad iyo hal-abuur. Isdiiwaangeli ka hor 29-ka Novembar 2024.,https://kilimo.go.ke/empowerment-for-youths-in-agribusiness-through-transforming-ecosystems-for-jobs-in-agriculture-through-technology-and-innovation-tejati-initiative/,2026-07-14,scraped:MoALD News
43,Agriculture,PSA,Caritas Nairobi has unveiled its Strategic Plan for 2024 to enhance agricultural empowerment. Stakeholders in agriculture are encouraged to engage with this initiative.,Caritas Nairobi imezindua Mpango wake wa Kistratejia wa mwaka 2024 wa kuimarisha uwezo wa kilimo. Wadau katika kilimo wanahimizwa kushiriki katika mpango huu.,Caritas Nairobi omokere buya buya bwakirori bwokiraki bwa 2024 kugira ngo bwerere omogoti. Abakire ba buya bwakirori baragwirane kugana ini.,Caritas Nairobi abed gi chalo mar 2024 mokuongo ndalo duto kuom ng'ato mar dak. Okwongo gi pinyruok kanyim piny oseyudo ma ok nyal jiedi kuom chalo manjeno.,Caritas Nairobi waxay soo bandhigtay Qorshaha Istiraatiijiga ah ee 2024 si kor loogu qaado awoodsiinta beeralayda. Xubnaha ka shaqeeya beerta waxaa lagu dhiirrigelinayaa inay ka qaybqaataan hindisahan.,https://kilimo.go.ke/caritas-nairobi-unveils-strategic-plan-2024-with-cs-dr-andrew-karanja-advancing-agricultural-empowerment-and-community-transformation/,2026-07-14,scraped:MoALD News
44,Agriculture,PSA,The Ministry of Agriculture and Livestock Development has launched the National Agroecology Strategy for Food Systems Transformation. All stakeholders are encouraged to familiarize themselves with the strategy.,Wizara ya Kilimo na Maendeleo ya Mifugo imezindua Mkakati wa Kitaifa wa Agroekolojia kwa ajili ya Mabadiliko ya Mfumo wa Chakula. Wadau wote wanahimizwa kujifunza kuhusu mkakati huu.,Obwaki bw’Engorane na Kuorere Bwaki bw’Emokore bwatombokire Bwakuborere bw’Etenge Bwakuborere. Abakire b’isi nyang’ori bae kwenying'ana na bwaki bu.,Wang'ni wa Ugenya Kodhi e Dholuo nochuno National Agroecology Strategy mar Ndalo kendo Kondo mar Kachieng'. Nyarwa ni dhokeyo mokwongo ma en yieng' ka bende wadhore kalo.,Wasaaradda Beeraha iyo Horumarinta Xoolaha ayaa soo bandhigtay Istaraatiijiyadda Qaranka ee Agroecology si loo beddelo Nidaamka Cuntada. Dhamaan kuwa ka qayb qaadanaya waxaa lagu dhiirigelinayaa inay isbarbar dhigaan istaraatiijiyadda.,https://kilimo.go.ke/ministry-of-agriculture-and-livestock-development-officially-launch-its-national-agroecology-strategy-for-food-systems-transformation/,2026-07-14,scraped:MoALD News
45,Agriculture,PSA,Farmers are urged to access certified and quality seeds to revitalize the agriculture sector. Check with local agricultural offices for availability and support.,Wakulima wanashawishiwa kupata mbegu zilizosajiliwa na za ubora ili kuhuisha sekta ya kilimo. Angalia ofisi za kilimo za eneo lako kwa upatikanaji na msaada.,"Abagikere bano baki, babwatani baria biaje bwa mbega ebwa naki naki buya kwatokera ekikura. Naki buya bware bwakire buya bware bwagikere bano bwakire!",Waduong’ to owuok kanyakla kuom seed ma twak kendo mego gi chalo. Chieng' e yo maber mar abok ma waduong' timo.,Beeraleyda waxaa lagu boorinayaa inay helaan abuur tayo leh oo la xaqiijiyey si ay dib ugu furaan beeraha. La xiriir xafiisyada beeraha ee deegaanka si aad u hubiso helitaanka iyo taageero.,https://kilimo.go.ke/revitalizing-the-agriculture-sector-through-provision-of-certified-and-quality-seeds-to-our-farmers/,2026-07-14,scraped:MoALD News
46,Agriculture,PSA,Farmers are encouraged to take advantage of subsidized fertilizer and high-quality seeds to boost production.,Wakulima wanahimizwa kuchangamkia mbolea iliyorahisishwa na mbegu za hali ya juu ili kuongeza uzalishaji.,Abakire bakorere onyonka oborwe bwokwikore okoyabaki busibozole bwabiri na ebiswaki bwaki naki kosiire omoshonchori.,Bangi e yo ng'weyo ma otond dik kanyakore mag fertilizer oyiero gi ng'ere ma oting' nindo miyo okelo kita.,Beerayaasha waxaa lagu boorinayaa inay ka faa'idaystaan bacriminta la socota hoos u dhaca qiimaha iyo abuur tayo sare leh si ay u kordhiyaan wax soo saarkooda.,https://kilimo.go.ke/government-supports-farmers-in-increasing-their-production-through-provision-of-subsidized-fertilizer/,2026-07-14,scraped:MoALD News
47,Agriculture,PSA,The Kenya Agricultural Management Information System (KIAMIS) is being scaled up for a digitized and transparent agricultural sector. Stay informed on updates and usage.,Mfumo wa Habari wa Usimamizi wa Kilimo Kenya (KIAMIS) unapanuliwa kwa sekta ya kilimo yenye dijitali na uwazi. Endelea kupata taarifa kuhusu masasisho na matumizi.,Sistemia Ekitambu ya Makiere (KIAMIS) inarengwa kwa ajili ya sekta ya ekibare ebyegorori uye ebikorebwa. Tiga nibwaki bwokere busekeri naki.,Kenya Agricultural Management Information System (KIAMIS) en gitimre kwa wendo mar dhok mar kaide kod wach kanyaluo. Chiwruok kuom mabor gi nyalo.,Nidaamka Maareynta Macluumaadka Beeraha ee Kenya (KIAMIS) ayaa lagu ballaarinayaa inuu noqdo mid dijital ah oo hufan. La soco wararka iyo isticmaalka.,https://kilimo.go.ke/cs-dr-andrew-karanja-leads-efforts-to-scale-up-kiamis-for-a-digitized-and-transparent-agricultural-sector/,2026-07-14,scraped:MoALD News
48,Agriculture,PSA,The Chemelil Sugar Strategic Plan 2023-2027 has been launched to transform the sugar industry. Stakeholders should review the plan for future opportunities and participation.,Mpango Mkakati wa Tumbaku wa Chemelil 2023-2027 umenezwa ili kubadili sekta ya sukari. Wadau wanapaswa kukagua mpango huu kwa ajili ya fursa na ushiriki wa siku zijazo.,Ekiroire buya bwa Chemelil Sugar 2023-2027 kirebu bwakinyabwa bwakiere buya bwakansungonere. Abatireri kianagane bwere kumakinyora buya buiki bikogorere na kugendera.,Chemelil Sugar Strategic Plan 2023-2027 en ka tindo nyalo chuth kanyakla. Odhiechieng’ ok nyal olal plan no chido kianyore kendo chike.,Qorshaha Istiraatiijiga Sonkorta Chemelil 2023-2027 ayaa la bilaabay si loo beddelo warshadaha sonkorta. Xuquuqda lahae yaashu waa inay dib u eegaan qorshaha si ay fursado mustaqbalka iyo ka qaybqaadasho u helaan.,https://kilimo.go.ke/cs-dr-andrew-karanja-launches-chemelil-sugar-strategic-plan-2023-2027-paving-the-way-for-industry-transformation/,2026-07-14,scraped:MoALD News
49,Agriculture,PSA,The government is supporting the sugar sector transformation to enhance value addition and increase production. Stakeholders are encouraged to engage in these initiatives.,Serikali inasaidia mabadiliko ya sekta ya sukari ili kuongeza thamani na kuongeza uzalishaji. Wadau wanahimizwa kushiriki katika mipango hii.,Omosarato oria ogokire omotere buya bwaki abantugari bialama omokogoti bwaki omotendeti bwakwendo. Abakire baisireri bosi nyanagire mu nyanage ino.,Uradi wacho ni government iyudo nyaka yudi sugar sector ng'eyo to yore piny kanyim dawo kanyakla. Lwakni e yo ng'ato nyaka kanyo tuo kinyon.,Dowladda waxay taageertaa isbeddelka qaybta sonkorta si loo kordhiyo qiimaha iyo wax soo saarka. Dhamaan daneeyayaasha waxaa lagu dhiirrigelinayaa inay ka qayb qaataan hawlahan.,https://kilimo.go.ke/driving-economic-growth-government-supports-sugar-sector-transformation-through-value-addition-and-increased-production/,2026-07-14,scraped:MoALD News
50,Agriculture,PSA,The government is enhancing support for the tea sector by focusing on value addition and quality production. Farmers are encouraged to adopt these practices for better profitability.,Serikali inaongeza msaada kwa sekta ya chai kwa kuzingatia kuongeza thamani na uzalishaji wa ubora. Wakulima wanahimizwa kupokea taratibu hizi ili kupata faida bora.,Abakinyegeri bageka bwaki bwokigenia obwakiroro buya bwong'era era buya bwong'era obwakirori. Ababere babwakirie bukera obwakirori bwabokinya bwori bushuru.,Waxareni omoka gi ndong' ng'ato mar tea jomoko e piny marayo ojiro kelo duto gi chunyi ma g'yieng'. Asembe odhi nyiso ndalo timo jia ma odhi bedo bende gi chako gima wacho.,Dowladdu waxay xoojineysaa taagerada sector-ka shaaha iyada oo diiradda la saarayo kordhinta qiimaha iyo soo saarista tayada leh. Beeraleyda waxaa lagu dhiirrigelinayaa in ay qaataan hababkan si ay u helaan faa’iido wanaagsan.,https://kilimo.go.ke/government-reaffirms-commitment-to-boosting-tea-sector-through-value-addition-and-quality-production/,2026-07-14,scraped:MoALD News
51,Agriculture,PSA,The Avocado Society of Kenya is working with the government to address industry challenges; all avocado farmers are encouraged to engage for support and solutions.,Chama cha Avocado cha Kenya kinafanya kazi na serikali kuleta suluhisho kwa changamoto za sekta; wakulima wote wa avokado wanahimizwa kujihusisha kwa msaada na suluhisho.,Abakire b'Obwakire bwa Avocado ya Kenya babanye na gisiiriri kujakana kunsango za buse. Abakire b'Avocado boni bategerejere bategana kube koroma naki nyamaki.,Avocado Society of Kenya ne okel manyien kuom government nyaka otiek ng'anyo mar aboro; dhakar machalabi duto nosewe kanyakla kata ng'ama wacho.,Ururka Avocado ee Kenya wuxuu la shaqeynayaa dowladda si loo xalliyo caqabadaha warshadaha; dhammaan beeraleyda avokado waxaa lagu dhiirigelinayaa inay ka qaybqaataan si ay u helaan taageero iyo xalal.,https://kilimo.go.ke/cs-dr-andrew-karanja-meets-avocado-society-of-kenya-to-address-industry-challenges/,2026-07-14,scraped:MoALD News
52,Agriculture,PSA,No actionable content available.,Hakuna maudhui yanayoweza kutekelezwa.,Amakire gota ogenda!,Mokinyi dede.,Ma jiraan macluumaad waxqabad ah oo la heli karo.,https://kilimo.go.ke/ministry-of-agriculture-and-livestock-development-engages-senate-committee-to-advance-agricultural-growth/,2026-07-14,scraped:MoALD News
53,Agriculture,PSA,The EU and Kenya are collaborating to enhance sustainable agriculture driven by youth. Stay tuned for upcoming programs and opportunities to engage in this initiative.,EU na Kenya wanashirikiana kuboresha kilimo endelevu kinachof driven na vijana. Fuata habari za mipango na fursa za kujihusisha na juhudi hii.,EU na Kenya bagia naki omogori bw'ekirori bw'ogusubira bwakabonyi. Naki oria ekeresi bw'ekigana no bw'ong'ere bw'ogekere.,EU ne Kenya ng'iyo timo en gi mondo ng'ato mar konyo chiyieri mage. Nying' ni ng'ato ma ok nyal gichano ka gikere kendo gima gichayo.,EU iyo Kenya waxay iskaashanayaan si loo xoojiyo beeraha waara ee ay hogaaminayaan dhalinyarada. La soco barnaamijyada iyo fursadaha soo socda si aad uga qayb qaadato dadaalkan.,https://kilimo.go.ke/strengthening-ties-eu-and-kenya-forge-pathways-to-a-sustainable-youth-driven-agriculture-sector/,2026-07-14,scraped:MoALD News
54,Agriculture,PSA,"The 12th STAK Congress has opened, focusing on the seed industry's vital role in Kenya's food security. Stakeholders in agriculture are encouraged to participate and engage in discussions.","Kongamano la 12 la STAK limefunguliwa, likilenga jukumu muhimu la sekta ya mbegu katika usalama wa chakula nchini Kenya. Washiriki katika kilimo wanahimizwa kushiriki na kujadili.","Kongasi ya 12 ya STAK yakiangania, ikyogania bwire bweng'ende ya mbegu mu oborere bwakabere mu Kenya. Ogotang'ania obosi bwa oborere baria nakiibori bopusikire na babirire buja.","Congress 12 e STAK ogend, ng'weny nyiso ka joma ni jodiere nyaka nyiso piny mar dho'tonu mang'eny e Kenya. Joma jochopo e dho'k awacho ka omako kendo ongo ni bende piny.","Shirka 12aad ee STAK ayaa furmay, waxaana diiradda la saarayaa doorka muhiimka ah ee warshadaha abuurka ee amniga cuntada Soomaaliya. Dan-yayaasha ka shaqeeya beeraha waxaa lagu dhiirrigelinayaa inay ka qaybqaataan oo ay ka qeyb galaan doodaha.",https://kilimo.go.ke/director-of-crop-resource-management-leonard-kubok-opens-12th-stak-congress-emphasizes-seed-industrys-role-in-kenyas-food-security/,2026-07-14,scraped:MoALD News
55,Agriculture,PSA,The Sugar Bill has been signed to revitalize Kenya's sugar industry; farmers and stakeholders should stay informed on upcoming regulations and opportunities.,Muswada wa Sukari umesainiwa ili kuhuisha sekta ya sukari nchini Kenya; wakulima na wadau wanapaswa kubaki na habari kuhusu kanuni na fursa zinazokuja.,Ekechori ya Sukari emahoya omokireri buya buya ogokire buya kisukari ki Kenya; akorera na abaki bano ogerere bakore bakenye oroginyani na emarereno.,Shuga Bill oigi e yo kuom gima e chiegni shuga Kenya; wuon nodhiang' gi dhok mar yieng' to chunyruok e wiru gi jopo mar cham.,Sharciga sonkorta waxaa la saxiixay si loo soo nooleeyo warshadaha sonkorta Kenya; beeralayda iyo daneeyayaasha waa inay la socdaan xeerarka iyo fursadaha soo socda.,https://kilimo.go.ke/kenya-takes-monumental-step-in-revitalizing-sugar-industry-with-signing-of-the-sugar-bill/,2026-07-14,scraped:MoALD News
56,Agriculture,PSA,The government is advancing the dairy industry transformation under the BETA Plan. Milk processors are urged to align with the strategic goals outlined.,Serikali inaendeleza mabadiliko ya sekta ya maziwa kwa mpango wa BETA. Washughulikia maziwa wanahimizwa kuafikiana na malengo ya kimkakati yaliyoelezwa.,Abaneri bataraki bw'ebiruga bu gona omogogoro mw'ekinyango BETA. Abakora emilomo bakenye batoro banyo bw'ibwirane by'ekinyang'ani.,Moko mar gof والج lehibe mia yiero manok e BETA Plan. Kachadi mag milk bende giwe tich mar tich miyo ne.,Dowladdu waxay horumarineysaa isbeddelka warshadaha caanaha iyadoo la adeegsanayo Qorshaha BETA. Qandaraaslayaashu waxay ku boorinayaan inay la jaanqaadaan himilooyinka istiraatiijiyadeed ee la tilmaamay.,https://kilimo.go.ke/government-advances-dairy-industry-transformation-under-beta-plan-cs-dr-andrew-karanja-outlines-strategic-goals-with-milk-processors/,2026-07-14,scraped:MoALD News
57,Agriculture,PSA,The Intergovernmental Agriculture Forum is convening to drive strategic resolutions for agricultural sector transformation. Stakeholders are encouraged to participate and contribute.,Mkutano wa Mkutano wa Kilimo wa Serikali za Mitaa unafanyika ili kuleta maazimio ya kimkakati kwa mabadiliko ya sekta ya kilimo. Wadhamini wanahimizwa kushiriki na kuchangia.,Forum ya Intergovernmental Agriculture inachoreri kukwete emokire bw'ekirama bw'ogotore osibori omokiri. Abanakireri babere omokire na batarire.,Intergovernmental Agriculture Forum enwang' to gin lemo mar nyiso e yore mag ohinga mar agri. Kanyakore duto ochung' gi weche kod kony.,Shirwayga Dowladaha iyo Beeraleyda ayaa la qabanayaa si loo hagaajiyo go'aanada istiraatiijiga ah ee isbadalka beeraha. Dhamaan daneeyayaasha waxaa lagu dhiirigelinayaa inay ka qeybqaataan oo ay wax ku biiriyaan.,https://kilimo.go.ke/cs-dr-andrew-karanja-and-cog-chair-hon-ahmed-abdullahi-lead-intergovernmental-agriculture-forum-to-drive-strategic-resolutions-for-sector-transformation/,2026-07-14,scraped:MoALD News
58,Agriculture,PSA,National and County Governments are enhancing collaboration for food security and agricultural growth. Stay informed on upcoming initiatives and support available for your farming activities.,Serikali ya Taifa na Mikoa zinaongeza ushirikiano kwa ajili ya usalama wa chakula na ukuaji wa kilimo. Kuwa na ufahamu kuhusu mipango inayokuja na msaada unaopatikana kwa shughuli zako za kilimo.,Abaganga b'ekaranga bwa Roko ne County bano nyaki nyansia omorima na ebushori. Kiongere buya buromaki nabwakinyai bwerejere buya bujogoti bwaki bwi omogorori.,"Keny lori kendo ni lweny ma gweng' mag oketo mar joma okel mar jachien kendo chiwalo. Tidi ni, dwond gi piny ma ok wand joma lokonyo kendo gi dwondiyo ma ng'eyo.",Dowladaha Qaranka iyo Gobolka waxay kor u qaadayaan wada shaqeyn ku aaddan amniga cuntada iyo koritaanka beeraha. La soco tallaabooyinka cusub iyo taageerada la heli karo ee hawlahaaga beereed.,https://kilimo.go.ke/national-and-county-governments-hold-consultative-meeting-to-enhance-collaboration-for-food-security-and-agricultural-growth/,2026-07-14,scraped:MoALD News
59,Agriculture,PSA,Farmers are advised to stay updated on the Fertilizer Subsidy Program and Food Security Preparedness Plan. Further details will be provided soon.,Wakulima wanashauriwa kubaki na taarifa kuhusu Mpango wa Msaada wa Mbolea na Mpango wa Kujiandaa kwa Usalama wa Chakula. Maelezo zaidi yatasambazwa hivi karibuni.,Abakere baori nyasa egere omokireri Bwaki bwa Boriga na Oria bwaki bwokemere. Abakoru ba chire buya buokire.,Ng'ato maruok adhi nyaka gitim komado gi Fertilizer Subsidy Program kod Food Security Preparedness Plan. Wanyalo yudo nind gi ng'ama oting'o.,Farmers waxaa lagu talinayaa inay la socoto Barnaamijka Kaalmada Bacriminta iyo Qorshaha Diyaarinta Amaanka Cuntada. Faahfaahin dheeri ah waxaa la bixin doonaa goor dhow.,https://kilimo.go.ke/cs-dr-andrew-karanja-engages-world-bank-task-force-on-fertilizer-subsidy-program-and-food-security-preparedness-plan/,2026-07-14,scraped:MoALD News
60,Agriculture,PSA,Kenyan farmers are encouraged to engage with the Kenya-Denmark partnership to improve food safety and agricultural development.,Wakulima wa Kenya wanahimizwa kushirikiana na ushirikiano wa Kenya-Denmark kuboresha usalama wa chakula na maendeleo ya kilimo.,Abagikibo b’Kenya barakirwa kugana na ubianano bw’Kenya na Denmark kwa ajili ya kubwisha emokirigori na obwakire bw’ oboragori.,Kanyanya mar Kenya an mondo nigi chieng' kuom Kenya-Denmark partnership mondo obed gi tich mar piny ne gi sawi nyaka kanyakla.,Farmers-ka Kenya waxaa lagu dhiirigelinayaa inay ka qayb qaataan iskaashiga Kenya-Denmark si loo hagaajiyo amniga cuntada iyo horumarinta beeraha.,https://kilimo.go.ke/cs-dr-andrew-karanja-and-danish-ambassador-strengthen-kenya-denmark-partnership-in-food-safety-and-agricultural-development/,2026-07-14,scraped:MoALD News
61,Agriculture,PSA,Farmers and agribusiness stakeholders are encouraged to utilize extension services to enhance agricultural transformation.,Wakulima na wadau wa biashara ya kilimo wanahimizwa kutumia huduma za ugani ili kuboresha mabadiliko ya kilimo.,Abagaboi naki abakiibori ba emunyaki batorera aibori nyakibori bwebwaki bu emisbane.,Jok ma thok and agribusiness nyasaye nyal timo e kinde ka owinyo e yo mwandu duto maber.,Beeraleyda iyo saamileyaasha agribusiness-ka waxaa la dhiirigelinayaa inay ka faa'iidaystaan adeegyada kordhinta si ay u horumariyaan beddelka beeraha.,https://kilimo.go.ke/cs-dr-andrew-karanja-inaugurates-kefaas-symposium-emphasizes-the-importance-of-extension-services-for-agricultural-transformation/,2026-07-14,scraped:MoALD News
62,Agriculture,PSA,Farmers and agribusiness stakeholders are encouraged to explore new export opportunities as CS Dr. Andrew Karanja meets with AMCHAM Kenya to enhance U.S.-Kenya agricultural collaboration.,Wakulima na washikadau wa kilimo wanahimizwa kuchunguza fursa mpya za uuzaji nje wakati Waziri Dr. Andrew Karanja akikutana na AMCHAM Kenya ili kuimarisha ushirikiano wa kilimo kati ya Marekani na Kenya.,"Abakora mirongo na abashikire shombo bayokonje gutegana naki vyokurema bisaraki, nyabwa CS Dr. Andrew Karanja agachora hamwe na AMCHAM Kenya kugira bakirize ubunyankore bw'ubworozi pakati pa U.S. na Kenya.","Bonde e kelo kuom wuoth moro mar eksport katare, ma CS Dr. Andrew Karanja otere ni AMCHAM Kenya nokel wadh! ang'wen joni gi U.S.-Kenya matimre mag buoi.",Beeraleyda iyo daneeyayaasha ganacsiga beera ayaa lagu dhiirrigelinayaa in ay baaraan fursadaha cusub ee dhoofinta maadaama CS Dr. Andrew Karanja uu la kulmayo AMCHAM Kenya si loo xoojiyo wada-shaqeynta beeraha ee U.S. iyo Kenya.,https://kilimo.go.ke/cs-dr-andrew-karanja-meets-amcham-kenya-taskforce-to-strengthen-u-s-kenya-agricultural-collaboration-and-boost-export-opportunities/,2026-07-14,scraped:MoALD News
63,Agriculture,PSA,"Farmers in Isiolo and Meru Counties are invited to participate in the Kenya Vision 2030 4th Medium Term Plan (MTP IV) dissemination Baraza on June 3, 2024.",Wakulima katika Kaunti za Isiolo na Meru wanakaribishwa kushiriki katika Baraza la kueneza Mpango wa Kati wa Kenya 2030 (MTP IV) tarehe 3 Juni 2024.,"Abashande baki Isiolo na Meru batakire omogenda kosiya Kenya Vision 2030 4th Medium Term Plan (MTP IV) buraza omokinyanjo June 3, 2024.",Ong'anyo mondo ubiro kanyasa kanyieng' ndalo 4th Medium Term Plan (MTP IV) ku Kenya Vision 2030 nyaka 3/6/2024 e Isiolo kod Meru Counties.,"Farmers ka tirsan degmooyinka Isiolo iyo Meru waxaa lagu casuumay inay ka qaybqaataan Baraza faafinta Qorshaha Dhexe ee 4aad (MTP IV) ee Kenya Vision 2030 oo noqon doonta 3da Juun, 2024.",https://kilimo.go.ke/agriculture-and-livestock-development-cs-hon-mithika-linturi-leads-the-kenya-vision-2030-4th-medium-term-plan-mtp-iv-dissemination-baraza-in-isiolo-and-meru-counties/,2026-07-14,scraped:MoALD News
64,Agriculture,PSA,Farmers are urged to prioritize soil health to improve agricultural productivity.,Wakulima wanahimizwa kuweka kipaumbele kwenye afya ya udongo ili kuboresha uzalishaji wa kilimo.,Abakiru baragwanire okwishisha obwakiri bw’akiwaki buya bwanaki bw’ogenda.,Chieng' ma ji gi to joma oheru kuom rangi yathu to golo chwe mag joma chweyo.,Beeralayda waxaa lagu boorinayaa inay mudnaanta siiyaan caafimaadka ciidda si kor loogu qaado waxsoosaarka beeraha.,https://kilimo.go.ke/cs-mithika-linturi-emphasizes-soil-health-at-africa-fertilizer-and-soil-summit/,2026-07-14,scraped:MoALD News
65,Agriculture,PSA,Farmers and agribusiness stakeholders are encouraged to engage with the Agri-Preneurs Extension Model as discussed in the recent consultative workshop.,Wakulima na wadau wa biashara ya kilimo wanahimizwa kushirikiana na Mfano wa Upanuzi wa Agri-Preneurs kama ilivyojadiliwa katika semina ya ushirikiano hivi karibuni.,"Abakera n'ashamba n'ashamabari baretagwa boro bwete nigo oria boki n'Adama-Preneurs Extension Model, gucokire omokiri naki oria bori obamongana.","Ng'ato machogi gi oganda mar agri-penuroi no nyal gung' nyaka en chayo kendo bich gi nede mar waku, ka ginyalo wacho e ng'ato mar seche.",Beeraleyda iyo daneeyayaasha ganacsiga beera waxaa lagu dhiirigelinayaa inay ka qeybqaataan Qaabka Faafinta Agri-Preneurs sida looga hadlay aqoon-is-weydaarsigii dhawaan la qabtay.,https://kilimo.go.ke/cs-mithika-linturi-presides-over-a-governors-consultative-workshop-on-the-agri-preneurs-extension-model-at-villa-rosa-kempinski-hotel-nairobi/,2026-07-14,scraped:MoALD News
66,Agriculture,PSA,"The Kenyan Fertilizer and Soil Health delegates forum is taking place at KALRO, Nairobi, on April 24, 2024. Farmers and agribusiness stakeholders are encouraged to attend.","Kikao cha wawakilishi wa Mbolea na Afya ya Ardhi ya Kenya kinafanyika KALRO, Nairobi, tarehe 24 Aprili 2024. Wakulima na wadau wa biashara ya kilimo wanahimizwa kuhudhuria.","Abasomi b’ekibari na omotagari bwaki ne bwegwaki bw’omuema bw’ekononi na obwakirenda boka bwenyemera kabe KALRO, Nairobi, naki Abatano 24, 2024. Abakokire n’abashandi b’omokisii bamenyere gukwenda.","Wang'ongo ma oganda gi banga kuon gi Soil Health e KALRO, Nairobi, kuom aprilu 24, 2024. Abor ni chiegni mag ng'ato konyo gi piny.","Kulanka wakiillada Bacriminta iyo Caafimaadka Dhulka ee Kenya wuxuu ka dhacaya KALRO, Nairobi, 24ka April 2024. Beeraleyda iyo daneeyayaasha ganacsiga beerta waxaa lagu dhiirrigelinayaa inay ka soo qeyb galaan.",https://kilimo.go.ke/ps-dr-kipronoh-ronoh-opens-the-kenyan-fertilizer-and-soil-health-delegates-forum-at-kalro-nairobi-ahead-of-the-upcoming-africa-fertilizer-and-soil-health-summit-afsh-that-will-take-place-from-may/,2026-07-14,scraped:MoALD News
67,Agriculture,PSA,Fertilizer e-vouchers for the Long Rain Season are now being distributed. Farmers are encouraged to collect their vouchers promptly to ensure timely access to fertilizers.,Vikaratasi vya e-vyuketi vya mbolea kwa Msimu wa Mvua Ndefu sasa vinatolewa. Wakulima wanah encouraged kuchukua vikaratasi vyao haraka ili kuhakikisha upatikanaji wa mbolea kwa wakati.,E-voucher za mbolea za msimu wa mvua mrefu zinaagizwa sasa. Wakulima wanashauriwa kuchukua voucheri zao haraka ili wapate mbolea kwa wakati.,E-vouchers ma fertilizer nangenyi e mwakano ma Long Rain nyaka gwal. Jodong' ne ng'iyo nani kuom chalo e voucherna chuth kata neok gi fertilizer tich.,E-vaucherada bacriminta ee Xilliga Roobaadka Dheer ayaa hadda la qaybinaayaa. Beeralayda waxaa lagu dhiirigelinayaa inay si degdeg ah u soo qaataan vaucheradooda si ay u helaan bacriminta waqtigeeda.,https://kilimo.go.ke/government-officials-and-stakeholders-collaborate-to-facilitate-smooth-distribution-of-fertilizer-e-vouchers-for-long-rain-season/,2026-07-14,scraped:MoALD News
68,Agriculture,PSA,The Government has launched the Safe Milk Kenya Campaign to boost growth and competitiveness in the dairy sector. Farmers are encouraged to participate for improved standards.,Serikali imeanzisha Kampeni ya Maziwa Salama Kenya ili kukuza ukuaji na ushindani katika sekta ya maziwa. Wakulima wanahimizwa kushiriki ili kuboresha viwango.,Ogorogori bw'akiire bosi bw'ekegena buya bounyorera bwiire buya Mwaki rogo na boke bw'ogenda na mimerere yonka. Abagikono barigo banyorere nyanya bubaka bw'ekegena.,Wuodho mar Giwekno oromo Safe Milk Kenya ka okel duto gi mbaka kendo to kelo chido mar dhogi. Banj koro ginyalo ma oket koro mago.,Dowladda ayaa bilaabay Ololaha Caanaha Badbaado Kenya si kor loogu qaado kobaca iyo tartanka qeybta caanaha. Beeraleyda ayaa lagu dhiirrigelinayaa inay ka qayb qaataan si loo hagaajiyo heerarka.,https://kilimo.go.ke/government-spearheads-safe-milk-kenya-campaign-to-enhance-dairy-sector-growth-and-competitiveness/,2026-07-14,scraped:MoALD News
69,Agriculture,PSA,Hungary has established a demo farm in Kirinyaga County to showcase Hungarian agricultural technology. Farmers and agribusiness stakeholders are encouraged to visit and learn.,Hungaria imeanzisha shamba la maonyesho katika Kaunti ya Kirinyaga kuonyesha teknolojia ya kilimo ya Kihungari. Wakulima na washikadau wa biashara ya kilimo wanahimizwa kutembelea na kujifunza.,Hungary iabere oria buya na Kirinyaga County buya buya bwaki bwaki bwaki bwaki bwaki bwaki. Abakere na abashanzirieri bamakere bakanigana na bakanoga.,Hungary a gikonyo demo farm e Kirinyaga County kuom nyIso ma Hungarian. Abor gi k'opwoyo ochako ni omiyo owuor kendo wacho!,Hungary waxay sameysay beero tijaabo ah oo ku yaal Gobolka Kirinyaga si ay u muujiso teknolojiyadda beeraha ee Hungary. Beeralayda iyo daneeyayaasha ganacsiga beeraha waxaa lagu dhiirigelinayaa inay booqdaan oo wax bartaan.,https://kilimo.go.ke/5813-2/,2026-07-14,scraped:MoALD News
70,Agriculture,PSA,"Farmers in Meru County can now access a new mobile grain dryer, receive sunflower seeds, and utilize the newly inaugurated aflatoxin testing lab for enhanced agricultural support.","Wakulima katika Kaunti ya Meru sasa wanaweza kupata kiyoyozi kipya cha nafaka cha simu, kupokea mbegu za alizeti, na kutumia maabara mpya ya kupima aflatoksini kwa ajili ya msaada bora wa kilimo.","Abakire bu Meru bashobora kugana ikibaragabaga gishasha gikoreshwa mu kutonora ibihingwa, kwakira imbuto za sunflawa, no gukoresha labo y'ubuheruka gushingwa igamije gusuzuma aflatoxini mu gufasha mu buhinzi.","Mokinyi ku Meru County nigi chako mobile grain dryer nyaka, nigi tekedhi sunflower seeds, to nochako aflatoxin testing lab nyaka ka ongeyo goyo mar ugoyo.","Farmers-ka ku sugan Meru County hadda waxay heli karaan qalab cusub oo lipi ah, waxayna qaadan karaan abuur sunflower, sidoo kale waxay ka faa'iidaysan karaan laboratory cusub oo baarista aflatoxin si kor loogu qaado taageerada beeraha.",https://kilimo.go.ke/cs-mithika-linturi-enhances-agricultural-support-in-meru-county-unveils-mobile-grain-dryer-distributes-sunflower-seeds-and-inaugurates-aflatoxin-testing-lab/,2026-07-14,scraped:MoALD News
71,Agriculture,PSA,The government is providing solar mobile grain dryers and subsidized fertilizer to enhance agriculture and food security. Farmers are encouraged to take advantage of these resources.,Serikali inatoa dryers za nafaka za jua za kubebeka na mbolea yenye ruzuku ili kuboresha kilimo na usalama wa chakula. Wakulima wanasisitizwa kuitumia manufaa haya.,Abaki baki oria omogore bweka amani motigori ekirinagire omogori nabaki bakebaki omokirori omokiri mosi. Abaki basibori oria shibabere omokiri piri.,"Government ikwongo joma nyaka gusa ma-enyore, kendo ng'wono timbe johanyalo maok joki ji dhoru kendo dwondwaro. Joma nyaka jatich kuom ywenjore ni piny.","Dowladdu waxay bixisay qalab qorrax ka shaqeeya oo loogu talagalay qallajinta diridka, iyo bacriminta qiimo dhimman si kor loogu qaado beeraha iyo amniga cuntada. Beeraleyda waxaa lagu dhiirrigelinayaa inay ka faa'iidaystaan kheyraadkan.",https://kilimo.go.ke/cs-mithika-linturi-unveils-solar-mobile-grain-dryers-and-subsidized-fertilizer-to-boost-agriculture-and-food-security-in-nakuru-county/,2026-07-14,scraped:MoALD News
72,Agriculture,PSA,"A duty waiver for sugar, rice, and maize imports is under consideration. Affected stakeholders should monitor updates for further information and requirements.","Msamaha wa ushuru kwa uagizaji wa sukari, mchele, na mahindi unachunguzwa. Wahusika wanapaswa kufuatilia taarifa za maungano na mahitaji zaidi.","Omocha omokiriganie oria buya, ugali, naki omokiriganie okorori. Ababere bakiore bwiende bakesi omokanganya obwaki naki abwakirwe.","Kagundu mago kuom gi sugar, udi, mondo gi ng'wono ok oser. Joma oket to konyo nengo mane owinjore kod higa.","Dhaqqaajinta duty-ga macaamilka sonkorta, bariiska, iyo masagada waxaa la fiirinayaa. Xisbiyada ay dhibaatayso waa inay la socdaan wararka cusub iyo shuruudaha.",https://kilimo.go.ke/cs-mithika-linturi-addresses-national-assembly-committee-on-duty-waiver-for-sugar-rice-and-maize-imports/,2026-07-14,scraped:MoALD News
73,Agriculture,PSA,The Murang'a County government has launched a pilot digital system for the distribution of agricultural inputs. Farmers in the area are encouraged to participate.,Serikali ya Kaunti ya Murang'a imezindua mfumo wa kidijitali wa majaribio wa usambazaji wa vifaa vya kilimo. Wakulima katika eneo hilo wanahimizwa kushiriki.,Omoige wa Murang'a wakiagurire system ya dijitali ya gukorire ekibori kiabere. Abakiri bakiireri batariri baate nyore bahi.,Gavana wa Murang'a County en gima mar pilota kuom nyisore mag digital kuom joma chiegni gi agolo. Jodongo mar eneo okind ogend gi law.,Dawladda degmada Murang'a waxay hirgelisay nidaam dijitaal ah oo tijaabo ah oo loogu talagalay qaybinta agabka beeraha. Beeralayda deegaanka ayaa lagu dhiirigelinayaa inay ka qaybqaataan.,https://kilimonews.co.ke/science-and-technology/,2026-07-14,scraped:Kilimo News - Agribusiness
74,Agriculture,PSA,Bungoma County is enhancing its agricultural sector; farmers are encouraged to participate in new initiatives for improved farming practices.,Kaunti ya Bungoma inaimarisha sekta yake ya kilimo; wakulima wanahimizwa kushiriki katika mipango mipya ya kuboresha mbinu za kilimo.,Ekitutu ya Bungoma ikorenda kukwenda ogotigori; aboragani baragani bwaki bwaki bworenda okibwakirere mu ng'ato nyaki bwaki bwaki bworenda.,Bungoma County en obedo gi tich mar wach wuon; jarae duto en kawuono kuom konyo ng'ato gi tich maler.,Bungoma ayaa kor u qaadeysa qeybta beeraha; beeraleyda waxaa lagu dhiirigelinayaa inay ka qayb qaataan hindisayaasha cusub ee lagu hagaajinayo dhaqamada beeraleyda.,https://kilimonews.co.ke/advertisement/to-advertise-here-call-0722560238/,2026-07-14,scraped:Kilimo News - Agribusiness
75,Agriculture,PSA,Young entrepreneurs in agriculture are facing barriers beyond just access to finance. Stakeholders are urged to provide targeted investment and support to help youth-led agribusinesses thrive.,Wajasiriamali vijana katika kilimo wanakabiliwa na vikwazo zaidi ya upatikanaji wa fedha. Washiriki wanahimizwa kutoa uwekezaji na msaada wa malengo ili kusaidia biashara za kilimo zinazoongozwa na vijana kufanikiwa.,Abari buya buya mwaki bosi bakananagwa omokiriri okogotire otagire buya. Abatendi bakenanga batarurane omokiriri bw’abe ne abaki sigana matega ogotire amakiri abaki bw’erekana.,Gi-yong’ ma itegno e bungu duto nyaka ng’ato obedo karuok ka nyiso duto kumira kuom pinje. Wuoyo e nigi wuoyo maler kuom gima nyaka yo gino dhok joma duto e bungu ma ok ni giwuok.,Dhalinyarada ganacsatada waxay la kulmayaan caqabado ka badan helitaanka maalgelin. Qaybaha kala duwan ayaa lagu boorinayaa inay bixiyaan maalgelin iyo taageero lagu gaarsiinayo ganacsiyada dhirta ee ay hoggaaminayaan dhalinyarada inay horumaraan.,https://kilimonews.co.ke/agribusiness/faith-kwambokas-journey-shows-why-youth-need-more-than-capital-to-transform-agriculture/,2026-07-14,scraped:Kilimo News - Agribusiness
76,Agriculture,PSA,Attention young farmers: Explore opportunities in coffee value addition and learn about processing methods and by-products. Engage with local coffee estates for hands-on experience today.,Kumbuka wakulima vijana: Chunguza fursa katika kuongeza thamani ya kahawa na ujifunze kuhusu mbinu za usindikaji na bidhaa zinazotokana na kahawa. Shirikiana na mashamba ya kahawa ya eneo lako kwa uzoefu wa vitendo leo.,Maki osisiyori abaki: Naki omokinyani buya mucheche ogiteka omodori naki omosekorera matigori. Ria omokinyani naki ekimokinyani abaki buya.,"Naki chike, aboro: Tiyo oportuniti kuom kisumu kayongo kanyano, kendo ubed ni joma kuchoko kamano. Lonyo joma chalo coffee kuom chike mago tindo.",Dadka dhalinyarada ah ee beeraleyda: Sahamin fursadaha ku saabsan kordhinta qiimaha qaxwaha iyo baro hababka hawlgalka iyo alaabooyinka ka dhalan kara. La xiriiro beero qaxwe oo maxalli ah si aad u hesho khibrad gacmeed maanta.,https://kilimonews.co.ke/agribusiness/young-and-roasting-john-kamau-leads-the-youth-in-coffee-value-addition/,2026-07-14,scraped:Kilimo News - Agribusiness
77,Agriculture,PSA,"Women in Nandi County can now participate in the 'Kahawa na Mama' coffee initiative, gaining ownership of coffee trees, training, and market access. Join self-help groups to benefit.","Wanawake katika Kaunti ya Nandi sasa wanaweza kushiriki katika mradi wa kahawa wa 'Kahawa na Mama', wakipata umiliki wa miti ya kahawa, mafunzo, na ufikiaji wa soko. Jiunge na vikundi vya kusaidiana ili kufaidika.","Abaki bwakolire Nandi County bano banga bware buya bwabwanaka 'Kahawa na Mama', bosi bakanakire ekibere bwakohire mwaki, bwokire obokire, na bwaki bwokire buya. Kiamanire mu ng'endo daki bwokire.","Ng'ato manondo e Nandi County nikech ok en e 'Kahawa na Mama' ngo’ng’ang’a, manok jopiny gi mukwongo mar kawi, chako, gi dhako ne mondo ochieng’. Kanyakore ni ok bende onge ji jomonge ng’ato manondo.","Haweenka Gobolka Nandi hadda waxay ka qayb qaadan karaan mashruuca 'Kahawa na Mama', iyagoo helaya lahaansho geedaha qaxwada, tababar, iyo fursad suuqa. Ku soo biir kooxaha is-caawinta si aad faa’iido u hesho.",https://kilimonews.co.ke/agribusiness/nandi-county-mp-drawing-thousands-of-women-into-coffee-ownership/,2026-07-14,scraped:Kilimo News - Agribusiness
78,Agriculture,PSA,Kenyan and Ethiopian flower producers are collaborating to enhance their market position and comply with stricter European regulations. Stakeholders are encouraged to engage in this partnership.,Watu wanaozalisha maua hapa Kenya na Ethiopia wanashirikiana kuboresha nafasi zao sokoni na kuzingatia kanuni ngumu za Ulaya. Washirika wanahimizwa kushiriki katika ushirikiano huu.,Abarekeborai baki imeri na abarekeborai baki Ethiopia baria baganania buya buya baki bwatiri bosi na kubere bosi buya bwati mwandori buya aberekanyi bosi. Abakinyaki bategere ogokire buya mwandori iyi.,Wageni mago mar Kenya to mar Ethiopia ranyisna kuom nyime mag wedhigi to giginjre kode mar dho Ujaluo. Wang' adiera keto chandruok kendo owinjre kod maler mar ng'ato.,Soosaarayaasha ubax ee Kenya iyo Itoobiya ayaa iska kaashanaya si kor loogu qaado booskooda suuqeed iyo inay u hogaansamaan shuruuc adag oo Yurub ah. Xubnaha daneeyayaasha waxaa lagu dhiirigelinayaa inay ka qaybqaataan iskaashigan.,https://kilimonews.co.ke/agribusiness/ethiopia-and-kenya-working-together-to-maintain-their-global-flower-production-market-positions/,2026-07-14,scraped:Kilimo News - Agribusiness
79,Agriculture,PSA,Avenews offers innovative financing solutions for agri SMEs without requiring traditional collateral. Interested businesses should explore their services to access funding.,Avenews inatoa suluhu za kifedha bunifu kwa SMEs za kilimo bila kuhitaji dhamana za jadi. Biashara zinazovutiwa zinapaswa kuchunguza huduma zao ili kupata ufadhili.,Avenews ekorogori oria nyasa nyaki naki omokiri ya agri SMEs kobere oria oborosokire emorori. Abakire buya bosi nyaki koboka bwakire bwake oria etarabu.,Avenews en gi mizo ahinya mar agri SMEs to nyalo kuom konyo mar mager. Makanisi oyie ka ginyalo wobou kuom kanyal.,Avenews waxay bixisaa xalka maaliyadeed ee hal-abuurka ah ee loogu talagalay ganacsiyada yaryar ee agri iyadoo aan loo baahnayn dammaanad caadi ah. Ganacsiyada raba inay ogaadaan adeeggooda waa inay baadhan fursadahooda si ay u helaan maalgelin.,https://kilimonews.co.ke/agribusiness/fintech-company-using-technology-to-solve-the-collateral-issue-in-financing-agriculture/,2026-07-14,scraped:Kilimo News - Agribusiness
80,Agriculture,PSA,"Elgon Kenya and SMACHS Foundation have established a model farm and vertical gardens at Nyanjega School to support 4K Clubs, promoting agribusiness among young students.","Elgon Kenya na SMACHS Foundation wameshauri shamba la mfano na bustani za wima katika Shule ya Nyanjega ili kusaidia Klabu za 4K, kukuza biashara ya kilimo miongoni mwa wanafunzi vijana.","Elgon Kenya na SMACHS Foundation bwereka oria bw'ende baigire bulunda na maguta abwakiriria e Nyanjega School bw'ogusibori 4K Clubs, bw'ogoroja buse buagri business kiong'aki babokire.","Elgon Kenya kod SMACHS Foundation ne owaseraga farm modok tarab ni vertical gardens e Nyanjega School, kuom chandruok 4K Clubs, nyaka tindo agribusiness ma okinyiere.","Elgon Kenya iyo SMACHS Foundation waxay dhiseen farmo tusaale ah iyo beero toosan oo ku yaal Dugsiga Nyanjega si ay u taageeraan 4K Clubs, oo kor u qaadaya ganacsiga dhirta ee ardayda yar.",https://kilimonews.co.ke/agribusiness/elgon-kenya-and-smachs-foundation-nurture-young-agripreneurs-at-nyanjega-school/,2026-07-14,scraped:Kilimo News - Agribusiness
81,Agriculture,PSA,Agricultural stakeholders are encouraged to pursue an all-inclusive agri-financing system to better support smallholder farmers and women producers.,Washiriki wa kilimo wanahimizwa kufuata mfumo wa ufadhili wa kilimo unaojumuisha ili kusaidia wazalishaji wadogo na wanawake wakulima kwa ufanisi zaidi.,Abagene badi chache omosubaranya bagesang'ana omotete bw'ekigosi bwakubeka buya omogaka abarondori ne abaki bung'endo.,Abel maler gi jodak agik kuom nyalo nyal ng'eyo agri-finanzi ma ok nyalo yore maler ka ketho chiegni mane uyiero ma walosi gi joma ndung'.,Halyeyda beeraha waxaa lagu dhiirigelinayaa inay raadiyaan nidaam dhammaan dhaxal-gal ah oo maaliyadeed si ay si fiican u taageeraan beeraleyda yaryar iyo haweenka soo saara.,https://kilimonews.co.ke/agribusiness/mudavadi-calls-for-an-all-inclusive-agriculture-financing-system/,2026-07-14,scraped:Kilimo News - Agribusiness
82,Agriculture,PSA,Farmers in Nyeri County can access certified hybrid sunflower and castor seeds through contract farming with Mukurwe-ini Oil Enterprises. Sign a three-month contract for sunflowers or six-month for castor.,Wakulima katika Kaunti ya Nyeri wanaweza kupata mbegu za alizeti na mbegu za castor zilizothibitishwa kupitia kilimo cha mkataba na Mukurwe-ini Oil Enterprises. Sign mkataba wa miezi mitatu kwa alizeti au miezi sita kwa castor.,Abakire mu Nyeri bakanagana okonang'ana eng'ere na nkeke y'eng'anda na Mukurwe-ini Oil Enterprises. Moterere akamara ka nyang'ori atatu khana eng'ere kana kharua atano khana nkeke.,"Okwachieng' naki Nyeri wuodhi karuondi jochieng' mar hybrid sunflower gi castor ng'ato e yo ng'ato e contract farming gi Mukurwe-ini Oil Enterprises. Sani chon mag thom mwakung' abich mar sunflowers en tin yuu ma nyaka adhi e ochung' maber, to kata mar castor en nene yuu ahinya.",Beeriyayaasha gobolka Nyeri waxay heli karaan abuurayal qadka hibridka ah ee qorraxda iyo castor oo la xaqiijiyay iyada oo loo marayo farming heshiis ah oo lala galayo Mukurwe-ini Oil Enterprises. Saxiix heshiis saddex bilood ah oo loogu talagalay qorraxda ama lix bilood ah oo loogu talagalay castor.,https://kilimonews.co.ke/agribusiness/former-mca-finds-solace-in-sunflower-and-castor/,2026-07-14,scraped:Kilimo News - Agribusiness
83,Agriculture,PSA,Youth are encouraged to utilize online platforms to acquire skills for effective agribusiness. Take action now to empower yourself in the agricultural sector!,Vijana wanahimizwa kutumia majukwaa mtandaoni kupata ujuzi kwa ajili ya biashara ya kilimo yenye ufanisi. Chukua hatua sasa kuwawezesha wewe mwenyewe katika sekta ya kilimo!,Abaki bategana gukorere interneti mwakiere buya buya buno bwemaki muberebire. Nika utemere oremoka omokirima!,Noroogni oniembogo nyaka ginyalo winjruok online kuom weche ma oket gi agwata. Goiny nyaka timbe okonyi chik kuom jowete!,Dhallinyarada waxaa lagu boorinayaa inay isticmaalaan baraha onleenka si ay u helaan xirfadaha ganacsiga beeraha. Qaado tallaabo hadda si aad naftaada ugu awood siiso qeybta beeraha!,https://kilimonews.co.ke/agribusiness/improving-youth-skills-in-agriculture/,2026-07-14,scraped:Kilimo News - Agribusiness
84,Agriculture,PSA,Agribusiness stakeholders are invited to join the Inclusive Agribusiness Club to collaborate on strengthening inclusivity and sustainability in the sector.,Wajibu wa sekta ya kilimo wanakaribishwa kujiunga na Klabu ya Kilimo Jumuishi ili kushirikiana katika kuimarisha ujumuishaji na uendelevu katika sekta hii.,Abakora mu agribusiness boragane bogana kwerekana mu Inclusive Agribusiness Club kugira boranane mu gukomeyakirira inclusivity na sustainability mu kanga.,Abal gi agwanda mar agribusiness waneno kuom inyalo konyo kanyal rabuon e club mar Inclusive Agribusiness kanyenya bende oketh konyo to yor e nongo.,Dhalinyarada ganacsiga beeraha ayaa lagu martiqaaday inay ku soo biiraan Naadiga Ganacsiga Beeraha ee Is-dhexgalka si ay uga shaqeeyaan xoojinta ka qaybgalka iyo waaraanta waaxda.,https://kilimonews.co.ke/agribusiness/agribusiness-stakeholders-consult-under-the-agribusiness-club/,2026-07-14,scraped:Kilimo News - Agribusiness
85,Agriculture,PSA,Onion farmers are encouraged to establish a consistent planting schedule to ensure a steady income and supply throughout the year. Aim for high yields of 20 to 40 tons per acre for better profitability.,Wakulima wa vitunguu wanahimizwa kuanzisha ratiba thabiti ya kupanda ili kuhakikisha kipato na usambazaji mzuri mwaka mzima. Lengo ni kupata mavuno makubwa ya tani 20 hadi 40 kwa eka kwa faida bora.,Abakinyi b'amarongi bariga batarire omokiriri ogokire omosiikhire okuteganya omokiriri omogendi naki bw'ogaki bakesoona ore koshere. Kiamani nibokire omogendi bw'inene bwa 20 na 40 tons k'ogee bwanjiga omobokiri.,Ng'ato gi wach g'apolo meyo g'oyo g'ok marach reto nyaka piny kapok kuom cung' duto. Nyasaye kuom kendo kendo yieng' gi 20 to 40 ton ma nyal nyaka weche makin.,Beeraleyda basaliga ayaa lagu dhiirigelinayaa inay dejistaan jadwal beero oo joogto ah si loo hubiyo dakhli iyo sahay joogto ah throughout sanadka. Ujeedku waa in la gaaro wax soo saar sare oo ah 20 ilaa 40 tan halkii acre si loo helo faa'iido fiican.,https://kilimonews.co.ke/agribusiness/agribusiness-talk-onion-farming/,2026-07-14,scraped:Kilimo News - Agribusiness
86,Agriculture,PSA,KENAFF and iCRA are offering agribusiness training to farmers across Kenya. Interested farmers should contact KENAFF for details on how to participate.,KENAFF na iCRA wanatoa mafunzo ya biashara ya kilimo kwa wakulima kote Kenya. Wakulima waliovutiwa wanapaswa kuwasiliana na KENAFF kwa maelezo zaidi kuhusu jinsi ya kushiriki.,"KENAFF na iCRA boki omokirori buya buya buya amang'era. Abakiri bosi bataria, burokore KENAFF forekeri omokirori.",KENAFF na iCRA nyaka pa agribusiness training mar winkoni chike Kenya. Winkoni ma ineno golo KENAFF kuom dholuo kuom ni wacho ka waki.,KENAFF iyo iCRA waxay bixiyaan tababar ku saabsan ganacsiga beeraha oo loogu talagalay beeraleyda guud ahaan Kenya. Beeraleyda daneynaya waa inay la xiriiraan KENAFF si ay u helaan faahfaahin ku saabsan sida loogu soo biiri karo.,https://kilimonews.co.ke/agribusiness/kenya-national-farmers-federation-and-icra-in-partnership-to-provide-agribusiness-training-to-kenyan-farmers/,2026-07-14,scraped:Kilimo News - Agribusiness
87,Agriculture,PSA,"Farmers planning to grow onions on an acre should prepare a nursery of 9 beds, each 50m long, to accommodate 375,000 seeds. Ensure seedlings are graded and ready for transplanting.","Wakulima wanaopanga kulima vitunguu kwenye ekari wanapaswa kuandaa sehemu ya miche yenye vitanda 9, kila kimoja kikiwa na urefu wa mita 50, ili kuweka mbegu 375,000. Hakikisha miche inagawiwa na iko tayari kuhamishwa.","Abagaburi banogoti bwaki onyo babwakiera oria burori bware 9, bwakabere 50m kebwaki, bwogenda buya 375,000 omosi. Ng'endo omokoyaki bwere omosi bwanegana naki gizogotana.","Bura ma okinyi kuom gima okonyo to okonyo mii inachiena, chako ng'ato ni uyud gima okonyo ni nyakwal 9, te kanyo 50m, gima chako keth 375,000 mana. Konyo ni ng'ato ma ng'ato nyaka chom chalo ni ok iting'o.","Beeraleyda damacsan inay basasha beeraan hal acar, waa inay diyaar gareeyaan dhir nursery ah oo leh 9 sariirood, mid walba dhererkiisu yahay 50m, si ay u qaadaan 375,000 abuur. Hubi in dhirta la kala saaray oo diyaarka u ah in la guuriyo.",https://kilimonews.co.ke/agribusiness/the-agribusiness-talk-onion-nursery-preparation/,2026-07-14,scraped:Kilimo News - Agribusiness
88,Agriculture,PSA,"Farmers are encouraged to explore onion cultivation due to high demand, with an estimated annual consumption of 365 million kgs in Kenya. Consider growing bulb onions to benefit from this lucrative market.","Wakulima wanakumbushwa kuangazia kilimo cha vitunguu kutokana na mahitaji makubwa, ambapo matumizi ya kila mwaka yanakadiriwa kuwa tani milioni 365 nchini Kenya. Fikiria kulima vitunguu vya bulbi ili kunufaika na soko hili lenye faida.","Abagere batarakire bangenye okororere omokere ogokwerekeria, na bw'ogekia 365 mirong’  kgs ogotekeria nabw'Abakanya. Naki bagenye orokokere omokere buya ohoka bazakire omokere omogore ogoshi.","Jogwe makare ka gi wacho kuom kit konyo ma okinyi, ka gin piye kaka 365 million kgs chutho mwaka kanyo Kenya. Kachien chieng' bulbu konyo kuom gibango ma okinyi.","Beeralayda waxaa lagu dhiirrigelinayaa inay sahamiyaan beerta basalka sababtoo ah baahida sare, iyadoo la qiyaasay in isticmaalka sanadlaha ah uu yahay 365 milyan kgs oo Kenya ah. Ka fiirso inaad beerto basal bulb si aad uga faa'iidaysato suuqan faa'iidada leh.",https://kilimonews.co.ke/agribusiness/agribusiness-talk-how-to-grow-bulb-onions/,2026-07-14,scraped:Kilimo News - Agribusiness
89,Agriculture,PSA,Bungoma County is enhancing its agricultural sector to benefit local farmers and stakeholders. Stay informed on new initiatives and support programs.,Kaunti ya Bungoma inaimarisha sekta ya kilimo ili kufaidisha wakulima na wadau wa ndani. Kuwa na taarifa kuhusu mipango mipya na programu za kusaidia.,Omosibakire Bungoma otigana obwaki bwanogutikire buya bu endere buoragere. Kegasire abaki abantenye nakiiga abwere omokurerere.,Bungoma County nene ng'ato gi sekta mar nyuka kod mar magunga ma ok ginyalu ng'ato. Weche ng'ato ma otwe gi nyisou ma nyal yueyo.,Gobolka Bungoma wuxuu kor u qaadaya qaybta beeraha si uu uga faa'iidaysto beeralayda deegaanka iyo daneeyayaasha. La soco hawlgallada cusub iyo barnaamijyada taageerada.,https://kilimonews.co.ke/agribusiness/macadamia-and-beer-for-zuckerbergs-cattle/,2026-07-14,scraped:Kilimo News - Agribusiness
90,Agriculture,PSA,"The CGIAR Food Systems Accelerator has selected 10 agribusiness winners from East and Southern Africa, including 4 from Kenya. For more information on support opportunities, visit the CGIAR website.","Mharakati wa Mfumo wa Chakula wa CGIAR umechagua washindi 10 wa biashara za kilimo kutoka Afrika Mashariki na Kusini, ikiwa ni pamoja na 4 kutoka Kenya. Kwa maelezo zaidi kuhusu fursa za msaada, tembelea tovuti ya CGIAR.","CGIAR Food Systems Accelerator emokire 10 buya bwakibori bwasagano buya bwananana buja East na Southern Africa, na buya 4 buja Kenya. Naki ogotina bwaki kirekire bwosibori, endete oria CGIAR.","CGIAR Food Systems Accelerator owinjore 10 agribusiness wino e East kod Southern Africa, ka 4 ne ok Kenya. Kido gi bilgi piny e wacho mag kuom, konyru CGIAR website.","CGIAR Food Systems Accelerator waxay dooratay 10 guuleystayaal agribusiness ah oo ka socda Bariga iyo Koonfur Afrika, oo ay ku jiraan 4 ka socda Kenya. Wixii faahfaahin dheeraad ah ee fursadaha taageerida, booqo bogga CGIAR.",https://kilimonews.co.ke/agribusiness/cgiar-food-systems-accelerator-winners-named/,2026-07-14,scraped:Kilimo News - Agribusiness
91,Agriculture,PSA,"The 2023 AYuTe Africa Challenge Kenya winners have been announced, rewarding startups in agritech with cash grants; winners include Eco Bristo (Kshs 1 million) and Agritech Analytics (Kshs 400,000).","Washindi wa 2023 AYuTe Africa Challenge Kenya wametangazwa, wakipata ruzuku za pesa kwa ajili ya startups katika sekta ya agritech; washindi ni Eco Bristo (milioni 1 Kshs) na Agritech Analytics (400,000 Kshs).","Abatendekeri ba 2023 AYuTe Africa Challenge Kenya babwete buya, babwakire intang’ang’ana mu agritech na shilingi; abatendekeri ni Eco Bristo (Kshs 1 million) na Agritech Analytics (Kshs 400,000).","Winners ma 2023 AYuTe Africa Challenge Kenya ne okonyo, chalo oluor startup e agritech ka wacho koth ng'ato; jowinnyo ne Eco Bristo (Kshs 1 million) en Agritech Analytics (Kshs 400,000).","Ku dhawaaqidda guuleystayaasha tartanka AYuTe Africa 2023 ee Kenya ayaa la sameeyay, iyadoo abaalmarin lacageed la siiyay bilowga ah ee agabka beeraha; guuleystayaasha waxaa ka mid ah Eco Bristo (Kshs 1 milyan) iyo Agritech Analytics (Kshs 400,000).",https://kilimonews.co.ke/agribusiness/heifer-international-awards-the-2023-ayute-africa-challenge-kenya-winners/,2026-07-14,scraped:Kilimo News - Agribusiness
92,Agriculture,PSA,"Granot International Company has launched a 400-hectare avocado farm in Ndabibi, Naivasha, creating up to 2,000 job opportunities. Local farmers may explore partnership opportunities.","Kampuni ya Granot International imeanzisha shamba la parachichi lenye hekari 400 huko Ndabibi, Naivasha, na kuunda nafasi za ajira hadi 2,000. Wakulima wa eneo wanaweza kuchunguza fursa za ushirikiano.","Granot International Company omogenda 400-hectare orehani ya avokado ki Ndabibi, Naivasha, ekoro ogenda achire 2,000 oria. Aborina bosi ba naki batanie ekire buya.","Granot International Company ohip-ng'ato 400-hectare avocado farm e Ndabibi, Naivasha, mane owinjruok job 2,000. Abato mar Ndabibi bang' ongi kanyono joma magi kapo.","Shirkadda Granot International waxay daahfurtay beerta avokado oo 400-hektar ah oo ku taalla Ndabibi, Naivasha, abuurista ilaa 2,000 fursado shaqo. Beeraleyda deegaanka ayaa ka faa'iidaysan kara fursadaha iskaashiga.",https://kilimonews.co.ke/agribusiness/israels-largest-avocado-grower-launches-400-ha-farm-in-kenya/,2026-07-14,scraped:Kilimo News - Agribusiness
93,Agriculture,PSA,"Farmers and agribusiness stakeholders are encouraged to explore herb and spice propagation, particularly thyme, for their high demand and immunity-boosting properties.","Wakulima na wadau wa biashara ya kilimo wanah encouraged kuchunguza uzalishaji wa mimea ya viungo na viherbeni, hasa thyme, kwa sababu ya mahitaji yake makubwa na uwezo wake wa kuongeza kinga.","Abaki batarera na abaki bamenyere baisa bakenye bosi kori buya bwena, bonyekire ochukori oria covo, buya bonyakire oria bosi omokiri na bwaki bwosibori.","Owino gi wadhiang' manwano wacho ma Okonyo ng'ama odhi gi herb kod spice, kama thyme, kendo miyo gi nyaka marach kod nyimonyo.","Beeraleyda iyo daneeyayaasha ganacsiga beeraha waxaa lagu boorinayaa inay daraaseeyaan taranka dhir udgoon iyo xawaash, gaar ahaan thyme, sababtoo ah baahideeda sare iyo awooddeeda kor u qaadista difaaca jirka.",https://kilimonews.co.ke/agribusiness/nyeri-quartet-minting-money-from-herbs-spices-propagation/,2026-07-14,scraped:Kilimo News - Agribusiness
94,Agriculture,PSA,Youth participating in the Building a Better Tomorrow (BBT) program in Tanzania are encouraged to expand their harvest distribution to meet consumer demands.,Vijana wanaoshiriki katika programu ya Kujenga Kesho Bora (BBT) nchini Tanzania wanahimizwa kupanua usambazaji wa mavuno yao ili kukidhi mahitaji ya walaji.,"Abantubanti bari minto naki BBT igecherenchani Tanzania, boraganya naki baitangi bw'ogikora bw'eng'ero ya nyaki.","Nyang' piny gi nochuno e Building a Better Tomorrow (BBT) program e Tanzania, nyasa bura ka gichul goyo kanyakla e timo mar chike.",Dhalinyarada ka qaybgalaya barnaamijka Dhisidda Maalinta Fiican (BBT) ee Tanzania waxaa lagu dhiirrigelinayaa inay ballaariyaan qaybinta dalagyada si ay u daboolaan baahida macaamiisha.,https://kilimonews.co.ke/agribusiness/youth-in-tanzania-start-harvesting-in-bbt-program/,2026-07-14,scraped:Kilimo News - Agribusiness
95,Agriculture,PSA,"Discover the benefits of propolis, a natural product made by bees, known for its antibacterial properties. Farmers are encouraged to explore its uses in agribusiness.","Gundua faida za propolis, bidhaa ya asili inayotengenezwa na nyuki, inayojulikana kwa sifa zake za antibakteria. Wakulima wanahimizwa kuchunguza matumizi yake katika biashara ya kilimo.","Nakiere naki buya bwa propolis, oria buya bu mwaki, buya bwakiraka omokinyani ore obori bera. Abakire banekere omotenda bwaki bwakwe bwakirorere omoshamba.","Dhi ng'anyo mar proplis, chanjo mar bees, moko kuom yieng' mar antibacterial. Omena nicho kaka ng’ato mangevo piyo e agribusiness.","Ogow faa'iidooyinka propolis, oo ah shey dabiici ah oo ay sameeyaan shinnidda, kana caan ah sifooyinkiisa ka hortagga bakteeriyada. Beeralayda waxaa lagu dhiirigelinayaa inay sahamiyan isticmaalkeeda ganacsiga beeraha.",https://kilimonews.co.ke/agribusiness/forget-about-honey-ever-heard-of-propolis/,2026-07-14,scraped:Kilimo News - Agribusiness
96,Agriculture,PSA,New investment guidelines for youth in agrifood systems have been launched. Stakeholders are encouraged to develop youth-focused investment programs using these guidelines.,Mwongozo mpya wa uwekezaji kwa vijana katika mifumo ya kilimo na chakula umekanetiwa. Washikadau wanahimizwa kuendeleza programu za uwekezaji zinazolenga vijana kwa kutumia mwongozo huu.,Makiire matigere ekiorera omwana buya mu bisekendete bwa agri na food systems omaki. Abakaireri bataraga buya kubwakiire amatare ma omwana miri ya makiire aa.,Kwaya mar kanyalo bende nyal e yohisie ma nyaka wade seche ng'ato kuom agri-food. Okwakre mag chiw matek nyalo kuom nyasaye ni koro nyalo dwond gi kanyalo ma kwayoni.,Hagida cusub ee maalgashiga dhallinyarada nidaamka agri-cuntada ayaa la soo saaray. Daneeyayaasha waxaa lagu dhiirigelinayaa in ay sameeyaan barnaamijyo maalgashi oo diiradda saaraya dhallinyarada iyaga oo adeegsanaya hagidaan.,https://kilimonews.co.ke/agribusiness/new-guidelines-for-scaling-up-investments-for-youth-in-agri-food-systems-in-africa/,2026-07-14,scraped:Kilimo News - Agribusiness
97,Agriculture,PSA,Twiga Foods has been recognized by Time Magazine as one of the 100 Most Influential Companies globally for its innovative B2B e-commerce platform that connects food producers and retailers.,Twiga Foods imetambuliwa na Jarida la Time kama moja ya Makampuni 100 ya Kihistoria duniani kwa jukwaa lake la biashara la mtandaoni la B2B linalounganisha wazalishaji wa chakula na wauzaji.,Twiga Foods ekerubona na Time Magazine naki naki ikatano 100 ekerendo naki atigi egere naki naki B2B e-commerce platform egera aberejo buya naki abemioria.,"Twiga Foods en gi dhi nyaka Time Magazine kadhi 100 ma okonyo nyaka kanyo duto e dunia, kata kelo mar B2B e-commerce ma inying’ chalo kager gi roho mar piny kodwa gi ji konyo.",Twiga Foods ayaa lagu aqoonsaday majalada Time sidii mid ka mid ah 100 shirkadood ee ugu saameynta badan caalamka iyada oo leh madal cusub oo B2B ah oo isku xirta soo saaraha cuntada iyo iibiyeyaasha.,https://kilimonews.co.ke/agribusiness/twiga-foods-named-to-times-list-of-the-100-most-influential-companies/,2026-07-14,scraped:Kilimo News - Agribusiness
98,Agriculture,PSA,"Faulu Bank and USAID's KCDMS project will support 10,000 farmers with training on accessing loans and sustainable agriculture in 12 counties. Participate in this opportunity to enhance your farming.","Benki ya Faulu na mradi wa KCDMS wa USAID itasaidia wakulima 10,000 kwa mafunzo ya kupata mikopo na kilimo endelevu katika kaunti 12. Shiriki katika fursa hii ili kuboresha kilimo chako.","Faulu Bank na USAID's KCDMS project bosi omogori 10,000 bataraga naki orego chire na boki kubanogana na buya. Naki nokarokire omogori ino obokibori bw'echi.","Faulu Bank gi projakti KCDMS mar USAID bende bende chako ma 10,000 akambi gi masomo kuom Pesa mokwongo kod chike mar kanyruok e 12 county. Naki e yo ma ok gi yore kanyruok.","Faulu Bank iyo mashruuca KCDMS ee USAID ayaa taageeri doona 10,000 beeralay iyada oo la siinayo tababar ku saabsan helitaanka deyn iyo caafimaadka dalagga 12 degmo. Ka qayb qaado fursadan si aad u horumariso beeraleydaada.",https://kilimonews.co.ke/agribusiness/10000-farmers-to-benefit-from-bank-and-project-deal/,2026-07-14,scraped:Kilimo News - Agribusiness
99,Agriculture,PSA,"Farmers are urged to assess market conditions before planting crops, as market access and prices can significantly impact profitability.","Wakulima wanahimizwa kutathmini hali ya soko kabla ya kupanda mazao, kwani upatikanaji wa soko na bei vinaweza kuathiri faida kwa kiwango kikubwa.","Abafanyi buya naki naki buya babere bonyang'anya bwaki bwa masoko kera buya bosi bagenyane omokibori, kera bwaki bwabere buya bruya bweya buya naki ahenga ogerie.","Kang'ore dira joma oketo kanyakla kanyim piny mar piny ka g'iyebed joge, ni nyaka jowang' ni koro ma g'sonji konyo kachon itiyo jonego.","Beeraleyda waxaa loogu baaqay inay qiimeeyaan xaaladaha suuqaynta ka hor inta aysan dhigin dalagyada, maadaama helitaanka suuqa iyo qiimayaasha ay si weyn u saameyn karaan faa'iidada.",https://kilimonews.co.ke/agribusiness/farming-is-a-scam-says-radio-presenter/,2026-07-14,scraped:Kilimo News - Agribusiness
100,Agriculture,PSA,Farmers are encouraged to hire qualified irrigation technicians with proven experience for drip irrigation system installations to avoid costly issues.,Wakulima wanahimizwa kuajiri wahandisi wa umwagiliaji waliokuwa na uzoefu wa kuthibitishwa kwa ajili ya usanikishaji wa mifumo ya umwagiliaji wa matone ili kuepuka matatizo ya gharama kubwa.,Abarakirwe bataria bateganye ogendere je bwananeri mwaki oseria abaki bwokiri bologoti buya mwaki oborori omokinyekoni.,"Gik ma joma okinyi wang'ni ni ng'ato togin, ka tigi gi joma irigeshin gi pengalaman makelo, to en gech mar drip irigeshin kuonde kuome konyo nadii mwandu.","Beeraleyda waxaa lagu dhiirigelinayaa inay kiraystaan farsamo yaqaanno rigood ah oo khibrad leh si ay u rakibaan nidaamyada waraabka dhibcaha, si looga fogaado dhibaatooyin qaali ah.",https://kilimonews.co.ke/agribusiness/what-you-need-to-know-about-drip-irrigation/,2026-07-14,scraped:Kilimo News - Agribusiness
101,Agriculture,PSA,"Farmers are urged to assess and control key factors for successful farming, including land choice, preparation, fertilizer use, and crop husbandry practices.","Wakulima wanahimizwa kutathmini na kudhibiti mambo muhimu kwa ufugaji wenye mafanikio, ikijumuisha uchaguzi wa ardhi, maandalizi, matumizi ya mbolea, na mbinu za kilimo.","Abagabe bakiere kumenya na kugaragania emekireri ya ibanchani ya ogotire buya, okubera ne ekiburi, omomoe, omogorori, na oburere bw'obokore.","Nyar gi joma dongo gi golo e nying ma enyo to jii, kumaki mundo ilande, chalo, chogo, kendo joma oremo kwaya.","Beeraleyda waxaa lagu boorinayaa inay qiimeeyaan oo ay xakameeyaan arrimaha muhiimka ah ee guul leh beeraleyda, oo ay ku jiraan doorashada dhulka, diyaarinta, isticmaalka bacriminta, iyo dhaqanka dalagga.",https://kilimonews.co.ke/agribusiness/here-are-farming-rules/,2026-07-14,scraped:Kilimo News - Agribusiness
102,Agriculture,PSA,"Dairy farmers are encouraged to utilize the FarmTrek animal identification and traceability platform to connect with veterinary officials, livestock authorities, and financial services.","Wakulima wa maziwa wanahimizwa kutumia jukwaa la utambuzi na ufuatiliaji wa mifugo la FarmTrek kuungana na maafisa wa mifugo, mamlaka za mifugo, na huduma za kifedha.","Abakora ibirori b'amatongo baraburirwa gukoresha ikirango ca FarmTrek kugira bahuze n'abategetsi b'ubuvuzi, abategetsi b'amatongo, n'ibigo vy'imari.","Okwach mar gi gima ma wendo mar nyasaye owuon to golo FarmTrek chieng' madhi kwa gisechuru, maikore, kod nyasaye mar chike.","Farmers-ka caanaha ayaa lagu dhiirrigelinayaa in ay isticmaalaan madal FarmTrek oo lagu aqoonsado xoolaha si ay ula xidhiidhaan khubarada xannaanada xoolaha, hay'adaha xoolaha, iyo adeegyada maaliyadeed.",https://kilimonews.co.ke/agribusiness/using-animal-identification-for-more-formal-engagement-and-investment-in-dairy-farming/,2026-07-14,scraped:Kilimo News - Agribusiness
103,Agriculture,PSA,The FAO's Junior Farmer Field and Life Schools (JFFLS) program offers agricultural and entrepreneurial training for youth in rural areas. Interested individuals should apply to enhance their skills and business potential.,Programu ya Shule za Vijana Wakulima na Maisha (JFFLS) ya FAO inatoa mafunzo ya kilimo na ujasiriamali kwa vijana katika maeneo ya vijijini. Watu wanaovutiwa wanapaswa kuomba ili kuboresha ujuzi wao na uwezo wa kibiashara.,Programu ya FAO ya JFFLS inatoa mafunzo ya kilimo na ujasiriamali kwa vijana wa maeneo ya mashinani. Watu waliovutiwa wanapaswa kuomba ili kuboresha ujuzi wao na uwezo wa biashara.,"Program ma FAO, Junior Farmer Field and Life Schools (JFFLS), otimo gi chike ma ikanyogi kod kumar ekwung' ng'ato kadhi. Nindodo ma oting' ni owacho, nindeyo ihiga kuom bura.",Barnaamijka JFFLS ee FAO wuxuu bixiyaa tababaro beero iyo ganacsi oo loogu talagalay dhallinyarada ku nool deegaanka miyiga. Dadka xiiseynaya waa inay codsadaan si ay u horumariyaan xirfadahooda iyo fursadaha ganacsi.,https://kilimonews.co.ke/agribusiness/farming-changes-life-for-youth-in-central-african-republic/,2026-07-14,scraped:Kilimo News - Agribusiness
104,Agriculture,PSA,Access to infrastructure is vital for boosting youth engagement in agriculture. Stakeholders should focus on improving infrastructure to create more agribusiness opportunities for young people.,Upatikanaji wa miundombinu ni muhimu kwa kuimarisha ushiriki wa vijana katika kilimo. Wadau wanapaswa kuzingatia kuboresha miundombinu ili kuunda fursa zaidi za biashara za kilimo kwa vijana.,Ekerenda naki egesang'ani ikirenda oria buya buya bwomi bwakire leki mwanya oremoborere oria okebwaki ogogoti. Abateganagori naki igwaki ikigere oria naki etong’ori ebikesichori bwokire ogogoti buya buya bwaki.,Wang'ni kuom infrastruktur nolweny e bedo mar yier e ng'ombe. Jotegno g'eyo chakre infrastruktur mondo onge ng'ato en yier mar agribusiness kuom chloro.,Helitaanka kaabayaasha waa muhiim si loo kordhiyo ka qaybgalka dhallinyarada ee beeraha. Danleyda waa in ay diiradda saaraan hagaajinta kaabayaasha si loo abuuro fursado ganacsi oo badan oo ku saabsan beeraleyda dhallinyarada.,https://kilimonews.co.ke/agribusiness/study-shows-access-to-infrastructure-can-increase-youth-engagement-in-agriculture/,2026-07-14,scraped:Kilimo News - Agribusiness
105,Agriculture,PSA,The Ministry of Agriculture and Livestock Development has withdrawn 77 pesticide products. Farmers are advised to review their pesticide use immediately.,Wizara ya Kilimo na Maendeleo ya Mifugo imeondoa bidhaa 77 za kuua wadudu. Wakulima wanashauriwa kupitia matumizi yao ya dawa za kuua wadudu mara moja.,Inyuaki ya Ekibere na Omocha oyaki ikireri 77 buya bwokigo. Abaki bakiibori buya bagera buya bwokigo bwakire.,Ministri mar Ugenzi e Dhiango kelo wand gende 77 ma ok nyalo golo. Wuodhi magi en nyalo kelo ngato chogo to golo kawuono.,Wasaaradda Beeraha iyo Horumarinta Xoolaha ayaa soo ceshatay 77 nooc oo sun ah. Beeraleyda waxaa lagu talinayaa inay sida ugu dhaqsaha badan dib u eegaan isticmaalka sunta ay isticmaalaan.,https://kilimonews.co.ke/environment-conservation/,2026-07-14,scraped:Kilimo News - Agribusiness
106,Agriculture,PSA,"Farmers can now benefit from the government's decision to allow duty-free importation of 500,000 metric tonnes of animal feed.","Wakulima sasa wanaweza kufaidika na uamuzi wa serikali wa kuruhusu kuagiza chakula cha mifugo bila ushuru cha tani 500,000.","Abagima babwaki bw’ogere bw’ogoo omokiririo buya kaireri bw’ogendia obukereri bw’ensina 500,000 bwong’icha bw’ekiriba.","Luo chwe mago e yo wenge kany konyo ka buo dhok e chon kanyiedhi ka 500,000 metric tonnes mar giw.","Beeraleyda ayaa hadda ka faa'iidaysan karta go'aanka dowladda ee oggolaanaya soo dejinta khudradda xoolaha 500,000 tan oo aan canshuur lahayn.",https://kilimonews.co.ke/agriculture-politics/,2026-07-14,scraped:Kilimo News - Agribusiness
107,Agriculture,PSA,"Kenya has launched a National Horticulture Traceability System (NHTS), a digital platform to enhance tracking in the horticulture sector. All stakeholders are encouraged to register.","Kenya imeanzisha Mfumo wa Taifa wa Kufuatilia Kilimo (NHTS), jukwaa la kidijitali ili kuboresha ufuatiliaji katika sekta ya kilimo cha matunda na mboga. Wadhamini wote wanahimizwa kujisajili.","Kenya orekenye Nakiro Horticulture Traceability System (NHTS), ekikang'ani kye buya buya bwakire buya mu nakiro. Abakire bosi barekerere kwandikire.","Kenya en gi NHTS, sistem mar kanyandore mag horticulture, jaduong' mar nyaka weche chuth yiegi e sekta mar horticulture. Bende ogendini nyaka jogoo jende.","Kenya waxay soo bandhigtay Nidaamka Raadraaca Beeyada Qaranka (NHTS), oo ah madal dijital ah oo lagu xoojinayo raadinta qaybta beeyada. Dhammaan dhinacyada la xiriira waxaa lagu dhiirigelinayaa inay isdiiwaangeliyaan.",https://kilimonews.co.ke/agriculture-policy/,2026-07-14,scraped:Kilimo News - Agribusiness
108,Agriculture,PSA,The Global Alliance for Improved Nutrition (GAIN) has launched a county-level initiative to improve agribusiness financing. Farmers are encouraged to participate to enhance their access to funding.,Muungano wa Kidunia wa Kuboresha Lishe (GAIN) umeanzisha mpango wa ngazi ya kaunti kusaidia kuboresha ufadhili wa biashara ya kilimo. Wakulima wanahamasishwa kushiriki ili kuongeza upatikanaji wao wa fedha.,Abanyaki Abagere omogori (GAIN) bamenyete omotere bwaki obwakire buye bwokebukire bwang'oka. Abakibori barikere ine barigane buya bungi bwakwerekia obwaki.,Global Alliance for Improved Nutrition (GAIN) medi ng'ato konyo yogo e thum kanyiri mar yore gi tich to onge yore gi agribusiness. Chik kanyiri ohinga omako yore ka yore to okel funding.,Iskaashatada Caalamiga ah ee Hagaajinta Nafaqada (GAIN) waxay bilowday mashruuc heer deegaan ah si loo horumariyo maalgelinta ganacsiga beeraha. Beeraleyda waxaa lagu dhiirrigelinayaa inay ka qayb qaataan si ay u kordhiyaan fursad ay ku helaan maalgelin.,https://kilimonews.co.ke/agriculture-investment/,2026-07-14,scraped:Kilimo News - Agribusiness
109,Agriculture,PSA,Tomato prices in Kisumu County have surged due to heavy rains. Farmers and households should prepare for increased costs in their crop management and budgeting.,Bei za nyanya katika Kaunti ya Kisumu zimepanda kutokana na mvua kubwa. Wakulima na nyumba zinapaswa kujiandaa kwa ongezeko la gharama katika usimamizi wa mazao na bajeti zao.,Amakiri ya emetiba ekokire Kisumu County abogoria buya buya bwakire omogori. Abagori na abaki biongorani kuige oria eng'enda buya mosi na obwakire bwanabaki.,"Pesa za tomati e Kisumu County dine okelo tinde mar pesa. Ng’eno gi maji e yo mwak, bende chiemo machogi e nyim mar piny mag crop management kod budgeting.",Qiimaha yaanyada ee Gobolka Kisumu ayaa korodhay sababo la xiriira roobab culus. Beeraleyda iyo qoysasku waa in ay isku diyaariyaan lacagaha badan ee ku baxaya maaraynta dalagyadooda iyo miisaaniyadooda.,https://kilimonews.co.ke/agricultural-products/,2026-07-14,scraped:Kilimo News - Agribusiness
110,Agriculture,PSA,Farmers are advised to always secure a legally-binding lease agreement before farming on leased land to avoid potential eviction and financial loss.,Wakulima wanashauriwa daima kupata mkataba wa kukodisha wa kisheria kabla ya kulima kwenye ardhi ya kukodishwa ili kuepuka kufukuzwa na hasara ya kifedha.,Abagenga baria nababoki okuore igosi bwakire buya buse  bwaki buya buya buya buya buya buya buya bwaki buya bwakiganya buragwe.,Dendi to bura ni farmer bende ophrig ni anyuka cheng' mar lease kuom juma to kiwuok nyalo chalo ma niyienyore kod nyisgni mar jopiny.,Farmers waxaa lagu talinayaa inay mar walba helaan heshiis kirada sharci ah ka hor intaanay beereyn dhulka la kireystay si looga fogaado iclaaminta looga dhaqaaqo iyo khasaare dhaqaale.,https://kilimonews.co.ke/agribusiness/i-was-chased-like-a-dog-from-my-farm-as-i-had-no-lease-agreement-caleb-karuga/,2026-07-14,scraped:Kilimo News - Agribusiness
111,Agriculture,PSA,"Farmers in Nyeri County are encouraged to consider maize as fodder for dairy cows, as it has advantages over napier grass for silage making.","Wakulima kutoka Kaunti ya Nyeri wanahimizwa kuzingatia mahindi kama malisho ya ng'ombe wa maziwa, kwani yana faida zaidi kuliko majani ya napier kwa ajili ya kutengeneza silage.","Abagere b’abatandi ba Nyeri batarabaki batorore emigaana ng’abe okwenda, naki buya gakwa buya buya mwong’era naki ng’ombe otung’ono.","Abore e Nyeri County nyal chier maiz kama fodder mar ng'ombe, kare iweyo chiemo e nying' napier mar silage.","Farmers-ka Gobolka Nyeri waxaa la dhiirigelinayaa in ay tixgeliyaan masagada sida quudka loogu talagalay lo’da dhiigga, maadaama ay leedahay faa'iidooyin ka badan dhirta napier ee sameynta silajka.",https://kilimonews.co.ke/agribusiness/maize-or-napier-grass-as-fodder-a-farmers-insight/,2026-07-14,scraped:Kilimo News - Agribusiness
112,Agriculture,PSA,Attention banana growers: Training on banana value addition is now available to enhance income opportunities and food security. Engage with established processing facilities in your area.,Tangaza kwa wakulima wa ndizi: Mafunzo juu ya kuongeza thamani ya ndizi sasa yanapatikana kuboresha fursa za mapato na usalama wa chakula. Shirikiana na vituo vya usindikaji vilivyoanzishwa katika eneo lako.,Abakung'anya bano: Itagwi buya bwakinya bwene buya bwa bano bwekatwaki buya bw'akiagano bw'ogotung'ana. Bwakiranye na buya bwa enyu bw'ekigenge bwokwigana.,Ngweche banana: Ojenjo mar joriyo kuom guche duto mar banana okonyo lwando moko e tich. Yudo gik ma nitie to chiemo gi joma oganda kendo jokwongo e ne.,Daryeelka beeralayda muuska: Tababbarka ku saabsan qiimaha dheeraadka ah ee muuska ayaa hadda la heli karaa si loo kordhiyo fursadaha dakhli iyo amniga cuntada. Ka qayb qaado xarumaha habaynta ee la xaqiijiyay ee deegaankaaga.,https://kilimonews.co.ke/agribusiness/project-training-entrepreneurs-in-banana-value-addition/,2026-07-14,scraped:Kilimo News - Agribusiness
113,Agriculture,PSA,No actionable content related to Kenyan farmers or agribusiness stakeholders. The most useful fact: The world's most expensive sheep was sold for Kshs. 53 million at an auction in Scotland.,Hakuna maudhui ya kutenda yanayohusiana na wakulima wa Kenya au wadau wa biashara ya kilimo. Ukweli muhimu: Mwana-kondoo mchakato wa gharama kubwa zaidi ulimwenguni uliuzwa kwa Kshs. milioni 53 katika mnada nchini Scotland.,Omosagano buya bwetirire bwi Omogusii omoto oseria bwa Kshs. 53 mirongo ikiwairo bwetirire buya wagere Scotland.,Nya miyo siem na piny: mamboleo e ng'ato jodongo kawon gi Kshs. 53 million kanyo e auction e Scotland.,Ma jiraan wax macluumaad oo ficil ah oo la xiriira beeraleyda Soomaaliyeed ama daneeyayaasha ganacsiga beeraha. Xaqiiqda ugu waxtar badan: idaha ugu qaali ah adduunka ayaa lagu iibiyay Kshs. 53 milyan xalayda ka dhacday Iskaaarta.,https://kilimonews.co.ke/agribusiness/worlds-most-expensive-sheep-sold-at-kshs-53-million/,2026-07-14,scraped:Kilimo News - Agribusiness
114,Agriculture,PSA,Young farmers in Tanzania can enhance crop productivity through better access to ICT and research-extension services. Seek out local programs that facilitate these technologies.,Makulima vijana nchini Tanzania wanaweza kuongeza uzalishaji wa mazao kupitia upatikanaji bora wa ICT na huduma za utafiti na upanuzi. Tafuteni programu za kibinadamu za karibu zinazosaidia teknolojia hizi.,Abakina bwakirugendo mu Tanzania bakenyore okuhonya obwakirori bwamaboga bosi boki na butinani bwetechogeti na obwakirori bw’aborenzi. Nengia na maarifa abekinyanani echikora obwaki.,Ong'ere makelo konyo ng'ato mag nawuor ni jitungu chalo konyo jiwegi jomoko. Chiech ni ng'ato makoi jonti mag liwogi ma gi teknoloji.,Dhallinyarada beeralayda ee Tanzania waxay kordhin karaan wax-soosaarka dalagyada iyagoo helaya adeegyada ICT iyo cilmi-baarista. Raadi barnaamijyada maxalliga ah ee fududeeya teknoolojiyadan.,https://kilimonews.co.ke/agribusiness/ict-adoption-can-increase-crop-productivity-among-young-farmers-in-tanzania-study-shows/,2026-07-14,scraped:Kilimo News - Agribusiness
115,Agriculture,PSA,The Ministry of Agriculture is partnering with KCB Foundation to enhance youth agribusiness training programs. Interested participants should follow updates for collaboration opportunities.,Wizara ya Kilimo inashirikiana na KCB Foundation kuboresha programu za mafunzo ya biashara za kilimo kwa vijana. Washiriki wenye nia wanapaswa kufuatilia taarifa kwa fursa za ushirikiano.,Obwakabere bw'Abakonyori bw'ekigwendo kye KCB Foundation buyaorere busebuye buseke bw'ekibiga bw'ekeganya neza. Abakire babo bwong'enda bronka batarukirieka kubisomeka kwi buseyabo bw'ekibiga.,"Ministry of Agriculture ne KCB Foundation ng'eyo mar yore kanyo ma yathuru yoth. Koro kawi, gi kwe koro gima okinyi mag yore.",Wasaaradda Beeraha ayaa la shaqaynaysa KCB Foundation si kor loogu qaado barnaamijyada tababarka ganacsiga beeraha ee dhallinyarada. Ka qaybgalayaasha daneynaya waa inay raacaan wararka si ay u helaan fursado iskaashi.,https://kilimonews.co.ke/agribusiness/munya-lauds-banks-youth-agribusiness-training-programme/,2026-07-14,scraped:Kilimo News - Agribusiness
116,Agriculture,PSA,Farmers are urged to take immediate action against the False Coddling Moth (FCM) to prevent export rejections to the EU. Increased checks may result in up to 50% of rose consignments being inspected.,Wakulima wanasisitizwa kuchukua hatua mara moja dhidi ya Nzizi wa Kuning'inia Feki (FCM) ili kuzuia kukataliwa kwa bidhaa za usafirishaji kwenda EU. Kaguzi zinazoongezeka zinaweza kupelekea hadi asilimia 50 ya mizigo ya rose kukaguliwa.,Ababaki batariri kuchere bw'echoroko bw'ogekorere Omosoko Wekinyi (FCM) kugira ngo batadabukerete abende b’Euro. Abakire egere bweng'oma ekire buya 50% bw'abaragwi ba rose batarogetegana.,Chicoh ng'ama oseth jodongo ng'ato adiera konyo gi False Coddling Moth (FCM) negi timo neno kuom nyaka ng'ato bedo gi pueyo mar EU. Tich madhiko tich ulonyo nyaka onge 50% mar ruma maok koro rinyis.,Boonka waxaa lagu boorinayaa in ay si degdeg ah uga falceliyaan Kaalmada Bayoolajiga Qariibka (FCM) si ay uga hortagaan in loo diido dhoofinta EU. Kordhinta baaritaannada waxay keeni kartaa in ilaa 50% khudaarta ruuska la baaro.,https://kilimonews.co.ke/agribusiness/kenya-declares-war-on-fc-moth-as-it-threatens-the-eu-flower-and-horticultural-export-market/,2026-07-14,scraped:Kilimo News - Agribusiness
117,Agriculture,PSA,Farmers are encouraged to transition to using commercial pig feed for improved returns in pig farming. Consider modern practices for better results in your pig farming operations.,Wakulima wanahamasishwa kubadili matumizi ya chakula cha nguruwe cha kibiashara kwa faida bora katika ufugaji nguruwe. Fikiria mbinu za kisasa kupata matokeo mazuri katika shughuli zako za ufugaji nguruwe.,Abagere ya buya baria bategena buya buya bwamachira buya baki bwakaniro bwabwere omogorie buya buya bwokogoria. Tairakire andori ikirori oria bategene baki bwabwere bwogosagania.,Gik mang'ere nyaka yong' gi komereshon pig feed kuom bende ng'ato ka wende. Tiyogi konyo duto mar yien gi ng'ato ma ok nyaka sing'iyo.,Beeraleyda waxaa la dhiirigelinayaa inay ka guuraan isticmaalka quudinta doofaarka ganacsiga si ay u helaan dakhli wanaagsan oo ka timaadda beeraleyda doofaarka. Ka fiirso dhaqamada casriga ah si aad natiijooyin fiican uga hesho hawshaada beeraleyda doofaarka.,https://kilimonews.co.ke/agribusiness/modern-pig-farming-a-visit-to-gitika-farm/,2026-07-14,scraped:Kilimo News - Agribusiness
118,Agriculture,PSA,"Agribusinesses in Kenya can access funding through the partnership between USAID's Kenya Investment Mechanism and Vital Capital, aimed at unlocking $400 million in investments.","Biashara za kilimo nchini Kenya zinaweza kupata ufadhili kupitia ushirikiano kati ya Kenya Investment Mechanism ya USAID na Vital Capital, ukilenga kufungua uwekezaji wa dola milioni 400.","Abagiri b’ekibusiness b’aki Kenya baria bakenyega omokirori bw'ona na USAID’s Kenya Investment Mechanism na Vital Capital, bwe bunoka okwakirona $400 mirioni mu bibango.","Agribiznisi e Kenya nyalo wacho ng’wech kanyiri e en mar USAID's Kenya Investment Mechanism gi Vital Capital, mar bedo kuom nyalo golo $400 million e sigend.","Ganacsiyada beeraha ee Kenya waxay heli karaan maalgelin iyadoo la kaashanayo iskaashiga u dhexeeya USAID's Kenya Investment Mechanism iyo Vital Capital, kaasoo lagu bartilmaameedsanayo in la furo $400 milyan oo maalgelin ah.",https://kilimonews.co.ke/agribusiness/usaid-partners-with-equity-fund-to-boost-agribusiness-in-kenya/,2026-07-14,scraped:Kilimo News - Agribusiness
119,Agriculture,PSA,The AgriBiz programme has selected 200 start-ups and early-stage agribusinesses for support. Eligible agribusinesses should apply for future opportunities to benefit from the Kshs. 22.2 billion funding.,Programu ya AgriBiz imeteua kampuni 200 za mwanzo na biashara za kilimo za awali kwa msaada. Biashara zinazoendana na vigezo zinapaswa kuomba fursa za baadaye ili kunufaika na ufadhili wa Kshs. bilioni 22.2.,Pogramu ya AgriBiz yachere 200 start-ups na biashara za ugali ziri mpo na mirinjia. Biashara ziri mpogori za ugali zigegere kuhenya kuja nijia ikogoko kiera ya Kshs. 22.2 billion.,Program ya AgriBiz omedi 200 start-ups gi agribusiness ma e kanyo mar wakanyi. Agribusiness mar kanyo gargi to oting' gi nyim mar otiyo kuom Kshs. 22.2 billion.,Barnaamijka AgriBiz wuxuu doortay 200 shirkadood oo cusub iyo ganacsiyo beeraha bilow ah si ay u helaan taageero. Shirkadaha beeraha ee xaqa u leh waa inay codsadaan fursadaha mustaqbalka si ay uga faa'iidaystaan maalgelinta Kshs. 22.2 bilyan.,https://kilimonews.co.ke/agribusiness/agribiz-programme-selects-first-beneficiaries/,2026-07-14,scraped:Kilimo News - Agribusiness
120,Agriculture,PSA,Ndaro-ini coffee farmers have earned Kshs. 115 per kg by selling directly to Trabocca. Farmers are encouraged to explore direct marketing avenues for better profits.,Wakulima wa kahawa wa Ndaro-ini wamepata Kshs. 115 kwa kila kg kwa kuuza moja kwa moja kwa Trabocca. Wakulima wanakumbushwa kuchunguza njia za masoko ya moja kwa moja ili kupata faida zaidi.,Abakoro ba Ndaro-ini babwaki Kshs. 115 kigochoki bazia buho buige bu Trabocca. Abakoro barianyire kubwaki njia ya buho buige buero bu nyasa.,Farmers ma Ndaro-ini ongi Kshs. 115 kwa kg ka nyis omera to Trabocca. Wabiro yore ka ineno dho marketing ma oketo ni imedhi buo.,Beeralayda bunka Ndaro-ini waxay ka heleen Kshs. 115 kiiloskiiba iyagoo si toos ah ugu iibinaya Trabocca. Beeralayda waxaa lagu boorinayaa inay baaran fursadaha suuqgeynta tooska ah si ay u helaan faa’iidooyin wanaagsan.,https://kilimonews.co.ke/agribusiness/ndaro-ini-farmers-the-journey-to-become-the-highest-paid-coffee-farmers-in-the-country/,2026-07-14,scraped:Kilimo News - Agribusiness
121,Agriculture,PSA,Farmers are urged to thoroughly vet buyers before entering contract farming agreements to avoid losses from untrustworthy buyers. Always confirm buyer commitments and stipulations in writing.,"Wakulima wanashauriwa kuangalia kwa makini wanunuzi kabla ya kuingia katika mikataba ya kilimo, ili kuepuka hasara kutokana na wanunuzi wasioaminika. Kiongozi daima thibitisha ahadi na masharti ya wanunuzi kwa maandiko.",Abaki batarerete buya bionekere igihe banchere buya batarakera buya bosi bwaki buya buya bujamu. Naki bobwakire ba buya buya bwaki nibokire oge.,"Waganga dhok to nikech nyaka inyo gi buye mbere odhi nyaka inwendo kaabiro gi kontrak farming, ng'ato to buye marach. Nakiere nyaka wacho buye ma golo gi konyo mopogore.",Beeraleyda waxaa lagu dhiirigelinayaa in ay si taxaddar leh u baaran iibiyayaasha ka hor inta aysan galin heshiisyo beereed si looga fogaado khasaare ka yimaada iibiyaal aan la aamini karin. Had iyo jeer xaqiiji ballanqaadyada iyo shuruudaha iibiyaasha qoraal ahaan.,https://kilimonews.co.ke/agribusiness/contract-farming-what-to-consider/,2026-07-14,scraped:Kilimo News - Agribusiness
122,Agriculture,PSA,Farmers and agribusinesses should prepare for increased onion imports from Tanzania as border trade activities resume between Kenya and Tanzania.,Wakulima na biashara za kilimo wanapaswa kujiandaa kwa kuongezeka kwa uagizaji wa vitunguu kutoka Tanzania wakati biashara mpakani inaporejea kati ya Kenya na Tanzania.,Abagikere na abategi bakiita bataragwa buya buya bwang'wenkire bwi ng'wenkire buya buya bwananga Tanzania ko ing'oto ya ng'wenkire ikomanje hagati ya Kenya na Tanzania.,"Adhi kologi katach kuom ong'ere okonyo ka lweni e moko e Tanzania, ka bende odi ng'ato ma asia ni kolo mar lweny okonyo mar Kenya gi Tanzania.",Beeraleyda iyo ganacsatada beeraha waa inay is diyaarisiyaan soo dejinta basasha oo kordhay laga bilaabo Tansaaniya maadaama ganacsiga xuduudda dib u bilaabmo u dhexeeya Kenya iyo Tansaaniya.,https://kilimonews.co.ke/agribusiness/onions-the-red-gold-from-tanzania-kenya-cant-resist/,2026-07-14,scraped:Kilimo News - Agribusiness
123,Agriculture,PSA,Nyeri County is privatizing its fish processing plant to enhance youth employment in fisheries. Youth groups interested in aquaculture can access training and support for business development.,Kaunti ya Nyeri inapunguza umiliki wa kiwanda chake cha kuchakata samaki ili kuboresha ajira kwa vijana katika sekta ya uvuvi. Vikundi vya vijana vinavyovutiwa na ufugaji wa samaki vinaweza kupata mafunzo na msaada wa maendeleo ya biashara.,Makiori ya Nyeri omokorere omogusii motigare ore omong’ere buya bwaki omokiri omokire. Abaki abokinyire bware buya bwi ganogori bwaki bwanakire naki matega ore bwaki.,Nyeri County nyal gi privatiser kaka oketi joma ng'ato nene kuom nyithindo. Jomoko nyithindo ma oket gi aquaculture nyal wakonyo thum to gite dikk go.,Gobolka Nyeri wuxuu ka shaqaynayaa in uu gaarigo iskaashi dhigo warshadda kalluumeysiga si loo kordhiyo fursadaha shaqo ee dhallinyarada kalluumeysiga. Kooxo dhallinyaro ah oo xiiseynaya aquaculture waxay heli karaan tababar iyo taageero horumarinta ganacsiga.,https://kilimonews.co.ke/agribusiness/nyeri-to-privatize-fish-processing-plant-as-it-counts-on-fisheries-to-employ-the-youth/,2026-07-14,scraped:Kilimo News - Agribusiness
124,Agriculture,PSA,"The Aquaculture Business Development Programme (ABDP) is now active, providing support for fish farming. Fish farmers and stakeholders are encouraged to engage with their local implementing counties.","Programu ya Kuendeleza Biashara za Ufugaji Samaki (ABDP) sasa imeanza, ikitoa msaada kwa ufugaji wa samaki. Wafugaji wa samaki na wadau wanahimizwa kushirikiana na kaunti zao za utekelezaji.","Programmbe ya Ekigari Ekibere (ABDP) yaki naki, ikogekonanga oborere bwaki. Abagari b’ibori na abakiibori batorori bagenjeka bakania bagaki omokirorai bosi bakenye.","Program Ma Ndalo Enchero Bende (ABDP) e lage, nyal kuom chonde mag gima. Chonde mang'wech kod jopiny nyal gin mawuok kuom ng'ato mar joma e piny koro marach.","Barnaamijka Horumarinta Ganacsiga Kalluunka (ABDP) hadda waa firfircoon, wuxuuna taageero u siinayaa kalluumeysiga. Kalluumeysatooyinka iyo daneeyayaasha waxaa lagu dhiirigelinayaa inay la shaqeeyaan dowladaha hoose ee deegaanka.",https://kilimonews.co.ke/agribusiness/programme-to-support-fish-farming-aquaculture-starts-rolling/,2026-07-14,scraped:Kilimo News - Agribusiness
125,Agriculture,PSA,"Maasai women are producing probiotic yoghurt in Ololulung'a, Narok County. Interested stakeholders can explore collaboration opportunities with the cooperative.","Wanawake wa Kimasai wanatengeneza mtindi wa probiotic katika Ololulung'a, Kaunti ya Narok. Wadhamini wanaovutiwa wanaweza kuchunguza nafasi za ushirikiano na ushirika.","Abakungwa b'amaasai bataragoya kaoyogurt y'ogomboki mu Ololulung'a, Narok. Abatebuke babaki bwogusomogore bakanoraga maherere buzanogoya keraige omokubandi.","Ababola maziwa probiotic e Ololulung'a, Narok County. Igo mar achiegni giyech kelo ng'ama ka ohinga owinjo gotieno.","Haweenka Maasai waxay soo saarayaan yogurt probiotic ah oo ku yaal Ololulung'a, Gobolka Narok. Xubnaha daneeya waxay baaran karaan fursadaha iskaashi ee iskaashiga.",https://kilimonews.co.ke/agribusiness/maasai-women-led-cooperative-in-probiotic-yoghurt-production/,2026-07-14,scraped:Kilimo News - Agribusiness
126,Agriculture,PSA,"Women and youth interested in starting or expanding agribusiness can apply for the AgriBiz Programme until May 22, 2020. Visit www.kenyacic.org for guidelines and application details.",Wanawake na vijana wanaopenda kuanzisha au kupanua biashara ya kilimo wanaweza kuomba Mpango wa AgriBiz hadi tarehe 22 Mei 2020. Tembelea www.kenyacic.org kwa mwongozo na maelezo ya maombi.,"Abwakire na baki abakiire buya buya bw'egiragano, mosi bibori bwaki, bwakire kuduga buya buya bw'AgriBiz Programi ng'ende May 22, 2020. Genda www.kenyacic.org omokang'ana naki naki za kuduga.","Ng'ato ka abagere gi joma misharuru, to eyo mokwongo ruoth AgriBiz kendo okubed gi japo okel kendo chalo kendo toe May 22, 2020. Kony ng'ato tino www.kenyacic.org chalo kendo chike kod kony.","Haweenka iyo dhallinyarada xiisaynaya inay bilaabaan ama ballaariyaan ganacsiga beeraheeda waxay codsan karaan Barnaamijka AgriBiz illaa 22ka Maajo, 2020. Booqo www.kenyacic.org si aad u hesho tilmaamaha iyo faahfaahinta codsiga.",https://kilimonews.co.ke/agribusiness/eu-funded-agribiz-programme-to-support-youth-women-rolls-out/,2026-07-14,scraped:Kilimo News - Agribusiness
127,Agriculture,PSA,Youth groups in Nyeri County are encouraged to apply for government funding to support agribusiness initiatives like banana value addition.,Vikundi vya vijana katika Kaunti ya Nyeri vinahimizwa kuomba ufadhili wa serikali kusaidia miradi ya biashara ya kilimo kama vile ongezeko la thamani ya ndizi.,Abakire bakiijokire mu Nyeri batoria kudiha omogori buse na bobi bwerere omotigori omogori buse okere ogwete.,"Bende, ng'eto maber mar youth e Nyeri County nyisuok gi to nyingi e chon mar gof kuom agribusiness weche, kama nyadhi moro nyamre.",Dhalinyarada ka socda Gobolka Nyeri waxaa lagu dhiirigelinayaa inay codsadaan maalgelin dowladeed si ay u taageeraan dadaallada agribishinka sida kordhinta waxtarka mooska.,https://kilimonews.co.ke/agribusiness/from-a-struggling-youth-group-to-owners-of-a-kshs-2-3-million-industry/,2026-07-14,scraped:Kilimo News - Agribusiness
128,Agriculture,PSA,IFAD has invested US$9 million into the Agri-Business Capital Fund to support small-scale farmers and rural enterprises. Eligible farmers and agribusinesses are encouraged to explore this funding opportunity.,IFAD imewekeza dola za Marekani milioni 9 katika Mfuko wa Mitaji ya Kilimo kusaidia wakulima wadogo na biashara za vijijini. Wakulima na biashara za kilimo wenye sifa wanahimizwa kuchunguza fursa hii ya ufadhili.,IFAD yaingire $9 milioni mu Agri-Business Capital Fund kuganya abaki beesani na buya bwaki. Abaki beesani na buya bwaki bakenyanya kwiga omogwaki ng'enda.,IFAD abed gi US$9 million maduong' ku Agri-Business Capital Fund gi chuny agro kama temnegi manieyo e bwati. Juma kagi mang'ere gi agri-business en bende konyruok kuom tichni manieyo.,IFAD waxay ku maalgelisay $9 milyan oo doolar Sanduuqa Maalgelinta Xirfadaha Beeraha si ay u taageeraan beeraleyda yaryar iyo ganacsiyada miyiga. Beeraleyda iyo ganacsiyada beeraha ee xaqa u leh waxaa lagu dhiirigelinayaa inay baaraan fursadan maalgelin.,https://kilimonews.co.ke/agribusiness/ifads-new-investment-to-fund-farmers-agribusiness/,2026-07-14,scraped:Kilimo News - Agribusiness
129,Agriculture,PSA,"Farmers are advised to consider professional seedling raising services to ensure healthy seedlings and optimize transplanting conditions. For best results, assess local service availability.","Wakulima wanashauriwa kufikiria huduma za kitaaluma za kulea miche ili kuhakikisha miche yenye afya na kuboresha masharti ya upandaji. Kwa matokeo bora, angalia upatikanaji wa huduma za hapa.","Abakire ba naki bakuragane na buya bwakababa mu enkiaro buya bwakababa bwaki roko buya bwakababa bwaki bwakea. Omo burori, tuka mire omokire omoka omokiri.","Kare wadu marach, jothum toho gin noki madhi to konyo kendo to konyo gi kech maduong'. Ka ikar, nyalo ringo wach kata samaki kare ji sekelo.","Farmers-ka waxaa lagu talinayaa inay tixgeliyaan adeegyada xirfadeed ee koritaanka dhirta si loo hubiyo dhir caafimaad qaba iyo in la optimized tuurista. Si aad u hesho natiijooyinka ugu wanaagsan, qiimee helitaanka adeegyada maxalliga ah.",https://kilimonews.co.ke/agribusiness/seedling-raising-is-it-time-farmers-left-it-to-professionals/,2026-07-14,scraped:Kilimo News - Agribusiness
130,Agriculture,PSA,Farmers in Kitale are invited to explore seedling propagation opportunities to recover from financial losses in agriculture. Take action to diversify your agribusiness today.,Wakulima wa Kitale wanakaribishwa kuchunguza fursa za uzalishaji wa miche ili kurejea kwenye hali ya kifedha baada ya hasara katika kilimo. Chukua hatua sasa kubadilisha biashara yako ya kilimo.,Abarima baki Kitale batarorere okogoya bwaki buya bwaki buya bwaki buya nibirihise bwaki bwaki bwaki buya mugango. Kinyarenda tororererere kinyaki chaki chakuru omogenda baki naki.,Gik Maundu e Kitale timo kamano ma okwonyo e yo ring' gibuok matindo yo nyaka maber kuom timing' kuom bura. Konyo kamano nyaka ng'ato e buwasabi gi yo ring' ma oriyo nyaka imigo.,Faarminayaasha Kitale waxaa lagu martiqaaday in ay baaraan fursadaha koritaanka dhirta si ay uga soo kabtaan khasaaraha dhaqaale ee beeralayda. Qaadashada tallaabo si aad u baahiso ganacsigaaga beeralayda maanta.,https://kilimonews.co.ke/agribusiness/the-couple-who-lost-savings-in-agriculture-and-bounced-back-to-seedling-propagation/,2026-07-14,scraped:Kilimo News - Agribusiness
131,Agriculture,PSA,Farmers are urged to explore certified potato seed production as there is a current shortage in the market. Consider becoming a seed producer to enhance your potato farming.,Wakulima wanashauriwa kuchunguza uzalishaji wa mbegu za viazi zilizothibitishwa kwani kuna uhaba sokoni kwa sasa. Fikiria kuwa mtayarisha mbegu ili kuboresha kilimo chako cha viazi.,Abagabirori baragirwa gukoresha omogabe oria buya omotukonye buya naki oria buya ikirori. Irekeni gutigira omogabe buya omorori tucheke omokirori omokwere.,"Nyasaye okelii kowe konyo nyasi magerika e yo mwakanyo ma chiek, maler ni kadi ka wecho nyasi kendo dudi. Niti ni okanyore kowe masinda ma konyo nyasi.",Beeraleyda waxaa lagu boorinayaa inay ka fikiraan wax-soo-saarka abuurka baradho ee la xaqiijiyay maadaama suuqa uu hadda ka jiraa gaabis. Ka fikir inaad noqoto soo-saare abuur si kor loogu qaado beerto baradhadaada.,https://kilimonews.co.ke/agribusiness/youth-ventures-into-seed-potato-production/,2026-07-14,scraped:Kilimo News - Agribusiness
132,Agriculture,PSA,"Farmers in dry areas are encouraged to explore dryland arrow roots, a resilient crop that requires minimal water. Contact Modern Tech Nurseries for planting materials.","Wakulima katika maeneo kame wanahimizwa kuangazia viazi vya mwituni, mimea yenye nguvu inayohitaji maji machache. Wasiwasi wasiliana na Modern Tech Nurseries kwa vifaa vya kupanda.","Abakurenyi bataragani babwaki bwekire bataragani bazwanire magi, bakorori buriri bwetebwetabaki bwebwaki. Naki bwegita na Modern Tech Nurseries bwetebwetabaki.","Wang' adhi e piny mago nyaka oyiye konyo piny magero, ng'we marach togi aoro chieng' ring' nyaka miyo. Konyo kamano na Modern Tech Nurseries kuom madhi.","Beeraleyda deegaanada qallalan ayaa lagu dhiirigelinayaa inay baaraan xididdada qadhaadh ee dhulka qallalan, oo ah dalag adkaysi leh oo u baahan biyo yar. La xiriir Modern Tech Nurseries si aad u hesho agab beeri.",https://kilimonews.co.ke/agribusiness/teacher-finds-a-niche-in-dryland-arrow-roots/,2026-07-14,scraped:Kilimo News - Agribusiness
133,Agriculture,PSA,Youth interested in agriculture can explore educational opportunities in hydroponics and farming technology. Consider enrolling in courses at local agricultural institutions.,Vijana wanaovutiwa na kilimo wanaweza kufuatilia fursa za elimu katika hydroponics na teknolojia ya kilimo. Fikiria kujiandikisha katika kozi katika taasisi za kilimo za eneo lako.,Abakire bakiiga boke baguya buya bang'ana bendi buya moke gi hydroponics na buya bwakiiga. Nyasa bwerega bosi bige buya buwaki bategana na boro bwakiiga bosi.,"Ong'eyo bura mabor k'otiyo ka kendo kawuono nyadhi ka lwete, kata k'ere ng'ato k'olo chon. Yie uyier ka enge ngima k'otiyogo e gendo mar buge.",Dhallinyarada xiisaynaysa beeraha waxay baari karaan fursadaha waxbarasho ee hidroponics iyo tignoolajiyada beera. Tixgeli inaad diiwaangeliso koorsooyin ka socda hay'adaha beeraha ee maxalliga ah.,https://kilimonews.co.ke/agribusiness/meet-the-20-year-old-hydroponic-expert/,2026-07-14,scraped:Kilimo News - Agribusiness
134,Agriculture,PSA,"The Nairobi Coffee Exchange auction occurs every Tuesday, open to the public. Coffee is traded in 50kg bags, with current prices available for interested stakeholders.","Hujumuika ya Nairobi Coffee Exchange hufanyika kila Jumanne, ikifunguliwa kwa umma. Kahawa inauzwa katika mifuko ya kilo 50, na bei za sasa zinapatikana kwa wadau wenye hamu.","Omosora Nairobi Coffee Exchange ogotekeria oria Nyabere, omong'anya lyakiri. Kofi igoterekeria mu ngi 50kg, na omong'anya oga naki oboka oria bw'ogiraki.","Nairobi Coffee Exchange ochik e yo masaa duka ariyo, joma oketo. Kofi ochalre kagi 50kg, chenro mar kiek gi dhak mang’ere moyiero.","Dhaqdhaqaaqa iibka Kafeega ee Nairobi wuxuu dhacaa Talaadada kasta, furanna waa dadweynaha. Kafeega waxaa lagu iibinayaa boorsooyin 50kg ah, qiimihiisana waa la heli karaa dadka daneynaya.",https://kilimonews.co.ke/agribusiness/the-weekly-coffee-dose/,2026-07-14,scraped:Kilimo News - Agribusiness
135,Agriculture,PSA,The African Association for Vertical Farming (AAVF) has launched its Kenya Chapter to support farmers interested in vertical farming. Join to enhance agricultural practices and improve food security.,Shirikisho la Afrika la Kilimo cha Wima (AAVF) limetangaza kufungua Sura yake ya Kenya kusaidia wakulima wanaovutiwa na kilimo cha wima. Jiunge ili kuboresha mbinu za kilimo na kuongeza usalama wa chakula.,Ishindano ry'abo bakorera mu mawe ya AAVF rwakaranga rumboka rwy'Abakiria w'ekegusii okunyora abegeki batarerere batania na baturire buya. Naki omoka no bw'ogomokiriana bw'ogokiringia.,Nyasaye Maber e Buoyogi Africa (AAVF) en beri e neno mar Kenya kuom thuolo kanyal kanyogi mar buo. Ngi ng’ato gi tich koth kanyal kanyogi to ng’ama to weche e piny.,Ururka Afrikada ee Beeralayda Dhulka Jooga (AAVF) ayaa furay qeybtiisa Kenya si uu u taageero beeralayda danaynaya beerashada dhulka jooga. Ku biir si aad u horumariso hababka beeraha iyo sugnaanta cuntada.,https://kilimonews.co.ke/agribusiness/african-association-for-vertical-farming-launched-in-kenya/,2026-07-14,scraped:Kilimo News - Agribusiness
136,Agriculture,PSA,"Farmers interested in the cashew nut value chain can benefit from new opportunities as the Ministry of Agriculture, Animal Industry, and Fisheries partners with Uganda Cashewnut and Trees Limited.","Wakulima wanaovutiwa na mnyororo wa thamani wa karanga wanaweza kupata fursa mpya wakati Wizara ya Kilimo, Mifugo na Uvuvi ikishirikiana na Uganda Cashewnut and Trees Limited.","Abarimu bakiaki bw'oguo bakekenye bwanani bw'akiuga bw'akatutu bakireng'ane na bw'ekirori buria bw'Abaganga b'Omokiriri, Obw'Okuguru, na Obotubati b'Obokoni bang'ana na Uganda Cashewnut and Trees Limited.","Aboro magi, koro jochuok mar cashew nut wang' e yong' miyo opogore nyaka oter joma in kata Ministry of Agriculture, Animal Industry, and Fisheries kod Uganda Cashewnut and Trees Limited.","Farmerska xiiseynaya silsiladda qiimaha qareenada ayaa ka faa'ideysan kara fursado cusub iyadoo Wasaaradda Beeraha, Warshadaha Xoolaha, iyo Kalluumaysiga ay iska kaashanayso Uganda Cashewnut and Trees Limited.",https://kilimonews.co.ke/agribusiness/agribusiness-opportunities-along-cashew-nut-value-chain-in-uganda/,2026-07-14,scraped:Kilimo News - Agribusiness
137,Agriculture,PSA,"Turkana County has introduced market days: Kakuma on Tuesdays, Lodwar on Thursdays, and Lokichar/Lokiriama on Saturdays to enhance market access and trade.","Kaunti ya Turkana imeanzisha siku za masoko: Kakuma Jumatatu, Lodwar Alhamisi, na Lokichar/Lokiriama Jumamosi ili kuboresha upatikanaji wa masoko na biashara.","Egere Kanyanchabo ya Turkana omokire emiori ya masoko: Kakuma omokire eMogongo, Lodwar omokire eSaba, na Lokichar/Lokiriama omokire eMande.","Turkana County en ginyal da jotiyogo: Kakuma nyaka kuonde, Lodwar nyaka ruoth, gi Lokichar/Lokiriama nyaka wende kuek gi jomakaka ma oketi owak.","Degaanka Turkana ayaa soo bandhigay maalmaha suuqyada: Kakuma Salaasada, Lodwar Khamiista, iyo Lokichar/Lokiriama Sabtida si loo hagaajiyo helitaanka suuqyada iyo ganacsiga.",https://kilimonews.co.ke/agribusiness/turkana-county-introduces-market-days/,2026-07-14,scraped:Kilimo News - Agribusiness
138,Agriculture,PSA,Farmers are encouraged to utilize the Digifarm mobile platform offered by the Kenya Livestock Producers Association for enhanced agricultural practices.,Wakulima wanahimizwa kutumia jukwaa la simu la Digifarm lililotolewa na Chama cha Wazalishaji wa Mifugo Kenya kwa ajili ya kuboresha mbinu za kilimo.,Abagari baria batorera gukoresha Digifarm mobile platform yatiroto naki Kenya Livestock Producers Association kubariga buya bwebire buseke.,"Okwach maber, manomiyo chuny e Digifarm mobile platform ka en Kenya Livestock Producers Association nyaka oriyo chalo mar nyasaye.","Beeraleyda waxaa lagu dhiirrigelinayaa inay isticmaalaan madal mobile ah oo loo yaqaan Digifarm, taasoo ay bixiso Ururka Soo saaraha Xoolaha Kenya si loo hagaajiyo dhaqanka beeraha.",https://kilimonews.co.ke/agribusiness/farmers-association-changing-agriculture-using-mobile-phones/,2026-07-14,scraped:Kilimo News - Agribusiness
139,Agriculture,PSA,The Nakuru County Government has provided the Markilanjo Bee Keepers Cooperative with beehives and equipment to enhance honey production. Cooperative members are encouraged to utilize these resources for increased production and processing.,Serikali ya Kaunti ya Nakuru imepatia Ushirikiano wa Wenye Nyuki wa Markilanjo nyuki na vifaa ili kuboresha uzalishaji wa asali. Wanachama wa ushirikiano wanahimizwa kutumia rasilimali hizi kuongeza uzalishaji na usindikaji.,Ogochani bw'ekegori bwakinyang'ani buya bwasikiria Omokireri Ogoti wa Markilanjo na ekikori ebwakire oserori oyo ogwomokire. Abakire b'ekikori bataruri bw'ogwenda buya bwaniani na obwenge.,Liwruok mar Nakuru County atweyo Markilanjo Bee Keepers Cooperative beehives kod chuma chuny maithel gi udi mar honey. Kachaku monyalo e chiegni piny mane oting'o miyo ginyalo ng'ato gi ndal.,Dowladda Gobolka Nakuru waxay siisay Iskaashatada Beekeepers ee Markilanjo qaadooyinka dhalaanka ah iyo qalab si kor loogu qaado soosaarka malabka. Xubnaha iskaashatada waxaa lagu boorinayaa inay ka faa'iidaystaan kheyraadkan si loo kordhiyo soosaarka iyo habaynta.,https://kilimonews.co.ke/agribusiness/bee-keepers-cooperative-gets-a-boost-from-county-government/,2026-07-14,scraped:Kilimo News - Agribusiness
140,Agriculture,PSA,Farmers are encouraged to adopt the newly commercialized Aliciana Barley variety from East African Breweries for higher yields and increased resistance to water lodging.,Wakulima wanahimizwa kup adopta aina mpya ya shayiri ya Aliciana kutoka East African Breweries ili kupata mavuno makubwa na upinzani bora dhidi ya kuzama kwenye maji.,Abere ba atigana bwang'ori bwaki Aliciana Barley bu Easte African Breweries buya bwege obwakirori bwaki bwakire na omokiriri buya bugei buya.,Dala bende dhi chopo lweny choko Aliciana Barley kwach East African Breweries kuom wango makalo moye ok nyaka bura weche kendo nyalo ruwore to wando.,Beeraleyda waxaa lagu dhiirigelinayaa inay qaataan nooca cusub ee Aliciana Barley oo ka yimid East African Breweries si ay u helaan wax soo saar sare iyo adkaysi sare oo ka dhanka ah biyaha ku dhaca.,https://kilimonews.co.ke/agribusiness/east-african-breweries-limited-eabl-announces-commercialization-of-the-aliciana-barley-variety/,2026-07-14,scraped:Kilimo News - Agribusiness
141,Agriculture,PSA,Poultry breeders are losing significant profits due to cheap day-old chick imports. Stakeholders should assess market conditions to adapt their breeding plans accordingly.,Wafugaji wa kuku wanakosa faida kubwa kutokana na uagizaji wa vifaranga vya siku moja kwa bei nafuu. Wadau wanapaswa kutathmini hali ya soko ili kubinafsisha mipango yao ya ufugaji.,"Abaki bataka baki kora oborere bente baira nakiokore bwaki bwaki bwaki bwaki. Abasomokiri batarera bataria, bategenyi nakiokore oborere baki.",Brejieng' mar poultry nyaka golo profit moro e ndalo koluwore tich lare mag day-old chick. Winyalo chuny konyo yath ma okelo kolo nyaka gibed tuoche duto matek.,Tarankayaasha digaaga waxay lumiyeen faa'iidooyin badan sababo la xiriira iibka raqiiska ah ee ukun cusub. Dhamaan danaystayaasha waa inay qiimeeyaan xaaladaha suuqa si ay ula qabsadaan qorshayaasha tarankooda.,https://kilimonews.co.ke/agribusiness/we-are-killing-60000-chicks-weekly-kenya-poultry-breeders/,2026-07-14,scraped:Kilimo News - Agribusiness
142,Agriculture,PSA,Farmers and agribusiness stakeholders can visit Therapeutic Foods Limited in Murang'a County for insights on organic farming and value addition.,Wakulima na washiriki wa biashara za kilimo wanaweza kutembelea Therapeutic Foods Limited katika Kaunti ya Murang'a kwa maelezo kuhusu kilimo hai na kuongeza thamani.,Abakung’eri na abakerere bendo bakenyinya Therapeutic Foods Limited bu Murang'a County omokinyanire omogeya omokirigori nakiiri bw'ogokora.,Ng'ato ma joma tekniyo koka e ng'aluok mondo wala thum mar kadhiyo kendo onjogi pa Therapeutic Foods Limited e Murang'a County.,Beeralayda iyo daneeyayaasha ganacsiga beeraha waxay booqan karaan Therapeutic Foods Limited ee Gobolka Murang'a si ay u helaan fikrado ku saabsan beerta dabiiciga ah iyo kordhinta qiimaha.,https://kilimonews.co.ke/agribusiness/organic-farmer-agronomist-who-hasnt-used-chemicals-for-32-years/,2026-07-14,scraped:Kilimo News - Agribusiness
143,Agriculture,PSA,Agriculture in South Sudan is going digital. Farmers can access training videos on groundnut harvesting and maize row planting from local extension staff.,Kilimo nchini Sudani Kusini kinaenda kidijitali. Wakulima wanaweza kupata video za mafunzo juu ya kuvuna karanga na kupanda mahindi kutoka kwa wafanyakazi wa uwekezaji wa eneo hilo.,Ekegusii mo South Sudan ibwaki mooko. Abakore bambarigwa mabaki ku siasa ekigori ky'ubingo bwomaki na ekigori ky'okugumbetia busembaggwa bwi bweha abanto ba bukirigani.,Luo chuth kuom South Sudan ochi. Wuon duochno osebedo nyaka wacho miyo mondo oser ng'ato ma nigi kanyas gi nyaka obwete kuom ji mag ndakus.,Beerashada Koonfur Sudan waxay noqonaysaa mid dijitaal ah. Beeralaydu waxay heli karaan fiidiyowyada tababarka ee ku saabsan goosashada lowska dhulka iyo geedka masagada oo ka yimaada shaqaalaha kordhinta deegaanka.,https://kilimonews.co.ke/agribusiness/south-sudan-agriculture-goes-digital/,2026-07-14,scraped:Kilimo News - Agribusiness
144,Agriculture,PSA,"Dairy farmers in Nairobi are successfully using modern methods, such as zero grazing and feed from urban byproducts. Explore local resources and connect with other farmers for best practices.",Wakulima wa maziwa Nairobi wanatumia kwa mafanikio mbinu za kisasa kama ufugaji bila malisho na chakula kutoka kwa bidhaa za mijini. Tafuta rasilimali za hapa na ungana na wakulima wengine kwa mbinu bora.,"Abagabe b'ibensagani b'i Nairobi baria usingere omokiri bw'enge, bweenya zero grazing na emokiri buya omokiriganye b'ibyinjorogoto. Ria omokiri buya bwenge na bwendare buya banye b'ibensagani b'omogoti bw'enge.","Waganga masiga e Nairobi nigi tich mogik, kaka zero grazing kod chogo mai kendo gite mokuongo. Konyo kadhomo magi ma nyalo te gi waganga abiro nyaka chayo.","Davidka lo'da ee Nairobi waxay si guul leh u adeegsanayaan habab casri ah, sida xoolo laga dhoofiyaa iyo cunto ka timaadda wax-soo-saarka magaalooyinka. Ka baaro ilaha maxalliga ah oo la xidhiidh beeraley kale si aad u hesho hababka ugu wanaagsan.",https://kilimonews.co.ke/agribusiness/dairy-farming-in-nairobi-city/,2026-07-14,scraped:Kilimo News - Agribusiness
145,Agriculture,PSA,Farmers in Embu are encouraged to explore value addition opportunities for mangoes to reduce waste—consider joining local processing groups for support and training.,Wakulima wa Emabu wanahimizwa kuchunguza fursa za kuongeza thamani ya maembe ili kupunguza taka—fikiria kujiunga na vikundi vya usindikaji vya eneo hilo kwa msaada na mafunzo.,"Abakora uhoro ku Embu barakiriwe kutoranya nzira zokenyera umusaruro wa mangoo, kugira ngo bavuge ivu. Fanyanani na magroup egendani ekikorera oria, omokiri n'ekihande.",Abere mag farmer e Embu to owuon goyo kelo valo mag mango me otho wate—yien ni owachok koro kuonde mar pondo maler kod walo.,Beeralayda Embu waxaa lagu dhiirrigelinayaa in ay baaraan fursadaha lagu kordhinayo qiimaha mangooyinka si loo yareeyo qashinka — tixgeli inaad ku biirto kooxaha maxalliga ah ee habaynta si aad u hesho taageero iyo tababar.,https://kilimonews.co.ke/agribusiness/groups-resilience-pays-off-as-they-become-horticultural-processors/,2026-07-14,scraped:Kilimo News - Agribusiness
146,Agriculture,PSA,Farmers are encouraged to explore dairy goat farming; Robert Macharia reports high demand for goat milk and offers to connect other farmers with potential clients.,Wakulima wanahimizwa kuangazia ufugaji wa mbuzi wa maziwa; Robert Macharia anaripoti kuwa na mahitaji makubwa ya maziwa ya mbuzi na anatoa huduma ya kuunganisha wakulima wengine na wateja wanaoweza kuwa nao.,Abarori baria bagenyegarie omokere buya; Robert Macharia egosetania orokore buya buye na akang'anya abarori abaki bori bosianga bengine bwiye.,Abore miyo gibed gi ji nyuka matek kendo; Robert Macharia ni yiengo kendo otimo ja-milimani e kaka joma ineno mar nyuka matek.,Beeraleyda ayaa lagu dhiirigelinayaa inay sahamiso beerta adhiga kaas oo keena caano; Robert Macharia ayaa soo sheegay dalabka sarreeya ee caanaha adhiga wuxuuna bixinayaa xiriir beeraleyda kale oo leh macamiil suurtagal ah.,https://kilimonews.co.ke/agribusiness/macharia-the-urban-dairy-goat-farmer/,2026-07-14,scraped:Kilimo News - Agribusiness
147,Agriculture,PSA,Kenyan farmers are encouraged to participate in the EU-funded Market Access Upgrade Programme (MARKUP) to enhance agricultural exports and meet international standards.,Wakulima wa Kenya wanahimizwa kushiriki katika Programu ya Kuboresha Upatikanaji wa Soko (MARKUP) inayofadhiliwa na EU ili kuboresha mauzo ya kilimo na kukidhi viwango vya kimataifa.,Abakirorai b'Kenya baragororeke kujia mu pogramu ya EU eshiosere omokireri bw'e (MARKUP) ngo banoore omokireri bori b'egisi na babonere eng'enda ya mwakina.,Mab farmer ODM Kenya nyasaye ka wacho ka omiyiemu gi EU ma en gi chii kuting' mar Marketing Access Upgrade Programme (MARKUP) to nyal ngeyo shok maisha mar nyaka.,Marsadkan cusub ee loogu talagalay kor u qaadida helitaanka suuqyada (MARKUP) waxaa lagu dhiirigelinayaa beeraleyda Kenyan inay ka qaybqaataan si ay kor ugu qaadaan dhoofinta beero iyo inay la kulmaan heerarka caalamiga ah.,https://kilimonews.co.ke/agribusiness/kenya-signs-3-7m-euro-trade-deal-to-boost-agricultural-exports/,2026-07-14,scraped:Kilimo News - Agribusiness
148,Agriculture,PSA,Young people are encouraged to explore various platforms for agribusiness opportunities to overcome financial barriers. Take action to secure your future in agriculture today.,Vijana wanahimizwa kufungua njia kupitia majukwaa mbalimbali ya fursa za biashara ya kilimo ili kushinda vizuizi vya kifedha. Chukua hatua ili kuhakikisha kwamba una mustakabali mzuri katika kilimo leo.,Abagororia bataraneki nyaki buya kuboranga naki mekwaniora ekibere ya agribusiness buo mwetuganko omokiri. Rekeria amafaranga yoti bw’ogecha omotere bwokiri.,Juok makmana nigi mag'iny kuom chiegni e piny en piny gi chandruok mar agribusiness kuom to onge mag nyiso. Naki kadhi to ne ng'ama ohero e piny mar agrikulture nige.,Dhallinyarada waxaa lagu dhiirrigelinayaa inay sahamiyaan madal kala duwan oo fursadaha ganacsiga beeraha si ay uga gudbaan caqabadaha dhaqaale. Qaado tallaabo si aad u xaqiijiso mustaqbalkaaga beeraha maanta.,https://kilimonews.co.ke/agribusiness/mango-facts-in-kenya/,2026-07-14,scraped:Kilimo News - Agribusiness
149,Agriculture,PSA,The Association of Kenya Mango Traders (AKMT) represents local mango stakeholders and supports farmers in accessing markets. Join now to enhance your participation in the mango value chain.,Shirikisho la Wafanyabiashara wa Mankuku Kenya (AKMT) linawakilisha wadau wa kawaida wa mankuku na linaunga mkono wakulima katika kupata masoko. Jiunge sasa kuongeza ushiriki wako katika mingada ya mankuku.,Umuryango wa Abakora na Abakora Odongo (AKMT) wakiiteire abataka bagenzi b’injiri n’abatetezi mu kurerera abashamba b’ijongori mu gushika ku masoko. Bwire mwegereke k’ukoreye ikirwanisha mu gucashe ow’ijongori.,Japuonj ni Nyasaye Mango Kenya (AKMT) en joma nyalo chodo mango e odiema gi joma yude konyo kuonde. Konyo e kendo to ngeyo gi ngo mar mango.,Ururka Ganacsatada Mangalada Kenya (AKMT) wuxuu matalaa daneeyayaasha mangada deegaanka wuxuuna taageeraa beeralayda si ay u helaan suuqyo. Ku soo biir hadda si aad u kordhiso ka qayb qaadashadaada silsiladda qiimaha mangada.,https://kilimonews.co.ke/agribusiness/stakeholders-in-the-mango-value-chain-come-together/,2026-07-14,scraped:Kilimo News - Agribusiness
150,Agriculture,PSA,Farmers in Bungoma County: Participate in the new agricultural initiatives introduced by the county government to strengthen the sector. Stay informed for updates.,Wakulima katika Kaunti ya Bungoma: Shiriki katika mipango mipya ya kilimo iliyozinduliwa na serikali ya kaunti ili kuimarisha sekta. Kuwa na habari za kisasa.,Abageng'ani baki Bungoma: Kiana mu naki yaki asagano abatechandani baki akisi a bwaki baki ogendani. Bwakire buineni bucheuri.,Ng’ato mar farmers e Bungoma: Nyalang' kod nyiso mar agri-culture ma okel e ofisi mar county to wacho ng'ato mar sekta. Tieno konyi ng'ato kod oluw.,Beeralayda Gobolka Bungoma: Ka qaybqaata hindisayaasha cusub ee dowlad deegaanka oo lagu xoojinayo beerta. La soco warar cusub.,https://kilimonews.co.ke/agribusiness/women-in-agriculture-usa/,2026-07-14,scraped:Kilimo News - Agribusiness
151,Agriculture,PSA,"Youth in Njabini, Kinangop sub-county can explore opportunities in capsicum farming through the Nyandarua County Youth Empowerment Programme. Support and training are available.","Vijana katika Njabini, kata ya Kinangop wanaweza kuchunguza fursa za kilimo cha pilipili kupitia Mpango wa Uwezeshaji Vijana wa Kaunti ya Nyandarua. Msaada na mafunzo yanapatikana.","Abagitanga mu Njabini, sub-county ya Kinangop, baria obirire omogaka buseke bwabaka mu omogori busege bwayo bwo Nyandarua County Youth Empowerment Programme. Ria buria neiti naki.","Makar Bantu e Njabini, sub-county ya Kinangop, nyaka ng'eyo ma optimi e capsicum farming kuom Nyandarua County Youth Empowerment Programme. Bedoni gi inuwere kod nyim.","Dhalinyarada ku sugan Njabini, degmada Kinangop waxay fursado ka heli karaan beerta capsicumka iyada oo loo marayo Barnaamijka Kaalmada Dhalinyarada ee Nyandarua. Taageero iyo tababar ayaa la heli karaa.",https://kilimonews.co.ke/agribusiness/youth-group-finds-a-niche-in-capsicum-growing/,2026-07-14,scraped:Kilimo News - Agribusiness
152,Agriculture,PSA,Farmers are urged to verify seed authenticity by scratching the label of purchased seed and sending the code via SMS to 1393 for confirmation. The SMS service is free of charge.,Wakulima wanashauriwa kuthibitisha ukweli wa mbegu kwa kupiga rangi lebo ya mbegu walizonunua na kutuma kodii kupitia SMS kwenda 1393 kwa uthibitisho. Huduma ya SMS ni bure.,Abarakua boki bobaki busebu bwendo nabaki konyorori busebu bwaregaki konyaki bworaganja naki bwere bashibe SMS konyaki 1393 busebu bwogoteki. Bwire SMS busebu bwokiri pwe.,"Gima ji ther ma ok oting'o kod dholuo gi siret ma oheraki, kendo itie nyaka konyo code gi SMS ku 1393 biro golo. SMS service ni nengo.",Beeraleyda waxaa lagu boorinayaa inay hubiyaan saxnaanta abuurka iyagoo xoqaya sumadda abuurka la iibsaday oo diraya koodhka SMS ahaan 1393 si loo xaqiijiyo. Adeegga SMS-ka waa bilaash.,https://kilimonews.co.ke/general-news/how-to-identify-genuine-seed/,2026-07-14,scraped:Kilimo News - Agribusiness
153,Agriculture,PSA,Dairy farmers in Nakuru County are encouraged to join cooperatives for better milk prices. The County Government supports the formation of the Nakuru County Dairy Cooperatives Union.,Wakulima wa maziwa katika Kaunti ya Nakuru wanahimizwa kujiunga na vyama vya ushirika ili kupata bei bora za maziwa. Serikali ya Kaunti inaunga mkono kuundwa kwa Umoja wa Vyama vya Ushirika wa Maziwa wa Kaunti ya Nakuru.,Abakire na emokiriri mu Nakuru batirire bakesi bende buya bano bwaki bwakwiragia emikisi. Obwakire bw'Enyasa buya buya bwakaboka kumanya bano bwaki bwaki bwaki emobandi ya Nakuru.,Dairy farmers e Nakuru County nigi to join kawech mor ng’ato eyo kanyalre buya mar perek. Chuo mar County wuok to gima otoo dech kaka Nakuru County Dairy Cooperatives Union.,Farmers-ka caanaha ee Gobolka Nakuru waxaa lagu dhiirrigelinayaa inay ku biiraan iskaashatooyinka si ay u helaan qiimaha caanaha oo ka wanaagsan. Dowladda Gobolka waxay taageertaa samaynta Iskaashatada Caanaha ee Gobolka Nakuru.,https://kilimonews.co.ke/agribusiness/nakuru-county-third-in-milk-production-across-the-country/,2026-07-14,scraped:Kilimo News - Agribusiness
154,Agriculture,PSA,"Kenyan farmers will have the opportunity to export specialty tea to China, potentially up to 5 million kilos annually, valued at Ksh. 7 billion, beginning this year.","Wakulima wa Kenya watapata fursa ya kusafirisha chai maalum kwenda China, ikitarajiwa kufikia kilo milioni 5 kwa mwaka, ikiwa na thamani ya Ksh. bilioni 7, kuanzia mwaka huu.","Abageng'ana baki Kenya boki omokiriri obwaki bwaki kinyai buya Burkina, boki minto naki 5 million kilo buya muguruma, buya kanyaga Ksh. 7 billion, omokiriri bwaki omogogori buya.","Ababruok Kenya nyalo bedo na thok kuom oknyo tea mag mbaka gi China, kata up to 5 milioni kilo kidi konyo nyaka, nyalo maki Ksh. 7 billion, manok reri chuo.","Farmers-ka Kenyan waxay fursad u heli doonaan inay dhoofsadaan shaah khaas ah oo la geeyo Shiinaha, ilaa 5 milyan oo kilo sanadkiiba, qiimahoodu yahay Ksh. 7 bilyan, laga bilaabo sanadkan.",https://kilimonews.co.ke/agribusiness/kenya-to-export-speciality-tea-to-china/,2026-07-14,scraped:Kilimo News - Agribusiness
155,Agriculture,PSA,Farmers are advised to invest in their own baling machines or collaborate with others to avoid delays and high costs in hay production.,Makulima wanakumbushwa kuwekeza katika mashine zao za kubandika au kushirikiana na wengine ili kuepuka ucheleweshaji na gharama kubwa katika uzalishaji wa majani.,Abakiri bano batari bosi bwogekore baisari bwakire buiyaki bwakikore buya na bende bategere buya bwokomore buya ogotegere ogokiri na bwaki.,"Dala marach ni dhieyo kuom jowong' kwayo to jopiny chalo, kata nogwe magi, mondo ne owach dhok adek kuom wendo kendo piny machien ma en gi kwayo.",Beeraleyda waxaa lagu talinayaa inay maalgashadaan mashiinnadooda balinta ama ay wada shaqeeyaan si ay uga fogaadaan dib u dhaca iyo kharashyada badan ee soo saarista xoolaha.,https://kilimonews.co.ke/agribusiness/factors-driving-up-costs-in-the-fodder-value-chain/,2026-07-14,scraped:Kilimo News - Agribusiness
156,Agriculture,PSA,Over 200 start-ups and early stage agribusiness enterprises have been selected for support in an agribusiness programme focused on women and youth.,Zaidi ya kampuni 200 za mwanzo na biashara za kilimo za awali zimechaguliwa kusaidiwa katika mpango wa kilimo unaolenga wanawake na vijana.,Abakire baki 200 baisa bosi naki batisibori bake bui bwakuboroni bwebisia bwi atenge naki abaki.,Kagoodo 200 chiegni gi maler ma itieka e agribusiness kendo nyinge giko ma orek bende par.,In ka badan 200 shirkadood iyo ganacsiyo hore oo ku saabsan beeraha ayaa la doortay si ay u helaan taageero barnaamijka ganacsiga beeraha oo diiradda saaraya haweenka iyo dhallinyarada.,https://kilimonews.co.ke/agribusiness/getting-into-farming-what-to-consider/,2026-07-14,scraped:Kilimo News - Agribusiness
157,Agriculture,PSA,Banana poultry breeders in Kenya are facing significant losses due to cheap day-old chick imports. Stakeholders are urged to assess their operations and adapt accordingly.,wapanda kuku wa ndizi nchini Kenya wanakumbana na hasara kubwa kutokana na uagizaji wa vifaranga wa siku moja bei nafuu. Wadau wanakaribishwa kutathmini shughuli zao na kubadilisha ipasavyo.,Abere bakarukuri banzana oria batorera mu Kenya baria naki ya gaki omokore buambo bwaru. Abatabukire bosi baribere chire boro bature okomogori naki.,"Abato ng'ato donjo e Kenya en kaimor mar abich buya, kata obok gima aoro. Wajeng' ne ok nyis gi owang'ni gi joma chalo owang'ni.",Dhalinyarada digaaga ee Kenya ayaa wajahaya khasaare weyn sababa la xiriira keenooyinka raga ah ee qiimaha yaraaday. Walxaha ku lug leh ayaa lagu boorinayaa inay qiimeeyaan howlahooda oo ay isu waafajiyaan si ku habboon.,https://kilimonews.co.ke/agribusiness/kilimo-talk-by-president-yoweri-kaguta-museveni/,2026-07-14,scraped:Kilimo News - Agribusiness
158,Agriculture,PSA,Farmers are encouraged to consider dairy goat farming as a sustainable option for smallholder agriculture due to their low space requirements and high nutritional value of milk.,Wakulima wanatakiwa kufikiria ufugaji wa mbuzi wa maziwa kama chaguo endelevu kwa kilimo kidogo kutokana na mahitaji yao madogo ya nafasi na thamani kubwa ya lishe ya maziwa.,Abagere baisekarie okuogocha orokurenda emarunda yaki nyanga orokinyangia iria abogenda ore ekogebori buya omogaka omokinyanga na enka.,"Matiro moko wacho kuom ng'ama waundhogi ka ng'ama ng'ato mar mboch kony. Nitiwogo e yo mar joma udhi, kendo neno maber e yiero mar mukare.",Beeraleyda waxaa lagu dhiirigelinayaa inay tixgeliyaan beeraleyda idaha caanaha sidii ikhtiyaar waara oo loogu talagalay beeraleyda yaryar sababtoo ah baahida hoose ee booska iyo qiimaha nafaqada sare ee caanaha.,https://kilimonews.co.ke/general-news/kilimo-talk-dairy-goat-farming-quick-facts/,2026-07-14,scraped:Kilimo News - Agribusiness
159,Agriculture,PSA,"Farmers planting Hass avocado seedlings should follow these steps: space seedlings 6-10 meters apart, dig 2x2 feet holes, mix top soil, manure, and DAP fertilizer, and water in dry weather.","Wakulima wanaopanda miche ya avocado ya Hass wanapaswa kufuata hatua hizi: pandisha miche kwa umbali wa mita 6-10, chimba mashimo ya futi 2x2, changanya udongo wa juu, samadi, na mbolea ya DAP, na pandisha maji wakati wa mvua kidogo.","Abari buya! Abashuri bano chaki buya bosane buono: igana imbiri 6-10 metara naki, emenye 2x2 feet, onekire okokinyasa oboroti, emosi, na DAP, na nyae buya naki obwamasia.","Bonde uyiegi Hass avocado kanyo, chako iwachni: chandruok 6-10 mita nyaka, tiyo dodo 2x2 kaki, pok aondo masanga madongo, chuni, moti DAP, kendo nigo piny ka ing'eyo.","Beeralaydu waxay reer fiican in ay raacaan talaabooyinkan marka ay beeraan geedaha Hass avocado: kala fogee geedaha 6-10 mitir, qod 2x2 feet xabbo, isku qas ciidda sare, qashinka, iyo bacda DAP, iyo biyo siinta xilliga aan roobka da'in.",https://kilimonews.co.ke/general-news/planting-your-hass-avocado-seedlings/,2026-07-14,scraped:Kilimo News - Agribusiness
160,Agriculture,PSA,Farmers in Nakuru are invited to participate in the revival of the pyrethrum sector. The county government has invested Kshs 70 million to provide clean planting material.,Wakulima katika Nakuru wanakaribishwa kushiriki katika ufuatiliaji wa sekta ya pyrethrum. Serikali ya kaunti imewekeza Kshs milioni 70 kutoa vifaa safi vya kupanda.,Abakiru baki Nakuru bairaki nyasa ekereri ya pyrethrum. Obwaki bw’ogusii buhinji bwakaboka Kshs 70 mironji goha omogokire ogukwenda.,Wuoth kachok mag Nakuru nakiwogi kuom golo mar pyrethrum. Ogingo mar county osetim Kshs 70 million kuom golo ma oting' ni.,Beeraleyda Nakuru waxaa lagu martiqaaday inay ka qayb qaataan dib-u-soo-noqoshada qeybta pyrethrum. Dowlada degmada waxay maalgelisay Kshs 70 milyan si loo siiyo agab dhir nadiif ah.,https://kilimonews.co.ke/general-news/pyrethrum-gradually-turning-nakuru-white-again/,2026-07-14,scraped:Kilimo News - Agribusiness
161,Agriculture,PSA,"New regulations for seven crops will be released in the next two months, followed by 16 crops in four to five months. Farmers are advised to stay informed and comply with upcoming guidelines.","Kanuni mpya za mazao saba zitatolewa katika miezi miwili ijayo, zikifuatwa na mazao 16 baada ya miezi nne hadi mitano. Wakulima wanashauriwa kujifunza na kuzingatia mwongozo utakaotolewa.","Amatenda mayaki forora mirongo ibo sigana mwaki mwandori, na atenda 16 oigorisibori mugetene inono 4 ku 5 mwaki. Abarimaki baragwanire buya na batesane na amatekenyaki abogori.","Reguleta mpya e yochwech mag Nyasaye, kendo okanyang' gi mapile mar crops moko ochiko gi mwakiyogo abich, kendo 16 crop kendo okanyal gi mwakiyogo abich ka 4 to 5. Abor gi lwedo kuom joma nigi kony tich kendo omiya gi tih ranyisi.","Shuruuc cusub oo ku saabsan toddoba dalag ayaa la soo saari doonaa muddo laba bilood gudaheed, ka dibna 16 dalag ayaa la soo saari doona afar ilaa shan bilood kadib. Beeraleyda waxaa lagu talinayaa inay war hayaan oo ay raacaan tilmaamaha soo socda.",https://kilimonews.co.ke/general-news/more-crop-regulations-on-the-way/,2026-07-14,scraped:Kilimo News - Agribusiness
162,Agriculture,PSA,"The National Government is reviving the pyrethrum industry, aiming to increase planting acreage from 6,000 to 18,000 hectares by next year. Farmers are encouraged to expand their cultivation.","Serikali ya Kitaifa inarejesha sekta ya pyrethrum, ikilenga kuongeza eneo la upandaji kutoka hekta 6,000 hadi 18,000 ifikapo mwaka ujao. Wakulima wanahimizwa kupanua kilimo chao.","Omosh zosibori ogogetitanga buya bwakire buya, kisokinyire buya bwakire buria 6,000 buya bwabaki 18,000 hekta buya oigana. Abaki tokereri buya kwetire bosi bwabo.","Kanyanya Chang'ni oyweyo ka pyrethrum, chiwokyore tinda mar chiewo kendo tindo kaka 6,000 kuom 18,000 hectares kanyakore chuo. Waduong' ni itindo kuom chiewo chalo.","Dowladda Qaranka waxay dib u soo celinaysaa warshadaha pyrethrum, iyadoo hedefeysa in ay kordhiso aagga dhirta laga beerto laga 6,000 ha ilaa 18,000 ha sanadka soo socda. Beeralayda waxaa lagu dhiirrigelinayaa in ay ballaariyaan beertooda.",https://kilimonews.co.ke/general-news/we-are-committed-to-revive-pyrethrum-industry-kiunjuri/,2026-07-14,scraped:Kilimo News - Agribusiness
163,Agriculture,PSA,"Achieve maize yields of over 50 bags per acre by using certified seeds, adjusting spacing, and providing adequate nutrition to plants.","Fikia mavuno ya mahindi ya zaidi ya mifuko 50 kwa ekari kwa kutumia mbegu zilizothibitishwa, kurekebisha nafasi, na kutoa lishe bora kwa mimea.","Bwakire emosi ya ekegero ebiri omokere omokoretani abwaki 50 kering’otere rieri kendo omokirigana ensenda, omokwenyu omotaki, na ogere ogendori omokuboka emosi.","Ng'eyo chipo e kindu 50 magi kendo kar godo ng'ato kendo jochung' gi kwong' e yo maber, wachon gi neno magu.","Hel dalagyada qumbaha oo ka badan 50 boorar halkii acre adigoo isticmaalaya abuur shahaado leh, hagaajinaya fogaanta, iyo bixinta nafaqo ku filan dhirta.",https://kilimonews.co.ke/general-news/increasing-maize-yields/,2026-07-14,scraped:Kilimo News - Agribusiness
164,Agriculture,PSA,"Nyandarua County will enforce new potato regulations. All stakeholders must engage in sensitization, register farmers, and form implementation committees immediately.","Kaunti ya Nyandarua itatekeleza kanuni mpya za viazi. Wadau wote wanapaswa kushiriki katika uhamasishaji, kusajili wakulima, na kuunda kamati za utekelezaji mara moja.","Kaunti ya Nyandarua ikore omokiri buya busibori bw'endi. Bwakire bosi bang'anya buya, bategere buya boberane, bategere bakuri orugendo bw'ogorogani buya.","Nyandarua County nyal jomokore kuom iwuon mar panya mokuwa. Waduong' gi waduong' mana to watekna e ndwarore, kony panya gi lweny, kendo wathore nyaka piny mar joge golo.","Gobolka Nyandarua wuxuu dhaqan galin doonaa sharciyo cusub oo ku saabsan baradhada. Dhamaan daneeyayaasha waa in ay ka qayb qaataan wacyigelin, diiwaan geliyaan beeraleyda, oo sameeyaan kuman isku howlayn sida ugu dhaqsaha badan.",https://kilimonews.co.ke/general-news/governor-kimemia-promises-to-enforce-potato-regulations/,2026-07-14,scraped:Kilimo News - Agribusiness
165,Agriculture,PSA,Nakuru County has begun enforcing the Potato regulations. All stakeholders in the potato sub-sector must comply with these new rules immediately.,Kaunti ya Nakuru imeanza kutekeleza sheria za viazi. Wadau wote katika sekta ya viazi lazima watii sheria hizi mpya mara moja.,Nakuru Nkiende yaki otire omokireri omogega. Abaki babo botioga naki ogenda bendo batoshio bwendere naki omokireri oseria.,Nakuru Kanyakla oyieng' kuom wadhigi chiegni. Jotendo nyaka mach ni iwere ikwongo gi ng'ato kuom ochiko mar chiegni.,Degmada Nakuru waxay bilaabeen inay dhaqan geliyaan xeerarka Baradhada. Dhamaan daneeyayaasha qaybta baradhada waa inay si degdeg ah u raacaaan xeerarkan cusub.,https://kilimonews.co.ke/general-news/nakuru-county-starts-implementation-of-the-potato-regulations/,2026-07-14,scraped:Kilimo News - Agribusiness
166,Agriculture,PSA,Farmers are advised to implement a regular fungicide spray program to protect crops from diseases. Choose between protectant fungicides for preventive measures or curative ones once diseases are spotted.,Wakulima wanashauriwa kufuata mpango wa kawaida wa kupulizia fungicide ili kulinda mazao dhidi ya magonjwa. Chagua kati ya fungicides za kinga kwa hatua za kuzuia au zile za tiba mara magonjwa yanapogundulika.,Abakire bakiigwa banga omogoti buya bwokora bionchani buya bobiige buya bangenyaki. Gendete bwogotire bwokora buya bunyarire buya menya omokiri bwakiiyaki.,Ng'ato konyi ma gima nyuata konyo piny kuom fungicide to ogend jano dholu gi duong' mar koth. Nyar e yo konyo fungicides ma iyudhi gi gichwere piny kata fungicides ma iwacho kata gichwero lokruok.,Beerleeyda waxaa lagu talinayaa inay hirgeliyaan barnaamij joogto ah oo cayayaanka ka hortaga ah si ay u ilaaliyaan dalagyadooda cudurrada. Dooro fungicides-ka ka hortaga ah tallaabooyin ka hortag ah ama kuwa daaweynta ah marka cudurrada la arko.,https://kilimonews.co.ke/general-news/crop-chemicals-choosing-the-right-one/,2026-07-14,scraped:Kilimo News - Agribusiness
167,Agriculture,PSA,"The Ministry of Agriculture plans to hire 3,000 youth extension workers to improve support for farmers. Stay informed about recruitment updates and training opportunities.","Wizara ya Kilimo ina mpango wa kuajiri wafanyakazi vijana 3,000 wa uendelezaji ili kuboresha msaada kwa wakulima. Fuata habari kuhusu masasisho ya kuajiri na fursa za mafunzo.","Bwakire bwa Ekilimo bwebore bosi 3,000 emonyaki ya gikiere gooru bwetegere buya bategere batarikire. Bwakire obokira obwakireri bwakiire na bosi bwebatane bwakinyabaki.","Ministriy o Nyuka o Nyasaye oket gi 3,000 yoto yieny kuom piny ma okel help kuom farmers. Nind gi joma ni okinyi nyaka wach kuom recruitment kod training.","Wasaaradda Beeraha waxay qorsheyneysaa in ay shaqaaleyso 3,000 dhalinyaro ka shaqeeya adeegga kor u qaadista si loo hagaajiyo taageerada beeralayda. La soco wararka shaqaaleynta iyo fursadaha tababarka.",https://kilimonews.co.ke/general-news/where-are-extension-workers/,2026-07-14,scraped:Kilimo News - Agribusiness
168,Agriculture,PSA,Farmers and agribusiness stakeholders are advised to test their grains and nuts for aflatoxins regularly to prevent health risks and ensure food safety.,Wakulima na wadau wa biashara ya kilimo wanashauriwa kupima nafaka na karanga zao kwa aflatoxins mara kwa mara ili kuzuia hatari za kiafya na kuhakikisha usalama wa chakula.,Abanyabuchuma naki abaki bwakiyonde bataraki bakesi babori buya na buya bwakabaki omogori ogw’airani buya.,Waduong’ mar kanyag’ gi joma chike ma ok lare bende owachni piny mang’anyo gi onjo gi jia gi aketh ki aflatoxins chuno manok to ok gin pogo mar nongo.,Beeraleyda iyo daneeyayaasha ganacsiga waraabka waxaa lagu talinayaa inay si joogto ah u tijaabiyaan badarka iyo qudaarta aflatoxins si loo xakameeyo khataraha caafimaad iyo in la hubiyo badbaadada cuntada.,https://kilimonews.co.ke/general-news/aflatoxin-the-good-the-bad-and-the-business-news/,2026-07-14,scraped:Kilimo News - Agribusiness
169,Agriculture,PSA,"Farmers are urged to follow the ""4 Rs"" for safe pesticide use: the Right chemical, at the Right time, in the Right manner, to prevent health risks.","Wakulima wanahimizwa kufuata ""4 Rs"" za matumizi salama ya vidudu: Kemikali sahihi, wakati sahihi, kwa njia sahihi, ili kuzuia hatari za kiafya.","Abakung'ana batoragire gukorera ""4 Rs"" buya bwiri bwokoreha ibirori: ibirori bioria, omogori emosi, mu naki, kugena buya buorishe abaki ba bwaki.","Ngiya mar farmers ka othe ""4 Rs"" kuom pesa miyo: chamo ching' ma oting'o, kamano kendo mwach nyaka, kuom idhi to wach ginge duto ma nyaka.","Farmers-ka waxaa lagu boorinayaa inay raacaan ""4 Rs"" si badbaado leh loogu isticmaalo sunta cayayaanka: kiimikaadka saxda ah, waqtiga saxda ah, qaabka saxda ah, si looga hortago khataraha caafimaad.",https://kilimonews.co.ke/general-news/are-farmers-poisoning-us/,2026-07-14,scraped:Kilimo News - Agribusiness
170,Agriculture,PSA,"The National Agri-Food Systems Investment Plan (NASIP) 2026-2030 has been launched, aiming to invest KSh1.081 trillion in agriculture. Stakeholders should align their projects with this comprehensive framework.","Mpango wa Uwekezaji wa Mifumo ya Kilimo na Chakula wa Kitaifa (NASIP) 2026-2030 umezinduliwa, ukilenga kuwekeza KSh1.081 trilioni katika kilimo. Wadau wanapaswa kuoanisha miradi yao na mfumo huu mkubwa.","Etebaki buya bwa National Agri-Food Systems Investment Plan (NASIP) 2026-2030 bwakiore, bwakiomania KSh1.081 trillion mu ng’abeja. Abakeki banatire bachi jende buya bwebwaki hia buya bwakiore.","Dala ni National Agri-Food Systems Investment Plan (NASIP) 2026-2030e yath nyalo waki, oima kuom timo KSh1.081 trillion e agri. Omi marach moloyo nyal golo projekto dindo kanyoni udi manjo.","Qorshaha Maalgashiga Nidaamyada Agri-Food Qaranka (NASIP) 2026-2030 ayaa la bilaabay, iyadoo la doonayo in lagu maalgashado KSh1.081 trillion oo dhanka beeraha ah. Qaybaha danaynaya waa in ay la jaanqaadaan mashaariicdooda qorshahan ballaaran.",https://kilimonews.co.ke/agriculture-policy/kenya-rolls-out-five-year-ksh1-081-trillion-agricultural-investment-strategy/,2026-07-14,scraped:Kilimo News - Policy
171,Agriculture,PSA,The National Horticulture Traceability System (NHTS) has been launched to improve export compliance and market access for horticultural produce. Farmers and exporters must register and utilize this digital platform for traceability.,Mfumo wa Ufuatiliaji wa Kilimo wa Kitaifa (NHTS) umeanzishwa ili kuboresha ufuataji wa viwango vya usafirishaji na upatikanaji wa soko kwa mazao ya kilimo. Wakulima na wauzaji wanapaswa kujisajili na kutumia jukwaa hili la kidijitali kwa ajili ya ufuatiliaji.,Obori bwa National Horticulture Traceability System (NHTS) bwakiere buya bwokore buya ore enyakira na buya bwomogori bwaki omoka mboga. Abarembere na abashweri bakiagane na buya bwereke bwomogori buno bwokore enyakira.,National Horticulture Traceability System (NHTS) idhi ka gin owang' chalo ki jomokalo konyo kendo dala ng'ato. Jowi kendo jomokalo nyalach kuom register kendo udi kendo konyo dang' ma e tichkuom.,Nidaamka Raad-raaca Beerta Qaranka (NHTS) ayaa la bilaabay si loo hagaajiyo u hoggaansanaanta dhoofinta iyo marin u helka suuqa ee wax soo saarka beerta. Beeraleyda iyo dhoofiyeyaasha waa inay diiwaangeliyaan oo isticmaalaan madal digital ah oo loogu talagalay raad-raaca.,https://kilimonews.co.ke/agriculture-policy/kenya-launches-horticulture-traceability-system-to-strengthen-export-compliance-and-market-access/,2026-07-14,scraped:Kilimo News - Policy
172,Agriculture,PSA,Farmers and agribusinesses are encouraged to engage with KNCCI and KALRO to access and commercialize agricultural innovations that can boost productivity and income.,Wakulima na biashara za kilimo wanahimizwa kujihusisha na KNCCI na KALRO ili kupata na kufanyia biashara uvumbuzi wa kilimo ambao unaweza kuongeza uzalishaji na kipato.,Abagere kire naki naki abereekire na KNCCI na KALRO buya nyakidori bw'egama bw'enyasa buya bwendegia omogori naki omokiri.,"Dhi ng'eyo gi farmers kaka KALRO kod KNCCI, kendo olok ginyalo higa e gige mar jachien, ma ok oyier e kanyal ni bende inyal uye.",Beeraleyda iyo ganacsatada beeraheeda waxaa lagu dhiirrigelinayaa inay la xiriiraan KNCCI iyo KALRO si ay u helaan isla markaana u ganacsadaan hal-abuurka beeraha ee kordhin kara wax soo saarka iyo dakhliga.,https://kilimonews.co.ke/agriculture-policy/kncci-and-kalro-pledge-to-bridge-science-and-business-by-commercializing-agricultural-innovations/,2026-07-14,scraped:Kilimo News - Policy
173,Agriculture,PSA,"Kenya aims to increase coffee production to 150,000 metric tonnes by 2028, encouraging farmers to participate in reforms and investments to enhance their earnings and market access.","Kenya inakusudia kuongeza uzalishaji wa kahawa kufikia tani 150,000 ifikapo mwaka 2028, ikihimiza wakulima kushiriki katika marekebisho na uwekezaji ili kuboresha mapato yao na kufikia masoko.","Kenya oikire ekigere kiro 150,000 metric tonnes mogwendete 2028, obori bwaki baisekera bwenyigori omokiriri buya bwanokire ne ikigori.","Kenya ng'ato e git kofi to 150,000 metric tonnes kendo 2028, ochung' ni nyasach abich nyakwayi ka en chworo gi tich kendo ka en maran buya kuom okwayo gi gi.","Kenya waxay qorsheyneysaa in la kordhiyo soo saarista qaxwaha ilaa 150,000 tonnin mitir ah sanadka 2028, iyadoo la dhiirrigelinayo beeraleyda inay ka qeybqaataan isbeddellada iyo maalgelinta si ay u kordhiyaan dakhligooda iyo helitaanka suuqyada.",https://kilimonews.co.ke/agriculture-policy/kenya-targets-150000-metric-tonnes-of-coffee-by-2028/,2026-07-14,scraped:Kilimo News - Policy
174,Agriculture,PSA,"Over 1,000 cotton farmers in Yatta Sub-County have received pesticides and modern sprayers to enhance cotton production. Farmers should utilize these resources to improve yields and manage pests effectively.","Wakulima zaidi ya 1,000 wa pamba katika Kaunti ndogo ya Yatta wametumiwa viuatilifu na vinu vya kisasa vya kunyunyizia ili kuboresha uzalishaji wa pamba. Wakulima wanapaswa kutumia rasilimali hizi ili kuboresha mavuno na kudhibiti wadudu kwa ufanisi.","Abakireri 1,000 banye cotton mu Yatta Sub-County bakanirie pesticides na sprayers za kisasa kugira kuti batongore emochuko ya cotton. Abakireri babwane bakoresere n'ibi birekire okworora emochuko na oboteza emishene.","Kaka 1,000, buwongo mar cotton e Yatta Sub-County, wate walukieni pesticides gi sprayer mos mar nyithindo kendo mawech cotton. Buwongo nyaka golo kituo nyaka owach yie kendo yo nyithindo e ng'ato.","In ka badan 1,000 beeraleyda dhogorta ah ee Yatta Sub-County ayaa helay kiimikooyinka cayayaanka iyo qalabka casriga ah ee buufinta si ay u xoojiyaan soo saarka dhogorta. Beeraleydu waa in ay ka faa'iideystaan kheyraadkan si ay u horumariyaan wax soo saarkooda iyo inay si hufan u maareeyaan cayayaanka.",https://kilimonews.co.ke/agriculture-policy/yatta-cotton-farmers-receive-pesticides-and-modern-sprayers/,2026-07-14,scraped:Kilimo News - Policy
175,Agriculture,PSA,The 4K Club program is actively nurturing young agricultural professionals in Kenya. Schools are encouraged to participate and foster innovative farming skills among students.,Mpango wa Klabu ya 4K unawasaidia Vijana Wakulima nchini Kenya. Shule zinahimizwa kushiriki na kukuza ujuzi wa kilimo bunifu kati ya wanafunzi.,Omosako 4K uchi omoshang'ana bwakire buya bwakere indambi bwakimari buya mu Kenya. Mashule naki omokang'ana buya ke oseria omokang'ana omokire omonigo bwakimari.,Program mar 4K Club en gima en jomoko e nyasaya rombore kwomgi e Kenya. Tich kwayo to gai chalo kod nindo mar maliya dudi e buni.,Barnaamijka 4K Club wuxuu si firfircoon u korinayaa xirfadlayaal dhallinyaro oo ku saabsan beeraha Kenya. Dugsiyada waxaa lagu dhiirigelinayaa inay ka qayb qaataan oo ay kobciyaan xirfadaha cusub ee beerta ee ardayda.,https://kilimonews.co.ke/agriculture-policy/4k-clubs-inspire-a-new-generation-of-kenyan-farmers/,2026-07-14,scraped:Kilimo News - Policy
176,Agriculture,PSA,Kenya is implementing the National Agroecology Strategy for Food System Transformation (2024–2033). Stakeholders are urged to strengthen monitoring systems for sustainable results.,Kenya inaendeleza Mkakati wa Kitaifa wa Agrokolojia kwa Mabadiliko ya Mfumo wa Chakula (2024–2033). Wadau wanahimizwa kuimarisha mifumo ya ufuatiliaji kwa matokeo endelevu.,Kenya iria inigere omokere ogwaki na Ng’eno ya Agroecology buya oseroketie buya bwa hoje (2024–2033). Abakire batigani omoganga bwaki bwokere bwaki obwakwenda obwakiruri.,Kenya en pi kanyo ma Nyasae Agrokolojia kuom Piny Piny donge (2024–2033). Wanj Kachang' nyaka nyalere  mbaka mar analwa maler.,Kenya waxay hirgelinaysaa Istaraatijiyadda Qaranka ee Agroecology si loogu beddelo Nidaamka Cuntada (2024–2033). Qaybaha daneeya waxaa lagu boorinayaa inay xoojiyan nidaamyada kormeerka si loo gaaro natiijooyin waara.,https://kilimonews.co.ke/agriculture-policy/kenya-enhances-policy-monitoring-to-accelerate-sustainable-agriculture-transformation/,2026-07-14,scraped:Kilimo News - Policy
177,Agriculture,PSA,"Farmers are encouraged to participate in the upcoming initiatives aimed at boosting crop production, with a target of 2,118,000 tons in the 2026/2027 agricultural year.","Wakulima wanahimizwa kushiriki katika mipango ijayo yenye lengo la kuboresha uzalishaji wa mazao, ikiwa na lengo la kufikia tani 2,118,000 katika mwaka wa kilimo wa 2026/2027.","Abakire bakiibori kuingira mu mikere yora chireka omogere ogushwakiha omokirigori, na naki naki ofe 2,118,000 ton atiri emokirigori ya 2026/2027.","Lwaki okonyo ng'ato ka kite ma pi okoyogi tek mar duong' kanyakla, ka tije 2,118,000 tons e mwaka mar piny kwach 2026/2027.","Beeraleyda waxaa lagu dhiirigelinayaa in ay ka qayb qaataan hawlaha soo socda ee lagu xoojinayo wax-soosaarka dalagga, iyadoo la hiigsanayo 2,118,000 tan sanadka beeraleyda 2026/2027.",https://kilimonews.co.ke/agriculture-policy/cashew-nuts-lead-as-tanzanias-commercial-crop-output-hits-1-6-million-tons/,2026-07-14,scraped:Kilimo News - Policy
178,Agriculture,PSA,Farmers and cooperative leaders are urged to report corruption and malpractice in cooperatives to the new specialized police desks being established by the Tanzanian government.,Wakulima na viongozi wa ushirika wanahimizwa kuripoti ufisadi na tabia mbaya katika ushirika kwa mifuko mipya ya polisi maalum inayoundwa na serikali ya Tanzania.,Abakiri naki ogendo za ng'eno batarerete inyaraga naki omokanga bw'ogwabo buinori bw'eng'eno moke bwa Tanzaniya buse gerwa.,Ang'weny gi jokonyo mag cooperatives obedo ni kuom golo nyaka weche machiegni koro wakwong' kelo chiegni mar gang' chiegni mang'eni kuom serikali mar Tanzanian.,"Beeraleyda iyo hogaamiyeyaasha iskaashatada ayaa la farayaa in ay soo sheegaan musuqmaasuqa iyo dhaqamada xun ee ka jira iskaashatada, markii la bilaabayo xafiisyada booliska khaaska ah ee cusub ee dowlada Tanzania.",https://kilimonews.co.ke/agriculture-policy/tanzania-launches-integrity-campaign-to-clean-up-cooperative-sector/,2026-07-14,scraped:Kilimo News - Policy
179,Agriculture,PSA,"Farmers and agribusiness stakeholders in Kiambu, Machakos, Nakuru, Nyandarua, Nairobi, and Mombasa are encouraged to engage in public participation regarding food taxes affecting their operations.","Wakulima na wadau wa biashara ya kilimo katika Kiambu, Machakos, Nakuru, Nyandarua, Nairobi, na Mombasa wanahimizwa kushiriki katika ushirikiano wa umma kuhusu ushuru wa chakula unaoathiri shughuli zao.","Abagenge na abainya bategeneza buya mu Kiambu, Machakos, Nakuru, Nyandarua, Nairobi, na Mombasa batigana kusang'anira ekirori y'ekitengo ku buya bwang'ana batisekana.","Wuon ngeche kod jodong’ ma okinyi e Kiambu, Machakos, Nakuru, Nyandarua, Nairobi, kendo Mombasa bende wakwayo konyo jochung' kendo jowhoya kuom bura mar chako ma wanyal e buji ng'ato.","Beeralayda iyo daneeyayaasha ganacsiga beeraha ee Kiambu, Machakos, Nakuru, Nyandarua, Nairobi, iyo Mombasa waxaa la horyaacinayaa inay ka qeybqaataan ka qeybgal bulsho oo ku aaddan canshuuraha cuntada ee saameynaya howlahooda.",https://kilimonews.co.ke/agriculture-policy/survey-exposes-burdensome-food-taxes-across-six-kenyan-counties/,2026-07-14,scraped:Kilimo News - Policy
180,Agriculture,PSA,Kenya aims for a 125% growth in the pig value chain by 2030. Farmers and investors are encouraged to explore opportunities in this rapidly growing sector.,Kenya inalenga kukua kwa asilimia 125 katika mnyororo wa thamani wa nguruwe ifikapo mwaka wa 2030. Wakulima na wawekezaji wanahimizwa kuchunguza fursa katika sekta hii inayoendelea haraka.,Abantu b'Kenya bateganya gukorera 125% okwikire omogero ginene omogendezi w'ihigo oregere 2030. Abakire n'abagenga b'amasikeri bagekire okogenda omokang'ana ogona bw'ekirori kyegire.,Kenya iwacho ni itimo 125% mar bunge ma piga buo mane 2030. Abambo ni pacho ma nyaka kuon yore maler e asango ma en piny.,Kenya waxay ku hawlan tahay korodhka 125% ee silsiladda qiimaha doofaarka ilaa sanadka 2030. Beeralayda iyo maal-gashadayaasha waxaa lagu dhiirrigelinayaa inay baaraan fursadaha ku jira qaybtaan si xawli ah u kobcaysa.,https://kilimonews.co.ke/agriculture-policy/kenya-targets-125-growth-in-pig-value-chain-by-2030/,2026-07-14,scraped:Kilimo News - Policy
181,Agriculture,PSA,The Agriculture and Food Authority (AFA) is conducting a crackdown on unlicensed macadamia dealers across 14 counties. All traders must register and obtain licenses to avoid legal action.,Mamlaka ya Kilimo na Chakula (AFA) inaendesha operesheni dhidi ya wauzaji wa macadamia wasiokuwa na leseni katika kaunti 14. Wote wanataka biashara wanapaswa kujisajili na kupata leseni ili kuepuka hatua za kisheria.,Abanturi b'Abwaki na Abaria (AFA) baki naki obwaki naki abashang'ani baria b'ekurire buya bw'ageno bw'ere 14. Abanturi nyansia naki baburori buya naki babakibori oburori to bamenyezikire.,Agriculture and Food Authority (AFA) owinjo sudhruo e kinde 14 manyien kod macadamia mogik. Nyasaye weng’ni nigi joma ineno nyaka irek e licenz. Kuom wanyalo niw kilu koro mar ahinya.,Hay'adda Beeraha iyo Cunnada (AFA) waxay wadaysaa baaritaan ku saabsan ganacsatada macadamia ee aan lahayn shati 14 degmo. Dhammaan ganacsatada waa in ay isdiiwaangeliyaan oo ay helaan shati si ay uga fogaadaan tallaabo sharciyeed.,https://kilimonews.co.ke/agriculture-policy/afa-targets-rogue-traders-in-nationwide-macadamia-crackdown/,2026-07-14,scraped:Kilimo News - Policy
182,Agriculture,PSA,The Somalia Agriculture Sector Coordination Mechanism has been launched to enhance agricultural production and food security. Stakeholders are encouraged to engage with the new platform for collaboration.,Mfumo wa Uratibu wa Sekta ya Kilimo cha Somalia umeanzishwa ili kuboresha uzalishaji wa kilimo na usalama wa chakula. Wanahisa wanahimizwa kushiriki na jukwaa jipya la ushirikiano.,Bwakire bw'ogokore buya bw'Ang’ana bwa Somalia bw'otangihire gukomotera ogokore na emonyonyi. Abatsena barakarani buya bwanikire mw'onyonga ogokore bw'ogokore buya.,"Nekore mag piny Somalia, ma okel koda chako gi ciny. Koro tinye joma thok nyiso to ang'wen kwayo e koda manyien gi ji maber.",Habka Isuduwidda Beeraha Soomaaliya ayaa la bilaabay si loo xoojiyo wax-soosaarka beeraha iyo amniga cunto. Akhyaar ayaa lagu dhiirrigelinayaa inay ka qeyb galaan madashan cusub ee iskaashiga.,https://kilimonews.co.ke/agriculture-policy/somalia-inaugurates-government-led-agriculture-coordination-platform/,2026-07-14,scraped:Kilimo News - Policy
183,Agriculture,PSA,"The Ethiopian Institute of Agricultural Research has released ten improved seed varieties to boost crop yields for maize, wheat, barley, potato, and coffee. Farmers are encouraged to adopt these seeds for better productivity.","Taasisi ya Utafiti wa Kilimo ya Ethiopia imetoa aina kumi za mbegu zilizoboreshwa ili kuongeza mavuno ya mahindi, ngano, shayiri, viazi, na kahawa. Wakulima wanahimizwa kupokea mbegu hizi kwa ajili ya uzalishaji bora.","Isheng’ero ya Ugani ya Ethiopia emetiegene oria naki bwakire buya buya mwaki buya, ang’ana, oria, ugoro na kahawa. Abagikuri bagikangire ekiende oria buya buya buya.","Ethiopian Institute of Agricultural Research omed gi ten ma piny gini ang'wen goyo kidh piny manie maiz, weeti, baji, kanyaboli, kendo kawe. Abiro ng'wech kaka njanga gini maduong' ng'wonye.","Machadka Cilmi-baarista Beeraha Itoobiya wuxuu soo saaray toban nooc oo abuur wanaagsan ah si kor loogu qaado dalagga masarada, burka, barley, kaarootada, iyo qaxwaha. Beeraleyda waxaa lagu dhiirrigelinayaa inay qaatan abuurkaas si loo helo wax-soo-saar fiican.",https://kilimonews.co.ke/agriculture-policy/ethiopia-boosts-crop-yields-with-release-of-improved-seeds/,2026-07-14,scraped:Kilimo News - Policy
184,Agriculture,PSA,"The Animal Identification and Traceability Bill (ANITRAC) will launch fully next month, enhancing animal health management and market access for farmers. Prepare for the transition to digital tagging.","Muswada wa Utambuzi na Ufuatiliaji wa Mifugo (ANITRAC) utaanzishwa rasmi mwezi ujao, kuboresha usimamizi wa afya ya mifugo na upatikanaji wa soko kwa wakulima. Jiandikishe kwa kutumia alama za kidijitali.","Shule ya Maonyesho ya Wanyama na Uchambuzi (ANITRAC) itaanza rasmi mwezi ujao, ikiboreshia afya ya wanyama na upatikanaji wa soko kwa wakulima. Jiandae kwa mabadiliko ya alama za kidijitali.","Billi mar Nying' ruoth gi jago (ANITRAC) en ga tugruok kanyo maber mwandu, okel kendo idhi ji ma jago. Nyar jaluo to nying' digital.","Sharciyada Aqoonsiga iyo Raadka Xoolaha (ANITRAC) ayaa si buuxda u bilaaban doona bisha soo socota, korodhsanaya maaraynta caafimaadka xoolaha iyo helitaanka suuqyada ee beeralayda. Isku diyaarso u guurista calaamadaynta dijitaalka ah.",https://kilimonews.co.ke/agriculture-policy/proposed-anitrac-law-to-digitize-animal-identification-and-boost-farmer-returns/,2026-07-14,scraped:Kilimo News - Policy
185,Agriculture,PSA,Farmers are urged to increase productivity by extending working hours and adopting technology to improve yields. Embrace innovative practices for better food security and market access.,Wakulima wanahimizwa kuongeza uzalishaji kwa kupanua masaa ya kazi na kutumia teknolojia kuboresha mavuno. Kubali mbinu bunifu kwa ajili ya usalama wa chakula na upatikanaji wa soko bora.,Abakire bakiibori bakurire omokiri buya bu na omokiri bwebi na baisarane na teknoloji buya bende nakiobe. Bakiibori bakenyere omokiri buya omurimi bwende gakiogi bwanano.,"Abana gik mama kwayo nyiri piny mar ng'ama gi timo tich manok, kendo bur ariyo kod tich maler, nyaka onge gondo. Timo tich joma sibe duto kendo joma yore gi somo mar mirongo.",Warshadaha waxaa lagu boorinayaa inay kordhiyaan waxsoosaarka iyadoo la ballaadhinayo saacadaha shaqada iyo qaadashada teknoolojiyada si kor loogu qaado dalagga. Qaado habab cusub si loo helo ammaan cunto iyo fursado suuq.,https://kilimonews.co.ke/agriculture-policy/hichilema-rallies-farmers-to-work-longer-and-embrace-technology-for-higher-yields/,2026-07-14,scraped:Kilimo News - Policy
186,Agriculture,PSA,"The avocado harvesting season for export starts April 2, 2026. Exporters must apply for packhouse inspection at least three days before shipment and submit HPMA lists by March 30, 2026.","Msimu wa kuvuna parachichi kwa ajili ya kuuza nje unaanza tarehe 2 Aprili, 2026. Wauzaji nje wanapaswa kuomba ukaguzi wa pakiti angalau siku tatu kabla ya kusafirishwa na kuwasilisha orodha za HPMA kabla ya tarehe 30 Machi, 2026.","Ekiro cheng'ene cheng'ige magendo ekitoka 2, 2026. Abagendisi nogokinya buya buya bwa pakuhanda edesabaki buya buya tiga ogenderi na naki HPMA bwakore naki 30, 2026.","Wang'ni marach owuon gi Avocado kuom jabingo odong' lemu on April 2, 2026. Joguny bende nyaka to gogo ni gin kanyo pakhausu gi boni joma to okendi katimo jal. Nyonyo listru HPMA duto nyaka timbe koro March 30, 2026.","Xilliga goosashada avokado ee dhoofinta waxay bilaabmaysaa Abriil 2, 2026. Dhoofiyayaashu waa inay codsadaan kormeerka baakadaha ugu yaraan saddex maalmood ka hor rarka iyo soo gudbiyaan liisaska HPMA ka hor Maarso 30, 2026.",https://kilimonews.co.ke/agriculture-policy/avocado-harvest-for-export-set-to-begin-next-month/,2026-07-14,scraped:Kilimo News - Policy
187,Agriculture,PSA,"Farmers are encouraged to grow oilseed crops like soybean and sunflower to reduce dependence on imported edible oils. For support and resources, contact your local agricultural office.","Wakulima wanahimizwa kulima mazao ya mafuta kama soya na alizeti ili kupunguza utegemezi wa mafuta ya kula yaliyoagizwa. Kwa msaada na rasilimali, wasiliana na ofisi yako ya kilimo ya eneo.","Abarimokeri baraki bakiorere emeteri ya mafuta ng'okitogori na siboya na matungulu buya, oreta getamaki okomori matsindo migenanire omotwaki agokiri amina. Nyaki bosi na ekereere, bwanakira banyaki bw'ogwaki buya.","Ng'ato nyaka konyo mbewu ma oilseed, to winjo soybean gi sunflower, ok nyal konyo jomoko ma itigo edible oils. Oduogo gi chalo, niyie kanyere kuom ofisi mar dongo maber.","Beeralaydu waxay dhiirrigelinayaan inay beeraan dalagyada saliidda sida soya iyo qorraxda si loo yareeyo ku tiirsanaanta saliidaha la soo dhoofiyo. Haddii aad u baahan tahay taageero iyo agab, la xiriir xafiiskaaga beeraha ee deegaanka.",https://kilimonews.co.ke/agriculture-policy/kenya-pushes-oil-seed-farming-to-reduce-ksh-500-billion-food-import-bill/,2026-07-14,scraped:Kilimo News - Policy
188,Agriculture,PSA,"The Coffee Act 2023 has been enacted, establishing the Coffee Board of Kenya as the primary regulator for the coffee sector. All stakeholders should familiarize themselves with the new structure and regulations.","Sheria ya Kahawa ya 2023 imepitishwa, ikiweka Bodi ya Kahawa ya Kenya kama mdhibiti mkuu wa sekta ya kahawa. Wadau wote wanapaswa kufahamu muundo na kanuni mpya.","Shughuli ya Kofi 2023 imetekelezwa, ikianzisha Bodi ya Kofi ya Kenya kama msimamizi mkuu wa sekta ya kofi. Wajukumi wote wanapaswa kujijaribu na muundo na kanuni mpya.","Shule Mawe 2023 owang' ni, ooper kama owonji ma no efwe chuth Mwalo ka Kenya kuom nyiri. Ng'ato ni ng'ato en bende to kodhi e yo ma nyaka gi tich gi kiye.","Sharciga Qaxwaha 2023 ayaa la meel mariyay, isagoo asaasaya Golaha Qaxwaha ee Kenya sida hay'adda ugu weyn ee maamula qeybta qaxwaha. Dhamaan daneeyayaasha waa in ay isku bartaan qaab-dhismeedka cusub iyo sharciyada.",https://kilimonews.co.ke/agriculture-policy/the-return-of-the-coffee-board-of-kenya-as-the-coffee-act-2023-becomes-law/,2026-07-14,scraped:Kilimo News - Policy
189,Agriculture,PSA,Stakeholders in Ecological Organic Agriculture are invited to utilize 100 acres of land allocated in Dodoma for organic farming activities.,Wadau katika Kilimo Organic cha Kiekolojia wanakaribishwa kutumia ekari 100 za ardhi zilizotengwa katika Dodoma kwa shughuli za kilimo organik.,Ababere ba Ecological Organic Agriculture baria bwanaraki 100 acres ebuya buya bwaki Dodoma buya omogori bwaki.,Dina manyien gi joduma maler mar Ecological Organic Agriculture ma oketho to yogo 100 acres mar tugo e Dodoma kuom dhano mar organic farming.,Dhammaan daneeyayaasha Beeraha Ekoolojiga Organic-ka waxaa lagu casuumay inay ka faa’iideystaan 100 acari oo dhul ah oo loogu talagalay wax-soo-saarka dabiiciga ah ee Dodoma.,https://kilimonews.co.ke/agriculture-policy/dodoma-allocates-100-acres-to-promote-ecological-organic-agriculture/,2026-07-14,scraped:Kilimo News - Policy
190,Agriculture,PSA,Farmers engaged in ecological organic agriculture are encouraged to collaborate with the government for better support and funding to achieve sustainable farming and enhance food security.,Wakulima wanaojihusisha na kilimo cha kikaboni wanahamasishwa kushirikiana na serikali ili kupata msaada mzuri na ufadhili ili kufikia kilimo endelevu na kuboresha usalama wa chakula.,Abarimanyi bakiingana n'anjira ya ekogorori ndogo banyakiibasi bategere buya na obwaki bwanane bw'ogore buya n'ekero ebiore omokiri n'ensokoti.,"Owino yo gongo duto gi buo e lwetgi, nyasaye manok gi ganuok ma nyasaye timo neno kuom buo, kata omiyo gima yeng'i oko e hoore malo.",Beeralayda ku hawlan beeraha deegaanka ee organikada ah waxaa lagu dhiirigelinayaa inay la shaqeeyaan dowladda si ay u helaan taageero iyo maalgelin wanaagsan si ay u gaaraan beero waara oo korodhsada amniga cuntada.,https://kilimonews.co.ke/agriculture-policy/deputy-minister-urges-greater-support-for-ecological-organic-farming-in-tanzania/,2026-07-14,scraped:Kilimo News - Policy
191,Agriculture,PSA,Farmers and agribusiness stakeholders are invited to the KALRO Fourth Annual Open Week and Exhibition to explore new agricultural technologies and innovations that enhance productivity.,Wakulima na wadau wa biashara ya kilimo wanakaribishwa katika Wiki ya Nne ya Kila Mwaka ya KALRO na Maonyesho ili kuchunguza teknolojia na uvumbuzi mpya wa kilimo wanaosaidia kuongeza uzalishaji.,Ababere na abashandi b’ogwenenge barakurikiri omokiri omogenda emonyoria n’okuberenia eKALRO gucheke getakemo n’ogwisori buya oboragania omokiri ogokigira.,"Jogi dungo kod dithuor sechego omiyo nyisol ku KALRO kuom isango piny ma 4 mar oywak gi kany alando mag chutho duto kod joma osikore, wacho kendo masindo chayo mag lalruok.",Beeralayda iyo daneeyayaasha ganacsiga beeraha ayaa lagu casuumay Toddobaadka Furan ee Afaraad ee KALRO iyo bandhigga si ay u baaraan teknoolojiyada cusub ee beeraha iyo hal-abuurka kordhiya wax soo saarka.,https://kilimonews.co.ke/agriculture-policy/kalro-pushes-research-to-market-shift-at-fourth-annual-open-week/,2026-07-14,scraped:Kilimo News - Policy
192,Agriculture,PSA,"Farmers, livestock keepers, and fishermen in Tanzania can expect lower production costs and higher incomes under the 2050 Master Plan. Stay informed on how to participate in this initiative.","Wakulima, wafugaji, na wavuvi nchini Tanzania wanaweza kutarajia gharama za uzalishaji kuwa chini na mapato ya juu chini ya Mpango Mkuu wa 2050. Kuwa na habari za jinsi ya kushiriki katika juhudi hii.","Abakora, abaki-chainai, na abaki-nya in Tanzania mbere bakireri nyakong'anyaki jia ibesibori na nakieng'ani zanki zeraki. Nakiorekianyaki omokirori bwogori gutera manguya omokiri ino.","Walimu, jochandruok, gi jokibond, ma Tanzani, nyalo chako odhiambo kadhi gi riek moro mondo otingo ketho gi tin. Naki onge nyingni ma okinyi kuom ini initiative.","Beeralayda, xoolo dhaqatada, iyo kalluumaysatada Tanzania waxay filayaan kharashyo soo saar oo hooseeya iyo dakhli sare oo ka dhasha Qorshaha Masterka 2050. La soco sida aad uga qeyb qaadan karto hindisahan.",https://kilimonews.co.ke/agriculture-policy/tanzania-2050-master-plan-targets-lower-costs-higher-incomes-for-farmers-and-fishermen/,2026-07-14,scraped:Kilimo News - Policy
193,Agriculture,PSA,Farmers in West Pokot County can now access the newly launched Agripreneur Extension Program aimed at modernizing agricultural advisory services and enhancing productivity. Engage with local extension officers for support.,Wakulima katika Kaunti ya West Pokot sasa wanaweza kupata Programu ya Upanuzi wa Agripreneur iliyozinduliwa hivi karibuni inayolenga kuboresha huduma za ushauri wa kilimo na kuongeza uzalishaji. Wasiliana na maafisa wa upanuzi wa ndani kwa msaada.,Abakere ba West Pokot baria bwere na ibere naki nyasa ya Agripreneur Extension Program egia enyancha obwakire bwemoka bukhore bunyandika omogori. Naki bategere naki abanyamaki bende baria bageraniani.,Ng'ato mar Wuod Pokot nyaka riyo mar Agripreneur Extension Program nyaka remo mar konyo maler mari-gi kuom tich mar konyo ne owuon. Nyi piny gi joduogo ma onge duto.,Beeraleyda degmada West Pokot hadda waxay heli karaan barnaamijka cusub ee Agripreneur Extension Program oo loogu talagalay in lagu casriyeeyo adeegyada talo-bixinta beeraha iyo kordhinta wax-soo-saarka. La xidhiidh saraakiisha deegaanka si aad u hesho taageero.,https://kilimonews.co.ke/agriculture-policy/government-launches-agripreneur-extension-program-in-west-pokot-to-modernize-advisory-services/,2026-07-14,scraped:Kilimo News - Policy
194,Agriculture,PSA,"District Commissioners and Agricultural officials in Arusha, Kilimanjaro, Manyara, and Tanga regions must identify areas for productive agriculture, livestock, and fisheries.","Kamishna wa Wilaya na maafisa wa kilimo katika maeneo ya Arusha, Kilimanjaro, Manyara, na Tanga wanapaswa kubaini maeneo ya kilimo chenye tija, ufugaji wa mifugo, na uvuvi.","Abakuri b'amisari naki abashure bu Agikurora mu migitani ya Arusha, Kilimanjaro, Manyara na Tanga batarire ebuya bu bwaki bw'ogende, eng'ombe, naki siba.","Jokulu e District e Arusha, Kilimanjaro, Manyara, gi Tanga duto nyal golo tin ma ohero e higa mar gima e piny, ng'ato, gi kitgoyo.","Komishanada Degmada iyo xubnaha Beeraha ee gobolka Arusha, Kilimanjaro, Manyara, iyo Tanga waa in ay aqoonsadaan meelaha wax soo saarka beeralayda, xoolaha, iyo kalluumeysiga.",https://kilimonews.co.ke/agriculture-policy/tanzania-agcot-workshop-drives-northern-agriculture-planning/,2026-07-14,scraped:Kilimo News - Policy
195,Agriculture,PSA,Investment and skills integration are crucial for unlocking Africa's agrifood potential. Stakeholders are urged to engage in reforms and seek financing solutions to address existing challenges.,Uwekezaji na uunganisho wa ujuzi ni muhimu kwa kufungua uwezo wa kilimo na chakula barani Afrika. Washirika wanahimizwa kushiriki katika mabadiliko na kutafuta suluhu za ufadhili ili kushughulikia changamoto zilizopo.,Kugana na gutenda ekinyanya ni ng'enda ya mwabere ya gusora omokanya bwete bw'Afrika. Abakire batarera obwakire batarere bujige buja obwakire buya ore na orokire bujare.,Inwestimenti kod joma gima chako ni rwach dhok duto ka inyal tek kanyo mawero mar agrifood e Africa. Joma nyaka kik yat kanyo nyaluor kod iwach ni ng'ato mago ni kama ichung' goyo.,Maalgashiga iyo is-dhexgalka xirfadaha ayaa muhiim u ah furitaanka awoodda cunto-maaneynta Afrika. dhammaan daneeyayaasha ayaa lagu boorinayaa inay ka qaybqaataan dib-u-heshiisyo iyo inay raadiyaan xalal maalgelin si loo xalliyo caqabadaha jira.,https://kilimonews.co.ke/agriculture-policy/public-private-dialogue-highlights-need-for-investment-integration-and-skills-to-unlock-africas-agrifood-potential/,2026-07-14,scraped:Kilimo News - Policy
196,Agriculture,PSA,"The government has distributed three million bags of fertilizer at KSh 2,500 per bag to support seven million farmers in preparation for the upcoming long rains.","Serikali imepeleka mifuko milioni tatu ya mbolea kwa KSh 2,500 kwa mfuko kusaidia wakulima milioni saba kujitayarisha kwa mvua kubwa zinazokuja.","Obwaki bwakorete omokireri biri misa itatu ya ivagara na KSh 2,500 buya obokireri bwabwenanga buya buya bwi abane omorori batarakire omokiri ogwakana bosi.","Gavana odisore bag 3 million ma fertilizer e KSh 2,500 kanyere bag kuom ngima ngatach ohinga 7 million pacho nochi.","Dowladdu waxay qaybisay saddex milyan oo bac oo bacriminta ah oo qiimahoodu yahay KSh 2,500 bacdii si ay u taageerto todoba milyan oo beeralay ah oo diyaar garow ugu jiro roobabka dheer ee soo socda.",https://kilimonews.co.ke/agriculture-policy/government-disburses-3-million-bags-of-fertilizer-ahead-of-long-rains/,2026-07-14,scraped:Kilimo News - Policy
197,Agriculture,PSA,Marga Farmers' Cooperative Society is recommended for deregistration due to fraudulent activities. Coffee farmers in Murang'a County should stay informed about potential impacts on their operations.,Chama cha Ushirika wa Wakulima wa Marga kinapendekezwa kufutwa kutokana na shughuli za udanganyifu. Wakulima wa kahawa katika Kaunti ya Murang'a wanapaswa kubaki wakiwa na habari kuhusu athari zinazoweza kutokea kwa shughuli zao.,Marga Farmers' Cooperative Society nakiendo okagoreka bwakire buya bwakore buya. Abakora emikonde mu Murang'a County bagwete obokire biongozi bwachire mwokire buya bwaki.,Marga Farmers' Cooperative Society wan kony koro ginyalo tich gi tich mar ng'ado. Abaki ma ohinga kofi e Murang'a County peer ka wacha dede ng'ama ochako kanyal mar jodiko.,Ururka Iskaashatada Beeralayda Marga ayaa lagu talinayaa in laga diiwaan gashado sababo la xiriira wax isdabamarin ah. Beeraleyda kafee ee Gobolka Murang'a waa in ay ka war hayaan saameynta suurtagalka ah ee ay ku yeelan karto hawlgalkooda.,https://kilimonews.co.ke/agriculture-policy/probe-recommends-marga-farmers-cooperative-society-deregistration-over-irregularities-and-fraud/,2026-07-14,scraped:Kilimo News - Policy
198,Agriculture,PSA,"The implementation of the CMA Coffee Exchange (Fees) Regulations, 2024, is suspended for six months. Farmers and stakeholders are urged to participate in consultations during this period.","Utekelezaji wa Kanuni za Malipo za Mabadilishano ya Kahawa za CMA, 2024, umesimamishwa kwa muda wa miezi sita. Wakulima na wadau wanakumbushwa kushiriki katika mashauriano wakati huu.","Kunyasa kwa CMA Coffee Exchange (Fees) Regulations, 2024, kuyabaki kwang’ama mwaki nane. Abaki na abaki benga bosi bwaki chimbia buse bwebwaki mwaki ino.","Ng'at mar CMA Coffee Exchange (Fees) Regulations, 2024, omiyo nyalo ginyiso mokuongo six. Waluo mar farmers kod michiwo tinde giye ekuom eto trong' diana.","Soo-rogidda Sharciga Kharashaadka Sarrifka Kafeega ee CMA (Canshuuraha), 2024, ayaa la hakiyay muddo lix bilood ah. Beeraleyda iyo daneeyayaasha waxaa lagu boorinayaa inay ka qayb qaataan wadatashiyada muddadan.",https://kilimonews.co.ke/agriculture-policy/what-the-court-suspended-in-the-capital-markets-authority-cma-coffee-exchange-fees-regulations-2024/,2026-07-14,scraped:Kilimo News - Policy
199,Agriculture,PSA,"KALRO and FAO are developing a new strategy to boost livestock trade in Eastern Africa. Stakeholders in Kenya, Somalia, Tanzania, and Uganda are encouraged to enhance biosafety and traceability systems.","KALRO na FAO wanaandaa mkakati mpya wa kuongeza biashara ya mifugo katika Afrika Mashariki. Washikadau nchini Kenya, Somalia, Tanzania, na Uganda wanahimizwa kuboresha mifumo ya usalama wa kibaolojia na ufuatiliaji.","KALRO na FAO boro buya omogogoti orenge otere buya ikereri bujonjogi mu Kisii. Abakire boraganja mu Kenya, Somalia, Tanzania, na Uganda borogoya buya naki koje na buya okore.","KALRO kod FAO ne ok nyaka mwakanyo nyakach ma oketo choko ma nyaka timo ng'ato e Homeland Africa. Wuoyo ma en e Kenya, Somalia, Tanzania, kod Uganda ne omiyo okonyo nyaka tewuok mar biosafety kod traceability.","KALRO iyo FAO waxay horumarinayaan istiraatiijiyad cusub si kor loogu qaado ganacsiga xoolaha Bariga Afrika. Dadka danaynaya ee ka socda Kenya, Soomaaliya, Tanzania, iyo Uganda waxaa lagu dhiirrigelinayaa inay xoojiyaan nidaamka badbaadada noolaha iyo raadraaca.",https://kilimonews.co.ke/agriculture-policy/kalro-fao-push-new-regional-strategy-to-boost-eastern-africas-livestock-exports/,2026-07-14,scraped:Kilimo News - Policy
200,Agriculture,PSA,"Beginning November 2023, workshops will be held in Busia, Malaba, and Namanga to train border officers on detecting illegal pesticides. All stakeholders in agriculture are encouraged to participate.","Kuanzia Novemba 2023, semina zitaandaliwa mjini Busia, Malaba, na Namanga kutoa mafunzo kwa maafisa wa mipakani juu ya kugundua pesticides haramu. Wadau wote katika sekta ya kilimo wanahimizwa kushiriki.","Eka November 2023, workshop zitaishani Busia, Malaba, na Namanga mo getaki abenshi bikonyari bosi ekibori obokiriri oboejemo. Abamanya abaki bosi omogaberi batarwanire omokiro.","Bende kuom November 2023, walogore magi e Busia, Malaba, na Namanga oketi goyo piny ngima mag jowinjo kuom joma ng'eyo e dala. Gino ng'wech mara e piny ngima ohere gi nango.","Lagu qaban doono aqoon-is-weydaarsiyo magaalada Busia, Malaba, iyo Namanga laga bilaabo Noofambar 2023 si loo tababbaro saraakiisha xuduudaha ee ogaanshaha jeermiska sharci-darrada ah. Dhamaan daneeyayaasha beeralayda waxaa lagu boorinayaa inay ka qeyb qaataan.",https://kilimonews.co.ke/agriculture-policy/regional-stakeholders-unite-to-fight-illegal-pesticides-in-east-africa/,2026-07-14,scraped:Kilimo News - Policy
201,Agriculture,PSA,"Farmers can now save, share, and exchange indigenous seeds without fear of criminal penalties. This ruling supports traditional farming practices vital for food security and livelihoods.","Wakulima sasa wanaweza kuhifadhi, kushiriki, na kubadilishana mbegu za asili bila hofu ya adhabu za jinai. Uamuzi huu unaunga mkono njia za kifiashara za jadi zinazohitajika kwa usalama wa chakula na maisha.","Abagikoni baretang'ire okuigana, ogwendete, na ogwenzire emere ya asibwa naki ogere eno naki ogore oremoka. Omerenda ino emonyere okiretu bwogenda busebu bwemere na obogirori.","Mano maber! Waruon gin chike, buo, kapok ni tije mar seed mar wanga, wang'ni ng'ama en kama ochom mar e gingo. Ruling yiwruok mar jaramogi mar kanyango nyasi kuom lweny kendo jodong' e lweti.","Beeraleydu hadda way ku kaydsan karaan, wadaagi karaan, oo badali karaan abuurka asalka ah iyada oo aan laga baqayn cunaqabateyn dambi. Go’aankan wuxuu taageerayaa hababka dhaqameed ee beeraleyda oo muhiim u ah amniga cuntada iyo nolol-maalmeedka.",https://kilimonews.co.ke/agriculture-policy/landmark-ruling-nullifies-criminal-penalties-for-farmers-trading-indigenous-seeds/,2026-07-14,scraped:Kilimo News - Policy
202,Agriculture,PSA,"Taita Taveta County has endorsed a private developer to modernize the Bachuma Livestock Quarantine Station, enabling better access to international livestock markets.","Kaunti ya Taita Taveta imeidhinisha mwekezaji wa kibinafsi kuboresha Kituo cha Kujitenga cha Mifugo cha Bachuma, kuruhusu ufikivu mzuri zaidi kwa masoko ya kimataifa ya mifugo.","Kaunti ya Taita Taveta imetambua mwekezaji binafsi kuendesha kisasa Kituo cha Kiwango cha Mifugo cha Bachuma, ikimuwezesha upatikanaji bora kwenye masoko ya kimataifa ya mifugo.","Kaunti Taita Taveta oigo chiemo developer ma ok nyal modhi chier Bachuma Livestock Quarantine Station, nyak e yo konyruok e yie mar nyisruok machal.","Degmada Taita Taveta waxay taageertay horumariyaha gaarka ah si loo casriyeeyo Xarunta Quarantine-ka Xoolaha ee Bachuma, taas oo fududaynaysa helitaanka suuqyada xoolaha caalamiga ah.",https://kilimonews.co.ke/agriculture-policy/taita-taveta-endorses-private-investor-to-revive-bachuma-livestock-quarantine-station/,2026-07-14,scraped:Kilimo News - Policy
203,Agriculture,PSA,Farmers and agribusiness stakeholders in Kenya's livestock sector are encouraged to engage in market coordination and investment opportunities to enhance competitiveness and boost exports.,Wakulima na wadau wa biashara ya kilimo katika sekta ya mifugo nchini Kenya wanahimizwa kujihusisha katika uratibu wa masoko na fursa za uwekezaji ili kuongeza ushindani na kuimarisha usafirishaji wa bidhaa za nje.,Abagere na abashambani baki Kenya mu inyuokire y'amatunda baria baeng'ang'ana mu kuria naki nyang'anya na emokigori mabe na boki buoka omokiri bwokinyia na kuboka biji.,"Jok maber manok gi lweny kanyaluo e Kenya ne okanyiny ei chalo mar lweny manok. Koro owinj gichako mar lweny, kendo okonyo chalo chaluok ma okonji.",Beeraleyda iyo daneeyayaasha ganacsiga xoolaha ee Kenya waxaa lagu dhiirigelinayaa inay ka qeyb qaataan isku xirka suuqyada iyo fursadaha maalgelinta si loo kordhiyo tartanka iyo loo xoojiyo dhoofinta.,https://kilimonews.co.ke/agriculture-policy/kenyas-livestock-sector-gears-up-for-growth-through-market-coordination-investment-deals/,2026-07-14,scraped:Kilimo News - Policy
204,Agriculture,PSA,Kenyan coffee farmers are encouraged to participate in the Coffee Revitalization Program to benefit from reforms and support aimed at increasing production and exports.,Wakulima wa kahawa Kenya wanahimizwa kushiriki katika Mpango wa Kuimarisha Kahawa ili kufaidika na mabadiliko na msaada unaolenga kuongeza uzalishaji na usafirishaji.,Abagiri b’ekibunguo bana nyakizi buya kukang'ana mu Ekorokoti ya Kawa kwekugabana na miungano eyabaramakiye okwang'ana okubong'anya ekabuni na ekoreshi.,"Ababoli kawe mar Kenya en nyal duto ka ochok ki Coffee Revitalization Program, mondo en ng'ato gi chike buo to nyal chiel e kendo yo keth nyithindo gi kachien gi maler.",Farmers-ka bunka ee Kenya waxaa lagu dhiirrigelinayaa inay ka qaybqaataan Barnaamijka Dib-u-habaynta Bunkasta si ay uga faa'iidaystaan dib-u-habaynta iyo taageerada loo qorsheeyey si kor loogu qaado waxsoosaarka iyo dhoofinta.,https://kilimonews.co.ke/agriculture-policy/stirred-not-spent-kenyas-coffee-sector-brews-a-fresh-start/,2026-07-14,scraped:Kilimo News - Policy
205,Agriculture,PSA,Kenya is drafting a National Marine Spatial Plan to guide sustainable ocean resource use and promote the Blue Economy; completion is expected by June 2026.,Kenya inatunga Mpango wa Kitaifa wa Nafasi za Baharini ili kuongoza matumizi endelevu ya rasilimali za baharini na kukuza Uchumi wa Buluu; kukamilika kunatarajiwa kufanyika ifikapo Juni 2026.,Kenya ikorania Onyiso buya buya bw'ekigori chire buya chire bw'okusomeka bw'ogokire na korera Blue Economy; kondere eya ogechogori juwa 2026.,Kenya en gi gikwang' ma-National Marine Spatial Plan kuom chiegni mag ng'ae kata gin bende ohinga Blue Economy; kata mabor gikonyo kendo nigi kuome ji nyaka June 2026.,Kenya waxay diyaarinaysaa Qorshaha Qaranka ee Badaha si ay u hageyso isticmaalka kheyraadka badaha si waara iyo kor loogu qaado Dhaqaalaha Buluug; dhammaadka waxa la filayaa inuu dhammaystirmo bisha Juun 2026.,https://kilimonews.co.ke/agriculture-policy/kenya-drafts-20-year-marine-spatial-plan-to-unlock-blue-economy-potential/,2026-07-14,scraped:Kilimo News - Policy
206,Agriculture,PSA,"Smallholder tea farmers are urged to stay informed about this year's bonus payments, which have been affected by external market conditions.","Wakulima wadogo wa chai wanahimizwa kubaki na taarifa kuhusu malipo ya ziada ya mwaka huu, ambayo yameathiriwa na hali ya soko la nje.","Abagari batega tea baria bagarire bano ore bakiizire kwororera mbere ya bonus bano bw’ene, bwerekane buya nibwaki ibaraki buya bw’ene buye.","Owuon magi nyasaye ka gi joma tich koro duto mar dipo puonjore, ma ok oting'ore kendo adhiok gi kasetori kuom tich mago.","Farmers-yada shaaha yar yar waxaa lagu boorinayaa inay wargeliyaan lacagaha abaalmarinta sanadkan, kuwaas oo saameynaya xaaladaha suuqa dibadda.",https://kilimonews.co.ke/agriculture-policy/government-unveils-reforms-to-address-low-tea-bonus-payments/,2026-07-14,scraped:Kilimo News - Policy
207,Agriculture,PSA,"Farmers and agribusiness stakeholders are encouraged to embrace unified agricultural extension services as discussed in the National Agricultural Extension Conference held on September 16-17, 2025.","Wakulima na wadau wa biashara za kilimo wanahamasishwa kukubali huduma za upanuzi wa kilimo zilizounganishwa kama ilivyojadiliwa katika Kongamano la Kitaifa la Upanuzi wa Kilimo lililofanyika tarehe 16-17 Septemba, 2025.","Abagere na abashibori bakiiba basagire eng'anya y'aborogori ku naki bw'ogotagorokire mu Naki ya Mwamogorokire ya Abagere buya bwong'ogotiena 16-17, 2025.","Dala gi joma tich agri e nyaka itwalo mondo bende gieyo kech e wacho mar kony kanyakla ma en neno e Ndogo mar Kony Kanyakla, mabor e September 16-17, 2025.","Beeraleyda iyo daneeyayaasha ganacsiga beera waxaa lagu boorinayaa inay qaataan adeegyada isku dhafan ee korontada beeraha sida lagu falanqeeyay Shirweynaha Qaranka ee Korontada Beeraha oo la qabtay 16-17 Sebtembar, 2025.",https://kilimonews.co.ke/agriculture-policy/breaking-silos-kefaas-conference-pushes-for-unified-extension-systems/,2026-07-14,scraped:Kilimo News - Policy
208,Agriculture,PSA,Ethiopia has launched the second phase of its Agricultural Commercialization Clusters Program to support smallholder farmers. Farmers should engage with the program to improve productivity and market access.,Ethiopia imeanzisha hatua ya pili ya Mpango wa Vikundi vya Biashara za Kilimo kusaidia wakulima wadogo. Wakulima wanapaswa kushiriki katika mpango huu ili kuboresha uzalishaji na upatikanaji wa soko.,Ethiopia igebogorie echekenyanga ya kabiri ya Programu ya Kukoroganya Kihanda kka Wakulima abato. Wakulima basorane n’iyoyu programa kugira ng’ohorere obukorino na nangezi y’okohora.,Ethiopia omedh nyaka oseyore moloyo ma timo e Agri-Cultural Commercialization Clusters Program kuom timo ndalo gi joma neno. Joma neno nyaka omak gi program ma okonygi mag timo golo gi neno.,Itoobiya waxay bilawday marxaladihii labaad ee Barnaamijka Guryo Ganacsi ee Beeraha si ay u taageerto beeraleyda yaryar. Beeraleydu waa inay ka qaybqaataan barnaamijkan si ay u hagaajiyaan wax-soo-saarka iyo helitaanka suuqyada.,https://kilimonews.co.ke/agriculture-policy/ethiopia-launches-second-phase-of-agricultural-commercialization-clusters-program/,2026-07-14,scraped:Kilimo News - Policy
209,Agriculture,PSA,Private sector stakeholders are encouraged to invest in agricultural value chains and cooperatives under the $300 million Tanzania Food Systems Resilience Program.,Wadau wa sekta binafsi wanahimizwa kuwekeza katika minara ya thamani ya kilimo na ushirika chini ya Mpango wa Uthabiti wa Mifumo ya Chakula wa Tanzania wa dola milioni 300.,Abakire b’amasoko batarenda bakenyeria enyinyo mu migoyori y’egikoni n’amasoko matigana munsi ya $300 miriyoni Tanzania Food Systems Resilience Program.,"Tichni gi buya ma ok nyisi ni nyimgo chiegni gi tich e piny Tanzania Food Systems Resilience Program, ma nyereka $300 million.",Waxaa lagu boorinayaa qaybaha gaarka ah inay maalgashadaan silsiladaha qiimaha beeraha iyo iskaashatada iyada oo lagu jirto Barnaamijka Iyada oo lagu Taageerayo Nidaamyada Cuntada Tanzania oo qiimahiisu yahay $300 milyan.,https://kilimonews.co.ke/agriculture-policy/tanzania-world-bank-review-300m-food-systems-resilience-program/,2026-07-14,scraped:Kilimo News - Policy
210,Agriculture,PSA,"Tanzania's Agriculture Development Fund is now available to finance strategic agricultural projects. Farmers and agribusinesses are encouraged to apply for support in infrastructure, inputs, and subsidies.","Mfuko wa Maendeleo ya Kilimo wa Tanzania sasa upo tayari kufadhili miradi ya kimkakati ya kilimo. Wakulima na biashara za kilimo wanah encouraged kuomba msaada kwa ajili ya miundombinu, vifaa, na ruzuku.","Ekafundisi ya Inkaanga ya Tanzania ikareriire okokora mirongo yeng'ana. Abakiri baki chimbire buya na abakora inyakanga babiriwe kogeza okusabikireki abwaki, emetenge, na obwakiri.","Chin kanyal gi fund mar Agriculture Development e Tanzania ohinga kuom kanyas mar strategik. Bantu mar shamba ni agri-business wacho ni oting' konyu gi ng'ato ni infrastruktur, inputs, gi subsidies.","Fondo Dhaqaalaha Horumarinta Beeraha ee Tanzania hadda waa la heli karaa si loo maalgaliyo mashaariicda beeraha istaraatiijiga ah. Beeralayda iyo ganacsiyada beeraha waxaa lagu boorinayaa inay codsadaan taageero dhismaha, agabka, iyo kaalmada.",https://kilimonews.co.ke/agriculture-policy/tanzanias-agriculture-development-fund-to-finance-strategic-projects/,2026-07-14,scraped:Kilimo News - Policy
211,Agriculture,PSA,Young Kenyan agricultural professionals can apply for a Master's degree in Resource Utilization and Plant Protection at China Agricultural University through KeFAAS. Apply now!,Vijana wataalamu wa kilimo nchini Kenya wanaweza kuomba digrii ya Uzamili katika Matumizi ya Rasilimali na Ulinzi wa Mimea katika Chuo cha Kilimo cha China kupitia KeFAAS. Omba sasa!,Abakiri abaki na bw'ogori b'ekibere b'ekasi ba Kenia bakanidiga kw'ori bw'ehiga bw'oguo bw'ekirori na bw'odida bu China Agricultural University kubwan'g'osio bwa KeFAAS. Onyaki mwakire!,Kikuyu gima ng'ato mar jothurwa magi kuom nanga kuom Master's degree konyo Resource Utilization kod Plant Protection e China Agricultural University ma ke nyalo timo kuom KeFAAS. Timo nigi!,Dhallinyarada xirfadlayaasha beeraha ee Kiinya waxay codsan karaan shahaadada Masterka ee Isticmaalka Kheyraadka iyo Ilaalinta Dhirta ee Jaamacadda Beeraha ee Shiinaha iyada oo loo marayo KeFAAS. Hada codso!,https://kilimonews.co.ke/agriculture-policy/kefaas-sends-young-professionals-to-china-in-agricultural-exchange-programme/,2026-07-14,scraped:Kilimo News - Policy
212,Agriculture,PSA,"The government is distributing 2,810 Galana goats in Samburu County to improve livestock breeds. Farmers are urged to allow extension officers to vaccinate their animals during the upcoming mass vaccination exercise.","Serikali inagawa mbuzi 2,810 wa Galana katika Kaunti ya Samburu kuboresha mifugo. Wakulima wanakumbushwa kuwa ruhusu maafisa wa ugani kuwapatia chanjo wanyama wao wakati wa zoezi la chanjo kwa wingi lijalo.","Abagere ba serikali banochana 2,810 ebiwori bi Galana mu Samburu County buya boki chimbundu. Ababere batiri biberia bamisekere bumakiri bategotere bikwenda bosi bwenyabaki bware buya.","Gavernoma nitie kuthe 2,810 Galana ng’ombe e Samburu County kuom nyieno mar ng’ombe. Waduong’ kata piny wacho ni ne okeli dhak gima nyalo konyi kuom mudho mabor e odhiambo mar thok mang’ongo.","Dowladda waxay faafinaysaa 2,810 ari Galana ah oo ku yaal Gobolka Samburu si kor loogu qaado noocyada xoolaha. Ficil ahaan, beeraleyda waxaa lagu boorinayaa inay fasaxaan shaqaalaha kordhinta inay tallaalaan xoolahooda intii lagu jiro hawsha tallaalka ballaaran ee soo socota.",https://kilimonews.co.ke/agriculture-policy/government-steps-up-livestock-breeding-efforts-in-samburu-to-boost-exports/,2026-07-14,scraped:Kilimo News - Policy
213,Agriculture,PSA,Farmers are urged to report any suspected sale or distribution of fake seeds to the Tanzania Official Seed Certification Institute (TOSCI) or the Prevention and Combating of Corruption Bureau (PCCB).,Wakulima wanahimizwa kuripoti mauzo au usambazaji wowote wa mbegu feki kwa Taasisi ya Sertifikesheni ya Mbegu Tanzania (TOSCI) au Ofisi ya Kuzuia na Kupambana na Rushwa (PCCB).,Abakiro bakiire baberere chintire chire bw'aki murubori bw'enge bwere oria bw'ogusenga oria bw'aki bwere bobi bw'ora bwasiri bw'osetekete oria bw'aki bwere bw'otò nakiye bw'ogenge bwi'na TOSCI nakiye PCCB.,Okwero ma oket e yo ng'ayo mar kanyo kendo joo nigi gi ng'ato ka oting' konyo mar dholuo to ji Tanzania Official Seed Certification Institute (TOSCI) ma kendo Prevention and Combating of Corruption Bureau (PCCB).,Beeraleyda waxaa lagula talinayaa inay soo wargeliyaan iibinta ama qaybinta abuur been abuur ah ee ay shaki ka qabaan hay'adda Shahaadada Abuurka Tanzania (TOSCI) ama Xafiiska Ka Hortagga iyo La Dagaallanka Corruption (PCCB).,https://kilimonews.co.ke/agriculture-policy/agriculture-minister-orders-crackdown-on-fake-seeds-in-tanzania/,2026-07-14,scraped:Kilimo News - Policy
214,Agriculture,PSA,"Duty-free rice imports are now limited to 250,000 tonnes, with a new import deadline of October 31, 2025. Stakeholders should plan accordingly.","Uagizaji wa mchele bila kodi sasa umepungukiwa hadi tani 250,000, na tarehe mpya ya mwisho ya kuagiza ni tarehe 31 Oktoba 2025. Wadau wanapaswa kupanga ipasavyo.","Omosagano bwaki bw’abiiga bwakire buya bw’amatanirika 250,000, na oria bw’abiiga eke naki ya mwaki wa Oktoba 31, 2025. Abakora waki batoshere.","Mizeng' ni rice obet ng'wer 250,000 tonnes, kendo konyu obet manok ni Okotber 31, 2025. Jowang' ni nyalo wiyogo chiegni.","Iibka bariiska bilaashka ah hadda waxaa lagu xaddiday 250,000 tan, iyadoo waqtiga cusub ee iibka uu yahay 31ka Oktoobar, 2025. Qaybaha danaynaya waa inay qorsheeyaan sida ku habboon.",https://kilimonews.co.ke/agriculture-policy/high-court-limits-duty-free-rice-imports-to-250000-tonnes/,2026-07-14,scraped:Kilimo News - Policy
215,Agriculture,PSA,Farmers in Rift Valley and Western regions are encouraged to diversify by growing coffee alongside maize to enhance household income while ensuring food security.,Wakulima katika maeneo ya Rift Valley na Magharibi wanahimizwa kubadilisha shughuli zao kwa kulea kahawa pamoja na mahindi ili kuongeza mapato ya kaya na kuhakikisha usalama wa chakula.,Abarebu naki Rift Valley na maeneo maekorere ba nyuma bakenya buya buseka omogari bwaki ng'ende naki ughore naki omogendi bwaki okariri omong'ina.,"Abet gi kawuono e Rift Valley kod Western, nogenda kuom nying' adhi mbaka, ka tich duong' gi ugenyi maiko manade dhako ka oting'o konyo.",Beeraleyda Gobolka Rift Valley iyo Galbeedka waxaa lagu boorinayaa inay kala duwanaadaan iyagoo beeranaya bunka iyo dhajis si ay kor ugu qaadaan dakhliga gurigooda isla markaana ay hubiyaan amniga cuntada.,https://kilimonews.co.ke/agriculture-policy/kenyas-coffee-production-a-case-for-agricultural-diversification/,2026-07-14,scraped:Kilimo News - Policy
216,Agriculture,PSA,The COMESA Competition Commission is intensifying oversight in agriculture and food markets for 2024 to ensure competitive practices and consumer welfare. Stakeholders are encouraged to engage with the Commission's findings.,Tafiti ya Tume ya Ushindani ya COMESA inaimarisha ufuatiliaji katika kilimo na masoko ya chakula mwaka 2024 ili kuhakikisha kuna ushindani mzuri na ustawi wa watumiaji. Washikadau wanahimizwa kushiriki katika matokeo ya Tume.,Komisheni ya Ushindani ya COMESA inaongeza ukaguzi katika sekta ya kilimo na masoko ya chakula mwaka wa 2024 ili kuhakikisha mwenendo wa ushindani na ustawi wa watumiaji. Wadau wanahimizwa kuhusika na matokeo ya Komisheni.,"COMESA Competition Commission nyal mar teko duto e nyathi gi lum mar e ogrong’ kendo idhi ma nyakayo kanyir 2024, kido mar nyaka ji ma okinyi kendo poge duto. Ji nyalo pas nyiso chiemo duto ma nyisung’ e Commission.",Guddiga Tartanka COMESA wuxuu xoojiyey kormeerka gudaha beeraha iyo suuqyada cuntada sanadka 2024 si loo hubiyo dhaqamada tartanka iyo danta macaamiisha. Dhamaan dhinacyada la xiriira ayaa lagu dhiirrigelinayaa inay la xiriiraan natiijooyinka Guddiga.,https://kilimonews.co.ke/agriculture-policy/comesa-competition-commission-intensifies-oversight-in-agriculture-and-food-markets-across-comesa-region/,2026-07-14,scraped:Kilimo News - Policy
217,Agriculture,PSA,Marsabit County pastoralists can now access support for smallholder fish farming as a climate adaptation strategy. Contact the county's fisheries directorate for more information.,Wafugaji wa kaunti ya Marsabit sasa wanaweza kupata msaada wa ufugaji samaki wa wakulima wadogo kama mkakati wa kukabiliana na mabadiliko ya tabianchi. Wasiliana na idara ya uvuvi ya kaunti kwa maelezo zaidi.,Abakorishe bakiire ba Marsabit baria naweka buya bwenge buya bwomogire buya bwokonyera mbwela. Bwakioria buya bwakori buya boti bwokeri buya boke.,Jowi Marsabit nyisera mag joma chwe mang'ere gi ng'ato ma oketach pe ng'weny konyo jodongo masabo. Bwakni gi jomoko mar luoro mar jowi ka ng'eyo.,Ra'yidka xoolo-dhaqatada ee Gobolka Marsabit hadda waxay heli karaan taageero ku saabsan beeralayda kalluunka yar sida istiraatiijiyad loogu qabsanayo isbeddelka cimilada. La xidhiidh xafiiska kalluumeysiga ee degmada wixii macluumaad dheeraad ah.,https://kilimonews.co.ke/agriculture-policy/marsabit-pastoralists-turn-to-aquaculture-to-combat-drought-and-food-insecurity/,2026-07-14,scraped:Kilimo News - Policy
218,Agriculture,PSA,Farmers and agribusiness stakeholders are reminded that a geo-mapping initiative for coffee farms is underway to meet EU Deforestation Regulation requirements. Completion is expected in two months.,Wakulima na wadau wa kilimo wanakumbushwa kuhusu mpango wa ramani za kijiografia wa mashamba ya kahawa unaoendelea kutekelezwa ili kutimiza mahitaji ya Kanuni za Kuondoa Misitu za EU. Kumalizika kunatarajiwa ndani ya miezi miwili.,"Abakireti nakiogenda bategereje n'ekigendo ky'ekigabano ekikuru omokireri gwa coffee kiremiire, kugeka mikongoi y'ekidagire andiri y'EU. Ekitokio kiring'ane bwerebwe ikibiri.",Okwany pe tiyo kanyakla uwoya duto k’otieng’ gi lweny ng’ato mar lweny-ng’eyo k’onyi gi EU Deforestation Regulation. Omore nyaka yowe e ndalo abiriyo.,Beeraleyda iyo daneeyayaasha ganacsiga beera waxaa lagu xasuusinayaa in hawlgal khariidadeyn dhuleed oo loogu talagalay beero kafee uu socdo si loo waafajiyo shuruudaha Xeerka Dhoofinta EU. Waxay la filayaan in la dhammeeyo laba bilood oo gudaheed.,https://kilimonews.co.ke/agriculture-policy/geo-mapping-of-coffee-farms-underway-as-kenya-races-to-meet-eu-deforestation-deadline/,2026-07-14,scraped:Kilimo News - Policy
219,Agriculture,PSA,The Agriculture and Food Authority (AFA) has set new minimum prices for wheat for the 2025/2026 season. Millers must purchase local wheat in proportion to their import quotas.,Mamlaka ya Kilimo na Chakula (AFA) imeweka bei mpya za chini za ngano kwa msimu wa 2025/2026. Wanaokoboa lazima wakanunue ngano ya ndani kwa uwiano wa vikomo vyao vya uagizaji.,Abagachori b'Abantu n'Enyanya (AFA) bakwete mena bosi bosi bwa busasu bw'echibere cha 2025/2026. Abashoreri bategana kung'ana busasu bw'ekegusii aha burokore bwabo.,"Akae gi Chenje Dala (AFA) oluoch gi tere maber makamoro ng’ato kendo makwongo mar ugi 2025/2026. Wajol mollo wacho kawuono piny maler kendo jochak joma ohingo, gima omer riek.",Hay'adda Beeraha iyo Cuntada (AFA) waxay dejisay qiimo cusub oo ugu yaraan ah sonkorta xilliga 2025/2026. Mashiinleyda waa inay iibsadaan sonkor maxalli ah oo u dhiganta qaybaha ay ka haystaan.,https://kilimonews.co.ke/agriculture-policy/afa-sets-new-minimum-wheat-prices-for-2025-2026-season/,2026-07-14,scraped:Kilimo News - Policy
220,Agriculture,PSA,"Kenyan farmers are encouraged to participate in the new rice seed development initiative in partnership with South Korea, aimed at boosting local production to meet rising demand.","Wakulima wa Kenya wanahimizwa kushiriki katika mpango mpya wa ukuzaji wa mbegu za mchele kwa ushirikiano na Korea Kusini, unaokusudia kuongeza uzalishaji wa ndani ili kukidhi ongezeko la mahitaji.","Abagari b'aki Kenya barorere gusoma murimi omogori ogwakire waki enikere na South Korea, ogwakore okugogocha omotogori ogwakire omokiri.","Olok Kanya gin mwal gi ni wawinjore kod kuoro mar rice, mwakinyi kendo gi South Korea, kuom nend gi yweyo kendo gite konyo tere kuom bed gi gi kwete.","Beeraleyda Kenya ayaa lagu boorinayaa inay ka qaybqaataan dadaalka cusub ee koritaanka abuurka shaadiin, oo ah iskaashi lala sameeyay Korea Koonfureed, si loo xoojiyo soo saarista maxalliga ah ee lagu daboolayo dalabka korodhay.",https://kilimonews.co.ke/agriculture-policy/kenya-korea-partner-to-boost-rice-production-and-cut-imports/,2026-07-14,scraped:Kilimo News - Policy
221,Agriculture,PSA,Farmers are encouraged to continue improving agricultural output to support food security. Enhanced financial governance in cooperatives is critical for maximizing exports.,Wakulima wanashauriwa kuendelea kuboresha uzalishaji wa kilimo ili kusaidia usalama wa chakula. Usimamizi mzuri wa fedha katika vyama vya ushirika ni muhimu ili kuongeza mauzo nje.,Abagere bategere inyasa ubere obwakore bujengeka buya busibori okwigana omogusii. Omogore bori obwakireri mu bikononi bwakirete cha kera okwigana omokiri.,Nakiwowe pod nyalo gamo kelo mar kanyadhumo to ok gi jo mwakali. Karanja ma ok ayie ong'ere ni ng'ato konyi gi ng'ato amam e cooperatives piny to gima en chuth ng'ato gi chuth.,Beeraleyda waxaa lagu dhiirrigelinayaa inay sii wadaan korodhka wax soo saarka si loo taageero amniga cuntada. Maareynta maaliyadeed ee lagu xoojiyo iskaashatada ayaa muhiim u ah kordhinta dhoofinta.,https://kilimonews.co.ke/agriculture-policy/biteko-hails-farmers-for-boosting-food-security-urges-further-reforms-in-agriculture/,2026-07-14,scraped:Kilimo News - Policy
222,Agriculture,PSA,The Kenyan government will distribute 500 million coffee seedlings to farmers this year. Primary coffee cooperatives must submit proposals for the types of seedlings needed.,Serikali ya Kenya itasambaza miche milioni 500 ya kahawa kwa wakulima mwaka huu. Ushirikiano wa kahawa wa msingi lazima uwasilishe mapendekezo ya aina za miche inayohitajika.,Abana bayo eshoka y’ogusii baire 500 miriyoni ya mbiru ya kahawa kumakiri egeserano ino. Abakoperetivienyi ya kahawa batakire omotendi bende bwanaki mbiru eziretenye.,Bunde ma Kenya owinjigo 500 million epuonj ohala gi joma wacho jaker. Jomoko ma oseth epuonj ohala dhako nyaka nyal tikni proposal ma okabich aoriongi.,Dowladda Kenyan waxay faafin doontaa 500 milyan oo geed iyo beer qaxwo ah sanadkan. Ururada aasaasiga ah ee qaxwada waa inay soo gudbiyaan soo-jeedimo noocyada dhirta loo baahan yahay.,https://kilimonews.co.ke/agriculture-policy/kenyan-government-plans-massive-coffee-seedlings-distribution/,2026-07-14,scraped:Kilimo News - Policy
223,Agriculture,PSA,The government is piloting an Animal Identification and Traceability System (ANTITRAC) to improve livestock management. Expect nationwide rollout soon; ensure your animals are registered.,Serikali inaanzisha mfumo wa Utambuzi na Ufuatiliaji wa Mifugo (ANTITRAC) kuboresha usimamizi wa wanyama. Tarajia kuanzishwa kwa kitaifa hivi karibuni; hakikisha mifugo yako imeandikishwa.,"Oria ogenda omosibiri ekiga na Omosera Ochire (ANTITRAC) okubwenuya oboreri bwenge. Naki buya bwakire omogenda, omokore buya buora bwendo bwanga naki.",Jungo okonyo tich mag kit duto ka tichni ng'ato mar Animal Identification and Traceability System (ANTITRAC) kuwe tichogo manieka ma ng'ombe. Tichno yieng' mar piny; tiyo nyiso ng'ombe dako.,Dowladdu waxay tijaabinaysaa Nidaamka Aqoonsiga iyo Raadiyaha Xoolaha (ANTITRAC) si loo hagaajiyo maaraynta xoolaha. Sug in la hirgeliyo guud ahaan dalka dhawaan; hubi in xoolahaaga la diiwaangeliyo.,https://kilimonews.co.ke/agriculture-policy/government-piloting-animal-chip-identification-system/,2026-07-14,scraped:Kilimo News - Policy
224,Agriculture,PSA,Farmers are urged to cease the use of hazardous pesticides that harm food safety and the ecosystem as the government phases out these products. Ensure compliance with the ban to protect consumer health.,Wakulima wanashauriwa kuacha matumizi ya viuatilifu hatari vinavyohatarisha usalama wa chakula na mfumo ikolojia kwani serikali inaondoa bidhaa hizi. Hakikisha unafuata amri hii kulinda afya ya watumiaji.,Abakiri baisang'ana boko omokireri bwiire buse wege na bienyisia obwakorechire abwaki obwakire bwaki buse burokorere bwigere. Naki mwakiigena ogendaki obwakire buse bobwaki bwobaangi.,Omuoyo wadhiyo kendo riyo ka chak moloyo ni gisebedo kendo gima giyudo marondruok. Wathogruok ka chier gima olero mamoko bende piny maruok.,Farmers waxaa lagu boorinayaa inay joojiyaan isticmaalka sunta waxyeellada leh ee khatar gelinaysa badbaadada cuntada iyo deegaanka maadaama dowladda ay ka saarayso alaabtan. Hubi inaad u hoggaansanto mamnuuca si aad u ilaaliso caafimaadka macaamiisha.,https://kilimonews.co.ke/agriculture-policy/kenaff-backs-pesticide-ban-as-it-focuses-on-digital-extension-tools-for-farmers/,2026-07-14,scraped:Kilimo News - Policy
225,Agriculture,PSA,"Farmers in Uganda are advised to note the recent decline in coffee prices: Robusta (FAQ) now at UGX 10,000-11,000, Kiboko at UGX 5,000-5,500, and Arabica at UGX 14,000-15,000. Adjust your sales accordingly.","Wakulima nchini Uganda wanashauriwa kufahamu kushuka kwa bei za kahawa: Robusta (FAQ) sasa iko kati ya UGX 10,000-11,000, Kiboko kati ya UGX 5,000-5,500, na Arabica kati ya UGX 14,000-15,000. Badilisha mauzo yako ipasavyo.","Abana ba mirima e Uganda baria na naki akiriani amang'ana matire emokiri oria: Robusta (FAQ) ekire naki UGX 10,000-11,000, Kiboko ekire naki UGX 5,000-5,500, naki Arabica ekire naki UGX 14,000-15,000. Nokenye emetegere oria.","Wamochi ku Uganda wabiro bende ng'weyo gichal ginyalo weng'ere nolweny ku coffee: Robusta (FAQ) ekan gi UGX 10,000-11,000, Kiboko gi UGX 5,000-5,500, to Arabica gi UGX 14,000-15,000. Kanyo ng'eyo mar kendo ikwong' kendo riek gi yieny.","Farmers-ka Uganda waxaa lagu talinayaa inay maskaxda ku hayaan hoos u dhaca dhawaan ee qiimaha bunka: Robusta (FAQ) hadda waa UGX 10,000-11,000, Kiboko waa UGX 5,000-5,500, iyo Arabica waa UGX 14,000-15,000. U samee isbeddelada iibkaaga sidaas oo kale.",https://kilimonews.co.ke/agriculture-policy/ugandas-coffee-prices-decline-amid-global-market-pressures-agriculture-minister-explains/,2026-07-14,scraped:Kilimo News - Policy
226,Agriculture,PSA,Farmers and agribusiness stakeholders are encouraged to engage in discussions on eliminating non-tariff barriers in horticulture to enhance regional trade.,Wakulima na wadau wa biashara ya kilimo wanahamasishwa kujihusisha katika majadiliano ya kuondoa vizuizi visivyo vya forodha katika kilimo cha bustani ili kuboresha biashara ndani ya mkoa.,Abakire naki omokirigi bosi bagana omogenda mu naki obubwaki buwaki bujire bwakinyanye bwokuboneka mu buwaki bwabere burokiriri bwokunyenga.,Ologi mag oloyi gi dhakubo mar kaur maler adhi nyuol eyo kuom nyimre.,Beeralayda iyo daneeyayaasha ganacsiga beerta waxaa lagu baraarujinayaa inay ka qayb qaataan doodaha lagu baabi’inayo caqabadaha aan cashuurta ahayn ee ku saabsan beero dhirta si loo xoojiyo ganacsiga gobolka.,https://kilimonews.co.ke/agriculture-policy/comesa-plots-path-to-integrated-horticultural-market-through-trade-barriers-harmonization/,2026-07-14,scraped:Kilimo News - Policy
227,Agriculture,PSA,Households in East and Southern Africa are experiencing persistent high cooking oil prices due to market concentration and weak competition regulation. Stakeholders are advised to monitor market conditions and advocate for improved regulatory frameworks.,Familia katika Afrika Mashariki na Kusini wanakabiliwa na bei za juu za mafuta ya kupikia kutokana na mkusanyiko wa soko na udhibiti dhaifu wa mashindano. Wadau wanashauriwa kufuatilia hali ya soko na kutetea maboresho katika mifumo ya udhibiti.,Abakire buesi bwa East na Southern Africa banochenje bwakiri bwenge busemia bwanyandago kubwaki bw'ekiyaki cyangwa buseyo. Ababere batang'ane buseye bw'ekiyaki na bukarungi bw'ene na kisekia.,Gem ka East na Southern Africa golo marach kanyo duto ma iyien ganda gididi gi dako nene. Ngi'gi koro kaka nyisawa ganda gi dako maler.,Qoysaska Bariga iyo Koonfur Afrika waxay la kulmayaan qiimo sarre oo joogto ah oo ah saliidda cunada sababtuna tahay uruurinta suuqyada iyo xeerarka tartanka oo zaaw. Waxay talo bixinaysaa in daneeyayaasha ay la socdaan xaaladaha suuqyada oo ay u doodaan horumarin xeerarka.,https://kilimonews.co.ke/agriculture-policy/why-cooking-oil-remains-costly-across-east-and-southern-africa/,2026-07-14,scraped:Kilimo News - Policy
228,Agriculture,PSA,"All cooperative societies must file their annual returns by June 30, 2025, to avoid deregistration. Compliance is mandatory as per the Cooperative Societies Act.",Jamii zote za ushirika lazima ziwasilishe ripoti zao za mwaka kabla ya tarehe 30 Juni 2025 ili kuzuia kuondolewa. Utii ni wa lazima kulingana na Sheria ya Jamii za Ushirika.,"Makiagene ekirago naki agendere naki omokigo bwa June 30, 2025, ntarimi დაიწყეღ. Kugendete nibwaki mu Eshirika za Abagendo.","Ng'ato nyalo ochung' ng'ato wath kamano nyiso mar piny chuo ndalo moro, to kit nyalo chimbe kelo ka konyo. Konyo ni yande e Chunyi motegno ma Cooperative Societies Act.","Dhammaan ururada iskaashatada waa inay soo gudbiyaan warbixinahooda sanadlaha ah kahor bisha Juun 30, 2025, si looga fogaado ka diiwaangelinta. U hoggaansanaanta waxay waajib tahay sida ku cad Xeerka Ururada Iskaashatada.",https://kilimonews.co.ke/agriculture-policy/oparanya-orders-cooperatives-to-file-annual-returns-or-risk-deregistration/,2026-07-14,scraped:Kilimo News - Policy
229,Agriculture,PSA,"All farmers and dealers in Irish potatoes must package their produce in 50-kilogram bags as per the Irish Potato Regulations 2019. Violators face fines up to KShs 500,000 or imprisonment.","Wakulima na wafanyabiashara wote wa viazi vya Ireland wanatakiwa kufunga mazao yao katika mifuko ya kilogramu 50 kulingana na Kanuni za Viazi vya Ireland 2019. Wanaoenda kinyume wanakabiliwa na faini ya hadi KShs 500,000 au kifungo.","Abakora mu oria buya bwa Irish potatoes naki abashang'ani ba ogenda nyorokinyega oria banga 50-kilogram eshang'ani bategetete buya bwa Irish Potato Regulations 2019. Abaki naki bakora biwaki babuikire bwakire buya naki bainego bosi bwakire KShs 500,000 naki bangechokire.","Gik mang'eny motegno kendo jomoko mane okonyre e joma irish potatoes nyalo timo tindi kendo e 50-kilogram bags maler ka oting'o ni ma Irish Potato Regulations 2019. Jomoko ma oket gigo chutho ka nyalo tinde buol KShs 500,000 manok kendo kwe.","Dhammaan beeraleyda iyo ganacsatada baradhada Iiri ayaa waajib ah inay ku xiraan alaabtooda boorsooyin miisaankoodu yahay 50 kiilogaraam sida ku xusan Sharciga Baradhada Iiri ee 2019. Kuwooda ka baxsan sharciga waxay wajihi doonaan ganaaxyo gaadhaya KShs 500,000 ama xabsi.",https://kilimonews.co.ke/agriculture-policy/government-resumes-crack-down-on-oversized-potato-bags/,2026-07-14,scraped:Kilimo News - Policy
230,Agriculture,PSA,Kenyan youth can gain international farm experience by applying for the Seasonal Workers Scheme (SWS) in the UK. Interested individuals should contact the Kenya School of Agriculture for details.,Vijana wa Kenya wanaweza kupata uzoefu wa kimataifa wa kilimo kwa kuomba Mpango wa Wafanyakazi wa Msimu (SWS) nchini Uingereza. Wale wanaovutiwa wanapaswa kuwasiliana na Shule ya Kilimo ya Kenya kwa maelezo zaidi.,Abagere bakiogenda bano buya bokuwa na obokire bwakirombo mu nsi ya UK naki bwakiabere buya obokanganya ku Seasonal Workers Scheme (SWS). Abakire buya batoria baisekere ku Kenya School of Agriculture buya bagirire amakomokiri.,"Nyoung' Kenya neno ongi wiyogo gi pacho mar kambi duto ka wawinjore kadhiyo Seasonal Workers Scheme (SWS) e UK. K'oriyo ka in gi chike, nitie konyo ku Kenya School of Agriculture kuom dipo.",Dhalinyarada Kenya waxay ka heli karaan khibrad caalami ah xagga beerta iyagoo codsanaya Barnaamijka Shaqaalaha Xilliga (SWS) ee UK. Qof kasta oo danaynaya waa inuu la xiriiro Dugsiga Beeraha ee Kenya si uu u helo faahfaahin.,https://kilimonews.co.ke/agriculture-policy/kenyan-youth-sent-to-uk-farm-jobs-under-the-sws-initiative/,2026-07-14,scraped:Kilimo News - Policy
231,Agriculture,PSA,The COMESA region is working to harmonize seed laws to improve access to quality seeds for smallholder farmers. Stay informed about upcoming regulations that may affect your farming practices.,Regionu ya COMESA inaendelea kufanya kazi kuunganisha sheria za mbegu ili kuboresha ufikiaji wa mbegu bora kwa wakulima wadogo. Kuwa na habari kuhusu kanuni zitakazokuja ambazo zinaweza kuathiri mazoea yako ya kilimo.,Ekibiri cha COMESA kitaria gusere burokore bwaki bwa mbegu omobsurori chinyang'ania okogikere abaki badi bwege. Emokere omogendele okorora ng'enda bwakire bwaki bwaki bwokore bwokogega.,Komoya COMESA nyaka wachar mar seed kuom chalo ma okinyi nyaka inogi mwandu koding'gi meyo gi kendo mbaka giwa chalo magi to omenyo. Nango dhok e yo ma okinyi no naneno to otony ni mago.,Gobolka COMESA wuxuu ka shaqeynayaa in uu mideeyo sharciyada abuurka si loo hagaajiyo helitaanka abuur tayo leh oo ay isticmaalaan beeraleyda yaryar. La soco xeerarka soo socda ee saameyn kara dhaqamadaada beeraleyda.,https://kilimonews.co.ke/agriculture-policy/comesa-moves-to-harmonize-seed-laws-to-combat-food-insecurity/,2026-07-14,scraped:Kilimo News - Policy
232,Agriculture,PSA,"Egerton University is revitalizing 4K Clubs in ten schools in Njoro Sub-County, offering training in sustainable agriculture for students and school administrators.","Chuo Kikuu cha Egerton kinafufua Klabu za 4K katika shule kumi katika Kaunti Ndogo ya Njoro, kikiwapa mafunzo kuhusu kilimo endelevu wanafunzi na wasimamizi wa shule.","Egerton University oria 4K Clubs bwakire burokore buya nchechumi buya mu kosi 10 bwaki Njoro Sub-County, nakiabaki itekeri mu oria buya ogenda naki oria buya.","Egerton University en gi kit chalo 4K ma e yo konyo ma dhok muma e sukulu kendo ni Njoro Sub-County, oyieyo wende e ng'wech mar chako mar lweni kendo ma jaber gi sukulu.","Jaamacadda Egerton waxay dib u soo nooleynaysaa Naadiyada 4K ee toban dugsiyo oo ku yaal Njoro Sub-County, iyadoo bixineysa tababaro ku saabsan beeraha waara ardayda iyo maamulayaasha dugsiyada.",https://kilimonews.co.ke/agriculture-policy/egerton-university-partners-with-stakeholders-to-revitalize-4k-clubs-in-njoro-schools/,2026-07-14,scraped:Kilimo News - Policy
233,Agriculture,PSA,"The FINAS 2025 Conference on sustainable agri-food financing will take place at KICC, Nairobi from May 20-22, 2025. All stakeholders in agriculture are encouraged to participate.","Konferensi ya FINAS 2025 kuhusu ufadhili wa kilimo na chakula endelevu itafanyika KICC, Nairobi kuanzia Mei 20-22, 2025. Wadau wote katika sekta ya kilimo wanahamizika kushiriki.","Conference ya FINAS 2025 kuzigana na ufadhili wa mazao ya kilimo itafanyika KICC, Nairobi kuanzia Mei 20-22, 2025. Wote wenye uzito katika kilimo wanahimizwa kujihusisha.","Konferensi FINAS 2025 ma okawgi kuom gin konyo ma nyalo pingo gi piny ma dhok-gi ni bura machien nyaka nyibni KICC, Nairobi, kuom May 20-22, 2025. Ng’ato gi gambe mane owuon kuom gin masomo no nyal nyal.","Shirka FINAS 2025 ee ku saabsan maal-galinta cuntada waarta wuxuu ka dhici doonaa KICC, Nairobi laga bilaabo May 20-22, 2025. Dhammaan daneeyayaasha beeraha waxaa lagu dhiirrigelinayaa inay ka qeyb qaataan.",https://kilimonews.co.ke/agriculture-policy/finas-2025-conference-opens-in-nairobi-to-tackle-africas-agri-food-financing-gap/,2026-07-14,scraped:Kilimo News - Policy
234,Agriculture,PSA,"Saccos in Kenya have reached KSh1.8 trillion in total assets, ensuring members' funds are safe. Members are encouraged to continue leveraging cooperative financial services.","Saccos nchini Kenya zimefikia KSh1.8 trilioni katika mali jumla, kuhakikisha fedha za wanachama ziko salama. Wanachama wanahimizwa kuendelea kutumia huduma za kifedha za ushirika.","Saccos mu Kenya zikiria KSh1.8 trillion mu assets, bw'ogori buya bu ikinyore entarire y'abo. Abamwaki barakiire kwong'oreza huduma dya mali dya cooperativ.","Saccos e Kenya nyalo gin KSh1.8 trillion e dhano duto, kuonge tich mag jowadgi. Jowadgi nyalo ndege kuonde oda mar chieg mar bangu.","Saccos-ka Kenya ayaa gaadhay KSh1.8 trillion hantidooda guud, taasoo hubineysa in lacagta xubnaha ay ammaan tahay. Xubnaha waxaa lagu dhiirigelinayaa inay sii wataan ka faa'iidaysiga adeegyada maaliyadda iskaashatada.",https://kilimonews.co.ke/agriculture-policy/saccos-hit-ksh1-8-trillion-in-assets-as-government-assures-funds-safety/,2026-07-14,scraped:Kilimo News - Policy
235,Agriculture,PSA,Farmers are encouraged to participate in initiatives aimed at boosting rice production in Kenya to attain self-sufficiency. Engage with local agricultural programs for support and resources.,Wakulima wanah encouraged kushiriki katika miradi iliyoaimiwa kuongeza uzalishaji wa mchele nchini Kenya ili kufikiwa kujitosheleza. Ushirikiane na mipango ya kilimo ya eneo lako kwa msaada na rasilimali.,Abagari bakenyete kweng'ana matuga agatwakiire kuongezesia kachienyanga kirokoroto mu Kenya kugira okirere omogoya. Nakiire buya na mashiramo g'ekiragano chire na mugango.,Chiegni ng'ato nyaka koter ndalo mar risi kuom Kenya kanyakre kaka nyaka kawuono. Kanyoni gi duka mag nyakazi ma en kuom nyaka chalo.,Beeralayda waxaa lagu dhiirigelinayaa inay ka qaybqaataan mashaariic lagu xoojinayo wax-soosaarka hadhuudhka ee Kenya si loo gaadho madaxbannaani. La xiriir barnaamijyada deegaanka ee beeraleyda si aad u hesho taageero iyo agab.,https://kilimonews.co.ke/agriculture-policy/attaining-rice-self-sufficiency-in-kenya-komboka-vs-pishori/,2026-07-14,scraped:Kilimo News - Policy
236,Agriculture,PSA,"Mozambique's new e-Phyto system is now operational for agricultural exporters, streamlining phytosanitary certifications. Use the platform for faster processing and compliance with global trade standards.","Mfumo mpya wa e-Phyto wa Msumbiji sasa unafanya kazi kwa wauzaji wa kilimo, ukiimarisha uthibitisho wa afya za mimea. Tumieni jukwaa hili kwa usindikaji wa haraka na kufuata viwango vya biashara vya kimataifa.","E-Phyto ya Mozambique ni ya kazi sasa kwa abogire buya, iketire obatabasire bw'abiandu. Ria omogoti uyu oria ore akireri na oria ikibuki omosi na obwakire bw'osi.","E-Phyto system nyaka e tich Mozambique ng'iyo amata e piny ma okonyo, nyal chiwo nyithindo mar phytosanitary. Konyo orwaki en gi pus gi ng'ato mar buo madong' kendo ber mana mag tic.","Nidaamka cusub ee e-Phyto ee Mozambique ayaa hadda shaqeynaya oo loo isticmaali karaa dhoofiyeyaasha beeraha, isagoo fududeynaya shahaadooyinka caafimaadka dhirta. Isticmaal madal si aad u hesho habraac degdeg ah oo waafaqsan heerarka ganacsiga caalamiga ah.",https://kilimonews.co.ke/agriculture-policy/mozambique-launches-e-phyto-system-to-modernize-agricultural-trade/,2026-07-14,scraped:Kilimo News - Policy
237,Agriculture,PSA,"All 142 tea factories in Kenya will soon be allowed to sell directly to international buyers, boosting earnings for tea farmers. Stay informed for further details on implementation.","Kiwanda zote 142 za chai nchini Kenya hivi karibuni zitaruhusiwa kuuza moja kwa moja kwa wanunuzi wa kimataifa, kuongeza mapato kwa wakulima wa chai. Fuata habari zaidi kuhusu utekelezaji.","Maki 142 mashine ya chai buya Kenya matego ogetenge kuigoja bori na bitana binyashinge, naki diseke buga moshamba wa chai. Naki obori buya mwaki bwiitho buya bwesihanu.","Nyaru bende 142 teefat na Kenya bende owinjire kuom itiyo joma oting'o to joma magweno, konyelo makelo kwom joma teefarmer. Teko hinyu kuom idhi bende.","Dhammaan 142 warshadaha shaaha ee Kenya ayaa dhawaan loo oggolaan doonaa inay si toos ah uga iibiyaan iibsadayaasha caalamiga ah, taasoo kor u qaadi doonta dakhliyada beeralayda shaaha. La soco faahfaahin dheeri ah oo ku saabsan hirgelinta.",https://kilimonews.co.ke/agriculture-policy/reforms-to-allow-direct-kenyan-tea-sales-to-international-markets/,2026-07-14,scraped:Kilimo News - Policy
238,Agriculture,PSA,Farmers and agribusiness stakeholders are encouraged to advocate for data governance policies that prioritize collective benefit for African agriculture to enhance innovation and resilience.,Wakulima na washikadau wa biashara ya kilimo wanahimizwa kuunga mkono sera za usimamizi wa data zinazolenga manufaa ya pamoja kwa kilimo barani Afrika ili kuimarisha ubunifu na uhimilivu.,Abakinyi naki abashonchani batoragwa okunyora mweng'eri oriri okwigana whana oria buya buya omokiri buya ba Africa buya ikiragania nokubarakana.,Maberek ne wachamo ma agribusiness ok nyal duok gi data governance policies ma ok wacho e ng'ato e gima onywolo jaramogi mar Afirika kendo ok nyal chutho nyamre gi joma e yo.,Kililmaha iyo daneeyayaasha agribusiness-ka waxaa la dhiirrigelinayaa inay taageeraan siyaasadaha maareynta xogta ee mudnaanta siinaya faa'iidada wadajirka ah ee beeraha Afrika si kor loogu qaado hal-abuurka iyo adkaysiga.,https://kilimonews.co.ke/agriculture-policy/african-agriculture-needs-a-data-revolution-to-fast-track-its-transformation/,2026-07-14,scraped:Kilimo News - Policy
239,Agriculture,PSA,Farmers are encouraged to participate in the government's initiative providing Kshs 500 million for the distribution of 20 million high-yielding coffee seedlings to coffee-growing regions.,Wakulima wanahimizwa kushiriki katika mpango wa serikali unaotoa Kshs 500 milioni kwa usambazaji wa miche 20 milioni ya kahawa yenye mazao bora kwa maeneo yanayokua kahawa.,Abagorio batarire guciria omogendi wa buya wa serikali ogotenda Kshs 500 million okoborere 20 million buya bwa coffee bwabaki hali.,Gik mare kanyo ng'ato to omiyo bende ka kanyono yore konyo Kshs 500 million kuom lwak 20 million coffee seedlings ma okinyi.,F farmers-ka waxaa lagu dhiirigelinayaa inay ka qayb qaataan hindisaha dowladda oo bixiya Kshs 500 milyan si loo qaybiyo 20 milyan oo geed biyo badan dhalaalaya ah oo lagu beero aagagga kafeega.,https://kilimonews.co.ke/agriculture-policy/government-sets-aside-kshs-500-million-for-propagation-and-distribution-of-coffee-seedlings/,2026-07-14,scraped:Kilimo News - Policy
240,Agriculture,PSA,Farmers and agribusiness stakeholders: The Senate Committee on Agriculture recommends increased budget allocations to the Ministry of Agriculture to support the sector.,Wakulima na wadau wa biashara ya kilimo: Kamati ya Seneti kuhusu Kilimo inapendekeza ongezeko la fedha katika bajeti kwa Wizara ya Kilimo kusaidia sekta hiyo.,"Abagorie naki abaterere b’egosyoka: Komiti ya Senate ku Gosi, isaba bwasi bwokane bw’oku Bwakire bw’egosi okwongeza bwanjega bu Ministry of Agriculture kugira buoneko bw’egosi.",Ng’ato kod ng’ato gibaki: Kachoge wa Senate ma Okano onyo kwang'ni ogendiyo maber ku Ministry of Agriculture kuchwanyono ng’ato.,Beeraleyda iyo daneeyayaasha beeraleyda: Guddiga Aqalka Sare ee Beeraha ayaa ku talinaya in miisaaniyadda Wasaaradda Beeraha la kordhiyo si loo taageero waaxda.,https://kilimonews.co.ke/agriculture-policy/we-are-on-top-of-things-chairman-of-the-senate-committee-on-agriculture-senator-david-wakoli-wafula/,2026-07-14,scraped:Kilimo News - Policy
241,Agriculture,PSA,The government has banned tea hawking and announced a Kshs 1 billion investment for a new value addition facility to enhance earnings for tea farmers.,Serikali imepiga marufuku biashara ya kuuza chai na kutangaza uwekezaji wa Kshs 1 bilioni kwa ajili ya kituo kipya cha kuongeza thamani ili kuboresha mapato ya wakulima wa chai.,Oborere bwaki bwaki ogwaki obwaki buya naki bekarera Kshs 1 bilioni mwaki oria oborere buya bujango bwaki bwakire nyansaraki buya.,"Gavumenti orumo gwenyo tea e yo, kendo orumo ma Kshs 1 billion okonyo kuom chika chike mag ng'ato to nyalo yore bidhi ng'ato mag tea.",Dowladda ayaa mamnuucday iibinta shaaha waxaana lagu dhawaaqay maalgelin gaaraysa Kshs 1 bilyan si loo dhiso xarun cusub oo kordhin doonta dakhliga beeraleyda shaaha.,https://kilimonews.co.ke/agriculture-policy/tea-hawking-ban-government-support-new-ktda-top-team-heralds-a-great-future-for-the-industry/,2026-07-14,scraped:Kilimo News - Policy
242,Agriculture,PSA,Kenya will host the Agri-Food Systems Financing Summit (FINAS 2025). Stakeholders in agriculture are encouraged to engage in discussions on securing innovative funding solutions.,Kenya itakuwa mwenyeji wa Mkutano wa Fedha za Mifumo ya Kilimo na Chakula (FINAS 2025). Wadau katika sekta ya kilimo wanahimizwa kujihusisha katika majadiliano kuhusu kupata suluhu za kifedha za ubunifu.,Kenya egekere Agri-Food Systems Financing Summit (FINAS 2025). Abaki baki mu myaka y’obi naki bateganire kuyeganyega ku Bwaki bujagano bwokogenda.,Kenya bayo kelo Agri-Food Systems Financing Summit (FINAS 2025). Jochieng' kuom chiegni bwere mokuongo kaka ng'ato otergi e nigi ma okonygi funding marach.,Kenya waxa ay martigelin doontaa Shirka Maaliyadda Nidaamyada Agri-Food (FINAS 2025). Xubnaha ku lugta leh beerta waxaa lagu boorinayaa inay ka qayb qaataan doodaha ku saabsan helitaanka xalal maaliyadeed oo cusub.,https://kilimonews.co.ke/agriculture-policy/kenya-to-host-the-agri-food-systems-financing-summit/,2026-07-14,scraped:Kilimo News - Policy
243,Agriculture,PSA,"The government aims to reduce wheat imports by 17% by 2027 by increasing local production. Farmers are encouraged to utilize available support, including subsidized fertilizers and improved seeds.","Serikali inakusudia kupunguza uagizaji wa ngano kwa 17% ifikapo mwaka 2027 kwa kuongeza uzalishaji wa ndani. Wakulima wanahimizwa kutumia msaada ulipo, ikijumuisha mbolea zilizopunguzwa bei na mbegu zilizoboreshwa.","Abagere bakienda buya omokiriri 17% omosi 2027 nyang'eyo bokirori bwasabufu. Abakiri bakiendekere kumogogoro omoboka, bwakire omogoria bwakiende, na abogota bwakienda bwasagasi.","Chiga maro e yo kuom yore gi wheat miluoch nyaka 17% kendo 2027, kuom ng'ato manyalo yore chike. Abiro maruk kuke nopong'e, kendo chudo ma ng'ato nyalo yore gi wakore mag gie.","Dowladdu waxay beegsanaysaa in ay yareyso soo-dejinta Daataro 17% ilaa 2027 adigoo kordhinaya wax soo saarka maxalliga ah. Beeralayda waxaa lagu dhiirigelinayaa in ay ka faa'iidaystaan taageerada la heli karo, oo ay ku jiraan bacrimin hagar la'aan ah iyo abuurka la hagaajiyay.",https://kilimonews.co.ke/agriculture-policy/goverment-targets-increased-wheat-production-to-reduce-imports/,2026-07-14,scraped:Kilimo News - Policy
244,Agriculture,PSA,"Kenya aims to increase horticulture exports to Italy from 2% to 5%. Farmers should explore opportunities to participate in this growth, focusing on high-demand products like Hass avocados.","Kenya inakusudia kuongeza mauzo ya mazao ya bustani kwenda Italia kutoka 2% hadi 5%. Wakulima wanapaswa kuchunguza fursa za kushiriki katika ukuaji huu, wakijikita kwenye bidhaa zinazohitajika sana kama parachichi ya Hass.","Kenya ikwenda kuemokire ihaki z’amasango mikenya ku Italia ku 2% buya ku 5%. Abagere buya bataragire imirimo y’oguja mu okuhoro esanokire, buya bakirabire ahaki haina ekibori kengegi, nyanaka ebi avokado ya Hass.","Kenya omiyo owinjo to kodhi export mar horticulture mu Italy kuom 2% to 5%. Dala ng'ato bedo ka oting'o mag piny manomongo, kik joma osiri mar Hass avocados.","Kenya waxay ujeedadeedu tahay inay kor u qaaddo dhoofinta beeralayda ilaa Talyaaniga laga bilaabo 2% ilaa 5%. Beeralaydu waa inay baaran fursadaha ka qaybqaadashada koritaankaas, iyagoo diiradda saaraya alaabooyinka baahida weyn leh sida avokadooyinka Hass.",https://kilimonews.co.ke/agriculture-policy/kenya-targets-to-increase-its-horticulture-exports-to-italy/,2026-07-14,scraped:Kilimo News - Policy
245,Agriculture,PSA,"Millers must purchase locally grown wheat from farmers at Kshs. 5,300 for Grade 1 and Kshs. 5,200 for Grade 2. Farmers are encouraged to report any lower offers.","Wachuuzi wanapaswa kununua ngano inayozalishwa nchini kutoka kwa wakulima kwa Kshs. 5,300 kwa Daraja la 1 na Kshs. 5,200 kwa Daraja la 2. Wakulima wanahimizwa kuripoti matoleo yoyote madogo.","Abamiller bataria buya buya bw'ekishaba motere buya kera buya 5,300 Kshs oria naki Grade 1 na 5,200 Kshs oria naki Grade 2. Abagatiri bataria buya buya abw'ekirugendo buya bw'isiriganya bataria buya bialia ikiswaki.","Millers nyal tindo wech mar wuok kendo kuom farmers ka Kshs. 5,300 piny gi Grade 1, kendo Kshs. 5,200 piny gi Grade 2. Farmers nyal lwet mokuongo gi chuny mar mbaka.","Guddiga dhallinyarada waa in ay iibsadaan wax soo saarka sarreenka ee lagu beero gudaha iyagoo bixiya Kshs. 5,300 Grade 1 iyo Kshs. 5,200 Grade 2. Xoolo-dhaqatada waxaa lagu boorinayaa inay soo gudbiyaan wax kasta oo qiimo ka hooseeya.",https://kilimonews.co.ke/agriculture-policy/millers-directed-to-buy-wheat-from-farmers-at-recommended-price/,2026-07-14,scraped:Kilimo News - Policy
246,Agriculture,PSA,Attention farmers and agribusiness stakeholders: Join efforts to strengthen women's participation in agriculture. Engage in training and advocacy programs to enhance access to resources and decision-making.,Tujulishe wakulima na wadau wa biashara ya kilimo: Jiunge na juhudi za kuimarisha ushiriki wa wanawake katika kilimo. Shiriki katika mafunzo na programu za benevolence ili kuboresha upatikanaji wa rasilimali na kufanya maamuzi.,Abakora bachi na abashishani bakiishonore: Naki ogenda okorere omokireri bwaki oreka omogori batariri mu busechi. Kiri omokoro na abawachi bakorere mwogekireri naki omoserera omokiri bwaki.,Naki ng’eyo marach gi wathogre: Kayo chike madhiang' konyi wende maber e kachochi. Piny ng'eyo e bura na jowang' chiemo to konyo kido mar moto.,Daryeel beeraleyda iyo daneeyayaasha ganacsiga beeraha: Ka qayb qaado dadaallada lagu xoojinayo ka qaybgalka dumarka beeralayda. Ka qeyb gal tababaro iyo barnaamijyo u doodis ah si loo xoojiyo helitaanka agab iyo go'aan qaadasho.,https://kilimonews.co.ke/agriculture-policy/strengthening-womens-voices-for-sustainable-agriculture-and-food-systems/,2026-07-14,scraped:Kilimo News - Policy
247,Agriculture,PSA,"Kenyan rose exporters must prepare for stricter EU pest management regulations effective April 26, 2025, due to the False Codling Moth threat. Ensure compliance to maintain market access.","Wauzaji wa rose wa Kenya wanapaswa kujiandaa kwa kanuni kali za usimamizi wa wadudu za EU zitakazoanza kutumika tarehe 26 Aprili 2025, kutokana na tishio la Moth wa False Codling. Hakikisha unafuata kanuni ili kudumisha ufikiaji wa soko.","Abangunyi b'ekanyaki baboria bende bare kenye omotio ogw'omuabayagire ebiere bikuore nyekarori bw'egori bw'Akogoti Butere bw'Okonyi, bogekora nyaki 26, 2025. Genda oborere n'echindori buya bwanebaki boere ndingo bwen'ogokinya.","Dhohi rose mar Kenya chalo nyaka iwacho maana maler e EU kuom giwacho mar pest managemet ka nyaka koda e mwak 26, 2025, dûru ka wachi mar False Codling Moth. Jibweny komi to yande gi ka joluwhich.","Dhoofiyayaasha rose-ka ee Kenya waa inay isu diyaariyaan xeerar adag oo cusub oo ku saabsan maareynta cayayaanka ee EU oo dhaqan galaya 26-ka Abriil, 2025, sababo la xiriira khatarta False Codling Moth. Hubso inaad u hogaansanto si aad u sii wadato helitaanka suuqa.",https://kilimonews.co.ke/agriculture-policy/kenya-takes-steps-to-comply-with-eu-regulations-on-rose-exports/,2026-07-14,scraped:Kilimo News - Policy
248,Agriculture,PSA,The Kenyan horticulture industry faces reduced international market share due to high production costs and logistics. Stakeholders are urged to seek innovative solutions to remain competitive.,Sekta ya bustani nchini Kenya inakabiliwa na upungufu wa sehemu ya soko la kimataifa kutokana na gharama za juu za uzalishaji na usafirishaji. Wadau wanahimizwa kutafuta suluhisho bunifu ili kubaki na ushindani.,Ekibondo ky'ogokire k'eKenya kigenyia obwakire bw'isi ikekigori bw'ensubo bwakirori buya buya nyamokiri na obwakire bw'ogokire. Bakirebaki bahakurire okumanya emoti bwanebwaki buya.,Inchi Kenya ewi tich kanyim mar horticulture kendo eyo ni kuom teregore mag pesa amangi kendo kar longre. Wuodhi gigni ogendini kuom chalo mar odhi e owuok kuom chalo mar nyisoe.,Warshadaha beertu ee Kenya waxay wajahayaan hoos u dhac ku yimaada saamiga suuqyada caalamiga ah sababo la xiriira kharashyada sare ee produksiga iyo gaadiidka. Dadka daneeya ayaa lagu boorinayaa inay raadiyaan xalal cusub si ay ugu tartamaan.,https://kilimonews.co.ke/agriculture-policy/concern-as-the-kenyan-horticulture-industry-faces-international-market-share-reduction/,2026-07-14,scraped:Kilimo News - Policy
249,Agriculture,PSA,The African Union has adopted a 10-Year CAADP Strategy and Action Plan (2026-2035) to enhance agricultural transformation and food systems across Africa. Stakeholders should prepare for upcoming initiatives and reforms.,Umoja wa Afrika umepitisha Mkakati na Mpango wa Kitendo wa CAADP wa Miaka 10 (2026-2035) kuboresha mabadiliko ya kilimo na mifumo ya chakula barani Afrika. Wadau wanapaswa kujiandaa kwa mipango na marekebisho yajayo.,Ishoka rya Afurika riri mu nkiima ya 10-Year CAADP Strategy and Action Plan (2026-2035) ryakwereka mwendo omogenda omogorori na masano egana ubwaki mu Afurika. Baishoneri bakenye kugenyeka omotenda ogwokwijira nakiara.,African Union awacho ng'ato mar 10-Year CAADP Strategy and Action Plan (2026-2035) kuom nyinge mar jachula to joge e afrika. Kichwe kare joge chalo mar joma tich kendo joma sachiko.,Ururka Midowga Afrika ayaa qaatey Istaraatiijiyadda iyo Qorshaha Ficilka CAADP ee 10 sano (2026-2035) si loo xoojiyo isbeddelka beeraha iyo nidaamka cunnada ee Afrika. Saamileyda waa inay isu diyaariyaan fikradaha iyo dib-u-habeynta soo socota.,https://kilimonews.co.ke/agriculture-policy/african-unions-extraordinary-summit-adopts-10-year-caadp-strategy-and-action-plan-to-advance-agricultural-transformation-and-food-systems-in-africa/,2026-07-14,scraped:Kilimo News - Policy
250,Agriculture,PSA,African governments are urged to invest in regional agricultural infrastructure and innovation to build resilient food systems in collaboration with international partners.,Serikali za Afrika zinahimizwa kuwekeza katika miundombinu ya kilimo ya kikanda na uvumbuzi ili kujenga mifumo thabiti ya chakula kwa ushirikiano na washirika wa kimataifa.,Abashuguli b’afrika baria biahwaki kuhiga ekirori ky’echere ch’achiosome na nyansonga muong’enyete oroketi bungere mu nyachenda ya bisi b’ogwendo.,Oheyo mar Africa ok nyal be yo chike mowinjruok kuom chitni mar dhok kama obed chike moro e yo kanyakla.,Dowladaha Afrika waxaa lagu boorinayaa inay maalgelin ku sameeyaan kaabayaasha beeraha gobolka iyo hal-abuurka si ay u dhistaan nidaamyada cuntada ee adkaysan kara iyaga oo la kaashanaya lammaanayaasha caalamiga ah.,https://kilimonews.co.ke/general-news/african-countries-urged-to-collaborate-to-build-resilient-food-systems/,2026-07-14,scraped:Kilimo News - Policy
251,Agriculture,PSA,Attention coffee farmers: The Nairobi Coffee Exchange is implementing new regulations affecting coffee sales. Ensure you are familiar with the Coffee General Regulations 2019 and the Capital Markets Coffee Exchange Regulations 2020.,Taarifa kwa wakulima wa kahawa: Soko la Kahawa la Nairobi linaanzisha kanuni mpya zinazohusu mauzo ya kahawa. Hakikisha unajua kuhusu Kanuni za Kahawa za 2019 na Kanuni za Soko la Mitaji la Kahawa za 2020.,Abagorogori b’ekahawa: Nairobi Coffee Exchange ikorere omogenda omokiri omokegani bw'oseki buseki bwa kahawa. Naki naki naki oegera orokere bwenye bw’ekihiga kia Kahawa 2019 na Capital Markets Coffee Exchange Regulations 2020.,Nyasaye jaluo gi: Nairobi Coffee Exchange oseti ng'ato maler kuom njia owang' ni ochak monego. Nyathina unyalo ng'eyo mar Coffee General Regulations 2019 kod Capital Markets Coffee Exchange Regulations 2020.,Digniinta beeraleyda qaxwaha: Suuqyada Qaxwaha Nairobi waxay hirgelineysaa xeerar cusub oo saameynaya iibka qaxwaha. Hubi inaad taqaan xeerarka Guud ee Qaxwaha 2019 iyo Xeerarka Suuqyada Maaliyadeed ee Qaxwaha 2020.,https://kilimonews.co.ke/agriculture-policy/meet-the-lady-incharge-of-selling-your-coffee/,2026-07-14,scraped:Kilimo News - Policy
252,Agriculture,PSA,"Farmers in Tanzania can now access subsidized fertilizer more easily, thanks to the new distribution vehicles introduced by the Tanzania Fertilizer Company.","Wakulima nchini Tanzania sasa wanaweza kupata mbolea iliyo na ruzuku kwa urahisi zaidi, gracias a magari mapya ya usambazaji yaliyoanzishwa na Kampuni ya Mbolea ya Tanzania.","Abakire bwakinyaki mu Tanzania bokire okogenda bwere nakiya, naki bware buya oreteke bwaki buya itikia obwakire bwogendani buya bwa Tanzania Fertilizer Company.","Jokulu gi Tanzania naki otieno tem amaru, bura gi tije mago nyaka, kendo wacho e yo mar tije mar Tanzania Fertilizer Company.","Beeraleyda Tanzania waxay hadda si fudud u heli karaan bacriminta la dhimay, kaddib markii Guddiga Bacriminta Tanzania uu soo kordhiyay gaadiidka qaybin cusub.",https://kilimonews.co.ke/agriculture-policy/tanzania-fertilizer-company-tasked-to-distribute-subsidized-fertilizer/,2026-07-14,scraped:Kilimo News - Policy
253,Agriculture,PSA,The Horticulture Council of Eastern Africa (HoCEA) has been established to tackle challenges in the horticulture sector. Stakeholders are encouraged to engage with the council for solutions.,Baraza la Kilimo cha Bustani la Afrika Mashariki (HoCEA) limeanzishwa kukabiliana na changamoto katika sekta ya kilimo cha bustani. Washikadau wanahimizwa kuwasiliana na baraza kwa suluhisho.,Abagori b’amatigori b’Emekiori ya Afrika (HoCEA) bataniorera kurokia obwaki mu gisiigani. Abaki banu bakorera bataraku omogori omokiri b’oshinani bwanake.,Horticulture Council of Eastern Africa (HoCEA) nochiko e yo chike mag horticulture. Wan gi tinde nyalo yore kendo iwuok e council no to nyasaye.,Guddiga Beerta Bariga Afrika (HoCEA) ayaa la aas aasay si loola tacaalo caqabadaha ka jira qeybta beerta. Dadka ku lugta leh waxaa lagu dhiirigelinayaa inay la xiriiraan guddiga si xal loogu helo.,https://kilimonews.co.ke/agriculture-policy/horticulture-council-of-eastern-africa-hocea-established-to-address-regional-challenges/,2026-07-14,scraped:Kilimo News - Policy
254,Agriculture,PSA,Farmers in Uasin Gishu are encouraged to utilize the new warehouse receipt system to improve produce storage and market access.,Wakulima katika Uasin Gishu wanahimizwa kutumia mfumo mpya wa risiti za ghala ili kuboresha uhifadhi wa mazao na ufikiaji wa soko.,Abakoro baki Uasin Gishu baria omogori okore bwanogoti bwaki bwai bwanogoti ore abera bwaki naki omokiri bwaki bwanogori.,Aboro ma Uasin Gishu wiyere kuom weche maber ka ng'ato adoko nyaka timbe kende gi kelo mag produce e wacho mar nyalo.,Farmer-yaasha Uasin Gishu waxaa lagu dhiirigelinayaa inay isticmaalaan nidaamka rasiidka kaydka cusub si ay u hagaajiyaan kaydinta wax soo saarka iyo helitaanka suuq.,https://kilimonews.co.ke/agriculture-policy/farmers-urged-to-embrace-the-warehouse-receipt-system/,2026-07-14,scraped:Kilimo News - Policy
255,Agriculture,PSA,"Zambian cotton farmers can now access the Harmonized Cotton Extension Manual, which provides standardized guidelines and practices to enhance productivity and sustainability.","Wakulima wa pamba nchini Zambia sasa wanaweza kupata Mwongozo wa Kupanua Pamba ulio Sawa, ambao unatoa miongozo na mbinu za kawaida za kuboresha uzalishaji na uendelevu.","Abakire ba cotton ba Zambiya bangaabia omokirori ogwe Harmonized Cotton Extension Manual, ogwakiere obwakire naki naki buya bulia bwokora omokirori naki banzire.","Wang' ni ang'wen magi Zambian nyaka wacho mar Harmonized Cotton Extension Manual, mauch oter wacho ni chike mag timo kanyo kod thum.","Farmers-ka suufka ee Zambia hadda waxay heli karaan Buugga Tilmaamaha Isku-dhafan ee Suufka, kaas oo bixiya tilmaamo iyo habraac heerar ah si loo kordhiyo wax-soo-saarka iyo waaraanshaha.",https://kilimonews.co.ke/agriculture-policy/zambia-cotton-farmers-to-benefit-from-extension-manual/,2026-07-14,scraped:Kilimo News - Policy
256,Agriculture,PSA,"The Sugar Act, 2024 is now active; it regulates the sugar industry and establishes the Kenya Sugar Board and Kenya Sugar Research and Training Institute. Transition processes for staff are in place.","Sheria ya Sukari, 2024 sasa inafanya kazi; inasimamia sekta ya sukari na kuanzisha Bodi ya Sukari ya Kenya na Taasisi ya Utafiti na Mafunzo ya Sukari ya Kenya. Mchakato wa mpito kwa wafanyakazi umekwa tayari.","Shughuli ya Sukari, 2024 ikwenda. Inasimamia sekta ya sukari na kuanzisha Bodi ya Sukari ya Kenya na Taasisi ya Utafiti na Mafunzo ya Sukari ya Kenya. Mchakato wa uhamaji wa wafanyakazi upo.","Kaa ya Sukari, 2024 omiye mondo oket; inabed yo chiegni sukari kendo inyal Kenya Sugar Board kod Kenya Sugar Research and Training Institute. Kanying' ka gi tich no ni tikore.","Sharciga Sukarada, 2024 ayaa hadda dhaqan gal ah; waxa uu nidaamiyaa warshadaha sonkorta waxaana uu aas-aasayaa Golaha Sukarada Kenya iyo Machadka Cilmi-baarista iyo Tababarka Sukarada Kenya. Habraacyada isbedelka shaqaalaha ayaa diyaar ah.",https://kilimonews.co.ke/agriculture-policy/the-sugar-act-2024-commences/,2026-07-14,scraped:Kilimo News - Policy
257,Agriculture,PSA,The government is committed to reforming the coffee sector through new policies and legislation. Stakeholders should stay informed about upcoming changes in governance and production initiatives.,Serikali imejiandaa kuboresha sekta ya kahawa kupitia sera na sheria mpya. Wajitolea wanapaswa kubaki na habari kuhusu mabadiliko yatakayokuja katika utawala na mipango ya uzalishaji.,Omosome oseria oria bunde bwokigori bwose omokigori. Omosome bwebanagaki ochaki ogenda oria omobori oro oseriani buya.,Chuo mar quaro gi lweny ni serikali iweyo kosi e piny gi ng'ato mar nyamaka. Makiw marceng' kode kethi gi jomoko ma okel gi chalo duto mag piny gi podo.,Dowladdu waxay ka go'an tahay in ay dib u habeyn ku sameyso qaybta kafee iyada oo la raacayo siyaasado iyo sharciyo cusub. Madaxda danaha leh waa in ay la socodsiiyaan isbedelada soo socda ee maamul iyo dhismaha.,https://kilimonews.co.ke/agriculture-policy/decreased-production-and-weak-cooperative-governance-among-challenges-facing-the-coffee-sector-in-kenya/,2026-07-14,scraped:Kilimo News - Policy
258,Agriculture,PSA,Attention women in the livestock trade: Seek financial literacy training and customized advisory services to improve access to credit and resources. Expand your business and overcome gender-based barriers.,Tafadhali wanawake katika biashara ya mifugo: Tafuteni mafunzo ya ufahamu wa kifedha na huduma za ushauri zilizobinafsishwa ili kuboresha upatikanaji wa mikopo na rasilimali. Panua biashara yenu na kushinda vikwazo vya kijinsia.,Makiya omogombare buya abaki: Nakiere ogetari bwaki bwekirori nakiya omogong'eri buya buya bwaki buya bwogotirwe naki bwakire omokiriri naki amaki. Nakiere ogendete bwaki naki omorori buya bwaki bwombokire bwakere.,"Pinyuru ng'wech gi walos: Wacho rabuon mar buok dongo e piny ma ineno, kendo yiengi chike mar chieg. Ng'eyo buok gi weche, kendo ginyalo timo malong' gi bari mar ng'ato wacho.",Dhammaan dumarka ka shaqeeya ganacsiga xoolaha: Raadi tababarka aqoonta maaliyadeed iyo adeegyo talo bixin oo habaysan si aad u hagaajisaan helitaanka amaahda iyo kheyraadka. Ballaarso ganacsigiina oo ka adkaada caqabadaha ku saleysan jinsiga.,https://kilimonews.co.ke/agriculture-policy/how-continental-platform-is-addressing-gender-based-barriers-in-livestock-trade/,2026-07-14,scraped:Kilimo News - Policy
259,Agriculture,PSA,"Farmers and agribusiness stakeholders are encouraged to invest in Africa, as Tanzania achieves 128% food self-sufficiency and begins exporting surplus.","Wakulima na wadau wa biashara ya kilimo wanahimizwa kuwekeza barani Afrika, kwani Tanzania imefikia asilimia 128 ya kujitoshereza kwa chakula na inaanza kuuza ziada.","Abakire buya n'abashanga b'egira bamenyete kutora mu Afrika, buya Tanzania ikirukire 128% omogaka okwendo ogw'ekaria n'otokire owang'ene.","Kikundi magendo kod jodong' e dalusi keth, kendo jochik gi buok piny, ne Tanzania onyalo nui 128% e kople mag piny kendo odhi gi nyisogi.","Farmers iyo dadka kale ee ku lug leh ganacsiga beeraha waxaa lagula talinayaa in ay maalgashadaan Afrika, maadaama Tanzania ay gaartay 128% iskiil-cunsiyeyno oo ay bilaawday in ay dhoobato ka dhoobato dheeraadka ah.",https://kilimonews.co.ke/agriculture-policy/tanzania-marks-agricultural-achievement-as-african-development-bank-urges-for-investment-in-africa/,2026-07-14,scraped:Kilimo News - Policy
260,Agriculture,PSA,Farmers and agribusiness stakeholders are encouraged to assess and improve transportation systems to reduce food loss and minimize waste.,Wakulima na wadau wa biashara ya kilimo wanahimizwa kutathmini na kuboresha mifumo ya usafiri ili kupunguza upotevu wa chakula na kupunguza waste.,Abagere na abashimari bakiibori bataraki bwakwete buya buya bwakiiga na bwakiibori kosi bwakiokera buya na bwakiikira bwakiomboti.,Bajaja kod bu chech ikwete timbe mar transport ka tigi koneso makelo mag nyasi kagi gi nyakwang' mar duto.,Beeraleyda iyo saamileyaasha ganacsiga beeraha waxaa lagu dhiirrigelinayaa inay qiimeeyaan oo horumariyaan nidaamyada gaadiidka si loo yareeyo khasaaraha cuntada iyo loo xakameeyo qashinka.,https://kilimonews.co.ke/agriculture-policy/checking-on-transportation-systems-to-reduce-food-loss/,2026-07-14,scraped:Kilimo News - Policy
261,Agriculture,PSA,Farmers and coffee producers are encouraged to engage with KEPROBA and AFA for support and training in expanding and diversifying coffee exports.,Wakulima na wazalishaji wa kahawa wanahimizwa kuwasiliana na KEPROBA na AFA kwa msaada na mafunzo ya kutanua na diversifai mauzo ya kahawa.,Abaguri hamwe na abakereria ikawa barashikwa kuhakanya na KEPROBA na AFA kugira bahwanyane na omogori buya naki naki mosi obwakubaga ichenga naki obukuirania bw’ikawa.,"Ababi nigi kuom kuom KEPROBA mar AFA, obedi kuom konyo mag ng'ato kendo gi pier ariyo kuom wach buya gi oleko mar konyo gi piny.",Beeraleyda iyo soo saareyaasha kafee waxaa lagu dhiirigelinayaa inay la xiriiraan KEPROBA iyo AFA si ay u helaan taageero iyo tababar ku saabsan ballaarinta iyo kala duwanaanta dhoofinta kafee.,https://kilimonews.co.ke/agriculture-policy/keproba-afa-sign-a-collaboration-agreement-to-promote-kenyas-coffee-exports/,2026-07-14,scraped:Kilimo News - Policy
262,Agriculture,PSA,COMESA has finalized new Sanitary and Phytosanitary (SPS) regulations to improve trade in food and agricultural products among Member States. Stay informed on the upcoming approval process.,COMESA imekamilisha kanuni mpya za Usanifu na Utafiti wa Mimea (SPS) kuboresha biashara ya chakula na mazao kati ya Nchi Wanachama. Kuwa na taarifa kuhusu mchakato wa idhini utakaofuatia.,COMESA omoketete ogokore omogenda na Omoshikagano buya (SPS) oria atigire omogende buya mu buya bw’onyaki na bw’ogenda bwenyenye. Omochokere buya omokore oria osokire kutiringana.,COMESA omiye piny gi ng'ato mar Sanitary and Phytosanitary (SPS) ma okonyo konyo joma nyalowa gi chakre gi dhako among boma mamoko. Nindogi kuom ng'ato mar inyal me kech kuon konyo.,COMESA waxay dhammaystirtay xeerar cusub oo Sanitary and Phytosanitary (SPS) ah si loo hagaajiyo ganacsiga cuntooyinka iyo alaabada beeraaha ee Dowladaha Xubnaha. La soco habka ansixin ee soo socda.,https://kilimonews.co.ke/agriculture-policy/comesa-finalizes-revision-of-sps-regulations-strategy-and-implementation-plans/,2026-07-14,scraped:Kilimo News - Policy
263,Agriculture,PSA,The Comesa Competition Commission is taking measures to protect farmers from anti-competitive practices that arise from company mergers in the agriculture sector.,Tume ya Ushindani ya COMESA inachukua hatua kuwalinda wakulima dhidi ya tabia zisizo za ushindani zinazotokana na muungano wa kampuni katika sekta ya kilimo.,Komisheni ya Ushindani ya Comesa inachukua hatua kulinda wakulima kutokana na tabia zisizo za ushindani zinazotokea kutokana na muungano wa kampuni katika sekta ya kilimo.,Komishini ya Makiwongo ya COMESA nongo timo manyien gi jaluo mag konyo ng'ato mar konyo ni e chunya matendo ma konyo jaluo bende e sekta mar inyo.,Guddiga Tartanka Comesa waxay qaadayaa tallaabooyin si ay u ilaaliso beeraleyda ka hortagga dhaqanada aan tartanka ahayn ee ka dhasha is-dhexgalka shirkadaha ee qaybta agriculture-ka.,https://kilimonews.co.ke/agriculture-policy/comesa-competition-commission-moves-to-protect-farmers-from-anti-competitive-practices/,2026-07-14,scraped:Kilimo News - Policy
264,Agriculture,PSA,"New members appointed to the Board of Directors of New Kenya Co-operative Creameries Limited are Ndemo Nyachae, Dr. Rawlynce Bett, Naisula Keko, and Sarah Keino, effective August 6, 2024.","Wajumbe wapya wamewekwa katika Bodi ya Wakurugenzi wa New Kenya Co-operative Creameries Limited ni Ndemo Nyachae, Dkt. Rawlynce Bett, Naisula Keko, na Sarah Keino, kuanzia Agosti 6, 2024.","Abaki bantarenda bano naki boroya bosi bwaki New Kenya Co-operative Creameries Limited ni Ndemo Nyachae, Dr. Rawlynce Bett, Naisula Keko, na Sarah Keino, obwakire bw' August 6, 2024.","Nyang' awach koro kuom Board of Directors mar New Kenya Co-operative Creameries Limited ne Ndemo Nyachae, Dr. Rawlynce Bett, Naisula Keko, gi Sarah Keino, en gieny 6, 2024.","Xubno cusub ayaa loo magacaabay Golaha Maamulka ee New Kenya Co-operative Creameries Limited, kuwaas oo ah Ndemo Nyachae, Dr. Rawlynce Bett, Naisula Keko, iyo Sarah Keino, taas oo dhaqan galaysa 6-da Agoosto, 2024.",https://kilimonews.co.ke/agriculture-policy/ruto-fires-four-new-kcc-board-members-and-appoints-others/,2026-07-14,scraped:Kilimo News - Policy
265,Agriculture,PSA,The nomination of Dr. Andrew Mwihia Karanja as Cabinet Secretary for the Ministry of Agriculture has been endorsed by various agricultural organizations.,Uteuzi wa Dkt. Andrew Mwihia Karanja kama Waziri wa Wizara ya Kilimo umepokewa na mashirika mbalimbali ya kilimo.,Ogotogetia Dr. Andrew Mwihia Karanja enyi Cabinet Secretary waki Ministry of Agriculture omokire buya oriarankio buya omogaka.,Nominations mar Dr. Andrew Mwihia Karanja ni dako okang' kanyakla mar Ministry of Agriculture kendo ng'ato manono mar joma agri.,Dr. Andrew Mwihia Karanja ayaa lagu taageeray in loo magacaabo Xoghayaha Golaha Wasiirada ee Wasaaradda Beeraha hay'ado beereed kala duwan.,https://kilimonews.co.ke/agriculture-policy/klpa-and-kefaas-endorse-agriculture-cs-nominee/,2026-07-14,scraped:Kilimo News - Policy
266,Agriculture,PSA,Farmers are urged to properly dispose of empty pesticide containers to prevent health hazards. Participate in training sessions organized by aak-GROW for safe disposal methods.,Wakulima wanahimizwa kutupa vizuri vyombo vya wadudu vilivyo tupu ili kuzuia hatari za kiafya. Shiriki katika mafunzo yanayopangwa na aak-GROW kuhusu mbinu salama za kutupa.,Abakorei batoranigwa otwaki bware buya bukora obwakireri oburaganye buya bware buya tosha naki ogokora. Menwete mu masomo abainyi akaa-GROW abe iboya ibwaki bware buya.,Dala tede kuom manyien mar piny e konye gi kotek to ok dongo joma. Piny gi aak-GROW kuom timbe ma otumie manyien gi chike mar konye ohala.,Beeralayda waxaa lagu boorinayaa inay si sax ah u tuuraan weelasha sunta ah ee banaan si looga hortago khatar caafimaad. Ka qayb qaado tababarrada ay qabanqaabiso aak-GROW ee hababka amaaniga ah ee tuurista.,https://kilimonews.co.ke/agriculture-policy/industry-moves-to-avert-hazards-posed-by-empty-pesticide-containers/,2026-07-14,scraped:Kilimo News - Policy
267,Agriculture,PSA,Farmers and agribusiness stakeholders should note that Dr. Andrew Mwihia Karanja has been nominated as the new Cabinet Secretary for Agriculture and Livestock Development.,Wakulima na wadau wa kilimo wanapaswa kutambua kuwa Dkt. Andrew Mwihia Karanja ameteuliwa kuwa Waziri Mpya wa Kilimo na Maendeleo ya Mifugo.,"Abakiri naki banlage baki kuboka, Dr. Andrew Mwihia Karanja naki ahaki anagwanire omokiri mukuru omokiri for Agriculture and Livestock Development.","Bendruok gi kwang' konyo, Dr. Andrew Mwihia Karanja en konyo mar jopiny ma okonyo e nyim tich mar Ngeyo gi Ndiri.",Dhalinyarada beeralayda iyo ganacsatada beeraha waxay ogaan doonaan in Dr. Andrew Mwihia Karanja loo magacaabay Xoghayaha cusub ee Wasaaradda Beeraha iyo Horumarinta Xoolaha.,https://kilimonews.co.ke/agriculture-policy/profile-of-the-new-agriculture-cs-nominee-dr-andrew-mwihia-karanja-phd/,2026-07-14,scraped:Kilimo News - Policy
268,Agriculture,PSA,Narok County has provided 10 motorcycles to extension officers in designated wards to enhance agricultural services. Farmers in these areas will benefit from improved access to extension support.,Kaunti ya Narok imetoa pikipiki 10 kwa maafisa wa ugani katika maeneo maalum ili kuboresha huduma za kilimo. Wakulima katika maeneo haya watanufaika na upatikanaji bora wa msaada wa ugani.,Narok County yakiogoria baiskeli 10 buokire buhenye muoragani bwakibori bwogikosi bosi bujakenye emoyonene y’obururi. Abagikosi bu buoragani bonyanaga bungi bujoge obwoiyaki bwi emoyonene bwokibori.,Narok County atiyo 10 maloch to ema nyal piny gi ochan makende e wadi mopriyo mokwongo kendo ineno pinje konyo mar kembar. Masinde e kende herebore nahin goyo konyo makende.,Degmada Narok waxay siisay 10 mootooyin shaqaalaha kordhinta ee ku xusan aagagga si loo xoojiyo adeegyada beeralayda. Beeralayda ku nool gobolladan ayaa ka faaiidaysan doona helitaanka taageero kordhin oo wanaagsan.,https://kilimonews.co.ke/agriculture-policy/narok-issues-motorcycles-to-extension-officers/,2026-07-14,scraped:Kilimo News - Policy
269,Agriculture,PSA,Farmers are encouraged to manage debts for inputs like fertilizer and pesticides responsibly to boost production and ensure timely repayments.,Wakulima wanahimizwa kusimamia madeni ya pembejeo kama mbolea na dawa za kuua wadudu kwa njia ya uwajibikaji ili kuongeza uzalishaji na kuhakikisha malipo yanatolewa kwa wakati.,"Abaki bendi obaki nakiya bosi bw'ageraki na funguo buya buya, oria nakiya bosi bw'ageraki nakiya bosi bw'ereyaki, omogenda bw'osoko bw'aki.",Gik malo ka oganda miyo dhiego ka pod ng'ato ka joma koro kagi mwaka kuom piny to golo chako gi ng'ato marach.,Beeraleyda waxaa lagu boorinayaa inay si masuuliyad leh u maareeyaan deymaha alaabada sida bacriminta iyo kiimikooyinka si ay kor ugu qaadaan soo saarista iyo in ay bixiyaan lacagaha waqtigooda.,https://kilimonews.co.ke/agriculture-policy/the-origin-of-coffee-debts/,2026-07-14,scraped:Kilimo News - Policy
270,Agriculture,PSA,"Farmers are advised to stay informed on shifting agricultural market trends driven by emerging economies, particularly in oilseeds, as outlined in the OECD-FAO Agricultural Outlook 2024-2033 report.","Wakulima wanashauriwa kubaki wakijua mwenendo wa soko la kilimo unaobadilika unaosababishwa na uchumi mpya, hasa katika mbegu za mafuta, kama ilivyoelezwa katika ripoti ya OECD-FAO ya Mtazamo wa Kilimo 2024-2033.","Abagenga batarere info buya kianoru buya bwakire bwakagendo bweng'enda buya bwabire buya, buya naki ogotamari, bwakire bwakiruri buya mu OECE-FAO Omoore bwabere 2024-2033.","Otero ni chira mar farmers kuom inyalo kanyo e yo nyaka piny kendo bura chwe mar shuga, piny kuom gi tek mari gi wendo, ka to bura mar OECD-FAO Agricultural Outlook 2024-2033.","Farmers waxay lagula talinayaa inay la socdaan isbedelada suuqa beeraha ee ka dhalanaya dhaqaalo cusub, gaar ahaan qodobbada saliidda, sida ku cad warbixinta OECD-FAO ee Aragtida Beeraha 2024-2033.",https://kilimonews.co.ke/agriculture-policy/oilseeds-yields-to-persist-as-emerging-economies-continue-driving-agricultural-markets-report-indicates/,2026-07-14,scraped:Kilimo News - Policy
271,Agriculture,PSA,Farmers in Zambia are encouraged to adopt rotational grazing practices to boost livestock productivity by 20% and reduce mortality rates by 30%.,Wakulima nchini Zambia wanahimizwa kukubali mbinu za malisho ya kuhamahama ili kuongeza uzalishaji wa mifugo kwa 20% na kupunguza viwango vya vifo kwa 30%.,Abagani banozirwa mu Zambia bategerejeke okugaramia ebicheng'ere obwokakire mu kweteeria omanyire bweragire 20% nakiye omogonde bwarima 30%.,Gik ma farmi ku Zambia nyal timo chiro mar gi ng'ato e yo chayo mapan kendo timo kisuma ma okinyi e 20% kendo golo hia e 30%.,Beeraleyda Zambiya waxaa lagu dhiirrigelinayaa inay qaataan dhaqanka lo’a si hab maamuus ah u daaqaan si ay u kordhiyaan wax soo saarka xoolaha 20% iyo inay yareeyaan heerarka dhimashada 30%.,https://kilimonews.co.ke/agriculture-policy/zambia-farmers-to-benefit-from-sustainable-livestock-management-practices-project/,2026-07-14,scraped:Kilimo News - Policy
272,Agriculture,PSA,Coffee farmers can now apply for debt waivers under the government's new program. Ensure your cooperative submits claims honestly to qualify for the Ksh 6.7 billion support across all coffee growing regions.,Wakulima wa kahawa sasa wanaweza kuomba msamaha wa deni chini ya mpango mpya wa serikali. Hakikisha ushirika wako unawasilisha madai kwa njia ya uaminifu ili kuweza kupata msaada wa Ksh 6.7 bilioni katika maeneo yote yanayolimwa kahawa.,Abagabuli ba kahawa naki bakananga kutegana omokubwaki bwetiyori buoru. Naki buya bwogendo bwomokorori bwanyu bworeka kire naki bwiintang'ani karanya bwakubo Ksh 6.7 billion bweregu bosi bosi bwemokahawa.,Waweza ripoti duto gi kony kendo choko ni mama in oweri kendo kony gi shairi mana. Jochieng magi ni shauri orit ko ng'ato kendo an ng'ato ni kony kony kanyisi Ksh 6.7 bilioni duto kendo mawuok kuom nyaka yuech.,Farmers-ka bunka hadda waxay codsan karaan in lagu cafiyo deymahooda oo ka hooseeya barnaamijka cusub ee Dowladda. Hubi in iskaashatadaadu si daacad ah u gudbiso codsiyada si aad ugu qalanto taageerada Ksh 6.7 bilyan ee guud ahaan dhamaan gobollada bunta lagu beero.,https://kilimonews.co.ke/agriculture-policy/chelugui-outlines-coffee-debt-waiver-process/,2026-07-14,scraped:Kilimo News - Policy
273,Agriculture,PSA,Cooperative CEOs are encouraged to adopt digital operations and ethical practices to enhance resilience amidst competition. Take action now to strengthen your cooperative's growth.,Madaraka ya ushirika yanahimizwa kuzingatia shughuli za kidijitali na maadili ili kuongeza uwezo wa kukabiliana na ushindani. Chukua hatua sasa ili kuimarisha ukuaji wa ushirika wako.,Amasiko naki siganani boke bwaki bw'ogenda obwakore ebisa. Naki oria naki wandiki aise oboraga bw'amasiko bwakire.,Magigi CEO ma kuom jigo yie nyaka golo loch motegno kendo wach mar bedo chwech ligang'uru ma e kido wadh nyaka. Tiyo chako nyaka kitekwanyi kuom owango mar joma ching' gi.,Madaxda iskaashatada waxaa lagu dhiirigelinayaa inay qaataan howlgallada dijitaalka ah iyo habdhaqanka anshaxa si ay u xoojiyaan adkeysiga iyagoo la tartamaya. Ha ka waaboyin inaad talaabo qaaddo si aad u adkaysato koritaanka iskaashatadaada.,https://kilimonews.co.ke/agriculture-policy/cooperative-ceos-urged-to-be-resilient-and-follow-ethical-practices/,2026-07-14,scraped:Kilimo News - Policy
274,Agriculture,PSA,The Cooperatives Bill is expected to pass this year; stakeholders are encouraged to submit their views to the Parliamentary Committee of Trade and Cooperatives.,Sheria ya Ushirikiano inatarajiwa kupitishwa mwaka huu; wadau wanahimizwa kuwasilisha maoni yao kwa Kamati ya Bunge ya Biashara na Ushirikiano.,Ekibori ch’Omokireri kirema ikwenda kubwaki naki; abaki boti bware omosi abwaki oria bakanana bwaki ch’Omokireri na Busi.,Buku ma okonyo mar cooperatives nyalo pesa chieng'ono; watu dhi nyaka bende wawinjore yore bedo to Parliamentary Committee of Trade and Cooperatives.,Sharciga Iskaashatada waxaa la filayaa inuu ansaxayo sanadkan; dhinacyada la xiriira waxaa lagu dhiirigelinayaa inay soo diraan fikradahooda Guddiga Baarlamaanka ee Ganacsiga iyo Iskaashatada.,https://kilimonews.co.ke/agriculture-policy/government-upbeat-about-the-cooperatives-bill-passage-this-year/,2026-07-14,scraped:Kilimo News - Policy
275,Agriculture,PSA,Farmers and tea producers are encouraged to develop a Kenyan tea brand to enhance market visibility and prices. Aim for at least 60% of exports to be processed and branded within 3-5 years.,Wakulima na wazalishaji wa chai wanahamasishwa kuendeleza chapa ya chai ya Kenya ili kuimarisha uonekano wa soko na bei. Lengo ni kuhakikisha angalau 60% ya mauzo ya nje yanachakatwa na kuweka chapa ndani ya miaka 3-5.,Abakire nakiisi baende kutoikanya ek-brand ya chai ya Kenya buya boki kwiwasake omokireri na omokometete. Nakiiranga oreka 60% njara zine buya boki dakore na kiree 3-5.,Owino gi maziwa mar kuon gi tunga weche ahinya kuom kanyal gi tea okel ka oser ni nde moiny. Samo ni oting'o ni 60% mar jiewo to be modhuro gi goding' kata bende 3-5 ng'ato.,Beeraleyda iyo soo saarayaasha shaaha waxaa lagu dhiirigelinayaa inay sameeyaan sumadda shaaha ee Kenya si loo kordhiyo muuqaalka suuqa iyo qiimaha. Ujeedadu waa in ugu yaraan 60% dhoofinta la farsameeyo lana sumadeyo 3-5 sano gudahood.,https://kilimonews.co.ke/agriculture-policy/kenya-must-brand-its-tea-for-better-prices-says-president-william-ruto/,2026-07-14,scraped:Kilimo News - Policy
276,Agriculture,PSA,"Farmers are encouraged to consider organic fertilizer as part of their agricultural practices, following its focus at the recent African Fertilizer and Soil Health Summit.","Wakulima wanahimizwa kuzingatia mbolea za kikaboni kama sehemu ya mazoea yao ya kilimo, kufuatia mkutano wa hivi karibuni wa Afrika kuhusu Mbolea na Afya ya Udongo.","Abaki banchari baisore kugendia osibori oria bw'ogenda buya buya baiso baki koreka mu bw'ogenda bw'abaki, nyanduri bw'ekekubo buya buya bw'Abafirika.","Chalo nyaka dhiye organic fertilizer ka wacho dhok mag chuo, e ng'ato ni owuon e konyo chalo mar African Fertilizer and Soil Health Summit.","Beeralaydu waxaa loo dhiirigelinayaa inay tixgaliyaan bacriminta dabiiciga ah qayb ka mid ah dhaqankooda beeraleyda, iyadoo la raacayo diiradda lagu saaray Shirkii dhowaan ee Bacriminta Afrika iyo Caafimaadka Carrada.",https://kilimonews.co.ke/agriculture-policy/organic-fertilizer-gets-attention-at-the-african-fertilizer-and-soil-health-summit/,2026-07-14,scraped:Kilimo News - Policy
277,Agriculture,PSA,The Nairobi Declaration on Fertilizer and Soil Health has been endorsed; farmers should seek opportunities for partnership and investment in sustainable soil management as outlined in the new 10-year Action Plan.,Tamko la Nairobi kuhusu Mbolea na Afya ya Ardhi limekubaliwa; wakulima wanapaswa kutafuta fursa za ushirikiano na uwekezaji katika usimamizi endelevu wa ardhi kama ilivyoainishwa katika Mpango wa Hatua wa miaka 10 mpya.,Omosiri buya wa Nairobi buya ogwakiogo; abaki bateganire osero omogenda na obwaki bw'orore obwaki shoseri bw'ogweduka mu bwakiri bw'osibori ogosiikire mu buya buya obuorokire.,Nairobi Declaration e nyal mwandu gi fertilizer kod soil health; ng'ato omi piny owuon ni idhi kelo chandruok kuom partnership kod investment e koro kanyakla ma nyalu koro mwaka 10.,Bayaanka Nairobi ee ku saabsan Bacriminta iyo Caafimaadka Carrada ayaa la ansixiyay; beeralaydu waa inay raadiyaan fursadaha iskaashiga iyo maalgashiga maaraynta carrada waarta sida ku xusan Qorshaha Ficilka cusub ee 10-ka sano.,https://kilimonews.co.ke/agriculture-policy/2024-africa-fertilizer-and-soil-health-summit-concludes-with-four-major-endorsements/,2026-07-14,scraped:Kilimo News - Policy
278,Agriculture,PSA,"A new three-year project to strengthen the grain value chain across East Africa has been launched, targeting farmers and stakeholders in Uganda, Tanzania, and Kenya.","Mradi mpya wa miaka mitatu wa kuimarisha minara ya thamani ya nafaka kote Afrika Mashariki umeanzishwa, ukilenga wakulima na wadau nchini Uganda, Tanzania, na Kenya.","Projekiti nane ya mwakahati itatu ikororiere buya buya bwakinyasa bw'ibisambaa mu mashariki mwa Afrika yakioboriire, yakiibwaki abakiiri na ang'anya mu Uganda, Tanzania, naki Kenya.","Dhoho mar gondo motegno abich maok wach ni gin yaki ka maler giri, kanyamar tich, e East Africa, to ok nyaka kelo ng'ato kendo duto ma ok nyaka.","Mashruuc cusub oo seddex sano ah ayaa la bilaabay si loo xoojiyo silsiladda qiimaha dhirta beeraha ee Bariga Afrika, iyadoo diiradda la saarayo beeralayda iyo daneeyayaasha Uganda, Tanzania, iyo Kenya.",https://kilimonews.co.ke/agriculture-policy/project-to-strengthen-the-grain-value-chain-trade-across-east-africa-launched/,2026-07-14,scraped:Kilimo News - Policy
279,Agriculture,PSA,The FINAS 2024 conference on agricultural financing is ongoing; stakeholders are encouraged to engage and explore funding options for the agricultural sector.,Konferensi ya FINAS 2024 kuhusu ufadhili wa kilimo inaendelea; wadau wanahimizwa kushiriki na kuchunguza chaguo za ufadhili kwa sekta ya kilimo.,Konferensi ya FINAS 2024 ya kuigana na fedha z'ekabunwa iri buya; abaki boti bategere omobori noheria boki ya mwaki omokirori buya.,Konferensi FINAS 2024 e yo mar kuera ma tenge konyo; jomoko kanyal nyal konyo kendo otemo jago ma ok nyal ogend.,Shirweynaha FINAS 2024 ee maalgelinta beeraleyda ayaa socda; daneeyayaasha waxaa lagu dhiirigelinayaa inay ka qaybqaataan oo ay baaraan fursadaha maalgelin ee waaxda beerta.,https://kilimonews.co.ke/agriculture-policy/agriculture-sector-financing-takes-centre-stage-at-conference/,2026-07-14,scraped:Kilimo News - Policy
280,Agriculture,PSA,"Avocado harvesting for export opens on March 1, 2024. Exporters must apply for inspection at least three days prior to shipment and submit their supplier list by February 26, 2024.",Ukorongo wa avokado kwa ajili ya usafirishaji utafunguliwa tarehe 1 Machi 2024. Wauzaji wanapaswa kuomba ukaguzi angalau siku tatu kabla ya kusafirisha na kuwasilisha orodha ya wasambazaji ifikapo tarehe 26 Februari 2024.,"Abagwokire avocado boireri busemeza omokoro omosi, 2024. Abagwokire banya kweri buori kwogere omokoro ogire omokoko ataki oria nakama moige, na buori bwendo migenye bwere kendire buya, 2024.","Okwak okar nyaluo mar avokado kuom konyo ji duto onge muma 1, 2024. Jikonyo mar konyo ji duto nigi tich mar nyis pe mokuongo thum ma tati kuom kanyo ni konyo jii gi yore. Wath nyaka romo chalo mag nyise ng'wenni kuom sabuni mar February 26, 2024.","Dheefshiidka avokado loogu tala galay dhoofinta wuxuu furm doonaa March 1, 2024. Dhoofiyayaashu waa inay dalbadaan kormeer ugu yaraan saddex maalmood ka hor rarista, sidoo kalena ay keenaan liiska bixiyeyaashooda ilaa February 26, 2024.",https://kilimonews.co.ke/agriculture-policy/afa-sets-opening-season-date-for-avocado-exports-for-2024-2025-fiscal-year/,2026-07-14,scraped:Kilimo News - Policy
281,Agriculture,PSA,"The 3rd ASARECA Council of Patron Ministers Meeting will take place on February 15th, 2024, at Safari Park Hotel, Nairobi.","Kikao cha 3 cha Baraza la Mawaziri Walezi wa ASARECA kitat held on February 15, 2024, katika Hoteli ya Safari Park, Nairobi.","Inki bw'ogekore buya 3 bw'ASARECA Council of Patron Ministers buya orokire omokero on February 15th, 2024, na Safari Park Hotel, Nairobi.","Oromo 3rd ASARECA Council of Patron Ministers owinjore ka teko ni February 15, 2024, e Safari Park Hotel, Nairobi.","Kulanka 3aad ee Golaha Wasirada ASARECA wuxuu dhici doonaa 15ka Febraayo, 2024, hoteelka Safari Park, Nairobi.",https://kilimonews.co.ke/agriculture-policy/15-regional-agriculture-ministers-to-meet-in-nairobi/,2026-07-14,scraped:Kilimo News - Policy
282,Agriculture,PSA,"Starting March 1, New KCC will pay farmers Kshs 50 per litre of milk. Ensure you deliver your milk regularly to benefit from this program.","Kuanzia Machi 1, New KCC itawalipa wakulima Kshs 50 kwa lita ya maziwa. Hakikisha unaleta maziwa yako mara kwa mara ili ufaidike na mpango huu.","Omocho mwaki ogenda, New KCC ikogenda kutanga aborori Kshs 50 naki litre ya eng'ombe. Maki oria gakiogenda omokirori bw'ogende oriang'ende omogabuki omoka.","K начиная Mach 1, New KCC otimo farmers Kshs 50 ku litre mar ugeny. Nyar chalo ni ok nyal dro no ugeny en ni to gnigi chako.","Laga bilaabo Maarso 1, New KCC waxay bixin doontaa Kshs 50 halkii litir oo caano ah. Hubi inaad si joogto ah u keento caanahaaga si aad uga faa’iidaysato barnaamijkan.",https://kilimonews.co.ke/agriculture-policy/president-ruto-orders-kcc-to-pay-farmers-kshs-50-a-litre-from-march/,2026-07-14,scraped:Kilimo News - Policy
283,Agriculture,PSA,Horticulture exporters in Kajiado and Meru are facing double taxation. Stakeholders are urged to report these taxation issues to the government for resolution.,Wafanyabiashara wa kilimo cha bustani katika Kajiado na Meru wanakabiliwa na ukaguzi wa mara mbili. Washikadau wanahimizwa kuripoti matatizo haya ya ukaguzi serikalini ili kupatiwa ufumbuzi.,Abagwatori b'intore naki Kajiado na Meru baria batarerire mu oria burori bwakirengero. Ababere batongoria ku ibwaki naki bwanaki bwaki besi oigori buya.,Kachiiro mar Horticulture e Kajiado gi Meru neno ni theyo kadondi. Wasekwayo en wath nyaka atimre kachiiro manoma to government me gima thomre.,Dhoofiyeyaasha beeraleyda ee Kajiado iyo Meru waxay wajahayaan canshuur laba jeer ah. Waxaa la farayaa daneeyayaasha inay arrimahan canshuuraha u soo gudbiyaan dowladda si xal loo helo.,https://kilimonews.co.ke/agriculture-policy/kajiado-and-meru-notorious-in-charging-horticulture-for-export-fresh-produce-consortium-kenya/,2026-07-14,scraped:Kilimo News - Policy
284,Agriculture,PSA,"Farmers are encouraged to engage in the production of palm oil, sunflower, and soya to reduce reliance on edible oil imports. Your participation is vital for achieving self-sufficiency in edible oils.","Wakulima wanahimizwa kushiriki katika uzalishaji wa mafuta ya ya mturungi, alizeti, na soya ili kupunguza utegemezi wa uagizaji wa mafuta ya kula. Ushiriki wako ni muhimu kwa kufikia kujitosheleza katika mafuta ya kula.","Abagikire baabere kujengana emokendo ya palm oil, sunflower, na soya kugira ngo bategeneze emokendo ikireka okuboukiya emokendo ya mafuta akirenge. Obote bwenu buyega emang'ana kugana kwagire nyaki mwaki emokendo.","Ng'wechni kuom ne od hiere piny gi palm oil, sunflower, na soya, kari dhi nyaka unyise lweny mogik. Konyruok gi chalo kanyimore bura duto ma ok oting' owinjruok ma piny.","Farmers-ka waxaa lagu dhiirigelinayaa inay ka qayb qaataan soo saarista saliidda timirta, qorraxda, iyo soya si loo yareeyo ku tiirsanaanta saliidda la keeno. Ka qayb qaadashadaadu waa muhiim si loo gaaro isku filnaansho ku saabsan saliidda la cuni karo.",https://kilimonews.co.ke/agriculture-policy/government-plans-on-local-edible-oils-production/,2026-07-14,scraped:Kilimo News - Policy
285,Agriculture,PSA,Farmers and agribusiness stakeholders are urged to focus on improving soil health as part of the Kenya Food Systems and Land Use Action Plan 2024-2030.,Wakulima na wadau wa biashara ya kilimo wanashauriwa kuzingatia kuboresha afya ya udongo kama sehemu ya Mpango wa Vitendo wa Mifumo ya Chakula na Matumizi ya Ardhi wa Kenya 2024-2030.,Abagikuyu n’abagabukora miriambo barakerekeriania okoboragania omogenda bwaki k’okwenda otende 2024-2030.,"Nanga gi owuon mar farmers to agribusiness stakeholders, chalo pod ithiegoro gi ber mar udongo, nyaka itimo kwom Kenya Food Systems kod Land Use Action Plan 2024-2030.",Beeraleyda iyo daneeyayaasha agribusiness-ka waxaa lagu booriyay inay diiradda saaraan hagaajinta caafimaadka ciidda qayb ka ah Qorshaha Ficilada Nidaamyada Cuntada iyo Isticmaalka Dhulka ee Kenya 2024-2030.,https://kilimonews.co.ke/agriculture-policy/focus-on-soil-health-as-food-systems-and-land-use-action-plan-2024-2030-is-launched/,2026-07-14,scraped:Kilimo News - Policy
286,Agriculture,PSA,"The government will establish a milk price-stabilizing fund through New KCC, with Kshs. 3 billion allocated to manage excess milk and stabilize prices.","Serikali itaunda mfuko wa kuweka bei ya maziwa sawa kupitia New KCC, ambapo shilingi bilioni 3 zitatengwa kusimamia ziada ya maziwa na kuimarisha bei.","Abagere buya bigenjore bwaki bwakinyaka ore bwang’ere bori na New KCC, naki Kshs. 3 billion buya buya bwaki bwakabere nyanya mbekere na bwakinyaka bwaki.","Govt. en gi fund ma okel namba mamil na New KCC, ka Kshs. 3 billion oger gi ni gitimo mamil ma oketieka gi kuom namba mamil.","Dowladdu waxay dhisi doontaa fund ka habaynaya qiimaha caanaha oo ay fulin doonto New KCC, iyadoo Kshs. 3 bilyan loo qoondeeyey in lagu maareeyo caanaha xad-dhaafka ah iyo in la xasilinayo qiimaha.",https://kilimonews.co.ke/agriculture-policy/government-to-establish-a-milk-price-stabilizing-fund/,2026-07-14,scraped:Kilimo News - Policy
287,Agriculture,PSA,"The government has written off Kshs. 117 billion in debts for public sugar mills, providing support for farmer and salary arrears through a 90-day payment plan.","Serikali imefuta deni la Kshs. bilioni 117 kwa mashambani ya sukari ya umma, ikitoa msaada kwa wakulima na malimbikizo ya mishahara kupitia mpango wa malipo wa siku 90.","Abagere buya batania Kshs. 117 billion mu buya bwaki bw’amasabo, batarorere omogotani na ogouchari buseke mu nenga 90.","Gavumenti oyie Kshs. 117 billion kuom chogo ma okonyo joma nyandieni, mane otimore joma ng'ato gi dhako kanyakla kuom piny mar 90.","Dowladdu waxay ka cafisay Kshs. 117 bilyan deyn ah warshadaha sonkorta ee dadweynaha, iyada oo taageero siisay beeraleyda iyo mushaar la'aan iyada oo loo marayo qorshe lacag bixin ah oo 90 maalmood ah.",https://kilimonews.co.ke/agriculture-policy/new-hope-as-government-writes-off-debts-in-the-sugar-sector/,2026-07-14,scraped:Kilimo News - Policy
288,Agriculture,PSA,No permits will be issued for importing wheat or maize. Local farmers are encouraged to sell their produce at fair prices. Farmers can use NCPB driers for maize at Ksh 50 per bag to reduce post-harvest losses.,Hakuna vibali vitakavyotolewa kuagiza ngano au mahindi. Wakulima wa ndani wanahimizwa kuuza mazao yao kwa bei nzuri. Wakulima wanaweza kutumia mikanika ya NCPB kukausha mahindi kwa Ksh 50 kwa gunia ili kupunguza hasara za baada ya mavuno.,Ong'endo nyasa buya oria okunda omogogoa kana ng'oria. Abagereka bakiema nyasa bakanogorire oria ba igomboki buya. Abagereka bakiema canya NCPB driers buya oria okusa Ksh 50 omosi buya omogogoa okogoma eng'wonia.,Nakiwou ni gire nyaka kagi teko mar uwete wheat kata maize. Manoko oseti gi mwalimu kar keto ber mag produce gi pinje. Midwogo oseti nyiso NCPB driers madhiere ma maize ka Ksh 50 mara bag to oketho piny-gi.,Looma bixin doono rukhsadaha lagu soo dejinayo mudh iyo galley. Beeraleyda maxalliga ah waxaa lagu dhiirigelinayaa inay iibiyaan wax-soo-saarkooda iyadoo qiimo cadaalad ah. Beeraleydu waxay isticmaali karaan qalabka NCPB ee ka qalajinaya galleyda Ksh 50 bacda si loo yareeyo khasaaraha ka dhasha goosashada.,https://kilimonews.co.ke/agriculture-policy/no-wheat-or-maize-import-permits-says-president-ruto/,2026-07-14,scraped:Kilimo News - Policy
289,Agriculture,PSA,All sugar millers must cease cane poaching immediately to combat the sugar shortage; failure to comply may involve police action.,Wakandarasi wote wa sukari lazima wakomeshe kuiba miwa mara moja ili kushughulikia uhaba wa sukari; kutoshiriki kunaweza kusababisha hatua za polisi.,Abagere b'ekisukari bochinge bategere cane poaching omokire buya buya toshokire oria; kutarokire bwana omokire ikerane naki.,"Ng'ato ng'ato miyo sugar millers nyalo kwach kata cane poaching marach e maar. Kaka ng'ato otimo ne gol, maaru ni to gichiw, ginyal kuom joma gichung' e police.","Dhammaan warshadaha sonkorta waa inay si degdeg ah u joojiyaan xatooyada canabka si loo xaliyay yaraanta sonkorta; haddii aan la raacin, waxaa jiri kara tallaabooyin boolis.",https://kilimonews.co.ke/agriculture-policy/afa-talks-tough-to-sugar-millers-over-cane-poaching/,2026-07-14,scraped:Kilimo News - Policy
290,Agriculture,PSA,Busia farmers have received 17 tonnes of Bt cotton seeds and fertilizer from the National government to revive cotton production. Utilize these resources for better yields and income.,Wakulima wa Busia wamepokea tani 17 za mbegu za pamba za Bt na mbolea kutoka kwa serikali ya kitaifa ili kuhuisha uzalishaji wa pamba. Tumia raslimali hizi kwa mavuno bora na mapato.,Abarimu baki Busia bagetere emani 17 ya matiga ya Bt cotton na emani yaki fertilizer buya buya oseria boki. Nyarori bosi bosi ekogwenye omokiri na obwakire.,"Farmer e Busia abiro 17 tonnes ma Bt cotton seeds kod fertilizer wuod National government, ei ogend kendo owinj kod cotton. Jiyac mar bisa mogik ken piny kendo okel.",Farmaajiyayaasha Busia waxay heleen 17 tun oo abuurka cotton Bt ah iyo bacriminta dowladda qaran si loo soo nooleeyo wax soo saarka cotton. Ka faa’iidayso agabkan si aad u hesho dalag wanaagsan iyo dakhli.,https://kilimonews.co.ke/agriculture-policy/busia-farmers-receive-17-tonnes-bt-cotton-seeds-and-fertilizer-from-national-government/,2026-07-14,scraped:Kilimo News - Policy
291,Agriculture,PSA,Frameworks to support coffee subsector reforms will be ready by the end of the year. Farmers and stakeholders are encouraged to prepare for upcoming changes and improvements.,Mifumo ya kusaidia marekebisho ya sekta ya kahawa itakuwa tayari kabla ya mwishoni mwa mwaka. Wakulima na wadau wanahimizwa kujitayarisha kwa mabadiliko na maboresho yanayokuja.,Naki ikirori naki buya bwakire bwakire omokati buse morenge buya bwaki. Bogezi naki abogenda boriano baragati omokinyanire kosi naki bosi.,Maweche mane en e plung' mar coffee oketo ni ng'ama orumo chike gi bw'iring' konyo e piny. Buru mar adhiongo gi jopiny no wuok to ok inywolo e piny.,Qaab-dhismeedyada taageeraya isbedelka qeybta kafee ayaa la filayaa inay diyaar noqdaan dhammaadka sanadka. Beeralayda iyo daneeyayaasha waxaa lagu dhiirigelinayaa inay diyaar garoobaan isbedelada iyo horumarka soo socda.,https://kilimonews.co.ke/agriculture-policy/frameworks-to-support-coffee-subsector-reforms-will-be-ready-before-the-end-of-the-year-says-deputy-president-rigathi-gachagua/,2026-07-14,scraped:Kilimo News - Policy
292,Agriculture,PSA,"Two hundred ten Kenyan trainees have been selected for the 2023 Mashav Agricultural Training Program in Israel, focusing on practical skills in agriculture.","Wanafunzi mia mbili na kumi wa Kenya wamechaguliwa kwa ajili ya Programu ya Mafunzo ya Kilimo ya Mashav ya mwaka 2023 nchini Israel, wakilenga ujuzi wa vitendo katika kilimo.","Bwakire abaki 210 ba Kenya bakiokire omogoti boosibori bw'amasomo g'ogenda 2023 Mashav mu Israel, bakiibori omokirori omokisumo mu buya.","Laki abiriyo na higa manyien gi bende kwach kanyakla maitung' 2023 Mashav Agricultural Training Program e Israel, ma wacho maler e kanyakla mar dhou.","Laba boqol iyo toban tababare Kenya ah ayaa la doortay barnaamijka Tababarka Beeraha Mashav ee Israel 2023, oo diiradda saaraya xirfadaha practicalka ah ee beeraha.",https://kilimonews.co.ke/agriculture-policy/first-lady-commissions-kenyan-trainees-for-agriculture-training-in-israel/,2026-07-14,scraped:Kilimo News - Policy
293,Agriculture,PSA,The Ministry of Agriculture has launched a pilot control operation using bio-grade pesticides to manage the invasive apple snail population in Mwea. Farmers in the area should monitor application guidelines for effective control.,Wizara ya Kilimo imeanzisha operesheni ya jaribio ya kudhibiti matumizi ya dawa za kuua wadudu zenye kiwango cha bio ili kudhibiti idadi ya konokono wa waapulo katika Mwea. Wakulima katika eneo hilo wanapaswa kufuatilia miongozo ya matumizi kwa kudhibiti kwa ufanisi.,Omoige buya bw’Omokireri bw’Etoreka buya ore agorire ekikangacho bw’abi bio-grade obwakiri okuganya omogango ogwakiriri bwa apple snail mu Mwea. Ababere mu obori bano bataroni buya bamoja bw’orian mwanjira oria buya bria bw’oganya.,"Ministir di Akwach abud ng'ato tếndi maler ma nyal golo bio-grade pesticides, ng'ato konyo chalo machu duto ma apple snail e Mwea. Wuodhi madhi n'gi yie to ikwong' to ber.",Wasaaradda Beeraha ayaa bilowday hawlcontorool tijaabo ah oo isticmaaleysa kiimikooyin bey’adeed si ay ula tacaalaan tirada qashinka abaalmarinta ah ee ku faafay Mwea. Beeraleyda deegaanka waa in ay la socdaan tilmaamaha codsiga si ay u helaan xakameyn waxtar leh.,https://kilimonews.co.ke/agriculture-policy/ps-launches-fight-against-rice-snails-in-mwea/,2026-07-14,scraped:Kilimo News - Policy
294,Agriculture,PSA,Farmers and agribusiness stakeholders are encouraged to engage in the Bottom-Up Economic Transformation Agenda aimed at boosting agricultural productivity and addressing food security issues.,Wakulima na wadau wa biashara ya kilimo wanahimizwa kushiriki katika Mpango wa Mabadiliko ya Uchumi wa Chini Kuelekea Juu unaolenga kuongeza uzalishaji wa kilimo na kushughulikia masuala ya usalama wa chakula.,Abakire na abashamaki b’ageri bateganire kumaranya mu Bottom-Up Economic Transformation Agenda butigire okwigwaniria osibori naki inki naki.,Waduoga ni joma nidi ma yo owadgi e Bottom-Up Economic Transformation Agenda nyaluok gi nyinge kony e pato mar nyamre duto bende okawonji kony mar nyamre.,Beeralayda iyo daneeyayaasha ganacsiga beeraha waxaa lagu dhiirrigelinayaa inay ka qaybqaataan Ajendaha Isbeddelka Dhaqaalaha hooseeya si kor loogu qaado wax soo saarka beeraha iyo in wax laga qabto arrimaha amniga cuntada.,https://kilimonews.co.ke/agriculture-policy/president-rutos-full-statement-on-interventions-in-agriculture/,2026-07-14,scraped:Kilimo News - Policy
295,Agriculture,PSA,The Kenyan government is advocating for a review of the global funding system to better support Africa's agricultural needs. Stakeholders are urged to collaborate on this initiative.,Serikali ya Kenya inasisitiza kuwepo kwa mapitio ya mfumo wa ufadhili wa kimataifa ili kusaidia mahitaji ya kilimo barani Afrika. Wadau wanahimizwa kushirikiana katika iniciativa hii.,Obwaki bwaki bwanatetere kwamwaki bwaki bwemwaki butuci bwetire bujenda buya buaba buongo bwake bu baibori bara. Abakire basagire mwena mwaki buangwenje.,Chuo cha Kenya en piny itim e katondo mar funding ma ok to kendo nyal yorego piny mar Afrika kuom joma dindo. Joma bende ginyalo timo mano.,Dowladda Kenya waxay ka shaqaynaysaa dib u eegis nidaamka maalgelinta caalamiga ah si loo taageero baahiyaha beeraha Afrika. Dewaalka waxaa lagu boorinayaa inay wada shaqeeyaan sidii ay u hirgeliyaan hindisahan.,https://kilimonews.co.ke/agriculture-policy/review-financing-system-in-favour-of-africa-dp-gachagua-at-un-food-summit/,2026-07-14,scraped:Kilimo News - Policy
296,Agriculture,PSA,Farmers are encouraged to attend plant clinics for expert advice on crop pest and disease management. Check with local agricultural extension services for clinic locations and schedules.,Wakulima wanahimizwa kuhudhuria kliniki za mimea kwa ushauri wa kitaalamu kuhusu usimamizi wa wadudu na magonjwa ya mazao. Wasiliana na huduma za ugani za kilimo za eneo lako kwa taarifa za maeneo na ratiba za kliniki.,Abagiri batoragwa kuja mashule okore moja mogendeti moshindi moshagari buye bwokinyando naki omogori. Naki kire buye emagana y'amasela y'abagiri bwokinyando batarohye.,Jokonyo g’inj kuom plant clinics gi golo chiegni ma okaw ngech gi piny. Teken gi agolo maber ma adwaro kuom klini gi nyinga kod joge mar shingruok.,Beeralaydu waxaa lagu dhiirigelinayaa inay ka qaybqaataan xarumaha dhirta si ay talo khabiiro ah uga helaan maaraynta cayayaanka iyo cudurrada dhirta. La xiriir adeegyada ballaarinta beeraha ee deegaankaaga si aad u ogaato meelaynta xarumaha iyo jadwalka.,https://kilimonews.co.ke/agriculture-policy/in-uganda-farmers-attend-plant-clinics-for-extension-services/,2026-07-14,scraped:Kilimo News - Policy
297,Agriculture,PSA,A Ksh15.9 billion insurance project has been launched to support pastoralists in 21 ASAL counties. Pastoralists are encouraged to enroll in the program to mitigate climate change impacts.,Mradi wa bima wa Ksh15.9 bilioni umeanzishwa kusaidia wachungaji katika kaunti 21 za ASAL. Wachungaji wanahimizwa kujiandikisha katika programu hii ili kupunguza athari za mabadiliko ya tabianchi.,Omoshiro omokere Ksh15.9 billion ono omokere ore kiogori buya omokere bataragani mu 21 ASAL buya. Bataragani bakirukire kuji orangana mosi ogoteke omogiri omokere nhyaki.,Jumala Ksh15.9 billion mar lek chuny gima otimo kuom ng'ama ma okwanyo 21 ASAL. Ng'ama oyie chiegni to ne imiyogi muok ji machal.,Mashruuc caymis ah oo qiimihiisu yahay Ksh15.9 billion ayaa la bilaabay si loo taageero xoolo-dhaqatada 21 degmo oo ASAL ah. Xoolo-dhaqatada waxaa lagu dhiirrigelinayaa inay ku biiraan barnaamijka si loo yareeyo saameynta isbeddelka cimilada.,https://kilimonews.co.ke/agriculture-policy/government-launches-ksh15-9b-insurance-project-for-pastoralists/,2026-07-14,scraped:Kilimo News - Policy
298,Agriculture,PSA,The establishment of the Tea Research Foundation is currently delayed due to ongoing court cases related to the Tea Act of 2020. Stakeholders are encouraged to engage and resolve these disputes.,Uanzishwaji wa Taasisi ya Utafiti wa Chai umekawia kutokana na kesi za mahakamani zinazohusiana na Sheria ya Chai ya 2020. Washiriki wanahimizwa kushiriki na kutatua migogoro hii.,Ekiinjiramo chirema cha Tea Research Foundation kigurana na orembo buya buya naki egeta ogenda buya buya okorire Tea Act ya 2020. Abaki nyasa emoti obokireri na oborere abandi buya buya.,"Kagundo mar Tea Research Foundation kare nyalo chako mar kanyo e ndalo, kendo jodong' meko to okonyalo konyore nyasaye gi Tea Act mar 2020. Bende jodong' en buoch nyalo timo giko kendo unyalu nyasaye.",Aasaaska Aasaaska Cilmi-baarista Shaaha ayaa haatan dib u dhaca sababo la xiriira kiisaska maxkamadeed ee ku saabsan Qaanuunka Shaaha ee 2020. Dadka daneynaya ayaa lagu dhiirigelinayaa inay ka qaybqaataan oo ay xaliyaan khilaafaadkaas.,https://kilimonews.co.ke/agriculture-policy/court-cases-hampering-tea-research-foundation-establishment-says-kalro-chairman/,2026-07-14,scraped:Kilimo News - Policy
299,Agriculture,PSA,"The government will fully implement the Tea Act, 2020 to revive the tea sector and improve farmers' earnings. All stakeholders are invited to contribute to this reform process.",Serikali itatekeleza kwa ukamilifu Sheria ya Chai ya mwaka 2020 ili kufufua sekta ya chai na kuboresha mapato ya wakulima. Wadau wote wanakaribishwa kuchangia katika mchakato huu wa mabadiliko.,"Abaga ikirango barachire teya ya Tea Act, 2020 buya bnaire omogori na buya bategana itokiri ya bataria. Bwakire bosi barikire ekegene ekiri buya buya.","Gavumenti oying' miyo Tea Act, 2020 to yudhi tea nyaka itimre okwetgi madhi. Gik mamoko nyalo wakinchi kanyono unyalo tere jochiwo mar reform manamwe.","Dowladdu waxay si buuxda u fulin doontaa Sharciga Shaaha, 2020 si dib loogu soo nooleeyo qaybta shaaha iyo kor loogu qaado dakhliga beeralayda. Dhamaan daneeyayaashu waa lagu casuumay in ay ka qayb qaataan habka isbeddelka.",https://kilimonews.co.ke/agriculture-policy/deputy-president-promises-to-fully-implement-proposals-to-revive-the-tea-sector/,2026-07-14,scraped:Kilimo News - Policy
300,Agriculture,PSA,Farmers are encouraged to engage in coffee marketing discussions to better understand pricing and ownership rights; stay informed and participate actively in cooperative decisions.,Wakulima wanahimizwa kushiriki katika majadiliano ya masoko ya kahawa ili kuelewa vyema bei na haki za umiliki; kuwa na taarifa na kushiriki kwa aktiiv katika maamuzi ya ushirika.,Abagikuyu barekeganye okongera abaki bakenye mu buya bw’amalenga koffee buya bwahaki omokireri na omorongo; barengane na babere bakire mu bwakire bw’amatiriri.,Ababurngi ok anyalo itwaro kuom magweny ma chogo coffee ka gikwongo chakruok gi dwondere; negiyi chiko e kàin jomako gichieng.,Beerleeyda waxaa lagu dhiirigelinayaa inay ka qaybqaataan wadahadalada suuqgeynta qaxwada si ay u fahmaan qiimaynta iyo xuquuqda lahaanshaha; la soco oo si firfircoon uga qeybqaado go'aanada iskaashatada.,https://kilimonews.co.ke/agriculture-policy/recommendations-for-coffee-marketing-in-kenya/,2026-07-14,scraped:Kilimo News - Policy
301,Agriculture,PSA,"All companies dealing in coffee must apply afresh for licenses by June 30, 2023, due to upcoming reforms. Ensure compliance with the relevant licensing authority.","Kampuni zote zinazoshughulika na kahawa lazima zifanye maombi mapya ya leseni kabla ya tarehe 30 Juni 2023, kutokana na marekebisho yanayokuja. Hakikisha unafuata masharti ya mamlaka husika ya leseni.","Abanye buya bwogeni bwoburori buya bwebire bwise bonyemo buya bingi bwogori bunajeganyagwa na mwaki wa 30, 2023, buya buya nakiha manenge munane.  Gosiere buya buya buya bwogetere buya benderia bonyemo.","Jaceng'ni onyuol mar kisi mokuon piny gima en coffee nyalo topuok gi licens mag ng'ato mar June 30, 2023, kendo jopuonjere ma okelre. Bewachimre kama ne karur Abiriyo ma otony.","Dhammaan shirkadaha ka shaqeeya qaxwaha waa in ay codsadaan liisam cusub ka hor June 30, 2023, sababo la xiriira dib-u-habeyn. Hubi in aad u hoggaansanto hay'adda bixisa liisanka.",https://kilimonews.co.ke/agriculture-policy/apply-coffee-licenses-afresh-says-ministry/,2026-07-14,scraped:Kilimo News - Policy
302,Agriculture,PSA,Farmers are urged to unite against coffee cartels that are impacting returns; mobilization efforts are underway to address these challenges in the coffee value chain.,Wakulima wanasisitizwa kuungana dhidi ya magenge ya kahawa yanayoathiri mapato; juhudi za kuhamasisha zinafanywa ili kukabiliana na changamoto hizi katika mchaino wa thamani ya kahawa.,"Abakoro bategerejere buse baki naki bw'ekaheri buhabwa bw'ekibari kya kọfé, tugirè buse buhoya bwereka ebinyabogira bw'ekikomo ky'ekibari.",Ong'ere gi pany kode me kachola tiyo magu dogu e piny otieno; nyaka ne ok eng'ere kony koro gi ombulu duto e kachogo ma coffee.,Beeraleyda waxaa lagula talinayaa inay isugu yimaadaan ka dhanka ah cartels-ka qaxwaha ee saameynaya dakhligooda; dadaallada isugeynta ayaa socda si loo xalliyo caqabadaha ku jira silsiladda qiimaha qaxwaha.,https://kilimonews.co.ke/agriculture-policy/governor-mbarire-and-the-kenyan-coffee-cartels-debate/,2026-07-14,scraped:Kilimo News - Policy
303,Agriculture,PSA,Farmers in mango-producing counties are encouraged to adopt improved planting materials and enhance their skills to boost production and market access following the National Mango Conference.,Wakulima katika kaunti zinazozalisha maembe wanahimizwa kutumia vifaa bora vya kupanda na kuboresha ujuzi wao ili kuongeza uzalishaji na upatikanaji wa soko kufuatia Mkutano wa Kitaifa wa Maembe.,Ababere bange mango batarera baria bagorire bakanyokire buya nyamia na boki omokubwakire bwaki omogusi na nyakiema bataniane asubuta bwaning'ana bwe itekano ikaraga omoyote ogwaki.,Owino mag ng'ato makende gi mango nyaka nyal ka ng'ato osetho miyo hymo chunyu kendo konyo nindo bura kuom jaduong' kendo nyaka okanyo ing'weyo kendo ng'ato sa makalo.,Crop-dhaqatadu waxay ku dhiirigelinayaan in ay qaataan agab beereed oo la hagaajiyay iyo in ay kororsadaan xirfadahooda si ay u kordhiyaan waxsoosaarka iyo helitaanka suuqyada kadib Shirweynihii Qaranka ee Mango.,https://kilimonews.co.ke/agriculture-policy/resolutions-from-the-first-national-mango-conference/,2026-07-14,scraped:Kilimo News - Policy
304,Agriculture,PSA,Farmers are encouraged to participate in training programs focused on growing French beans to enhance food security. Please seek local agricultural offices for training schedules and enrollment details.,Wakulima wanahimizwa kushiriki katika programu za mafunzo kuhusu kuzalisha maharagwe ya Ufaransa ili kuboresha usalama wa chakula. Tafadhali tembelea ofisi za kilimo za eneo lako kwa ratiba za mafunzo na maelezo ya kujiandikisha.,Ababere batirire kugana mu masomo gaki gakwenda konyanga ebihamba bigezebwako omong’era omokoro. Omosia ogendete mwekore ebiroto buya buya buisanene ne konyang’iria.,Ong'wech gima ohinga nyasaye eyo lokruok gi konyo kuonde kendo ok giek nyasi oboya. Konyi kanyeng' agolo ma eyo ma ohu chuo maler kendo dholuwa.,Farmereyaasha waxaa lagu dhiirigelinayaa inay ka qayb qaataan barnaamijyada tababarka ee diiradda saaraya koritaanka digirta Faransiiska si loo xoojiyo ammaanka cuntada. Fadlan la xiriir xafiisyada beeraha ee deegaanka si aad u hesho jadwalka tababarka iyo faahfaahinta isdiiwaangelinta.,https://kilimonews.co.ke/agriculture-policy/farmer-training-key-in-attaining-food-security/,2026-07-14,scraped:Kilimo News - Policy
305,Agriculture,PSA,Millers and grain importers granted duty waivers for maize and rice have 7 days to provide proof of importation or risk losing their licenses. No imports will be allowed after August 2023.,Wazalishaji wa unga na waagizaji wa nafaka waliopatiwa msamaha wa forodha kwa mahindi na mchele wanatakiwa kutoa uthibitisho wa uagizaji ndani ya siku 7 au hatarini kupoteza leseni zao. Hakuna uagizaji utakaoruhusiwa baada ya Agosti 2023.,Abakunya na abahinga bataragani obwakisyo buoru bwetendire buoru bwa egesagane bujara nyanja naki buwiritiri 7 emogoti okwereka omokirigori waki na bwotirenda obukiisi bwake. Naki omogori ogwenyanja ogotemereraki after August 2023.,"Milleka kod joma oknya dhou chuth gi ng’eyo dudi mar tho mar joma oknya nofwen kapo 7, kuom konyo chiegni ma inyal konyo dhakh. Niko nyaka inyal konyo chuth ka ng'ato ng'ato kanyad August 2023.",Miller-yada iyo soo-dejiyayaasha hadhuudhka oo helay hakad canshuur ah oo ku saabsan baasto iyo shadiid waxay leeyihiin 7 maalmood si ay u soo bandhigaan caddeyn soo dejin ah ama halis u yihiin in ay lumiyaan rukhsadahooda. Ma jiraan wax soo-dejin ah oo la oggolaan doono ka dib bishii Agoosto 2023.,https://kilimonews.co.ke/agriculture-policy/its-either-maize-or-my-license-linturi-to-millers/,2026-07-14,scraped:Kilimo News - Policy
306,Agriculture,PSA,The Kenya Food Systems Conference identified critical recommendations for enhancing the science-policy interface in agriculture. Stakeholders are encouraged to engage with proposed mechanisms for innovation.,Konferensi ya Mifumo ya Chakula Kenya ilibaini mapendekezo muhimu ya kuimarisha mwingiliano wa sayansi na sera katika kilimo. Washikadau wanahimizwa kushiriki katika mekanika zilizopendekezwa za uvumbuzi.,Omosira wa Kenya omokwenda omogusi bw'ogekiranya kuringana eng'onyegusa omokiri kebw'ogusikanya. Ababere baamogotere bakuraira bendi bawaire omokirigania bw'osibiri.,Konferense mar Kenya Food Systems oyiedi migo mar nuok ma wacho ongeyo obwaki mar science-policy e barch. Makiwogi en sauma kuom giyandik kuom ng’ato mar kiwuok.,Shirka Nidaamyada Cuntada ee Kenya ayaa soo bandhigay talooyin muhiim ah oo lagu xoojinayo isdhexgalka cilmiga iyo siyaasadda beeraha. Daneeyayaasha waxaa lagu dhiirigelinayaa inay ka qaybqaataan hababka cusub ee lagu soo jeediyay.,https://kilimonews.co.ke/agriculture-policy/kenya-food-systems-conference-recommendations/,2026-07-14,scraped:Kilimo News - Policy
307,Agriculture,PSA,"The government is constructing the Mwache Dam to provide water for irrigation, benefiting 1.6 million people in Kwale and Mombasa Counties. Completion is expected by August 2026.","Serikali inajenga Kiwanda cha Mwache ili kutoa maji kwa umwagiliaji, ikinufaisha watu 1.6 milioni katika Kaunti za Kwale na Mombasa. Kumaliza kunatarajiwa kufanyika ifikapo Agosti 2026.","Ong'anya ikuragania Mwache Dam buya omosagari kuti itorore omokireri, jotiire emogori 1.6 million abaki bwiikire Kwale na Mombasa. Ibwaki buya temanioria buya omokire August 2026.","Gamuoro ne okonyo Mwache Dam mag kuom chiengʼ, mokuongo 1.6 milioni penje e Kwale kod Mombasa. Weng' gi mijo ni otimore kendo ok oduogo e August 2026.","Dowladda waxay dhiseysaa Biyaha Mwache si loo siiyo biyo waraabinta, taasoo ka faa'iideysanaysa 1.6 milyan oo qof oo ku sugan Degmooyinka Kwale iyo Mombasa. Dhameystirka waxaa la filaayaa inuu dhaco bishii Agoosto 2026.",https://kilimonews.co.ke/agriculture-policy/government-to-invest-in-dams-construction-to-boost-food-production/,2026-07-14,scraped:Kilimo News - Policy
308,Agriculture,PSA,Farmers in Kenya are urged to adopt good agricultural practices to ensure safe food production. Stay informed on best practices and standards to boost market competitiveness.,Wakulima nchini Kenya wanashauriwa kufuata mazoea bora ya kilimo ili kuhakikisha uzalishaji salama wa chakula. Baki na habari kuhusu mbinu bora na viwango ili kuimarisha ushindani sokoni.,Ababere mu Kenya barakiire bategese buya bwa buya buya bota buya ka bwere umaki. Naki yenge ria buya omokireri naki abetune buya ubukiri bwaki bwonire buga.,Osiepe kanyakla e Kenya wanyal gichwach gi riyango maber managore ka otemo chakre mar duto. Wachal gi inyuol ma pwondi kendo kanyo ng'ato ni ohero e dho market.,Farmarada Kenya waxaa la farayaa inay qaataan dhaqamada wanaagsan ee beeraleyda si loo hubiyo in cunto ammaan ah la soo saaro. La soco dhaqamada ugu wanaagsan iyo heerarka si loo xoojiyo tartanka suuqa.,https://kilimonews.co.ke/agriculture-policy/calls-for-good-agricultural-practices-to-realize-safe-food-production-in-kenya/,2026-07-14,scraped:Kilimo News - Policy
309,Agriculture,PSA,Locust-affected countries are encouraged to implement the recommended strategies for locust management and prevention discussed at the Desert Locust Control Committee meeting in Nairobi.,Nchi zilizoathiriwa na nzige zinahimizwa kutekeleza mikakati inayopendekezwa ya usimamizi na kuzuia nzige iliyozungumziwa kwenye mkutano wa Kamati ya Kudhibiti Nzige wa Jangwa jijini Nairobi.,Abantu abao bakenye're wekorori bamsabokire bamenyire emokiri eya mabehu naki bizira bionekere buya bwabeng'ana Bwakire Bwakirioria e Nairobi.,"Mayanjore dholuo miyo timo ng'ato machiegni timbe to kony oting' ji mar lokust, kuom nyaka kinde ma koro ni e meeting mar Desert Locust Control Committee e Nairobi.",Dhulalka ay saameeyeen caarada waxaa lagu boorinayaa inay hirgeliyaan istaraatijiyadaha la talinayo ee maareynta iyo ka hortagga caarada oo lagaga hadlay shirweynaha Guddiga Xakameynta Caarada Caarada ee Nairobi.,https://kilimonews.co.ke/agriculture-policy/locust-affected-countries-met-in-kenya-to-assess-joint-action/,2026-07-14,scraped:Kilimo News - Policy
310,Agriculture,PSA,The Kenyan government has developed the National Water and Sanitation Investment and Financing Plan (NAWASIP) for improving rural water and sanitation through infrastructure projects.,Serikali ya Kenya imeandaa Mpango wa Uwekezaji na fedha wa Maji na Usafi wa Mazingira wa Kitaifa (NAWASIP) kuboresha maji ya vijijini na usafi kupitia miradi ya miundombinu.,Ongorori buya bwaki bw’oka Kenya buya buya bwakirana na plan ya Gichera na Nyaraki (NAWASIP) buya bwachoche buya bwakirori omokirori bwaki na nyaraki mwaki buya ogenda.,Gavamént mar Kenya onyiso National Water and Sanitation Investment and Financing Plan (NAWASIP) kugira kamano rwak iwuon ka gikwachoo gi manguo kod itho mar kit.,Dowladda Kenya waxay horumarisaa Qorshaha Maalgelinta iyo Maalgashiga Biyaha iyo Nadaafadda Qaranka (NAWASIP) si loo hagaajiyo biyaha iyo nadaafadda tuulooyinka iyadoo la adeegsanayo mashaariic kaabayaasha.,https://kilimonews.co.ke/agriculture-policy/kenya-develops-water-and-sanitation-investment-and-financing-plan/,2026-07-14,scraped:Kilimo News - Policy
311,Agriculture,PSA,"The Angololo dam project will supply water and irrigation to 270,000 people and benefit farmers in Busia and Bungoma counties in Kenya, and districts in Eastern Uganda.","Mradi wa bwawa la Angololo utatoa maji na umwagiliaji kwa watu 270,000 na kunufaisha wakulima katika kaunti za Busia na Bungoma nchini Kenya, na wilaya za Mashariki mwa Uganda.","Porojekiti ya Angololo itagetegana emanyisa na kwansiechia abaki 270,000 na ikarorere abaki ogenda mu Busia na Bungoma, Kenya, na masai mu Buganda ya mashariki.","Projekti mar Angololo didhi nengo ka omar dho piny kendo tiyo ng'ato 270,000. Bende otero dhok kaka miluongo mijo e Busia gi Bungoma, kendo ni diko e dhoot e Uganda mashariki.","Mashruuca damka Angololo wuxuu siin doonaa biyo iyo waraabin 270,000 qof wuxuuna caawin doonaa beeraleyda Gobeed iyo Bungoma ee Kenya, iyo degmooyinka Bariga Uganda.",https://kilimonews.co.ke/agriculture-policy/kenya-and-uganda-to-benefit-from-angololo-dam-project/,2026-07-14,scraped:Kilimo News - Policy
312,Agriculture,PSA,4.3 million registered farmers can now access subsidized fertilizer at KNTC and NCPB Stores for Kshs. 3500 per 50kg bag. Ensure you are digitally registered at Assistant Chief's offices to qualify.,Wakulima milioni 4.3 waliojiandikisha sasa wanaweza kupata mbolea iliyopewa ruzuku katika maduka ya KNTC na NCPB kwa Kshs. 3500 kwa begi la 50kg. Hakikisha umejiandikisha kidijitali ofisini mwa Msaidizi Mkuu ili kuweza kufaidika.,Abagabekeri 4.3 mirioni barore bokonye bwerusi bwanoka kusi mbokiri ya KNTC na NCPB bogosi bwaki Kshs. 3500 bwanoka 50kg. Naki nyakware digitali bwakurori kiwaki mu ofisi zabi Assistant Chief buana bwanio.,Wagadh 4.3 million ma ok nyaluo kare e konyo ka gani oher ka iberiek e KNTC to NCPB kuon Kshs. 3500 piny bag 50kg. Nomi iriyo chunyigi e ofisi ma Assistant Chief to ohinga.,4.3 million beeralay ah ayaa hadda helaya bacriminta la deminayo ee KNTC iyo NCPB. Qiimaha waa Kshs. 3500 bacda 50kg ah. Hubi inaad si dijitaal ah iskooda diiwaan gelisay xafiisyada Kuxigeenka Maamulka si aad u xaqiijiso.,https://kilimonews.co.ke/agriculture-policy/4-3-million-registered-farmers-start-receiving-subsidized-fertilizer/,2026-07-14,scraped:Kilimo News - Policy
313,Agriculture,PSA,"Farmers can access government subsidized fertilizer by dialing *707# to find their entitlements, choosing a nearby Agrovet shop, and paying Kshs. 3,500 via Mpesa.","Wakulima wanaweza kupata mbolea iliyofadhiliwa na serikali kwa kupiga *707# ili kujua haki zao, kuchagua duka la Agrovet karibu, na kulipa Kshs. 3,500 kupitia Mpesa.","Ababere bangenyere omokireri buya bwa govana bae ifanya *707# buya bwa gaki, babonye agokinyaki Agroveta, bakanize Kshs. 3,500 kianyabandi Mpesa.","Maendeleo giii ka tich goyo duto dho Government, owuon kod *707# kuom weche mag mangima, nyisore dho Agrovet shop ma en chue, kuom nyiso Kshs. 3,500 gi Mpesa.","Beeraleydu waxay heli karaan bacriminta dowladda oo deyn ah iyagoo wacaya *707# si ay u ogaadaan xuquuqdooda, doorashana dukaanka Agrovet ee ugu dhow, kuna bixinaya Kshs. 3,500 habka Mpesa.",https://kilimonews.co.ke/agriculture-policy/how-to-access-government-subsidized-fertilizer/,2026-07-14,scraped:Kilimo News - Policy
314,Agriculture,PSA,Farmers and stakeholders in the coffee sector should stay informed on upcoming changes as the Coffee Sector Implementation Committee will be led by the Deputy President to revitalize the industry.,Wakulima na wadau katika sekta ya kahawa wanapaswa kubaki na habari kuhusu mabadiliko yanayokuja kwani Kamati ya Utekelezaji wa Sekta ya Kahawa itaongozwa na Makamu wa Rais ili kuhuisha sekta hii.,"Abagere na abaki bateke mu boro burori banele kugendera magero maagano amogadi ikwaga omokiri mwakiri, omokiri buya bwamagana nabwaki bwangania ebishi.",Ng'ato kanyakla gi jomoko mwanchie yogo ka dhi Kachieng' Kawa kuom bungu mochako. Jotigi cuwo gi Deputy President kaka okel gi kendo ngero yien.,Beeraleyda iyo daneeyayaasha qeybta kafeeha waa in ay la socdaan isbeddellada soo socda maadaama Gudiga Hirgelinta Qeybta Kafeega uu hoggaamin doono Madaxweyne ku-xigeenka si loo dib u soo nooleeyo warshadaha.,https://kilimonews.co.ke/agriculture-policy/coffee-reforms-which-way-as-deputy-president-takes-over/,2026-07-14,scraped:Kilimo News - Policy
315,Agriculture,PSA,The Government is allocating Sh600 million to enhance fish farming and processing in Homa Bay. Farmers in the region are encouraged to participate in this initiative to increase their earnings.,Serikali inaweka Sh600 milioni kuboresha ufugaji wa samaki na usindikaji katika Homa Bay. Wakulima katika eneo hili wanahimizwa kushiriki katika mpango huu ili kuongeza mapato yao.,Ong'anya oseria Obwaki bw'egesa Sh600 mirioni kosi omokere ogwiani na omonyanga na Homa Bay. Aborori b'egesa b'ibwaki b'ekonyera buya omokang'ana kosi odiri bw'ogikiri.,Government en tich Sh600 million kuom chalo bwak jaluo kod wach chalo e Homa Bay. Jaluo mag piny ondiki konyo chwe moloyo kendo chuni kochwa kendo oter kanyo.,Dowladda ayaa u qoondeysay Sh600 milyan si kor loogu qaado beeralayda kalluunka iyo habaynta Homa Bay. Beeraleyda gobolka ayaa lagu dhiirrigelinayaa inay ka qeybqaataan mashruucan si ay u kordhiyaan dakhliga ay helaan.,https://kilimonews.co.ke/agriculture-policy/we-will-add-value-to-fishing-for-farmers-to-earn-more-president-ruto%ef%bf%bc/,2026-07-14,scraped:Kilimo News - Policy
316,Agriculture,PSA,"Counties selected for the pilot program on mainstreaming land use planning in County Integrated Development Plans include Elgeyo Marakwet, Vihiga, Narok, and Makueni.","Kaunti zilizo chaguliwa kwa mpango wa majaribio wa kuingiza mipango ya matumizi ya ardhi katika Mipango ya Maendeleo ya Kaunti ni pamoja na Elgeyo Marakwet, Vihiga, Narok, na Makueni.","Makiirira agewaki naki naki oe naki shio ohenche chirebaki naki na bwaki buliyo bwaki buligi bwaki chirebaki ogenda Obweni Elgeyo Marakwet, Vihiga, Narok, na Makueni.","Kaunti di gi piny ni gi chuny masira mar kuong' gi ch planning mar thim land e County Integrated Development Plans bed ni Elgeyo Marakwet, Vihiga, Narok, to Makueni.","Gobollada lagu doortay barnaamijka tijaabada ah ee ku saleysan qorsheynta isticmaalka dhulka ee Qorshayaasha Horumarinta Isku-dhafan ee Gobolka waxaa ka mid ah Elgeyo Marakwet, Vihiga, Narok, iyo Makueni.",https://kilimonews.co.ke/agriculture-policy/undp-and-council-of-governors-to-mainstream-land-use-planning-in-cidps-in-kenya/,2026-07-14,scraped:Kilimo News - Policy
317,Agriculture,PSA,Trans Nzoia County is receiving technical assistance from GIZ to develop its County Climate Change Act. Stakeholders are encouraged to participate in the review process to enhance climate resilience.,Kaunti ya Trans Nzoia inapata msaada wa kiufundi kutoka GIZ ili kuandaa Sheria ya Mabadiliko ya Tabianchi ya Kaunti. Wadau wanahimizwa kushiriki katika mchakato wa ukaguzi ili kuboresha uhimili wa hali ya hewa.,Trans Nzoia Nyaigena egonchere omogaka gi GIZ buya buya bwokinyangu bwogose buya ekotaki yabo. Abaki bakiibori baria batorore oborere buya bwachire boke bokioma omogaka.,Trans Nzoia County en geto nyaka gik mamoko kuom GIZ ji to giyot gi County Climate Change Act. Jogundi no ng'eyo kuom konyo mar yien nyaka ginyalo bende kuom idhuro mar yien.,Degmada Trans Nzoia waxay helaysaa caawimaad farsamo oo ka socota GIZ si ay u horumariso Sharciga Isbedelka Cimilada ee degmada. Dhamaan daneeyayaasha waxaa lagu dhiirigelinayaa inay ka qayb qaataan dib u eegista si loo xoojiyo adkeysiga cimilada.,https://kilimonews.co.ke/agriculture-policy/6264/,2026-07-14,scraped:Kilimo News - Policy
318,Agriculture,PSA,The Kenyan government is training personnel to register farmers nationwide. All farmers are encouraged to participate to receive support through the subsidy program.,Serikali ya Kenya inawapa mafunzo wafanyakazi wa kuwasajili wakulima nchini kote. Wakulima wote wanahimizwa kushiriki ili wapate msaada kupitia mpango wa sub hivi.,Omoigosi bwakire bw’akiita buya buria bwanaraki buya buya buigana bakira bosi. Abakira bosi barokire bungi bweng'ena buya bwokigane mwokiri buya bwakiita.,Oganda Kenya oting'o juri koro to konyo ma nyaka maag kanyakla. Kanyakla wane owa chieng' kuom nyaka-nomere kod joma konyo.,Dowladda Kenya ayaa tababareysa shaqaale si ay u diiwaan galiyaan beeralayda dalka oo dhan. Dhammaan beeralayda waxaa lagu dhiirrigelinayaa inay ka qayb qaataan si ay u helaan taageero barnaamijka gargaarka.,https://kilimonews.co.ke/agriculture-policy/preparations-to-register-farmers/,2026-07-14,scraped:Kilimo News - Policy
319,Agriculture,PSA,"The Galana/Kulalu National Food Security Project will focus on producing maize on 10,000 acres starting in February. Further preparations for an additional 10,000 acres will begin within 6 months.","Mradi wa Usalama wa Chakula wa Galana/Kulalu utaangazia uzalishaji wa mahindi kwenye ekari 10,000 kuanzia Februari. Maandalizi zaidi ya ekari 10,000 zingine yataanza ndani ya miezi 6.","Ongorori buya bwa Galana/Kulalu buya bw’otere magwakire buya bibori obwaki 10,000 muagachi bw’iga bwechigoti. Kibokire kendo kionge bw’otere obwaki 10,000 tochi bwaya mu 6 buya.","Galana/Kulalu National Food Security Project owinjore kaka ɓer koci maiz e 10,000 acres manie kutoka February. Kido maber kuom ngima 10,000 acres okwini kwayo kendo oting' six months.","Mashruuca Galana/Kulalu ee Amniga Cuntada Qaranka wuxuu diiradda saari doonaa soo saarista masagada 10,000 oo acra bisha Febraayo. Diyaarinta 10,000 oo acra oo dheeraad ah waxay bilaaban doontaa 6 bilood gudahood.",https://kilimonews.co.ke/agriculture-policy/president-rutos-new-plan-for-galana-kulalu-food-project/,2026-07-14,scraped:Kilimo News - Policy
320,Agriculture,PSA,The Ministry of Agriculture and the Council of Governors are forming a technical team to review agricultural policies. Farmers and stakeholders can expect updates in four weeks.,Wizara ya Kilimo na Baraza la Magavana vinaunda timu ya kiufundi kutathmini sera za kilimo. Wakulima na wadau wataweza kutarajia taarifa mpya ndani ya wiki nne.,Abwaki bw'Asunyi na Naki peetekenyaki ekikoro chaki etire bwakire bw'amasinda. Abakung'ana naki abaharire baria bakung'ana oria bokiaki buya buore bujire oria.,Ministry ma Nyaingo to ma Council of Governors nyal kony gi chalo chalo maaro kuom neno ma nyaka dhi nyalo. Abwino kata ma yende monego neno kendo maalongo kanyien gima ok nyal.,Wasaaradda Beeraha iyo Golaha Madaxdhaqameedku waxay sameynayaan koox farsamo oo dib u eegis ku sameysa siyaasadaha beeraha. Beeralayda iyo daneeyayaasha waxay rajeynayaan warbixinno afartan todobaad gudahood.,https://kilimonews.co.ke/agriculture-policy/ministry-of-agriculture-and-council-of-governors-to-cooperate-on-agriculture/,2026-07-14,scraped:Kilimo News - Policy
321,Agriculture,PSA,Farmers can access subsidized fertilizer by dialing *707# on their phones.,Wakulima wanaweza kupata mbolea iliyo na ruzuku kwa kupiga *707# kwenye simu zao.,"Abakire bagana kuikora ebibere bironge, nyasa *707# pa foni yabo.",Chuni odhi nyaka inyalo chako ma okulu fertilizer mane oser ejogando *707# ka odhi nyaka.,Beeraleydu waxay heli karaan bacriminta subsidized adigoo wacaya *707# taleefankooda.,https://kilimonews.co.ke/agriculture-policy/agriculture-cs-mithika-linturi-on-gmo-food/,2026-07-14,scraped:Kilimo News - Policy
322,Agriculture,PSA,The 19th Triennial Symposium of the International Society for Tropical Root Crops is taking place in Nairobi from November 21 to 25. Stakeholders in the root crops sector are encouraged to participate.,Simpozyamu ya 19 ya Kifungu cha Tatu ya Jumuiya ya Kimataifa ya Mazao ya Mizizi ya Kitropiki inafanyika Nairobi kuanzia Novemba 21 hadi 25. Wadau katika sekta ya mazao ya mizizi wanahimizwa kushiriki.,Symposium ya 19 ya miaka mitatu ya Jumuiya ya Kimaataifa ya Mizizi ya Tropiki inafanyika Nairobi kuanzia Novemba 21 hadi 25. Wafanya biashara na wadau katika sekta ya mizizi wanahimizwa kushiriki.,Symposium mar 19 ma nyukula ni International Society for Tropical Root Crops inawera Nairobi odhiambo November 21 kendo 25. Nandika ni wadhi nyuka mar root crops wowadore ka withere.,Kulanada 19aad ee Triennial Symposium ee Ururka Caalamiga ah ee Khudaarta Ilkaha Kulaylka ayaa lagu qabanayaa Nairobi laga bilaabo 21ka ilaa 25ka Nofeembar. Waxaa lagu dhiirigelinayaa dhamaan dhinacyada danaynaya khudaarta in ay ka qaybqaataan.,https://kilimonews.co.ke/agriculture-policy/concerted-efforts-to-elevate-root-crops/,2026-07-14,scraped:Kilimo News - Policy
323,Agriculture,PSA,"Farmers are challenging the Seed and Plant Varieties Act (2012) in court, seeking to amend regulations that prohibit sharing and exchanging seeds. Stay informed on case developments.","Wakulima wanapinga Sheria ya Mbegu na Aina za Mimea (2012) mahakamani, wakitaka kubadilisha kanuni zinazokataza kugawana na kubadilishana mbegu. Fuata maendeleo ya kesi hii.","Abakarori baki sibiiri Omoore bw'ekirigo na Omoore j'amasaga (2012) mu agano, bosi baki omogenda okogoya ebwaki bw'ogokora na ogoshisia abwaki. Birori bw'ekorwa naki.","Kagumba opong' gi Seed and Plant Varieties Act (2012) e doko, kendo wacho ni kanyakla mag joma nigi gi nyasaye to bedo koro kendo chali seed. Niyu komach bende ondugi gi ok gi neno bw'ondo.","Farmers ayaa maxkamad ku qabsanaya Xeerka Abuurka iyo Noocyada Dhirta (2012), iyaga oo raadinaya in la beddelo qawaaniinta mamnuucaya wadaagga iyo iswadaagga abuurka. Ka warhay horumarka kiiskooda.",https://kilimonews.co.ke/agriculture-policy/farmers-sue-kenyan-government-to-change-seed-law/,2026-07-14,scraped:Kilimo News - Policy
324,Agriculture,PSA,"Subsidized fertilizer is now available for farmers in counties planting during the short rains. Visit NCPB depots to access up to 100 bags per farmer, starting September 19, 2022.","Mbolea iliyo na msaada sasa inapatikana kwa wakulima katika kaunti wanapopanda wakati wa mvua za msimu mfupi. Tembelea akiba za NCPB kupata mifuko 100 kwa kila mkulima, kuanzia Septemba 19, 2022.","Omosubirio buya buya ogenda kaaboka buya oria abarakire mu nkiira ya shororaki. Naki NCPB buya gendaka omotagati 100 buya, nwaki September 19, 2022.","Fertilizer ma tich ni owinjore to okwalo ka jochiero keke ka ng'ato chuny. Genda NCPB chiu to inji kuom 100 bag kanyakla ng'ato, manok koro September 19, 2022.","Fershka la taageeray ayaa hadda la heli karaa beeraleyda ku sugan degmooyinka beeraya xilliga roobabka gaaban. Booqo xaraashyada NCPB si aad uga hesho ilaa 100 boorso beeraleyda, laga bilaabo Sebtembar 19, 2022.",https://kilimonews.co.ke/agriculture-policy/government-subsidized-fertilizer-is-here/,2026-07-14,scraped:Kilimo News - Policy
325,Agriculture,PSA,The County Government of Uasin Gishu has trained AI service providers on digital record-keeping using the DigiCow Mobile Application for improved breeding reports.,Serikali ya Kaunti ya Uasin Gishu imetoa mafunzo kwa watoa huduma wa AI kuhusu uhifadhi wa kumbukumbu za kidijitali kwa kutumia Programu ya Mkononi ya DigiCow ili kuboresha ripoti za uzalishaji.,Ongorogano buya bwa Uasin Gishu muige AI baaba orenge omokiri ogenda aka DigiCow Mobile Application kugeteka ekirukerio ekyogenda.,Chaguzi marier ka Uasin Gishu omiye AI piny ji gambo mag ding' maber e digital record-keeping kod DigiCow Mobile Application to gise chalo maber e report ma oketh.,"Dowladda Hoose ee Uasin Gishu ayaa tababartay bixiyeyaasha adeegyada AI si ay u isticmaalaan barnaamijka DigiCow Mobile Application ee diiwaangelinta dijitaalka ah, si loo hagaajiyo warbixinada taranka.",https://kilimonews.co.ke/agriculture-policy/record-keeping-training-for-ai-service-providers/,2026-07-14,scraped:Kilimo News - Policy
326,Agriculture,PSA,"The government will provide 1.4 million bags of fertilizer at Kshs 3,500 for a 50kg bag, down from Kshs 6,500, available starting next week to boost agricultural production.","Serikali itatoa mifuko 1.4 milioni ya mbolea kwa Ksh 3,500 kwa mfuko wa 50kg, ikiwa ni punguzo kutoka Ksh 6,500, itapatikana kuanzia wiki ijayo ili kuimarisha uzalishaji wa kilimo.","Omogaka onyakire 1.4 mirongo ya mkogoti na Kshs 3,500 buya 50kg, ogokuruga Kshs 6,500, omera egesa ng’ena ikirori oria gose omokiri omotiriri buya.","Chieng' mar government ni okinyi 1.4 miliyoni bag mar fertilizer ka Kshs 3,500 piyo bag moko, nindo kuom Kshs 6,500, ka ok nyal ket mokwongo ndalo nigi, kuom hwando mar inyal.","Dowladdu waxay bixin doontaa 1.4 milyan oo bacood oo bacriminta ah oo qiimahoodu yahay Kshs 3,500 bac 50kg ah, waxaana laga dhigey Kshs 6,500, laga bilaabo toddobaadka soo socda si loo xoojiyo wax soo saarka beeraha.",https://kilimonews.co.ke/agriculture-policy/we-will-empower-high-food-production-instead-of-subsidies-president-ruto/,2026-07-14,scraped:Kilimo News - Policy
327,Agriculture,PSA,"Farmers are advised to prepare for a potential decrease in fertilizer prices, with an announcement expected this week from the Ministry of Agriculture.","Wakulima wanashauriwa kujiandaa kwa uwezekano wa kupungua kwa bei ya mbolea, huku kutangazwa kutarajiwa hii wiki kutoka Wizara ya Kilimo.","Abamanyia bano bosenye buya omogori bw'igwono bwakire, naki bacha bw'ogenda kwandikire bw'osibori buya buya buseka bw'ogendire buya bw'osekene bwi’Mizango ya Bukore.","Wuon piny en mar chonge konyo gi ndrvotruok thek, gi jomoko ma ywang' nyaka owacho hebu juma nigi Ministry of Agriculture.","Beeraleyda ayaa lagu wargelinayaa inay isku diyaariso hoos u dhac suurtagal ah oo ku yimaada qiimaha bacriminta, iyadoo lagu wadaa in dhawaan la soo saaro bayaan ka socda Wasaaradda Beeraha.",https://kilimonews.co.ke/agriculture-policy/cheap-fertilizer-and-maize-flour-are-my-priority-says-ruto/,2026-07-14,scraped:Kilimo News - Policy
328,Agriculture,PSA,Kenyan avocado growers and exporters may soon access the Malaysian market as verification audits are underway. Ensure your orchards are registered and coded for compliance.,Wakulima na wauzaji wa avokado nchini Kenya wanaweza kuweza kufikia soko la Malaysia hivi karibuni kwani ukaguzi wa uthibitisho unaendelea. Hakikisha mashamba yako yameandikishwa na kupewa nambari kwa ajili ya kufuata masharti.,Abaranyi b'akiuguru b'akiagori na abashukari b'akiaka b'ekibere bw'otigwanire ku masoko g'ekiberia mang'anya. Nakiirere orori zanyu zibanjirie na zishandikire kugira omogotore bw'osiye.,Maendeleo maruo mar Kenya kata golo ng'ato dho Malaysia osetimo eyo nyaka mokuongo tich. Nidhi goro gi orchards yiene e dho konyo gi k coding dho compliance.,Beeralayda iyo dhoofiyayaasha avocado ee Kenya waxay u suurtageli doonaan inay suuqyada Malaysia gaaraan maadaama baaritaannada xaqiijinta socdaan. Hubi in beerradaada la diiwaangeliyo oo ay haysato koodh si waafaqsan.,https://kilimonews.co.ke/agriculture-policy/the-kenyan-avocado-market-in-malaysia-may-open-soon/,2026-07-14,scraped:Kilimo News - Policy
329,Agriculture,PSA,"Farmers in 57 districts of Uganda will benefit from the construction of new access roads, enhancing market access and boosting commercial agriculture.","Wakulima katika wilaya 57 za Uganda watapata faida kutokana na ujenzi wa barabara mpya za kufikia masoko, kuimarisha upatikanaji wa masoko na kuongeza biashara ya kilimo.","Abakiabaki mu distrikiti 57 za Uganda bokenye buya obwakore bw'ekikonde bw'egende, bwongera gucoketania na buya bwerere bw'ekitungi.","Ka tich chin, ma 57 districts e Uganda, ng'ato mago ok ohero e nyasaye mar kanyamre, to ng'ato mago ok gweyo ni hera mar buo mingo kelo.",Farmers ku sugan 57 degmo oo Uganda ah ayaa ka faa'iidaysan doona dhismaha waddooyin cusub oo sahli doona galitaanka suuqyada iyo kor u qaadista beeraha ganacsiga.,https://kilimonews.co.ke/agriculture-policy/uganda-constructing-farm-access-roads-in-57-districts/,2026-07-14,scraped:Kilimo News - Policy
330,Agriculture,PSA,3.2 million kgs of subsidized maize flour have been supplied to the market. Retailers are urged to sell at KES 100.00 per 2Kg packet to ensure accessibility for all.,Mikate milioni 3.2 ya unga wa mahindi yenye subvension imesambazwa sokoni. Wauzaji wanahimizwa kuuza kwa KES 100.00 kwa pakiti ya 2Kg ili kuhakikisha upatikanaji kwa wote.,3.2 million kgs ya uji ya mahindi ya msada yamewasilishwa sokoni. Wauzaji wanatakiwa kuuza kwa KES 100.00 kwa pakiti ya 2Kg ili kuhakikisha upatikanaji kwa wote.,"3.2 million kg mariga maiz e yoa kuom chalo. Reta ileko kuom chath Juma KES 100.00 kuom packet 2Kg, to anyoneo kanyo ni yore bende.",3.2 milyan kiiloogar dhoobada dhibcaha leh ayaa suuqa la keenay. Dukaamada waxaa lagu boorinayaa inay iibiyaan 100 KES per 2kg baakado si loo hubiyo in qof walba uu heli karo.,https://kilimonews.co.ke/agriculture-policy/over-3-million-kgs-of-cheap-flour-supplied-says-ps/,2026-07-14,scraped:Kilimo News - Policy
331,Agriculture,PSA,"The Kenyan government has allocated Kshs 8 billion for a maize meal subsidy program, effective immediately and running until August 20, 2022. Prices are set at Kshs 52 for 1 kg, Kshs 100 for 2 kgs, and so on.","Serikali ya Kenya imepanga kutoa Kshs bilioni 8 kwa mpango wa ruzuku ya unga wa mahindi, unaanza mara moja na utaendelea hadi Agosti 20, 2022. Bei zimewekwa kuwa Kshs 52 kwa kilo 1, Kshs 100 kwa kilo 2, na kadhalika.","Obwakire buya bw’ogende buya chi Kshs 8 billion bw’ogende buya mugo ogw’amaize, bwakire bw’osibori omokihiri na bw’ogende bulikire 20, 2022. Omokihiri buya bw’ogende buya chi Kshs 52 buya 1 kg, Kshs 100 buya 2 kgs, naki.","Jo Kenya wacho ni goberuma oseta Kshs 8 billion kuom piny ma piny malong'ori, to koro kawo e yo. Pesa gine Kshs 52 kuom 1 kg, Kshs 100 kuom 2 kgs, kendo ndalo duto.","Dowladda Kenya ayaa ay ku allocatay 8 bilyan Kshs barnaamij subsiidi ah oo lagu taageerayo cunto korinta mooska, kaasoo oo dhaqangelaya derbiyada hadda iyo socon doona ilaa 20ka Ogosto, 2022. Qiimuhu wuxuu noqonayaa 52 Kshs 1 kg, 100 Kshs 2 kgs, iyo wixii la mid ah.",https://kilimonews.co.ke/agriculture-policy/kshs-8-billion-set-aside-for-cheap-maize-flour/,2026-07-14,scraped:Kilimo News - Policy
332,Agriculture,PSA,Farmers are urged to adopt better agronomic practices and improve the use of fertilizers and quality seeds to enhance potato yields and returns despite current challenges.,Wakulima wanahimizwa kujiunga na mbinu bora za kilimo na kuboresha matumizi ya mbolea na mbegu bora ili kuongeza mavuno ya viazi na faida licha ya changamoto zilizopo.,Abakung'anya baregori ogokurera obokire bwakugori na bwakire bwahera bhogangania nyakenda ya mbokoni na obokire buseketio bushere bwakupatia omoshuma na bhokugeisha.,"Ng'iyo penje ka mafarmer nyal piny ma ok nyal pwodhi e thum mar agjogo kendo ne ok nyal ganyore manyalo karom joma golo, pok kendo nyalo rek konyo ng'ato chiegni mar kare.",Farmers ayaa lagu boorrinayaa inay qaataan dhaqanno wanaagsan oo beeraha ah iyo inay hagaajiyaan isticmaalka bacriminta iyo abuurka tayada leh si loo kordhiyo dalagga doogga iyo soo celinta inkastoo caqabadaha hadda jira.,https://kilimonews.co.ke/agriculture-policy/the-potato-value-chain-faces-various-challenges-munya/,2026-07-14,scraped:Kilimo News - Policy
333,Agriculture,PSA,Farmers are urged to report any sightings of migratory and invasive pests to local authorities to aid in pest management efforts. Your timely reporting is crucial for the protection of crops and livelihoods.,Wakulima wanakumbushwa kuripoti kila wanapokutana na wadudu wahamiaji na waharibifu kwa mamlaka za ndani kusaidia katika juhudi za kudhibiti wadudu. Ripoti yako ya haraka ni muhimu kwa ulinzi wa mazao na maisha ya watu.,Abagori barakire buya batarorie emunge ya migori na emori bendi bende buya nakiaboki bategere ogirori omokiri. Okubandabana bwaki bukire buya ebireke biahinda na buya bwaabaki.,"Ng'ato ma nyaka ng'eyo owuon kadhiyo ma okinyi kata magoka ng'ato, chwijore kuom chabo makata kuom kudo pogruok mabor. Iseche ma oyie nyaka tiyo wacho ma oketh mangima kuom dhok seche mag chiemo kendo kachor.",Beeralayda waxaa lagu boorinayaa inay soo sheegaan aragtida cayayaanka hijrada iyo kuwa soo galootiga ah si ay gacan uga geystaan qorsheynta xalalka cayayaanka. Warbixintaada waqtigeeda waa mid aad u muhiim ah si loo ilaaliyo dalagyada iyo dakhliyada.,https://kilimonews.co.ke/agriculture-policy/kenya-to-deal-with-migratory-and-invasive-pests/,2026-07-14,scraped:Kilimo News - Policy
334,Agriculture,PSA,"The National Coffee Farm Inputs Stimulus Package E-Subsidy Programme is now available for 82,650 eligible coffee farmers in 32 counties. Register to access subsidized inputs through accredited suppliers.","Programu ya E-Subsidy ya Kifungo cha Wakulima wa Kahawa wa Kitaifa sasa inapatikana kwa wakulima 82,650 wa kahawa katika kaunti 32. Jiandikishe ili upate vifaa vilivyofadhiliwa kupitia wauzaji waliothibitishwa.","Etoriyaki ya Nyaani ya Kofi E-Subsidy Programu ikwenda gi 82,650 aborai bwege b’okofi mwaki 32. Goigana buya oria buya bwaki bwokiyoria bwaki gagokire.","Chieng' mar National Coffee Farm Inputs Stimulus Package E-Subsidy Programme nyalo wacho maloyo gi 82,650 ma farmer duto mag kofi e 32 counties. Jotingo ka oting'o inputs mag subsidized kuom joma ng'ati.","Barnaamijka E-Suubbida ee Kaalmada Kheyraadka Beeraleyda Qaxwaha Qaranka ayaa hadda laga heli karaa 82,650 beeraley oo qaxwaha ah oo ka tirsan 32 degmo. Isdiiwaangeli si aad u hesho kheyraadka la taageeray oo ay bixiyaan alaab-qeybiyeyaasha la aqoonsan yahay.",https://kilimonews.co.ke/agriculture-policy/national-coffee-farm-inputs-stimulus-package-e-subsidy-programme-launched/,2026-07-14,scraped:Kilimo News - Policy
335,Agriculture,PSA,Kenyan farmers can now trade poultry and poultry products with Uganda without administrative barriers following a recent agreement.,Wakulima wa Kenya sasa wanaweza kubadilishana kuku na bidhaa za kuku na Uganda bila vizuizi vya kiutawala kufuatia makubaliano ya hivi karibuni.,Abagikuyo ba Kenya naki boine bara ikikung'anya burokuru bu kisonge na Uganda oborere amahinda abogotori.,"Dala maber ahinya gi ochiek ne oganda, kawuono, omiye yath maber.",Farmers-ka Kenya hadda waxay ka ganacsan karaan digaagga iyo alaabada digaagga Uganda iyada oo aan wax caqabado maamul ah jirin ka dib heshiis dhawaan la gaaray.,https://kilimonews.co.ke/agriculture-policy/uganda-and-kenya-agree-to-dialogue-on-trade-issues/,2026-07-14,scraped:Kilimo News - Policy
336,Agriculture,PSA,The National Cereals and Produce Board is offering Ksh. 3000 per 90kg bag of maize. Farmers are encouraged to deliver their maize to NCPB depots; payment is processed within 24 hours.,Bodi ya Nafaka na Mazao ya Kitaifa inatoa Ksh. 3000 kwa gunia la mahindi la kilo 90. Wakulima wanahimizwa kuleta mahindi yao kwenye ghala za NCPB; malipo yanashughulikiwa ndani ya saa 24.,Ekiro ya NCPB ikwenda kutoa Ksh. 3000 ku bag 90kg ya ugali. Bafungwa batarerete ugali bwose kubw’eki NCPB; omokirire cheng’ene naki 24.,NCPB (National Cereals and Produce Board) en loso Ksh. 3000 kendo gi bag 90kg maziwa. Waduong' en maruok kuom toga maziwa gi depot NCPB; ginyalo chako ng'ama 24.,Guddiga Qaranka ee Cuntooyinka iyo Waxsoosaarka wuxuu bixinayaa Ksh. 3000 bacda 90kg ee makhluuqa. Beeralayaasha waxaa lagu dhiirigelinayaa inay keeneen makhluuqdooda xarumaha NCPB; lacagta waxaa la bixiyaa 24 saac gudahood.,https://kilimonews.co.ke/agriculture-policy/ncpb-offers-a-new-price-for-maize/,2026-07-14,scraped:Kilimo News - Policy
337,Agriculture,PSA,The draft Kenya Leather Development Policy has been developed to guide the growth of the leather sector. Stakeholders are encouraged to review and provide feedback on the draft.,Sera ya Maendeleo ya Ngozi ya Kenya imeandaliwa ili kuongoza ukuaji wa sekta ya ngozi. Wadau wanahimizwa kupitia na kutoa maoni kuhusu rasimu hiyo.,Itekeorane naki Kenya Leather Development Policy oria igokirekire kwisagane bw'ore obwakire bw'ekere. Abatekereri baragororiwa kwogecha na gucokania itekere.,Ng’ato eyo Kenya Leather Development Policy oting’ timo kuom nyalo ng’wech mar leather. Wuodhi nyaka nyis moke koro yaduo gi chunyi ka gima oting’ eyo.,Qorshaha Horumarinta Maqaarka Kenya ayaa la diyaariyay si uu u hagayo kobaca qeybta maqaarka. Qaybaha daneynaya waxaa lagu dhiirigelinayaa inay dib u eegaan oo ay bixiyaan fikradahooda ku saabsan qodobka.,https://kilimonews.co.ke/agriculture-policy/kenya-has-developed-a-draft-kenya-leather-development-policy/,2026-07-14,scraped:Kilimo News - Policy
338,Agriculture,PSA,"Effective November 18, 2021, sugarcane prices will increase to Ksh. 4,112 per tonne. Farmers receiving less should report to the Agriculture and Food Authority (AFA).","Kuanzia Novemba 18, 2021, bei za miwa zitaongezeka hadi Ksh. 4,112 kwa tani. Wakulima wanapokea chini ya hapo wanapaswa kuripoti kwa Mamlaka ya Kilimo na Chakula (AFA).","Eka November 18, 2021, oria oria bwogogoria bwakiriri bujore bwakiri Ksh. 4,112 bujoria. Ababere oria bangenia bujore boki ogotire ku AFA (Agriculture and Food Authority).","Kaa November 18, 2021, piny, ng'weny wang' piny ji malan gango miyo Ksh. 4,112 kanyakla. Mabin miyo mawuok piny, chako koro gung' Akwach kod Chakruok (AFA).","Laga bilaabo Nofembar 18, 2021, qiimaha sonkorta ayaa korodhay Ksh. 4,112 tonkiiba. Beeralayda helaya qiimo ka hooseeya waa inay u soo gudbiyaan Warbixin Hay’adda Beeraha iyo Cunnada (AFA).",https://kilimonews.co.ke/agriculture-policy/millers-directed-to-increase-sugarcane-prices-to-farmers/,2026-07-14,scraped:Kilimo News - Policy
339,Agriculture,PSA,4K Clubs are being rolled out nationwide. Primary schools should establish 4K clubs as directed by the Principal Secretary to the Directors of Education.,Klabu za 4K zinanzishwa nchi nzima. Shule za msingi zinapaswa kuanzisha klabu za 4K kama ilivyoagizwa na Katibu Mkuu wa Wakurugenzi wa Elimu.,Makarati ma 4K emaroreka mo osiogo. Soko mosi igendere 4K matego bui ogendere omogobori wa Principal Secretary buse boragani bwakagendo.,4K clubs ni dongo manok e pinje kae. Sukulu maruok to en gima owayo 4K clubs kendo toge eyo Principal Secretary osetim kendo gima oje mar Education.,Naadiyada 4K ayaa lagu faafinayaa dalka oo dhan. Dugsiyada hoose waxay waajib ku tahay in ay aasaasaan naadiyada 4K sida uu amray Xoghaya Guud ee Agaasimayaasha Waxbarashada.,https://kilimonews.co.ke/agriculture-policy/4k-clubs-roll-out-on-course/,2026-07-14,scraped:Kilimo News - Policy
340,Agriculture,PSA,The government has implemented reforms in the tea sub-sector to support smallholder tea growers facing declining earnings; stay informed about new policies and pricing updates.,Serikali imeanzisha mabadiliko katika sekta ya chai kusaidia wakulima wadogo wa chai wanaokabiliwa na upungufu wa mapato; kuwa na habari kuhusu sera mpya na masasisho ya bei.,Obwaki buya buya omokere omokurire buya bwete chogori bwogenda omokurire orete hamwe omogende oremokiri. Bwakire buya buorwa bwemberere naki omokubiki ogire.,Government ikelo sida kuom tea ma piny to yongo ja-tea piny gur kendo ogend kanyo to puon gi chako; weche mar yudo ni owuon ramba kendo ng’ato ni chogo mar nyasaye.,Dowladdu waxay hirgelisay isbeddello ku saabsan qaybta shaaha si ay u taageerto beeralayda yaryar ee dhibaateysan. La soco siyaasadaha cusub iyo wararka qiimaha.,https://kilimonews.co.ke/agriculture-policy/here-are-the-tea-reforms-despite-the-challenges-munya/,2026-07-14,scraped:Kilimo News - Policy
341,Agriculture,PSA,"To become an agricultural produce exporter, ensure you have an export license from the relevant authority, register your company, and undergo training on the Electronic Certification System (ECS).","Ili kuwa mzalishaji wa mazao ya kilimo anayesafirisha nje, hakikisha una leseni ya usafirishaji kutoka kwa mamlaka husika, sajili kampuni yako, na upitie mafunzo juu ya Mfumo wa Kuthibitisha wa Kielektroniki (ECS).","Naki buya omogori buya, ebwaki emihoka ya kigee na ogete naki oshire naki ikoni, oreka oria eko omogori, na ogenda oria ogotere mokinyo omokirigori kwa Electronic Certification System (ECS).","To konyo chung' gi lweny, wacho kanyo ne inye licens mar lweny sigendni, register gi kamano, kendo duong' gi chike ma okinyi kuom Electronic Certification System (ECS).","Si aad u noqoto dhoofiye soosaarka beeraha, hubi inaad haysato ruqsad dhoofin oo ka socota hay'adda ku habboon, iska diiwaan geli shirkaddaada, oo tababar ka qaado Nidaamka Shahaadada Korontada (ECS).",https://kilimonews.co.ke/agriculture-policy/want-to-be-an-agricultural-produce-exporter-here-is-what-you-need-to-know/,2026-07-14,scraped:Kilimo News - Policy
342,Agriculture,PSA,Industry associations urge farmers and agribusiness stakeholders to support their petition to Parliament to review and overturn the health committee's recommendation on agricultural input bans.,Mashirika ya sekta yanawasihi wakulima na wanachama wa biashara za kilimo kuunga mkono ombi lao kwa Bunge la kuitazama upya na kubadili pendekezo la kamati ya afya kuhusu marufuku ya pembejeo za kilimo.,Abakire ba mashinani baria bakare nyasa etakire banong'ere ogori na abakeroka baki batisia omotetere buya bwa Parliament bujenge buya omokireri buya boti bwere buya omogano bwagere bucokerere obokireri bwosi bwokireri.,Nyuol gi wathoya gima okinyi podi owadawa kanyasi to akang' yien wuotho mar Parlemendi kopa gima ng'ato en jodak agikere kuom kwaya maji mar nyukawan ohala.,Ururada warshadaha ayaa ku boorinaya beeralayda iyo daneeyayaasha ganacsiga beeraha inay taageeraan codsigooda Baarlamaanka si loo eego loona buriyo talooyinka guddiga caafimaadka ee ku saabsan mamnuucidda alaabada beeraha.,https://kilimonews.co.ke/agriculture-policy/industry-associations-petition-parliament-to-overturn-parliamentary-health-committee-recommendation/,2026-07-14,scraped:Kilimo News - Policy
343,Agriculture,PSA,"Training for 1,000 deep-sea fishers from coastal counties begins; eligible youth encouraged to participate in the program for employment opportunities in the Blue Economy sector.","Kuweka mafunzo kwa wavuvi 1,000 wa baharini kutoka kaunti za pwani kunaanza; vijana wanaostahili wanahimizwa kushiriki katika mpango huu wa fursa za ajira katika sekta ya Uchumi wa Buluu.","Omosurari buya 1,000 abaki a deep-sea fishers bwakinyora; abaki bazarenda naki obwakirori bokenye bwere bwotahi mu Blue Economy.","Ong'eyo pik masira kuom 1,000 mar fisher mag nyika nigi; nyaka nyasach mar youth nyo nyal tinde kendo jaluo ng'ato e yo kendo tyenyo gi chalo mag Blue Economy.","Tababarka 1,000 kaluumaysato oo badda qoto dheer ah ayaa bilowday; dhallinyarada ku habboon waxaa lagu dhiirigelinayaa inay ka qaybqaataan barnaamijka si ay fursado shaqo uga helaan qeybta Dhaqaalaha Buluugga.",https://kilimonews.co.ke/agriculture-policy/training-deep-sea-fishers-in-mombasa/,2026-07-14,scraped:Kilimo News - Policy
344,Agriculture,PSA,"Ten primary schools in Nairobi have received 10,000 seedlings to support 4-K Clubs; schools are expected to utilize their produce in the School Feeding Programme.","Shule kumi za msingi Nairobi zimepata miche 10,000 kusaidia Klabu za 4-K; shule zinatarajiwa kutumia mazao yao katika Mpango wa Kula Shuleni.","Mokinyanenge buya buono bwagoyaki mu Nairobi bwegokora 10,000 emekia obwakire 4-K Clubs; buya buya bwakiri bogo bwakiogoya buya buya bwenyene mu School Feeding Programme.","Mana primary schools gang' Nairobi en e wach 10,000 seedlings kuom nyaka 4-K Clubs; shule nyaka okinyi e weche mag nyaka.","Tobon dugsiyo hoose ah oo ku yaal Nairobi ayaa helay 10,000 geedo si ay u taageeraan 4-K Clubs; dugsiyadu waxaa laga filayaa inay u isticmaalaan toodka barnaamijka Quudinta Dugsiga.",https://kilimonews.co.ke/agriculture-policy/schools-receive-seedlings-to-support-4k-clubs/,2026-07-14,scraped:Kilimo News - Policy
345,Agriculture,PSA,A minimum export price for tea has been established at the Mombasa auction. All tea producers and sellers must comply to ensure a sustainable industry.,Bei ya chini ya kuuza chai imewekwa kwenye mnada wa Mombasa. Wazalishaji na wauzaji wote wa chai lazima wahakikishe kuzingatia ili kuhakikisha sekta endelevu.,Eng'ende emokireri y'oshokiri okarete buya buya bw'itega bw'ose; abashokiri naki abakereri b'obw'itega b'ogotiana gukirire buya bw'ose bw'ogetie.,"Dhi nyaka kanyo chiegni mar tea e Mombasa auction. Wanyalo nyaka duto ka nyaka cha omego, ka wuoth wanyonge gima nyal nyalo timbe.",Qiimaha ugu yar ee dhoofinta shaaha ayaa lagu dejiyay tartanka Mombasa. Dhammaan soo saarayaasha iyo iibiyeyaasha shaaha waa inay uwada hogaansamaan si tayada warshaddu u joogteyso.,https://kilimonews.co.ke/agriculture-policy/independent-tea-producers-support-munya-on-minimum-price/,2026-07-14,scraped:Kilimo News - Policy
346,Agriculture,PSA,"Horticulture producers and transporters must use covered, well-ventilated vehicles for transporting fruits and vegetables to comply with the new quality mark. Familiarize yourself with the standards immediately.",Wazalishaji na wasafirishaji wa kilimo lazima watumie magari yaliyo na kivuli na yenye hewa nzito kwa ajili ya kusafirisha matunda na mboga ili kuzingatia alama mpya ya ubora. Jifunze viwango hivi mara moja.,Abagosi b’ihigani na abashori baki bakenye bakenye naki badi motokari aberekere boki naki aberenyi buya na buya omokiranga buya bo naki begsora kwayi ogatia obori bwao. Bwakire omogenda naki bwaki.,"Mokoro mar horticulture e konyi konyo, nyaka wacho masek e joma kamano. Nakiweyo gi joma itok madhi, mar yore gi kendo ma ineno. Tiyo nendi joma mar yore.",Soosaarayaasha iyo gaadiidka beerta waa inay adeegsadaan gaadiid daboolan oo hawada wanaagsan leh si ay u qaadaan khudaarta iyo miraha si waafaqsan calaamadda tayada cusub. Isku baro heerarka sida ugu dhakhsaha badan.,https://kilimonews.co.ke/agriculture-policy/new-quality-mark-for-the-horticulture-standard/,2026-07-14,scraped:Kilimo News - Policy
347,Agriculture,PSA,"The government is implementing reforms to improve tea prices for farmers, including an automated auction system to enhance trading efficiency. Tea farmers are encouraged to stay informed on these changes.","Serikali inatekeleza mageuzi kuboresha bei za chai kwa wakulima, ikiwa ni pamoja na mfumo wa mnada wa kiotomatiki ili kuboresha ufanisi wa biashara. Wakulima wa chai wanahimizwa kubaki na ufahamu kuhusu mabadiliko haya.","Abagere bataraita onchendi buya oria bwakiijire omokire buya bwetene bwabere, buya buchemete bwokere jendo buya bwakire omokere. Abagere bataraita bazi bwanogoni oria omokire buya.","Gavumenti ji chako koro nengo piny manyo ka te ipok gi goyewe, kuom kanyakla goye kendo chopo te, ma oket gi nyiseche mag joma chwech. Joma chwech tee gingo chungo ni gi tchok joma tije miyo gima chayo.","Dowladdu waxay hirgelinaysaa dib-u-habeyn si kor loogu qaado qiimaha shaaha beeraleyda, oo ay ku jirto nidaam xaraash otomaatig ah si loo hagaajiyo hufnaanta ganacsiga. Beeraleyda shaaha waxaa lagu dhiirrigelinayaa inay la socdaan isbedeladan.",https://kilimonews.co.ke/agriculture-policy/government-interventions-to-increase-tea-prices/,2026-07-14,scraped:Kilimo News - Policy
348,Agriculture,PSA,"The newly elected KTDA board is urged to implement reforms that will enhance support for over 600,000 smallholder tea farmers. Immediate action is required to prioritize farmers' interests.","Bodi mpya iliyochaguliwa ya KTDA inasihiwa kutekeleza marekebisho ambayo yatasaidia wakulima wadogo wa chai zaidi ya 600,000. Vitendo vya haraka vinahitajika kuweka mbele maslahi ya wakulima.","Abaki bwakire bwo KTDA baria bakanogetere omokiriri bwakire bwakire buya bwhore bwaki bwakiri busibere abaki bageria abang’enda 600,000. Omosang'ana naki ohorere omokiriri bwaki bwantia abaki.","Chieng' mar KTDA nyaka omiyo mag'o ng'ato to gigo eyo ka wan gi tinya mar 600,000 nyasare te. Gii ma ok mano koro nofoko gi nyasare.","Guddiga cusub ee la doortay ee KTDA waxaa lagu boorinayaa inay hirgeliyaan isbeddello kor u qaadi doona taageerada in ka badan 600,000 oo beeraleyda shaaha yar. Waxqabadyada deg-degga ah ayaa loo baahan yahay si loo hormariyo danaha beeraleyda.",https://kilimonews.co.ke/agriculture-policy/new-ktda-board-inducted-challenged-to-speed-up-reforms/,2026-07-14,scraped:Kilimo News - Policy
349,Agriculture,PSA,"The Coffee Bill, 2021 is currently undergoing public participation. Coffee farmers and stakeholders are encouraged to review the proposed reforms and provide feedback.","Muswada wa Kahawa, 2021 unashughulikia ushirikishwaji wa umma kwa sasa. Wakulima wa kahawa na wadau wanaweza kupitia mapendekezo ya marekebisho na kutoa maoni yao.","Omoige naki, 2021, okenyagia na omokinyani buya. Abashamba b’ekahero naki abakiikire bategenyi bakiwaki omogoya buya naki bategenyi nyansokere.","Chakre ma Nyasaye, 2021 nyalo be oyuk gi public participation. Jagweya ma konyo kofi kod joma okonyo gin bende bende ni ginyalo weche kuom chalo.","Xeerka Qaxwaha, 2021 wuxuu hadda marayaa ka-qaybgal dadweyne. Beeralayda qaxwaha iyo daneeyayaashu waxaa la dhiirrigelinayaa inay dib u eegaan isbadallada la soo jeediyay oo ay bixiyaan jawaab-celin.",https://kilimonews.co.ke/agriculture-policy/the-coffee-bill-2021-at-a-glance/,2026-07-14,scraped:Kilimo News - Policy
350,Agriculture,PSA,The Nairobi Coffee Exchange remains under the Coffee Directorate's oversight; the Capital Markets Authority is advised to refrain from licensing it as an auction.,Kubadilishana Kahawa ya Nairobi bado iko chini ya usimamizi wa Idara ya Kahawa; Mamlaka ya Masoko ya Mitaji inashauriwa kuepuka kuipa leseni kama mnada.,Nairobi Coffee Exchange ikirora naki omokirori wa Coffee Directorate; Capital Markets Authority ite naki miene oborambo omakwanja.,Nairobi Coffee Exchange nigi kendo oduk e gigo ma nigi Coffee Directorate; Capital Markets Authority en joma owinjo koro to nyalu kanyalo luwore kar koro eyo.,Nairobi Coffee Exchange waxay weli ku jirtaa kormeerka Maamulka Qaxwaha; waxaa la talinayaa Hay'adda Suuqyada Raasamaal inaysan siin shati iibgeyn.,https://kilimonews.co.ke/agriculture-policy/leave-the-coffee-exchange-alone-munya-tells-cma/,2026-07-14,scraped:Kilimo News - Policy
351,Agriculture,PSA,"Farmers in Uganda, please note the official vanilla harvest date has been declared. Ensure optimal harvesting practices to maintain quality and profitability.","Wakulima nchini Uganda, tafadhali kumbukeni tarehe rasmi ya mavuno ya vanila imetangazwa. Hakikisheni mbinu za mavuno bora ili kudumisha ubora na faida.","Abakire b’ewakire Uganda, naki oria oguchengera buya bw’eringo buya botiire. Naki bakore omokiririo ogweeng’anya amahoro na enyakibori.","Wang'ni gi Uganda, naki mar en ng'ato mar vanilla oremo! Kete eyo ka itimre gima omiyo olok, to yie e ng'ama oganda.","Dhalinyarada Uganda, fadlan ogow in taariikhda rasiidka vaniljada la shaaciyey. Hubi inaad raacdo hababka ugu fiican ee qodista si aad u ilaaliso tayada iyo faa’iidada.",https://kilimonews.co.ke/agriculture-policy/uganda-declares-vanilla-harvest-date-for-this-year/,2026-07-14,scraped:Kilimo News - Policy
352,Agriculture,PSA,East African countries are implementing integrated rice sector development initiatives to reduce imports. Farmers and agribusinesses are encouraged to engage in regional partnerships and investment opportunities.,Nchi za Afrika Mashariki zinaanzisha mipango ya maendeleo ya sekta ya mchele ili kupunguza uagizaji. Wakulima na biashara za kilimo wanakumbushwa kujiunga katika ushirikiano wa kikanda na fursa za uwekezaji.,Maki abaki bendi ya East Africa nakiore shingo kuganda omonane wa rice ore osibori. Abakire nakiore bosi buya buya bakanana omokibere emosi nakiire enyange ya bhaki.,"Mabii do ng'wech e Kenya nobed ringo mar rice nying' wadhom to gi chako mironji. Joka ng'ato kendo agwamboch en g'eyoji kuom chike magoko mar kit, to kuber e walore mar ringo gi dpuegi kendo piny.",Dalka Bariga Afrika waxay fulinayaan himilooyin is dhexgal ah oo ku saabsan horumarinta qaybta bariiska si loo yareeyo dhoofinta. Beeralayda iyo ganacsiyada beeraha waxaa lagu dhiirrigelinayaa inay ka qayb qaataan iskaashiga gobolka iyo fursadaha maalgashi.,https://kilimonews.co.ke/agriculture-policy/eac-countries-champion-integrated-rice-sector-development-to-curb-escalating-imports/,2026-07-14,scraped:Kilimo News - Policy
353,Agriculture,PSA,"Apply for the KSh 2.2 billion ENABLE Kenya agribusiness fund to receive interest-free loans and training, designed to empower 10,000 youths in agribusiness.","Tumia ombi la mfuko wa biashara ya kilimo wa ENABLE Kenya wa KSh 2.2 bilioni ili upate mikopo isiyo na riba na mafunzo, iliyoundwa kusaidia vijana 10,000 katika biashara ya kilimo.","Naki omokirigania omokoya KSh 2.2 billion ENABLE Kenya buya bwang’ere obwakirori bwebwaki obwakira kondo buya obwakisigana moki, buya bwaki omoshinjaki 10,000 buya boke bweria buya omokirigania.","Nyang'ore ka oremo chalo KSh 2.2 billion ENABLE Kenya ma kochung' ching' gi katek, to ikwongo piny nije maber opiyore, ma omera 10,000 nyasachieng' kuom agribusiness.","Codso fonka ENABLE Kenya oo ah KSh 2.2 bilyan si aad u hesho amaah aan danayn iyo tababar, oo loogu talagalay in awood lagu siiyo 10,000 dhalinyaro oo ku lammaan ganacsiga beeraleyda.",https://kilimonews.co.ke/agriculture-policy/president-kenyatta-unveils-a-kshs-2-2bn-agribusiness-fund-as-he-launches-rebranded-4k-clubs/,2026-07-14,scraped:Kilimo News - Policy
354,Agriculture,PSA,"The Kenyan government is reviewing the Plant Protection Act to enhance plant health regulations. Stakeholders are encouraged to provide comments on the Draft Plant Protection Bill, 2021.","Serikali ya Kenya inakagua Sheria ya Ulinzi wa Mimea ili kuboresha kanuni za afya ya mimea. Washiriki wanahimizwa kutoa maoni kuhusu Muswada wa Sheria ya Ulinzi wa Mimea, 2021.","Abakerere baki Abakuru b'ekibari b'ekibere b'ogenda ogusomoka mu naki bw'ekobori b'ekirembani b'ogenda ogumanya. Ababere baziere omokubaka bw'ogenda ogwechana ebireka bu Gekere, 2021.","Gavana wa Kenya aneno ni kuok gi Plant Protection Act mano ok owiye ng'ato maber. Nyasaye mondo owacho ginyalo dongo mag matut kuom Draft Plant Protection Bill, 2021.","Dowladda Kenya waxay dib u eegaysaa Sharciga Ilaalinta Dhirta si loo xoojiyo xeerarka caafimaadka dhirta. Codsiyada ka qeybgalayaasha waxaa lagula talinayaa inay soo jeediyaan fikradahooda ku saabsan Qeybta Qorshaha Ilaalinta Dhirta, 2021.",https://kilimonews.co.ke/agriculture-policy/kenya-reviewing-guidelines-on-plant-health-and-phytosanitary-issues/,2026-07-14,scraped:Kilimo News - Policy
355,Agriculture,PSA,New regulations require licensing to keep bees in Kenya. Register as a commercial beekeeper to own a beehive or face penalties. Apply to your local CEC for a one-year certificate.,Sheria mpya zinahitaji leseni kwa ajili ya kulea nyuki nchini Kenya. Jisajili kama mfugaji nyuki wa kibiashara ili uwe na mzinga wa nyuki au usikose adhabu. Omba cheti cha mwaka mmoja kwa CEC wako wa eneo.,Amakinyagia matigori maikinyere omogori buya omong’ana Kisii. Orope okore buya buya ogang’ana na ogori gaki omokigo. Bwakire ku CEC ya ino oria omokiri omoka.,Ng'ato ne gin jekelo makelo kuom bee e Kenya. Chako jochung' bee ma kadhok be e chak mwanjore kendo to chiwo mayok. Nyal gamo jochak CEC makiwuok e yo nyaka maber.,Xeerarka cusub waxay u baahan yihiin in la helo ruqsad si loogu hayo shinbiro Kenya. Isdiiwaangeli sidii beeralay ganacsi si aad u leedahay shinni-guriga ama wajaho ciqaab. Codso shahaadada hal sano ee CEC-da deegaankaaga.,https://kilimonews.co.ke/agriculture-policy/you-will-need-a-license-to-keep-bees-or-go-to-jail/,2026-07-14,scraped:Kilimo News - Policy
356,Agriculture,PSA,"A crackdown is ongoing against traders and transporters packaging Irish potatoes in bags exceeding 50 kg. Compliance is mandatory in Nyandarua, Nakuru, Narok, Elgeyo Marakwet, Uasin Gishu, Meru, and West Pokot counties.","Kukamatwa kunaendelea dhidi ya wafanyabiashara na wasafirishaji wanaopakua viazi vya Kiairi katika mifuko inayozidi kilogramu 50. Kufuata sheria ni lazima katika kaunti za Nyandarua, Nakuru, Narok, Elgeyo Marakwet, Uasin Gishu, Meru, na West Pokot.","Omosendo oseria mosa ogenda buya naki andori naki oria dusoto irio ga 50 kg. Kiai kiang’anya naki Nyandarua, Nakuru, Narok, Elgeyo Marakwet, Uasin Gishu, Meru, na West Pokot.","Ng'ama kelo chalo kuom traders gi transporters kuom Irish potatoes eh kwaya manok 50 kg. Teko chuth ni kamano ku Nyandarua, Nakuru, Narok, Elgeyo Marakwet, Uasin Gishu, Meru, gi West Pokot.","Ilaalinta ka dhanka ah ganacsatada iyo gaadiidka ayaa socda kuwaas oo xidhaya baradho Irish ah oo ka badan 50 kg. Raacista sharciga waa mid lagama maarmaan ah oo ka jira degmooyinka Nyandarua, Nakuru, Narok, Elgeyo Marakwet, Uasin Gishu, Meru, iyo West Pokot.",https://kilimonews.co.ke/agriculture-policy/crackdown-ongoing-for-those-packaging-potatoes-in-bags-exceeding-50-kgs/,2026-07-14,scraped:Kilimo News - Policy
357,Agriculture,PSA,The government will assist newly elected officials of smallholder Tea Factories in assuming control from KTDA employees. Enhanced security measures will be implemented immediately.,Serikali itaunga mkono maafisa wapya waliochaguliwa wa Viwanda Vidogo vya Chai katika kuchukua udhibiti kutoka kwa wafanyakazi wa KTDA. Hatua za usalama za kuongeza zitatekelezwa mara moja.,Ong'ana katuria bwakire buya na abogendi ba tea bochari buya bwanikumi bwakanya bakirere buya na abaki ba KTDA. Omochere omoshanga bwakire bwakiranani.,Government nying' to reh wendo ma joma e yo wacho kuom kuonde kendo otieno gi joma KTDA. Moko mag nyalo sechego kuom yiengi e tije.,"Dowladda ayaa ka caawin doonta mas'uuliyiinta cusub ee la doortay in ay maamulaan warshadaha shaaha ee ganacsatada yaryar, iyadoo shaqaalaha KTDA laga wareejinayo. Talaabooyin amni oo la xoojiyey ayaa si degdeg ah loo hirgelin doonaa.",https://kilimonews.co.ke/agriculture-policy/government-to-facilitate-new-tea-factories-officials-to-take-charge/,2026-07-14,scraped:Kilimo News - Policy
358,Agriculture,PSA,No actionable information for farmers or agribusiness stakeholders is present in this article.,Hakuna taarifa ya kitendo kwa wakulima au wadau wa biashara ya kilimo katika makala hii.,Obwakire bwaki bwaki oreta buya buya bwaki obwakire bwaki buya buya ama.,Okwong' piny ni wach ni okwongo kanyisi ma nyaka momiyo kanyisi ma nyaka mokoro ma kendo kik piny gi nyisachi kendo gik mung' kendo wegegi.,Maqaalkaan wax macluumaad ah oo dhaqan-dhaqaale ah laguma helin beeraleyda ama daneeyayaasha ganacsiga beeraha.,https://kilimonews.co.ke/agriculture-policy/agriculture-minister-on-why-uganda-leads-in-terms-of-ensuring-food-security/,2026-07-14,scraped:Kilimo News - Policy
359,Agriculture,PSA,"The government is considering revising the Coffee Cherry Fund regulations to better benefit coffee farmers, including potential access to farm inputs on credit.","Serikali inafikiria kurekebisha kanuni za Mfuko wa Nyanya ya Kahawa ili kuwafaidi wakulima wa kahawa zaidi, ikiwemo uwezekano wa kupata vifaa vya kilimo kwa mkopo.","Ababere boki nakiore omogori wa Coffee Cherry Fund nakiore bwana bwaki boki omokiyaki, nakiore ogenda omokiyaki buya buore jia oria.","Government nyaka kar tinde ma ok nyal chalo Coffee Cherry Fund ngam yore okul ninde joma chalo, ka nyalo yudo chiemo kuom owete malong'oya.","Dowladdu waxay tixgelinaysaa in la dib u eegayo xeerarka Fondka Kafeega si ay uga faa'iideystaan beeralayda kafeega, oo ay ku jiraan suurtagalnimada helitaanka agabka beerta oo amaah ah.",https://kilimonews.co.ke/agriculture-policy/coffee-cherry-fund-regulations-could-be-reviewed/,2026-07-14,scraped:Kilimo News - Policy
360,Agriculture,PSA,Smallholder tea factories elections will be held as per the timetable released by CS Munya; all smallholder tea farmers are encouraged to participate.,Chaguzi za viwanda vidogo vya chai zitaandaliwa kulingana na ratiba iliyotolewa na CS Munya; wakulima wote wa chai wadogo wanahimizwa kushiriki.,Amakoreo ma tea bwaki burofia buya bwokigana na CS Munya; abarakari b’amatongori ma tea bwaki naki naki bategane buya.,Chik jothurwa magi matindo mabor e yo tielo ma ginyis gi CS Munya; jothurwa magi yotia hera nying' e yo.,Doorashada warshadaha shaaha ee beeraleyda yaryar ayaa dhacaysa sida uu sheegay jadwalka uu soo saaray CS Munya; dhammaan beeraleyda shaaha yaryar waxaa lagu dhiirrigelinayaa inay ka qayb qaataan.,https://kilimonews.co.ke/agriculture-policy/cs-munya-releases-smallholder-tea-factories-elections-timetable/,2026-07-14,scraped:Kilimo News - Policy
361,Agriculture,PSA,"The Kenya Dairy Industry Regulations, 2021 are now law, establishing a minimum farm gate price of Kshs. 33 per kilogram of milk delivered. Farmers are urged to familiarize themselves with the regulations.","Sheria za Sekta ya Maziwa za Kenya, 2021 sasa ni sheria, zikitoa bei ya chini ya Kshs. 33 kwa kilogramu ya maziwa inayosambazwa. Wakulima wanahimizwa kujifunza kuhusu sheria hizi.","Amakara ya Kenya ya Dairi, 2021, nakiia buya, ekerere omokirori ogwere ogire naki Kshs. 33 buya endabaki ya emukiri emu. Abagikosi baria banye bokenyagia na amakara aya.","Sharia ma okinyi kuom buya dhoKenya, 2021 nyaka ahor, omiyo wachni kendo joma ber kachok gigo ilos ma Kshs. 33 kuom kilo mar uji. Joma kendo ochung' giye to ng'ama en joma obiro twok gi sharia pone.","Sharciyada Warshadaha Caanaha Kenya, 2021 hadda waa sharci, iyadoo la dejiyay qiimaha ugu yar ee farm gate-ka oo ah Kshs. 33 kiilogram caano ah oo la keenay. Beeralayda waxaa lagu boorinayaa inay isbaran la noqdaan shuruucdan.",https://kilimonews.co.ke/agriculture-policy/the-kenya-dairy-industry-regulations-2021-launched/,2026-07-14,scraped:Kilimo News - Policy
362,Agriculture,PSA,Exporters of maize to Kenya must provide certificates of conformity to confirm compliance with aflatoxin safety standards after recent bans due to contamination concerns.,Wauzaji wa mahindi nchini Kenya lazima watoe vyeti vya ufuataji ili kuthibitisha kufuata viwango vya usalama wa aflatoksini baada ya marufuku ya hivi karibuni kutokana na wasiwasi wa uchafuzi.,Abakire beere buya ku Kenya gosi bosi kosi buya ikereria ne bakiragwaniane omokirori bw' aflatoxin after omokirori bw' irera omokiri.,Jokambidi maziwa ku Kenya nyal piny ng’ato dhi konyo choko madwaro ma Jiwo mar aflatoxin kendo nind gi thoth kuom joma ok metal.,Dhoofiyeyaasha masagada u taga Kenya waa inay bixiyaan shahaadooyin waafaqsan si loo xaqiijiyo in ay u hoggaansamaan heerarka badbaadada aflatoxin ka dib mamnuucidii dhawaan ee sababo la xiriira wasakhowga.,https://kilimonews.co.ke/agriculture-policy/coordinated-efforts-needed-to-combat-aflatoxin-in-the-region/,2026-07-14,scraped:Kilimo News - Policy
363,Agriculture,PSA,The Agriculture & Food Authority (AFA) will begin immediate inspections to ensure food safety across the country. Farmers and vendors must comply with regulations to avoid penalties.,Mamlaka ya Kilimo na Chakula (AFA) itaanza ukaguzi wa haraka ili kuhakikisha usalama wa chakula nchi nzima. Wakulima na wauzaji wanapaswa kuzingatia kanuni ili kuepuka adhabu.,Naki AFA oria omokirigana siana buya bori agekenye emonyokwa osegana. Abaki na abaki oria baria buia oria bioria omokirigana oria biongorera motifs.,Agriculture & Food Authority (AFA) okonyo ng'ato mar wach mar inspections onge mondo gi jwako mar kutik chakruok kanyakla. Gik kidhori kaka owach kuom duto nyaka ginyalo weyo to rung'ri.,Hay'adda Beeraha iyo Cuntooyinka (AFA) waxay bilaabi doontaa kormeer degdeg ah si loo hubiyo amniga cuntada guud ahaan dalka. Beeraleyda iyo ganacsatada waa inay raacaan xeerarka si ay uga fogaadaan ciqaabta.,https://kilimonews.co.ke/agriculture-policy/afa-to-conduct-a-crackdown-to-ensure-food-safety/,2026-07-14,scraped:Kilimo News - Policy
364,Agriculture,PSA,"The Agriculture & Food Authority (AFA) has launched the Agriculture Information Management System (AIMS) to facilitate online registration, licensing, and access to information for traders.","Mamlaka ya Kilimo na Chakula (AFA) imezindua Mfumo wa Usimamizi wa Taarifa za Kilimo (AIMS) kurahisisha usajili wa mtandaoni, upatikanaji wa leseni, na taarifa kwa wafanyabiashara.","Abagere n'Abagabachori ba AFA batang'anya oria Airaguru Ifonga (AIMS) bw'osiogori buya bw'okwisandiika, okwirira oboreri, na oborwa enche buya bu Abataragani.","Agriculture & Food Authority (AFA) ne eyo kuom Agriculture Information Management System (AIMS) e nyaka akwong' gi online, wuoth, kod ndalo kuom chalo mar traders.","Hay'adda Beeraheeda & Cuntada (AFA) waxay bilowday Nidaamka Maareynta Macluumaadka Beeraha (AIMS) si loo fududeeyo diiwaangelinta khadka tooska ah, ruqsadaha, iyo helitaanka macluumaadka ganacsatada.",https://kilimonews.co.ke/agriculture-policy/afa-launches-online-trade-system-to-ease-business/,2026-07-14,scraped:Kilimo News - Policy
365,Agriculture,PSA,Attention maize farmers: The Kenyan government has enacted an immediate ban on maize imports due to health concerns regarding mycotoxins. This will help improve local maize prices.,Tafadhali wakulima wa mahindi: Serikali ya Kenya imeweka marufuku ya haraka juu ya uagizaji wa mahindi kutokana na wasiwasi wa afya kuhusu mykotoksini. Hii itasaidia kuboresha bei za mahindi hapa nchini.,Abakiriya obori: Omoigowe mwaki wa Kenya omoja ogenda omokinyire oborio bwa obori bubia bwamuriri bwakinyang'ia oborogoro. Ite egesang'ana okogenda ebia obori bwaki.,Wachieng’ mawuoyo: Mwakanya Kenya abiro bende e yo ma ng’ombe marach kuom nyaka nyako ma mycotoxins. Niyi bende nobirongo konyo buo ma ng’ombe marach e owuon gi tinde.,Digniin beeralayda kaydka: Dowladda Kenya waxay soo rogtay mamnuuc rasmi ah oo ku saabsan soo dejinta kaydka sababo la xiriira caafimaadka oo ku saabsan mycotoxins. Tani waxay ka caawin doontaa kor u qaadista qiimaha kaydka gudaha.,https://kilimonews.co.ke/agriculture-policy/maize-farmers-support-maize-import-ban/,2026-07-14,scraped:Kilimo News - Policy
366,Agriculture,PSA,"Non-deposit taking Saccos must now comply with the Sacco Societies (Non-Deposit Taking Business) Regulations by June 30, 2021. Ensure your operations meet the new requirements.",Sacco zisizo na amana lazima sasa zifuate Kanuni za Jamii za Sacco (Biashara zisizochukua Amana) kufikia tarehe 30 Juni 2021. Hakikisha shughuli zako zinakidhi mahitaji mapya.,"Saccos abaki bategana ogukorera naki ekontrera ya Sacco Societies (Non-Deposit Taking Business) nyasa na June 30, 2021. Naki omokore mwaki naki omokore oboragani.",Saccos ng'weny ma nyalo koda ndalo oparo maduong' ahinya gi Sacco Societies (Non-Deposit Taking Business) Regulations kendo bende ng'ato mipogore nyalo gi guche midwaro kendo neno gi chalo makati.,Saccos aan lacag lagu deyn karin waxaa looga baahan yahay inay u hogaansamaan xeerarka ganacsiga Saccada (Sacco Societies (Non-Deposit Taking Business) Regulations) ilaa 30-ka Juun 2021. Hubi in hawlahaagu ay la jaanqaadaan shuruudahan cusub.,https://kilimonews.co.ke/agriculture-policy/non-deposit-taking-saccos-to-be-regulated-by-sasra/,2026-07-14,scraped:Kilimo News - Policy
367,Agriculture,PSA,Coffee farmers are urged to apply for the Kshs. 3 billion Coffee Cherry Advance Fund available through New KPCU. Society officials must sign forms to facilitate access.,Wakulima wa kahawa wanahimizwa kuomba fedha ya awali ya shilingi bilioni 3 ya Kahawa Cherry kupitia New KPCU. Maafisa wa ushirika wanapaswa kusaini fomu ili kuwezesha ufikiaji.,Abakera buya banochere bige nayo ekirori Kshs. 3 billion ya Coffee Cherry Advance Fund oseria New KPCU. Abakire ba buya banganiana ondokere obwaki bosi.,Ng’ama ji jare kaka gik medho e Kshs. 3 billion neni pa Coffee Cherry Advance Fund ma oting'a e New KPCU. Okwong' mar jo gini to yudhi rejogo kuom nyis.,Farmayaasha qaxwaha waxaa lagu boorinayaa inay codsadaan Kshs. 3 bilyan oo ah Fondka Horudhaca Kafeega Cherry ee laga heli karo New KPCU. Mas'uuliyiinta ururka waa inay saxeexaan foomamka si loo fududeeyo helitaanka.,https://kilimonews.co.ke/agriculture-policy/munya-warns-coffee-societies-officials-over-coffee-cherry-fund/,2026-07-14,scraped:Kilimo News - Policy
368,Agriculture,PSA,All tea in Kenya will be sold electronically at the Mombasa Auction starting next month. Organizers must prepare for inspection by ICT experts to ensure compliance with the Tea Act 2020.,Chai yote nchini Kenya itauzwa kwa njia ya kielektroniki kwenye Mauzo ya Mombasa kuanzia mwezi ujao. Waandaaji wanapaswa kujiandaa kwa ukaguzi na wataalamu wa ICT ili kuhakikisha kufuata Sheria ya Chai ya 2020.,Tea yako yose mu Kenya itakiri kutendekigwa mu mtandao ku Mombasa Auction ikiangia mwisi egesia. Baaberi baki nyong’ere oboka bwokiri bwokirioria na abakora b’i ICT baki kuchanurira ku getonte kaabaki kosi kiori Tea Act 2020.,Chai wote ku Kenya bende pod yiw dhok e Mombasa Auction nyaka kisumu tich. Bunga mwach ni wawadhi kendo othego kuom kindo nyathi e ICT chike mag nyiso chiemo mar Tea Act 2020.,Dhammaan shaaha Kenya waxaa lagu iibin doonaa si elektaroonik ah oo ku saabsan Mombasa Auction bilowga bisha soo socota. Qaban-qaabeeyaashu waa inay isu diyaariyaan kormeerka khubarada ICT si loo hubiyo in la raacayo Sharciga Shaaha 2020.,https://kilimonews.co.ke/agriculture-policy/munya-gives-mombasa-tea-auction-organizers-one-month-to-comply-as-tea-elections-set-for-march/,2026-07-14,scraped:Kilimo News - Policy
369,Agriculture,PSA,The Tea Board of Kenya has been re-established to regulate and promote the tea industry. All tea factories can soon sell their produce; stay tuned for further updates.,Bodi ya Chai ya Kenya imeanzishwa upya ili kudhibiti na kukuza tasnia ya chai. Kiwanda vyote vya chai vinaweza hivi karibuni kuanza kuuza mazao yao; fuatilie kwa taarifa zaidi.,Omosiranani wa Chai ya Kenya oria ogendire oria gosiore irembe na okwenda bwi chage omotora. Ekarorena ya chagi gechure oria chacha bwananane; miinyankirire oria nyamogoti.,Tea Board of Kenya en gi koro mondo owuoyo maber kod yiegi. Waduogi wa tea nyaka nyalo tinde ni owuonye; no giyawore sini gi weka.,Guddiga Shaaha ee Kenya ayaa dib loo aasaasay si ay u nidaamiyaan oo u taageeraan warshadaha shaaha. Dhammaan warshadaha shaaha waxay dhawaan bilaabi doonaan inay iibiyaan alaabtooda; la soco warar dheeraad ah.,https://kilimonews.co.ke/agriculture-policy/return-of-the-tea-board-of-kenya/,2026-07-14,scraped:Kilimo News - Policy
370,Agriculture,PSA,"Effective January 1, 2021, smallholder tea farmers under KTDA-managed factories will face a new Minimum Tax that reduces their income by over KShs 754 million annually.","Kuanzia tarehe 1 Januari 2021, wakulima wadogo wa chai katika viwanda vinavyosimamiwa na KTDA watafungwa kwa kodi mpya ya Chini inayopunguza mapato yao kwa zaidi ya KShs 754 milioni kila mwaka.","Rokiya 1, 2021, abasheno batega mwaki batesetanga buya mu KTDA bagokoranga ikigori kiong'era omokongi buya bwa kashoka KShs 754 million mwaki.","Kodin January 1, 2021, chalo machon te nyingi mar KTDA bende nyaka gin tax moko manit ma nitie limbe joma chalo kanyakla KShs 754 million piny dar tije.","Laga bilaabo 1-da Janaayo 2021, beeraleyda shaaha yar yar ee ku hoos jira warshadaha KTDA waxay la kulmi doonaan Canshuurta Ugu Yar ee cusub, taasoo dhimi doonta dakhliga ay helaan in ka badan KShs 754 milyan sanadkiiba.",https://kilimonews.co.ke/agriculture-policy/new-tax-to-affect-tea-farmers/,2026-07-14,scraped:Kilimo News - Policy
371,Agriculture,PSA,Youth farmers in agriculture face challenges accessing credit. Strategies to improve credit access are crucial for purchasing inputs and investing in agribusiness.,Wakulima vijana katika kilimo wanakutana na changamoto za kupata mikopo. Mikakati ya kuboresha upatikanaji wa mikopo ni muhimu kwa ajili ya kununua vifaa na kuwekeza katika biashara za kilimo.,Abana batoro bakiabere mu buya nakiita busegereta bwakienda buya. Ebirori bikwandi bisi ekegusii egere wantatire busegereta bwakienda bwakienda nakienda mu buragari.,Gik ma yath jaluo nyaka weche e yo konyo gik mang'ich. Ngeche mag nyaka to kuom yie konyo gik mang'ich en tich kaka yenye gima oyie ka oyonni e ginyasa.,Dhalinyarada beeraleyda waxay la kulmaan caqabado ku saabsan helitaanka deyn. Istaraatiijiyadaha lagu hagaajinayo helitaanka deynta waa muhiim si loo iibsado agabka loona maalgeliyo ganacsiga beeraha.,https://kilimonews.co.ke/agriculture-policy/factors-influencing-youth-access-to-credit-in-agriculture/,2026-07-14,scraped:Kilimo News - Policy
372,Agriculture,PSA,"The Tea Bill has been passed by the Senate, reintroducing the Tea Board. Stakeholders are advised to prepare for future consultations regarding the Bill's implementation.","Muswada wa Chai umepitishwa na Seneti, ukirejesha Bodi ya Chai. Washiriki wanashauriwa kujiandaa kwa mashauriano yajayo kuhusu utekelezaji wa muswada huu.","Eteere ya Chai emosiokire na Seneti, ekeria Chai Oria. Abaki bataragani baabaki buya banzire bungi bwokore ibwaki bwakere chairoya eteere.","Tea Bill oter kanyono ma Senate, kendo oterni Tea Board. Waduong’ mago bende cha okinyi kaka wanyalo yocha nyasaye motegno joma chayo.","Sharciga Shaaha ayaa la ansixiyay, waxaana dib loo soo celiyey Guddiga Shaaha. Xubnaha saamileyda waxaa lagu talinayaa inay is diyaariyaan kulamada mustaqbalka ee ku saabsan hirgelinta sharciga.",https://kilimonews.co.ke/agriculture-policy/ktda-handed-final-blow-as-senate-passes-tea-bill/,2026-07-14,scraped:Kilimo News - Policy
373,Agriculture,PSA,"The Senate has rejected the Crops (Tea Industry) Regulations, 2020. Stakeholders in the tea industry should stay informed about any forthcoming regulations regarding county roles in agriculture.","Seneti imekata rufaa kuhusu Kanuni za Mazao (Sekta ya Chai), 2020. Wadau katika sekta ya chai wanapaswa kubaki wazi kuhusu kanuni zozote zitakazokuja zinazohusiana na majukumu ya kaunti katika kilimo.","Abashere banga batorokere shibori buya bwaki dishamani, 2020. Abashere banga mu shibori shatee nibashorore kwaki banzorie omokireri banye buya bwaki bwokirori bwakirori bangesi.","Seneti omer duto gi Crops (Tea Industry) Regulations, 2020. Jochunge mag te miele gote nyaka ji chopo ng'ato kaka en konyruok motegno konyruok ka bende gi ng'ato chwech mar miri.","Senatku waxay diideen Sharciga Beeraleyda (Warshadaha Shaaha), 2020. Saamilayda warshadaha shaaha waa inay la socodsiiyaan wax kasta oo shuruuc cusub ah oo ku saabsan doorka dowladaha hoose ee beeraleyda.",https://kilimonews.co.ke/agriculture-policy/senate-committees-reject-tea-regulations-2020/,2026-07-14,scraped:Kilimo News - Policy
374,Agriculture,PSA,"Farmers and agribusiness stakeholders can soon benefit from the Warehouse Receipt System (WRS), allowing them to deposit commodities in certified warehouses and obtain receipts for financing.","Wakulima na wadau wa biashara ya kilimo hivi karibuni watafaidika na Mfumo wa Risiti za Ghala (WRS), ambao unawawezesha kuweka mizigo katika ghala zilizothibitishwa na kupata risiti za kufadhili.","Abakore bategana na abatekelani ba ibansia bategana buya na Sistema ya Receiti ya Kutonga (WRS), buya bwaki bwogenda kutehe buse, okaiga emechinge mu meburi amakire na okogeta receiti buya bwogende omonyereri.","Dongo mar nyakwar e odhiambo ma WRS, ma ok joudhi kod dhogi, kuom karuok to e tek ma ochung' nyamre e warehause mang'eny e ndo, kikonyore kamini mag piny.","Farmers iyo daneeyayaasha ganacsiga beeraleyda ayaa dhowaan ka faa'iideysan kara Nidaamka Qaansheegadka Bakhaarka (WRS), taasoo u oggolaaneysa inay dejiyaan alaabooyinka bakhaarka la shahaado iyo inay helaan rasiidka maalgelinta.",https://kilimonews.co.ke/agriculture-policy/warehouse-receipt-system-wrs-takes-shape/,2026-07-14,scraped:Kilimo News - Policy
375,Agriculture,PSA,The Kenyan government has allocated Kshs 8 billion for maize meal subsidies to support farmers facing challenges.,Serikali ya Kenya imetenga Kshs bilioni 8 kwa ajili ya ruzuku ya unga wa mahindi kusaidia wakulima wanaokabiliwa na changamoto.,Obwaki bw'ekegena bu na Kshs 8 billion bw'ekiri kiaki bwakireri ogwaki mukia obwakire bw'amaraka.,Gatuongo ka tend gi Kshs 8 billion kuom maziwa ma idhi gi oria ma kosi ombenda kanyoru.,Dowladda Kenya ayaa qoondeysay Kshs 8 bilyan oo loogu talagalay deeqo cunto ah si ay u taageeraan beeralayda dhibaatooyinka wajahaya.,https://kilimonews.co.ke/agriculture-policy/agriculture-ministry-under-fire-from-governors-and-senate/,2026-07-14,scraped:Kilimo News - Policy
376,Agriculture,PSA,Download the recently launched agriculture reforms bills essential for the sector from the Ministry of Agriculture's website.,Pakua muswada wa mabadiliko ya kilimo uliozinduliwa hivi karibuni muhimu kwa sekta hiyo kwenye tovuti ya Wizara ya Kilimo.,Dekia magabi matigori omonchaki oreba oria mensibori kuvwaki enyuero ya Ministry of Agriculture.,Dhi nyaka download milambo ma okethi e ng'ato mar agri-kultura oseyudo to minitri mar agri-kultura.,"Soo deji sharciga wax-soo-saarka beeraleydu oo cusub ee muhiimka u ah waaxda, bogga internetka ee Wasaaradda Beeraha.",https://kilimonews.co.ke/agriculture-policy/download-recently-launched-agriculture-reforms-bills-here/,2026-07-14,scraped:Kilimo News - Policy
377,Agriculture,PSA,Coffee factories can now register as autonomous societies under the Co-operative Societies Act. Millers and marketing agents are prohibited from lending to farmers; violations will be penalized.,Fabriki za kahawa sasa zinaweza kujisajili kama jamii huru chini ya Sheria ya Jamii za Ushirika. Wakamataji na mawakala wa masoko hawaruhusiwi kukopesha wakulima; anayekiuka atachukuliwa hatua.,Naki omokireri bochekire buya buse bw'anga buya bosi naki omokireri buya buse bw'anga buya bosi. Ababere naki abashang’ira buya bosi babere obwakare buse bwa ngabere; obwakare bwakiri buya bwosetengeka.,"Panyuka amadi, magendo ma kuya ng'ato ni konyo kuber kanyakla mo Pako mar Waki. Madiro kod maer ma oket richo kuyet ku mawuo; maler ma ok leka ni oketo.",Fursadaha qaxwada hadda waxay iska diiwaan gelin karaan ururo madax-bannaan oo ka hooseeya Xeerka Ururada Iskaashatada. Millers iyo wakiilada suuqgeynta ayaa mamnuuc ka ah inay amaahdaan beeraleyda; ku xadgudubku wuxuu keeni doonaa ciqaab.,https://kilimonews.co.ke/agriculture-policy/proposed-coffee-bill-2020-proposes-radical-changes-in-the-sector/,2026-07-14,scraped:Kilimo News - Policy
378,Agriculture,PSA,Farmers and stakeholders are invited to submit their views on five new agricultural reform bills within 21 days. Get involved to help shape the future of key crop value-chains.,Wakulima na wadau wanakaribishwa kuwasilisha maoni yao kuhusu muswada mitano ya mageuzi ya kilimo ndani ya siku 21. Shirikiana ili kusaidia kuunda mustakabali wa minyororo ya thamani ya mazao muhimu.,Abagengenzi na batisari barakire bwerekane amande yabo ku mirongo mitano y’amategeko g’ emihingo g’ akabuni mu nsi ya buya 21. Naki mu bwonchani mw'ango bunge obuki ya bwega bw'ekimera.,Manji ang'wen kawuono ka abiro chak asekalo e yo mar piw. Kawuono ni hia ma e yo mar kitgi kuom hok bende kendo mach 21. Timbe to gii wuoyo mar juma ma piny.,Beeraleyda iyo daneeyayaasha waxaa lagu casuumay inay soo gudbiyaan fikradahooda ku saabsan shan xeer cusub oo dib-u-habeyn beeraha ah 21 maalmood gudahood. Ka qaybqaado si aad uga qayb qaadato hormarinta silsiladaha qiimaha dhirta muhiimka ah.,https://kilimonews.co.ke/agriculture-policy/government-launches-5-agricultural-reform-bills/,2026-07-14,scraped:Kilimo News - Policy
379,Agriculture,PSA,The government will not interfere in the fertilizer market; dealers can plan based on a free market. Farmers are to benefit from affordable prices.,Serikali haitaz interference katika soko la mbolea; wafanyabiashara wanaweza kupanga kwa msingi wa soko huru. Wakulima watafaidika na bei nafuu.,Ong'enda ikirongo na ing'enda orego mugetajenda wa fertilizer; abashanga naki kosi bwanire. Abagori boki buya omokiri buya.,Chandruok ohinga to ng'eyo mar fertilizer; ji ma ok oganda keto kanyach maber. Waduong' koro ji gin maler kanyakre.,Dowladdu kama qeyb qaadan doonto suuqyada bacriminta; ganacsatadu waxay qorsheyn karaan iyagoo ku saleynaya suuq furan. Beeralaydu waxay ka faa'iidi doonaan qiimaha jaban.,https://kilimonews.co.ke/agriculture-policy/the-government-will-not-deal-with-fertilizer-munya/,2026-07-14,scraped:Kilimo News - Policy
380,Agriculture,PSA,Tea-growing Counties are urged to stay informed on the ongoing legal dispute over proposed tea regulations as Governors challenge their implementation in court.,Mikoa inayokua chai inasihiwa kubaki na habari kuhusu mgogoro wa kisheria unaoendelea juu ya kanuni mpya za chai huku Magavana wakipinga utekelezaji wake mahakamani.,Abakiga tea baria baria baishikane buya buya omogori oko omosi nyaki te amenities naki buya agete ibagani buya vigori mwane omoborere na aogotana na oria buya ibachere egenda.,"Dhiroi mar tea e pinje mag tea ni owdhi e neno ma oketi koni e hukum, kendo gweno dhenge gi oking' nyime.","Gobollada shaaha beeraha ayaa lagu boorinayaa inay la socodsiiyaan muranka sharci ee socda ee ku saabsan xeerarka shaaha la soo jeediyay, maadaama guddoomiyayaasha ay ka dardaarmeen hirgelintooda maxkamadda.",https://kilimonews.co.ke/agriculture-policy/governors-head-to-court-as-they-reject-the-proposed-tea-regulations/,2026-07-14,scraped:Kilimo News - Policy
381,Agriculture,PSA,Celebrate International Coffee Day on October 1st by supporting fair trade coffee and raising awareness of the challenges faced by coffee growers.,Sherehekea Siku ya Kimataifa ya Kahawa tarehe 1 Oktoba kwa kusaidia kahawa inayouzwa kwa njia ya haki na kuongeza ufahamu kuhusu changamoto wanazokumbana nazo wakulima wa kahawa.,Sherehekea Omogori Ogw'oseka ku 1st Okitobara oseria buya bu bajoge bu omogori naki kose ne bature bu omogori.,Naki International Coffee Day ku Oktober 1nd kochung' hiti kod chir gi yore ma okonyo olelo ni kaka gi wendo oboch goyo joma nindo konyo.,Dabaaldeg Maalinta Caalamiga ah ee Qaxwada bisha Oktoobar 1deeda adigoo taageeraya ganacsiga caddaaladda iyo kor u qaadista wacyiga ku saabsan caqabadaha ay la kulmaan beeraleyda qaxwada.,https://kilimonews.co.ke/agriculture-policy/the-weekly-coffee-dose-with-henry-kinyua-cooperative-debts/,2026-07-14,scraped:Kilimo News - Policy
382,Agriculture,PSA,"Over 200,000 households are benefiting from the 1 million kitchen gardens initiative. Households are encouraged to participate for fresh produce and a healthy diet.","Zaidi ya nyumba 200,000 zinafaidika na mpango wa mabwawa ya bustani za jikoni milioni 1. Nyumba zinahimizwa kushiriki ili kupata mazao freshi na lishe bora.","Abaki 200,000 boki biri boke benarire naki 1 million naki yaki. Baki bioria batorerere bokire buya buya na ikirori bwanika.","Abiro 200,000 nyumbani en aduong' e 1 million kitchen gardens initiative. Nyumbani en gin konyre kaka nochako e piny kendo nyalo yudo kanyamo medhe.","In ka badan 200,000 qoys ayaa ka faa'iidaysanaya ololaha beerta jikada ee 1 million. Qoysaska waxaa lagu dhiirigelinayaa inay ka qaybqaataan si ay u helaan wax soo saarka cusub iyo cunto caafimaad leh.",https://kilimonews.co.ke/agriculture-policy/over-200000-households-benefit-from-the-ongoing-1-million-household-kitchen-gardens-initiative/,2026-07-14,scraped:Kilimo News - Policy
383,Agriculture,PSA,"By March 2021, all fishing vessels in Kenyan waters must land their catch at Kenyan Ports to avoid license revocation.","Kwa Machi 2021, vyombo vyote vya uvuvi katika maji ya Kenya lazima vikamilishe samaki zao katika Bandari za Kenya ili kuepuka kufutwa kwa leseni.","Ogesi buya 2021, obokere bweng'ere buya bungi bw'ochekera mu buya bw'ekichaki bwa Kenya bwakire na buya bw'otoburanya mu buya bwa Kenya buya okuhinda obwakiri bwabukore.","Kula mar 2021, chike mosando konyo got dondi e nyim Kenya nyalo tigwa kuom port mag Kenya, iye to yore moe nyal moneno.","Bishii Maarso 2021, dhammaan markabada kalluumeysiga ee badda Kenya waa inay ku keensadaan kaluumadooda dekedaha Kenya si looga fogaado in shatiga la joojiyo.",https://kilimonews.co.ke/agriculture-policy/president-kenyatta-unveils-measures-to-boost/,2026-07-14,scraped:Kilimo News - Policy
384,Agriculture,PSA,"Farmers are encouraged to engage with New KPCU for coffee milling, marketing, and warehousing services, as well as to access the Coffee Cherry Advance Revolving Fund.","Wakulima wanahimizwa kuungana na New KPCU kwa ajili ya huduma za kukamua kahawa, masoko, na hifadhi, pamoja na kupata ufadhili wa mbele wa Cherry ya Kahawa.","Abaguli bagarire kweng’ana na New KPCU ku bwang'ania bw’ekoffee, bwang'iana, na bwakiganya, khorugire naki bw’egerebwa bw’ama bwang’ikọmoka bwi’ekoffee.","Odhiambo en ka wacho kuom New KPCU manok gi miling, marketing, to warehousing, kendo kuom wach ni owachok owiwo ka wacho mag Coffee Cherry Advance Revolving Fund.","Farmers waxaa lagu dhiirigelinayaa inay la shaqeeyaan New KPCU si ay u helaan adeegyada korbinta, suuq-geynta, iyo kaydinta kaabayaasha, iyo sidoo kale inay helaan Sanduuqa Wareejinta Hore ee Kafeega.",https://kilimonews.co.ke/agriculture-policy/which-way-for-new-kpcu-the-chairman-talks/,2026-07-14,scraped:Kilimo News - Policy
385,Agriculture,PSA,Public participation is open for the new Warehouse Receipt System regulations. Farmers and stakeholders are urged to submit their views to ensure effective implementation.,Ushirikiano wa umma umefunguliwa kwa sheria mpya za Mfumo wa Risiti za Ghala. Wakulima na wadau wanasisitizwa kuwasilisha maoni yao ili kuhakikisha utekelezaji mzuri.,Omoigoti buya buya buya bw'ekibung'ane bw'amateka ya Warehouse Receipt System buya. Ababereki n'abakinyag'anyi batoragorwe okuwetai buya bw'ogotang'anya ikinyang'anyi.,Piny kiwuok gi public participation ma oting' goyogi Warehouse Receipt System. Waduong' manono kuom joma ngi jowe nyaka nene ni jodo chiegni.,Ka qaybgalka dadweynaha ayaa furan sharciga cusub ee Nidaamka Risiidhka Bakhaarka. Farmingayaasha iyo daneeyayaasha ayaa lagu dhiirigelinayaa inay soo gudbiyaan fikradahood si loo xaqiijiyo hirgelinta waxtarka leh.,https://kilimonews.co.ke/agriculture-policy/warehouse-receipt-system-regulations-released-for-public-participation/,2026-07-14,scraped:Kilimo News - Policy
386,Agriculture,PSA,The Kshs. 16.5 million Urum dam has been launched in Turkana to address water shortages. Communities are urged to participate in ensuring its effective use for peace and development.,Kiwanda cha Urum chenye gharama ya milioni Kshs. 16.5 kimezinduliwa Turkana ili kushughulikia upungufu wa maji. Jamii zinahimizwa kushiriki katika kuhakikisha matumizi yake bora kwa ajili ya amani na maendeleo.,Dam ya Urum ya Kshs. 16.5 million imetangazwa Turkana kugana na upungufu wa maji. Jamii zinahimizwa kushiriki kuhakikisha inatumika vyema kwa amani na maendeleo.,"Urum dam ya Kshs. 16.5 million ema yienginji e Turkana ng'ato kelo to tich mar ng'ayo. Maber mondo okawo kod wachoni e yo ng'ato marguor e weche, gi koth.",Biyaha Urum oo qiimihiisu yahay 16.5 milyan Kshs ayaa la furay Turkana si loo xalliyo dhibaatooyinka biyaha. Bulshooyinka waxaa lagu boorinayaa inay ka qeyb qaataan sidii loo xaqiijin lahaa isticmaalkeeda waxtar leh si loo gaaro nabad iyo horumar.,https://kilimonews.co.ke/agriculture-policy/kshs-16-5m-urum-dam-launched-in-turkana-to-foster-peace/,2026-07-14,scraped:Kilimo News - Policy
387,Agriculture,PSA,Farmers and agribusiness stakeholders are urged to support the implementation of the African Continental Free Trade Area (AfCFTA) for improved trade and food security.,Wakulima na wadau wa biashara ya kilimo wanahimizwa kusaidia utekelezaji wa Eneo la Biashara huru la Afrika (AfCFTA) ili kuboresha biashara na usalama wa chakula.,Abakora mirima nakiiborishe batarane bano bategere igeze miyarang'ana ya African Continental Free Trade Area (AfCFTA) buya buya inyemi nakiendeke.,Owino gi jalruok ma okonya ber e Afika ka achiel (AfCFTA) mondo ubed gi chike mag chogo gi chieng' ma nyal.,Biyaha iyo shaqaalaha beeraleyda waxaa lagu boorinayaa inay taageeraan hirgelinta Aagga Ganacsiga Xoriyadda Qaaradda Afrika (AfCFTA) si loo hagaajiyo ganacsiga iyo amniga cuntada.,https://kilimonews.co.ke/agriculture-policy/concrete-steps-needed-to-implement-policy-reforms-for-africas-free-trade-area-fao-africa-regional-representative/,2026-07-14,scraped:Kilimo News - Policy
388,Agriculture,PSA,"Kenya will continue to import fish to address an annual deficit of 350,000 metric tonnes. Stakeholders are encouraged to invest in the aquaculture value chain to boost local production.","Kenya itaendelea kuagiza samaki ili kukabiliana na upungufu wa tani 350,000 za metrik mwaka. Wadau wanahimizwa kuwekeza katika mnyororo wa thamani wa ufugaji wa samaki ili kuimarisha uzalishaji wa ndani.","Kenya ikwenda oria guchekane emokire buya 350,000 metric tonnes omokire. Abakire bano bokunyora obori naki obwaki buya oria kukisaki oria omokire.","Kenya bende nijou ng'eyo ore gichako ka orembe chuth 350,000 metric tonnes. Wuoth kata nodak e pinje makinyon gi chikeyo mar aquaculture koda omiyo wakonyo ng'eyo mar juma.","Kenya waxay sii waday in ay soo dejiso kalluun si ay u xalliso kharashka sanadkiiba ah ee gaadhaya 350,000 metric tonnes. La-taliyayaasha waxaa lagu dhiirigelinayaa in ay maal-gashadaan silsiladda qiimaha aquaculture si kor loogu qaado soo saarka gudaha.",https://kilimonews.co.ke/agriculture-policy/kenya-to-continue-importing-fish-to-fill-deficit/,2026-07-14,scraped:Kilimo News - Policy
389,Agriculture,PSA,"Bamboo is now classified as a scheduled crop under the Crop Act, offering advantages such as reduced regulatory barriers and promoting private investment in agriculture.","Bamboo sasa imeainishwa kama zao lililo katika orodha ya sheria chini ya Sheria ya Mazao, ikitoa manufaa kama vile kupunguza vizuizi vya kiserikali na kuhamasisha uwekezaji wa kibinafsi katika kilimo.","Bamboo naki isagusi mokonchori omokirima buya buya bw'Omokirima, buseke banyanirakania busege buya busekonokire buya bw'ogichaki bw'ubusongana omokirima.","Bamboo nigi chieng' mar kar kanyo ma joge kanyo, khinyo ng'ato mar wuoth kende kendo yo mwandu matin goyo lank.","Bamboo hadda waxaa loo aqoonsaday inay tahay dalag qorsheysan sida ku qoran Sharciga Dalagga, iyadoo bixineysa faa'iidooyin sida dhimista caqabadaha sharciga iyo kor u qaadista maalgashiga gaarka ah ee beeraha.",https://kilimonews.co.ke/agriculture-policy/cabinet-endorses-bamboo-as-a-scheduled-crop/,2026-07-14,scraped:Kilimo News - Policy
390,Agriculture,PSA,The County Government of Nyandarua has launched a dairy value chain strategic plan to enhance the dairy sector. Farmers are encouraged to participate and maximize production.,Serikali ya Kaunti ya Nyandarua imezindua mpango wa kimkakati wa minyororo ya thamani ya maziwa ili kuimarisha sekta ya maziwa. Wakulima wanahimizwa kushiriki na kuongeza uzalishaji.,Oboka bw'Nyandarua bwabwaki obwakire bw'ogwokogetitie bw'egirori buya buya bw'ekanyore bwanaki oboranya bw'egirori. Abagikosi batorerere goigana na buiga bw'ogwiria.,Gavana wa County ya Nyandarua okwel dhi kanyadha mar nind gi joma kanyadhagi ma nyori kanyuholi. Jochung' owuon ng'ato yichung' ka igello sigand kanyudo.,Dowladda degmada Nyandarua waxay bilowday qorshe istiraatiijiyadeed oo loogu talagalay silsiladda qiimaha caanaha si loo koriyo qeybta caanaha. Beeralayda waxaa lagu dhiirrigelinayaa inay ka qaybqaataan oo ay kordhiyaan wax soo saarka.,https://kilimonews.co.ke/agriculture-policy/nyandarua-keen-to-revamp-the-dairy-sector-in-the-county/,2026-07-14,scraped:Kilimo News - Policy
391,Agriculture,PSA,The Country Agribusiness Partnership Framework (CAP-F) has been launched to enhance agribusiness partnerships and investments in Kenya. Stakeholders are encouraged to engage with this framework for improved collaboration.,Mfuko wa Ushirikiano wa Biashara ya Kilimo Nchini (CAP-F) umeanzishwa ili kuboresha ushirikiano na uwekezaji wa biashara ya kilimo nchini Kenya. Wadau wanah encouraged kushiriki na mfuko huu kwa ajili ya ushirikiano bora.,Nakiire buya bwa Country Agribusiness Partnership Framework (CAP-F) bwakiye bushisire buya bwa agribusiness na utarimbo mu Kenya. Abakinyi baibori abere buya bwiye buya na bwaniga buya kana buya.,Acode mag Ng'wechjore gi Kichung' gi Kanyoni (CAP-F) ne okel ka okonyo nyaka en joma chalo gi buoyo mar agik. Jomoko nyal nyiri gi ng'wechjore yieng' kuom mar yieng' kanyo.,Qaab-dhismeedka Wada-shaqeynta Ganacsiga Beerta Dalka (CAP-F) ayaa la furay si loo xoojiyo iskaashiga iyo maalgashiga ganacsiga beerta ee Kenya. Hawl-wadeenada waxaa lagu boorinayaa inay la shaqeeyaan qaab-dhismeedkan si loo hagaajiyo iskaashiga.,https://kilimonews.co.ke/agriculture-policy/agribusiness-partnership-framework-launched-in-kenya/,2026-07-14,scraped:Kilimo News - Policy
392,Agriculture,PSA,"Farmers can now receive 50% of insurance premiums funded by the Government for crop losses, covering farms from ½ to 20 acres. Purchase your insurance to qualify.","Wakulima sasa wanaweza kupokea asilimia 50 ya ada za bima zinazofadhiliwa na Serikali kwa ajili ya hasara za mazao, ikifunika mashamba kutoka ekari ½ hadi 20. Nunua bima yako ili kufuzu.","Abagere baretagiye 50% ya biki ya inashoni buya bu naki ogana bw'ogorokire bwanane, bano bw'ogana ½ kugeza 20 acres. Gura inashoni yawe oregi mwene.","Owino gi 50% mar dirigida dhiye mag insurans kata govenoma gidhi chalo gi thum, maok oting' kwaya maneno. Bede insurans ni ukan duto.","Beeralaydu hadda waxay heli karaan 50% lacagta caymiska oo dowladda maalgelinayso si looga badbaado khasaaraha dalagga, iyadoo la daboolayo beero u dhexeysa ½ illaa 20 acre. Iibsato caymiskaaga si aad u noqoto mid u qalma.",https://kilimonews.co.ke/agriculture-policy/farmers-receive-kshs-117-5-million-compensation-for-crop-losses/,2026-07-14,scraped:Kilimo News - Policy
393,Agriculture,PSA,The Inter-sectoral Forum on Agrobiodiversity and Agroecology (ISFAA) is now launched to promote collaboration among stakeholders in biodiversity and agriculture. Engage with ISFAA for knowledge sharing and policy influence.,Jukwaa la Sekta Mbalimbali kuhusu Agrobiodiversiti na Agroekolojia (ISFAA) sasa limezinduliwa ili kukuza ushirikiano kati ya wadau wa biodiverse na kilimo. Jiunge na ISFAA kwa ajili ya kubadilishana maarifa na kuathiri sera.,Forum ya Inter-sectoral ku Agrobiodiversity na Agroecology (ISFAA) imeanzishwa kuimarisha ushirikiano kati ya wadau katika bioanuwai na kilimo. Jiunge na ISFAA kwa ajili ya kubadilishana maarifa na kuathiri sera.,"Inter-sectoral Forum ma Agrobiodiversity kod Agroecology (ISFAA) nyaka owyore, to yawi yiengo kanyakla mag nyiri, gi chandruok. Bende ohinga ISFAA kendo gi piny mar chanya gi ochanda.",Furaha Isku-xidhka ee Agrobiodiversity iyo Agroecology (ISFAA) waxaa hadda la furay si loo xoojiyo iskaashiga ka dhexeya daneeyayaasha ee dhirta noolaha iyo beeraha. La xiriir ISFAA si aad uga qeyb gasho wadaagidda aqoonta iyo saameynta siyaasadda.,https://kilimonews.co.ke/agriculture-policy/inter-sectoral-forum-on-agrobiodiversity-and-agroecology-launched/,2026-07-14,scraped:Kilimo News - Policy
394,Agriculture,PSA,"All tea factories managed by KTDA must comply with new tea regulations by 31st March 2021 or face penalties, including license suspension or legal charges.","Fabriki zote za chai zinazodhibitiwa na KTDA lazima zifuate kanuni mpya za chai kufikia tarehe 31 Machi 2021 au zitakabiliwa na adhabu, ikiwemo kusimamishwa kwa leseni au mashtaka ya kisheria.","Bwakire bwetegero bw'amatiki bu KTDA bwetegere nyanchani moteki bu goibori bw'aitariye bu 31st March 2021, omogori obwane tichu, omokiriga bwe mechakire bwomokugwe naki tichu omokiriga.","Factory zose konyo gi KTDA nyalo poga nyal rapar piny kaka chiegni mag tei kendo nyalo chalo ruk gima 31 March 2021, wanda to anyalo konyo nyamre, ka inyalo chako tuwore, kata dik kendo.","Dhammaan warshadaha shaaha ee maamula KTDA waa inay u hoggaansamaan xeerarka cusub ee shaaha ka hor 31ka Maarso 2021 ama waxay wajihi doonaan ciqaabo, oo ay ku jiraan joojinta rukhsadda ama dacwado sharciga ah.",https://kilimonews.co.ke/agriculture-policy/comply-or-face-the-music-munya-warns-on-tea-regulations/,2026-07-14,scraped:Kilimo News - Policy
395,Agriculture,PSA,"The newly inaugurated Warehouse Receipt System Council will oversee the Warehouse Receipt System in Kenya, starting with coffee, tea, rice, beans, green grams, and wheat.","Baraza jipya la Usimamizi wa Risiti za Maghala litakuwa na jukumu la kusimamia Mfumo wa Risiti za Maghala nchini Kenya, kuanzia na kahawa, chai, mchele, maharagwe, mbaazi, na ngano.","Ekiroto egwaki omokinyia Obwanikia bw'ekiriba ogwe ogwang'ania obwana bw'ekiriba mu Kenya, ekereraki naki omokare, emet, emigori, etag'oti, emakenia, na emetenge.","Wang'ni erk kendo Warehouse Receipt System Council otimre Warehouse Receipt System e Kenya, manok gi kony o odundo, chai, wiri, boro, sirkoy, nik wiri.","Guddiga Nidaamka Qabashada Bakhaarada ee cusub ayaa maamuli doona Nidaamka Qabashada Bakhaarada ee Kenya, iyadoo lagu bilaabayo kafee, shaah, bariis, digir, beed cagaaran, iyo garoon.",https://kilimonews.co.ke/agriculture-policy/warehouse-receipt-system-council-inaugurated-by-agriculture-cs-peter-munya/,2026-07-14,scraped:Kilimo News - Policy
396,Agriculture,PSA,Farmers are advised to maintain vigilance as the threat of desert locust re-infestation persists. Monitor for any signs of locust activity and report sightings immediately.,Wakulima wanashauriwa kuwa makini kwani hatari ya kutokea tena kwa nzige wa jangwa inaendelea. Fuatalia dalili zozote za shughuli za nzige na ripoti kutokea mara moja.,"Abagere batarire bategane, omokyendi buya bwa koro orokai buya bwake bosi. Bonyekere ebiitiko bye orokai omogaka na bonyekere abanyabosi nyanya.","Abako gich marach kwayo piny ni joma jaluok nono kaye. Piny marach, ginen, kendo rwak nyigoro.",Beeraleyda waxaa lagu talinayaa inay feejignaadaan maadaama khatarta weerarada cawiyaha duurka ay weli jirto. Kormeer calaamadaha cawiyaha iyo warbixinta dhacdooyinka isla markiiba.,https://kilimonews.co.ke/agriculture-policy/kenya-beats-back-desert-locust-upsurge-for-now-but-east-africa-remains-at-risk/,2026-07-14,scraped:Kilimo News - Policy
397,Agriculture,PSA,"Due to the effects of Covid-19, farmers are encouraged to focus on drought-resistant crops like sorghum and millet for better resilience in production.","Kwa sababu ya athari za Covid-19, wakulima wanashauriwa kuzingatia mazao yanayostahimili ukame kama ulezi na mtama ili kuboresha ustahimilivu katika uzalishaji.","Maki naki Covid-19, abashori bakiende buya bosi omokang'ogori akorori bwasembe ore soko na masabo omoshere buya oigori buya mu kengesia.","Ma okinyi kuom Covid-19, wanyalo en to gin konyo kuom mich kanyakla, kuom neno tinde machon somo kamoro, kochung' gi mbidi.","Dhibaatada Covid-19 awgeed, beeralayda waxaa lagu dhiirrigelinayaa inay diirada saaraan dalagyada adkeysiga abaaraha sida sorghum iyo maraq si wax soo saarkooda u noqdo mid adkeysi leh.",https://kilimonews.co.ke/agriculture-policy/here-is-the-state-of-agriculture-in-the-counties-cog-chairman-governor-oparanya/,2026-07-14,scraped:Kilimo News - Policy
398,Agriculture,PSA,Invest in basic infrastructure to enhance employment opportunities for rural youth. Ensure access to all-weather roads and food markets to support inclusive economic growth.,Wekeza katika miundombinu ya msingi ili kuboresha fursa za ajira kwa vijana wa vijijini. Hakikisha upatikanaji wa barabara za msimu wote na masoko ya chakula ili kusaidia ukuaji wa kiuchumi jumuishi.,"Ekiteganye omogori naki omokirori motendere buya, ore bumachenge bwaki bwaki buya omogosi bwakwomana. Naki obwakire obwakongo buya mu naki omokirori ogwakana naki bukweli buya bwaki bwenyaki bwaki bwaki.",Nyakanyani kanisa duto kuom niwot nidi gi chako manono kendo golo chajo mar vijana e wethe. Wachung' gi tich mara duto to tho ni joma inyal gima gi dhano.,Maal geliin kaabayaasha aasaasiga ah si aad u kordhiso fursadaha shaqo ee dhallinyarada tuulooyinka. Hubi in la helo waddooyin sugan iyo suuqyada cunto si loo taageero koritaanka dhaqaale ee wadajirka ah.,https://kilimonews.co.ke/general-news/basic-infrastructure-key-to-increased-employment-for-rural-youth-in-senegal/,2026-07-14,scraped:Kilimo News - Policy
399,Agriculture,PSA,Farmers in Northern Uganda can access the newly opened Regional Agricultural Mechanization Center in Agwata for irrigation and tractor maintenance services.,Wakulima katika Kaskazini mwa Uganda wanaweza kupata huduma za umwagiliaji na matengenezo ya trekta katika Kituo cha Mifumo ya Kilimo ya Kanda kilichofunguliwa hivi karibuni huko Agwata.,Abamwe bakiigori buria ba Norther Uganda baria batarangwa Nyang'anya ya Mipango ya Kiboko kuri Agwata eri buyaora bwakiri omagano bwakire na thibori mosi.,Odhiambo mag Odhiambo Uganda nyaka golo gi Regional Agricultural Mechanization Center ka Agwata oketi kuom nyakwar gi ndege ni jiwruok.,Farmers-ka waqooyiga Uganda waxay heli karaan Xarunta Farsamaynta Beeraha ee cusub ee ka furtay Agwata si ay u helaan adeegyada waraabka iyo dayactirka tracktorada.,https://kilimonews.co.ke/agriculture-policy/uganda-building-5-regional-mechanization-centers/,2026-07-14,scraped:Kilimo News - Policy
400,Agriculture,PSA,Nakuru County is implementing a land rehabilitation program to restore degraded land and improve agricultural productivity. Farmers are encouraged to participate in soil management training and tree planting initiatives.,Kaunti ya Nakuru inatekeleza mpango wa urejeleaji wa ardhi ili kurekebisha ardhi iliyoharibika na kuboresha uzalishaji wa kilimo. Wakulima wanahimizwa kushiriki katika mafunzo ya usimamizi wa udongo na mipango ya upandaji miti.,Omoitokeri wa Nakuru naki oremoka ekiriga osibori naki oria bwakire ekiranga ne omogorori omokere. Abagikikire buya nitwaki okereri bwaki ekikiriani buya na bwaki naki ogotare ogetege.,Nakuru County ne orem maki ji miyan gi kar kanyal kendo onywola chuo chiegni. Wuongi adwaro konyo ihinya mar neno kuon sa miyo no chieng' gi piny.,Dowladda degmada Nakuru waxay hirgelinaysaa barnaamij dib u habeyn dhul si loo soo nooleeyo dhulka dhaawacmay iyo kor loogu qaado wax soo saarka beeraha. Beeraleyda waxaa laga dhiirrigelinayaa inay ka qeybgalaan tababaro maareynta carrada iyo howlaha dhirta la beero.,https://kilimonews.co.ke/agriculture-policy/land-rehabilitation-program-in-nakuru/,2026-07-14,scraped:Kilimo News - Policy
401,Agriculture,PSA,The High Court has halted the formation of the National Steering Committee on Tea Reforms; affected parties should stay updated on the ongoing legal proceedings.,Mahakama Kuu imezuia kuundwa kwa Kamati ya Kitaifa ya Kuongoza Mabadiliko ya Chai; wahusika wanapaswa kubaki na taarifa kuhusu mchakato wa kisheria unaoendelea.,Hii Ikosi ya Juu imesitisha uundaji wa Kamati ya Taifa ya Mabadiliko ya Chai; wahusika wanapaswa kubaki na habari kuhusu mchakato wa kisheria unaoendelea.,Dho Luo mokwongo gi chalo mar National Steering Committee maler kuom Tea Reforms; ji oseyudo to kodhi ok oleyo gi mamoko ma okonino.,Maxkamadda Sare ayaa joojisay dhisida Guddiga Hagida Qaranka ee Isbedelada Shaaha; dhinacyada ay arrintu khuseyso waa inay la socdaan howlgallada sharciga ee socda.,https://kilimonews.co.ke/agriculture-policy/ktda-against-the-tea-reforms-steering-committee-by-munya/,2026-07-14,scraped:Kilimo News - Policy
402,Agriculture,PSA,"Farmers in Busia County can access free BT cotton seeds and should consider intercropping with legumes to optimize land use. For more information, contact the Busia County Department of Agriculture.","Wakulima katika Kaunti ya Busia wanaweza kupata mbegu za pamba za BT bure na wanapaswa kuzingatia kupanda pamoja na legumu ili kuboresha matumizi ya ardhi. Kwa maelezo zaidi, wasiliana na Wizara ya Kilimo ya Kaunti ya Busia.","Abakibori bwi Busia County bwaki omokiriri omotare ogw'inyanya BT na baki nibokire okwegeria na abarakire banga bataru bware okonchengera boko bwi butonde. Bwaki omokiriri oyaki, kontakti Busia County Department of Agriculture.","Okwong' gi piny Busia nolweny mbich BT cotton kendo bende ginyal konyo mang'oya gi legumes kendo konyo mabor. Ka in gi wuon, itiyo kanyoko Busia County Department of Agriculture.","Beeralayda gobolka Busia waxay heli karaan abuur BT ah oo lacag la'aan ah, waxaana jirta fursad ah inay isku beeraan digir si ay uga faa'iidaystaan dhulka. Macluumaad dheeraad ah, la xiriir Waaxda Beeraha ee gobolka Busia.",https://kilimonews.co.ke/agriculture-policy/bt-cotton-trial-in-the-country-looks-promising/,2026-07-14,scraped:Kilimo News - Policy
403,Agriculture,PSA,Farmers and food traders are urged to comply with municipal licensing and regulations to ensure food safety. This is vital to protect public health and sustain urban food security.,Wakulima na wafanyabiashara wa chakula wanahimizwa kuzingatia leseni za manispaa na kanuni ili kuhakikisha usalama wa chakula. Hii ni muhimu kwa kulinda afya ya umma na kudumisha usalama wa chakula mijini.,Abagere na abachakanje bagenyeriwe kutenda naki naki ya umuji na mirongo ya kwehuka emooko ya biki toshone bosorori. Iki ni kilamaki bwakugenda kw’ogenda omokiri naki bwachiri omorori.,Gik mang’ere gi wacho ma farmers kod food traders nyalo kamano kanyien ketho ahinya ka konyo goyo mar duto. Nyasaye mago piny to golo e saful.,Beeraleyda iyo ganacsatada cuntooyinka waxaa lagu boorinayaa inay raacaan shuruucda iyo liisanka degmada si loo hubiyo badbaadada cuntada. Tani waa muhiim si loo ilaaliyo caafimaadka dadweynaha iyo in la taageero amniga cuntada magaalooyinka.,https://kilimonews.co.ke/agriculture-policy/unsafe-food-africas-silent-killer/,2026-07-14,scraped:Kilimo News - Policy
404,Agriculture,PSA,The government has approved the leasing of five state-owned sugar factories for at least 20 years to revitalize the sugar sector. Interested parties should prepare for engagement under the new leasing model.,Serikali imeidhinisha upangaji wa viwanda vitano vya sukari miliki ya serikali kwa kipindi cha angalau miaka 20 ili kuhuisha sekta ya sukari. Wahusika wenye nia wanapaswa kujiandaa kwa ushirikiano chini ya mfano mpya wa upangaji.,Abagere ba serikali baiti mwaki bwakagore eng'eni shia masika ogendene mirima mitano ya uki mkubwa mu bwakire bwaki bwakabere buya buya omokoro. Abaki bakenye bahenyo bavyake busome busemo bwaki buya buya.,Gavumenti eyo owang' gi leasing mag kendo ng'ato kata 20 mwaka to naki jowi. Kiping' timbe mag jowi odugogo kendo ng'ato nyaka omiyo iweyo podo mar leasing modok.,Dowladdu waxay oggolaatay in la kireeyo shan warshadood oo sonkor ah oo dowladda leedahay muddo ugu yaraan 20 sano ah si loo kor loogu qaado sektor-ka sonkorta. Qaybaha daneynaya waa inay isu diyaariyaan in ay ka qaybqaataan habka kireynta cusub.,https://kilimonews.co.ke/agriculture-policy/cabinet-approves-leasing-of-state-owned-sugar-factories/,2026-07-14,scraped:Kilimo News - Policy
405,Agriculture,PSA,"The new Finance Act zero rates VAT on maize, cassava, and wheat flour for 6 months, aiming to make unga more affordable for consumers.","Sheria mpya ya Fedha inapunguza kiwango cha VAT kwa mahindi, muwaha, na unga wa ngano kwa miezi 6, ikilenga kufanya unga iwe rahisi kupatikana kwa watumiaji.","Omokiriri omogori ogire zero rate buya VAT kirema oboka, masaka, na omokoro omotere oria 6 buya, igaki omosera ung’ato osina ogokire buya.","Finans Act nyaka zero-rate VAT e unga, cassava, kendo flour mar ng'are hekalu 6, nyaka konyo ung' e yo yien.","Sharciga Maaliyadda cusub wuxuu ka dhigayaa VAT-ta mid eber ah corn, qasac, iyo burka xirfada ah muddo 6 bilood ah, isagoo ujeedkiisu yahay in la dhimmo qiimaha uniga ee dadka isticmaala.",https://kilimonews.co.ke/agriculture-policy/relief-as-amended-bill-zero-rates-vat-on-maize-wheat/,2026-07-14,scraped:Kilimo News - Policy
406,Agriculture,PSA,"The government is supplying 781,800 seedlings, including 40,000 cocoa seedlings, to farmers in 17 counties to promote food security and crop diversification.","Serikali inatoa miche 781,800, ikiwa ni pamoja na miche 40,000 ya kakao, kwa wakulima katika kaunti 17 ili kukuza usalama wa chakula na utofauti wa mazao.","Abagere ba serikali b’ogaburia ikirembo 781,800, bikire na ikirembo 40,000 ya cocoa, buya buya bu Bwakire 17 okore buori omokiri buya bu naki abashikori.","Gavana neng'ogi 781,800 ng'oma, kuom 40,000 ng'oma ma okok, to gi jotekwa e 17 gonde kendo to nobaneno kido chiegni kendo mabo kamano.","Dowladdu waxay bixineysaa 781,800 geed dhir ah, oo ay ku jiraan 40,000 geed dhir ka mid ah, si ay u caawiso beeraleyda 17 degmo si loo xoojiyo amniga cunto iyo kala-duwanaanshaha dalagga.",https://kilimonews.co.ke/agriculture-policy/cocoa-introduced-in-kenya-as-government-supplies-various-seedlings-to-farmers/,2026-07-14,scraped:Kilimo News - Policy
407,Agriculture,PSA,The government has launched the One Million Kitchen Gardens Plan to support households in establishing kitchen gardens. Selected households will receive startup kits including seeds and a water tank.,Serikali imeanzisha Mpango wa Mabwawa ya Mboga Milioni Moja kusaidia kaya kuanzisha mabwawa ya mboga. Kaya zilizochaguliwa zitapokea vimkakati vya kuanzia ikiwemo mbegu na tanki la maji.,Egovernment igakora Omo Kegusii Chaki Bwakire kosi otigana obotigo bwaki. Obotigo bwakigani buya bwi naki bosi bwaki buya bwekere na ikiruta.,"Gavumenti yore gik ma One Million Kitchen Gardens Plan kuom piny koro dhano lokruok komi ng'ama maber. Dhano lokruok ma oyudo adier okonyo kit mar mago, ka mwakili ng'ato ne ng'ato.",Dowladdu waxay bilowday Qorshaha Hal Milyan Beero Karis ah si ay guryaha u taageerto in ay sameystaan beero karis. Guryaha la doortay ayaa heli doona qalab bilaash ah oo ay ku jiraan abuur iyo haanta biyaha.,https://kilimonews.co.ke/agriculture-policy/one-million-kitchen-gardens-plan-launched/,2026-07-14,scraped:Kilimo News - Policy
408,Agriculture,PSA,Aquaponics technology will be introduced in 35 counties to promote food security and nutrition. Farmers in these counties can anticipate training and support from county governments and the Ministry of Agriculture.,Teknolojia ya aquaponics itazinduliwa katika kaunti 35 ili kukuza usalama wa chakula na lishe. Wakulima katika kaunti hizi wanaweza kutarajia mafunzo na msaada kutoka kwa serikali za kaunti na Wizara ya Kilimo.,Tekinolojia ya aquaponics itazungumziwa mumakao 35 kukwenda chifunguo cha chakurya na umwiru. Abagere mune makao aya bwakire buya bwakiita obokire bwokwetegana na bwiikire bwokwetanganya naki Bwaki o Mwaki.,"Teknoloji mar aquaponics en dok jaundo 35 boko, nyinge atimogi konyo chieng' na konyo nyalu. Jaluo e boko hizi an giyolo wacha kendo gik ma katieno e boko nogo konyo govana boko gi Minista wa Bondo.",Teknolojiyadda aquaponics ayaa lagu soo bandhigi doonaa 35 degmo si loo xoojiyo amniga cuntada iyo nafaqada. Beeralayda degmooyinkan waxay filan karaan tababaro iyo taageero laga helo dowladaha deegaanka iyo Wasaaradda Beeraha.,https://kilimonews.co.ke/agriculture-policy/aquaponics-to-be-rolled-out-in-35-counties/,2026-07-14,scraped:Kilimo News - Policy
409,Agriculture,PSA,The National Livestock Vaccination Program has been launched to combat animal diseases in Kenya. Farmers are encouraged to participate for the health and productivity of their livestock.,Mpango wa Kitaifa wa Kuwasha Ng'ombe umeanzishwa ili kupambana na magonjwa ya wanyama nchini Kenya. Wakulima wanahimizwa kushiriki kwa ajili ya afya na uzalishaji wa mifugo yao.,Omoikiri gwang'ona buya bwakireri bwakirete buya bwaki buya bwenyare buya bwabere na Kenya. Aboragani bakunyoria kwang'ona bopwaki bwanene bwabo.,Chik gino ma Kanyakla mag Piny oima kuom nyathi e tieko mar ng'iyo ni e Kenya ne ohering'ore. Wuodhi e kene yathne gi konyo ka ohuero nindet gi mwandg' ni kanyakla.,Barnaamijka Talaalka Xoolaha Qaranka ayaa la bilaabay si loo la dagaallamo cudurrada xoolaha ee Kenya. Beeralayda waxaa lagu dhiirigelinayaa inay ka qayb qaataan si caafimaadka iyo wax soo saarka xoolahooda loo xoojiyo.,https://kilimonews.co.ke/agriculture-policy/national-livestock-vaccination-program-launched/,2026-07-14,scraped:Kilimo News - Policy
410,Agriculture,PSA,"The WFP is providing 1,050 modern beehives to 260 farmers in 11 counties to enhance beekeeping and boost honey production. Farmers are encouraged to engage in this lucrative industry.","WFP inatoa mzinga 1,050 wa kisasa kwa wakulima 260 katika kaunti 11 ili kuimarisha ufugaji nyuki na kuongeza uzalishaji wa asali. Wakulima wanahimizwa kushiriki katika sekta hii yenye faida.","WFP ikoranye 1,050 mwaki mieri go buya b<tag>abiri</tag> 260 abaki mbega 11 buya giyaki chiyaki go gihuma na chire maabe. Abaki bageri buya boki entari naki chishuku chogoti.","WFP en gi 1,050 beehive zise to 260 manono e 11 counties, kuom golo miluok e bee keeping kendo oganda miyo nyok nyoko. Manono nyaka ng'eyo gimonye e ndalamo mane odong' mar yien.","WFP waxay siineysaa 1,050 qolof dhalaali ah 260 beeraleyda 11 gobol si loo xoojiyo beeraleyda shinnida iyo korodhka soo saarista malabka. Beeraleyda waxaa lagu dhiirrigelinayaa inay ka qeybqaataan warshadan faa'idada leh.",https://kilimonews.co.ke/agriculture-policy/wfp-boosting-bee-keeping-in-11-counties/,2026-07-14,scraped:Kilimo News - Policy
411,Agriculture,PSA,All stakeholders in the fisheries sector are urged to adopt sustainable aquaculture practices and effective fisheries management to enhance food security and increase fish production by 2030.,Wadau wote katika sekta ya uvuvi wanasisitizwa kufuata mbinu endelevu za ufugaji wa samaki na usimamizi mzuri wa uvuvi ili kuboresha usalama wa chakula na kuongeza uzalishaji wa samaki ifikapo mwaka 2030.,Abakire baki omokiri bioria bakenyaga abazire gukorera mu buryo bwokwerere bwerere omogori na buye bwomokiri buya bungi mu ng'ende buno na kumokirisia umubiri umukiri nyaki 2030.,"Ng'ato manoro onywalo e nyasi mag jopiny owadgi, wath machal mang'ongo mar wach jopiny kendo wath ang'wen e makelo, to yore ng'ato owadgi kowiyo kendo gibed gi nyasi mag lweny nyaka 2030.",Dhammaan daneeyayaasha qaybta kalluumaysiga waxaa lagu boorinayaa inay qaataan dhaqamada kalluumaysiga waara iyo maaraynta kalluumaysiga ee waxtarka leh si loo xoojiyo amniga cunada loona kordhiyo soo saarista kalluunka ilaa sanadka 2030.,https://kilimonews.co.ke/agriculture-policy/fisheries-management-works-so-its-time-to-apply-it-more-broadly/,2026-07-14,scraped:Kilimo News - Policy
412,Agriculture,PSA,Bungoma County has allocated significant resources to strengthen its agricultural sector. Farmers in the region should stay informed on upcoming opportunities and support initiatives.,Kaunti ya Bungoma imetenga rasilimali kubwa kuimarisha sekta ya kilimo. Wakulima katika eneo hili wanapaswa kuwa na habari kuhusu fursa na mikakati ya msaada inayokuja.,Ekiyaki cha Bungoma kirekuria eng'anya nyamabere buya otigana bw'abakirori. Abakirori bakiwe baria buya naki banyosoba omokirere omokiri naki bwere.,Bungoma County awachne manyien maduong' gi chakre maber gi agri. Warumba mokuongo to gi nigi kanyo e ng'ato ni genga mar nyaka.,Bungoma County waxa ay qoondeysay kheyraad badan si ay u xoojiso qeybta beeraleyda. Beeralayda deegaanka waa inay la socdaan fursadaha imanaya iyo taageerada la heli karo.,https://kilimonews.co.ke/agriculture-policy/highlights-of-budget-allocations-in-the-agriculture-sector/,2026-07-14,scraped:Kilimo News - Policy
413,Agriculture,PSA,Coffee farmers can access up to 40% advance payment through the Kshs. 3 billion Coffee Advance Revolving Fund. Sign up for guarantee forms to qualify.,Wakulima wa kahawa wanaweza kupata hadi asilimia 40 ya malipo ya awali kupitia Mfuko wa Kukuza Kahawa wa Kshs. bilioni 3. Jisajili kwa fomu za udhamini ili kuweza kufaulu.,Abagere b'ekofi bagena kubwaki gotiri guianchani 40% egesereti g'ekofi g'eri Kshs. 3 billion Coffee Advance Revolving Fund. Naki obokisi b'obwaki bw'ababere buari.,Bantu gi piny ohinga en gima 40% e piny piny maromo ma Kshs. 3 billion Coffee Advance Revolving Fund. Nyal masen gi fomu maruok kuom winjruok.,Beeraleyda qaxwaha waxay heli karaan ilaa 40% lacag horudhac ah iyada oo loo marayo Sanduuqa Kshs. 3 bilyan ee Lacagta Horudhaca Qaxwaha. Isdiiwaangeli foomamka dammaanadda si aad u xaqiijiso.,https://kilimonews.co.ke/agriculture-policy/ongoing-coffee-reforms-set-to-modernize-the-sector/,2026-07-14,scraped:Kilimo News - Policy
414,Agriculture,PSA,Farmers and agribusiness stakeholders are urged to prepare for impending food shortages as global supply chains face significant disruptions. Take action now to secure resources and plan accordingly.,Wakulima na wadau wa biashara ya kilimo wanahimizwa kujiandaa kwa upungufu wa chakula unaokaribia kutokana na matatizo makubwa katika mnyororo wa usambazaji wa kimataifa. Fanya hatua sasa ili kuhakikisha rasilimali na kupanga ipasavyo.,Abagori naki aiteka bwakire baretanire bwaninge bwanyanigwa buia mu naki noogradetere ere bwanire buya bwaki. Ekerere buya buya na bwete ogotsire agenga.,Chieng' gi ji kanyalo nono ni olokore nabed gi waduong' mar ma ok nyaloo. Wachni ng'ato to nyal neno mako gichieng' kanyo.,"Beeraleyda iyo daneeyayaasha ganacsiga beerta waxaa lagu boorinayaa inay is diyaariyaan si looga hortago gaabinta cuntada ee imanaysa, maadaama silsilladaha sahayda caalamka ay wajaheen carqalado waaweyn. Tallaabo qaado hadda si aad u xaqiijiso ilahaaga iyo inaad qorsheysato si waafaqsan.",https://kilimonews.co.ke/agriculture-policy/coronavirus-has-stress-tested-our-food-systems-and-many-are-set-to-fail/,2026-07-14,scraped:Kilimo News - Policy
415,Agriculture,PSA,"Farmers in Eastern Africa are urged to adopt resilient agricultural practices to combat the ongoing food crises, as over 27 million people face acute food insecurity in the region.","Wakulima katika Afrika Mashariki wanatakiwa kuanzisha mbinu za kilimo zenye uhimilivu ili kukabiliana na matatizo ya chakula yanayoendelea, kwani zaidi ya watu milioni 27 wanakabiliwa na ukosefu wa chakula mkubwa katika eneo hilo.","Abagabe b abakonyirie buya bensi ya Mashariki Afrika bagakore omokirori ogwenge bw’okwereka obwakana bw’ogetting'ana omokereiro, kubanga abantu 27 mirira baria bakenye kumokirori bwenyene mu duma.","Dhi nyasachgi e East Africa kuom yiwawa manok gi chayo mokuongo, sababi ni nigi 27 million ji nyaka gihuma chigni e ndalo maler.","Farmers-ka Bariga Afrika waxaa lagu boorinayaa inay qaataan hababka beeraha adkeysiga leh si ay uga hortagaan dhibaatooyinka cuntada ee socda, maadaama in ka badan 27 milyan oo qof ay la kulmaan amni darro cunto oo ba'an gobolka.",https://kilimonews.co.ke/agriculture-policy/overcoming-crises-building-resilience-the-way-to-feed-the-horn/,2026-07-14,scraped:Kilimo News - Policy
416,Agriculture,PSA,The government has launched the Shs 2.2bn Empowering Novel Agribusiness-led Employment (ENABLE Kenya) program aimed at boosting agribusiness opportunities and employment in the agriculture sector.,"Serikali imezindua programu ya ENABLE Kenya yenye thamani ya Shs 2.2bilioni, ikilenga kuongeza fursa za biashara za kilimo na ajira katika sekta ya kilimo.",Abakia bosi bwiere buya Shs 2.2bn Empowering Novel Agribusiness-led Employment (ENABLE Kenya) buya okomokere buya busechi bwiagri na obwaki bwakare mubandaki bwabaki.,"Chakruok ma gava jotend gi Shs 2.2bn Empowering Novel Agribusiness-led Employment (ENABLE Kenya) program, ma okonyi gi tich mar agribusiness kendo jopiny kuom tich mar uganga.",Dowladda waxay bilawday barnaamijka Shs 2.2bn ee Empowering Novel Agribusiness-led Employment (ENABLE Kenya) oo ujeedadiisu tahay in la xoojiyo fursadaha agribusiness iyo shaqooyinka gudaha qaybta beeraha.,https://kilimonews.co.ke/agriculture-policy/president-uhurus-economic-stimulus-package-to-the-agriculture-sector/,2026-07-14,scraped:Kilimo News - Policy
417,Agriculture,PSA,The Kenyan government will no longer buy maize or farm inputs from farmers. Farmers can now use their produce as collateral for financing from financial organizations.,Serikali ya Kenya haitanunua mahindi au vifaa vya kilimo kutoka kwa wakulima. Wakulima sasa wanaweza kutumia mazao yao kama dhamana kwa ajili ya ufadhili kutoka kwa taasisi za kifedha.,Omoigoveria wa Kenya ogenda oreka bisi na buya bwebi buya buuri babere. Babere naki bagenyanga ibisi yabo buya buana mosi omoka buya bosi.,"Government mar Kanya ok owuok kuom koth maziwa kendo ma inyuol kanyo. Inyalo, ma inyal nyiso mawuok duto mar kanyo mokelo dho finans mara in joma finans.",Dowladda Kenya ma iibsan doonto galley ama alaabta beeraha ka imaan karta. Beeralayda hadda waxay u isticmaali karaan waxsoosaarkooda sida dammaanad maaliyadeed oo ka timaadda ururada maaliyadeed.,https://kilimonews.co.ke/agriculture-policy/kenyan-government-will-no-longer-buy-maize-from-farmers/,2026-07-14,scraped:Kilimo News - Policy
418,Agriculture,PSA,"Reforms at the National Cereals & Produce Board (NCPB) have begun, focusing on improving grain storage and stabilizing food supply. Stay informed for further updates on these changes.","Mabadiliko katika Bodi ya Nafaka na Mazao ya Taifa (NCPB) yameanza, yakilenga kuboresha uhifadhi wa nafaka na kutuliza usambazaji wa chakula. Tufuate ili kupata habari zaidi kuhusu mabadiliko haya.","Ogotore chere misiere ku National Cereals & Produce Board (NCPB) naki, ore emogenda gochendi kubwakire bugori buche na ogotende bwire bwokinyaki. Naki oria kosi omokireri busego bwaki.","Reform mar NCPB en tich, ma otere kuom nyaka ng'eyo chodo kendo ohero kanyano food. Nia bende yudo tich mar yore yore ang'ere koni.","Isbeddelada Golaha Qaranka ee Faaruqa (NCPB) ayaa bilaabmay, iyadoo diiradda la saarayo hagaajinta keydinta miraha iyo xasilinta sahayda cuntada. La soco wixii warar dheeraad ah oo ku saabsan isbeddeladan.",https://kilimonews.co.ke/agriculture-policy/munya-starts-national-cereals-produce-board-reforms/,2026-07-14,scraped:Kilimo News - Policy
419,Agriculture,PSA,The Ministry of Agriculture will provide seedlings to farmers during the October to December rains. Farmers are encouraged to participate for improved crop production.,Waziri wa Kilimo atatoa miche kwa wakulima wakati wa mvua za Oktoba hadi Desemba. Wakulima wanahimizwa kushiriki ili kuboresha uzalishaji wa mazao.,Ababiri ba Buhinga bateganire abakerere bataria baabere ibikere bakanana mu mosi wa Okutoba kosi Okudonga. Abakerere barakwiriwe gose ge nyang'anya babere ibikere bataria bataro moshengo.,Ministiri mar Sibuol en owere kanyo ng'ato konyuok e ng'ama kuom jano okoth tooro. Jano oketh e yo owuon kuom kanyo makwongo.,Wasaaradda Beeraha ayaa beeraleyda siin doonta abuurka inta lagu jiro roobabka Oktoobar illaa Diseembar. Beeraleyda waxaa lagu dhiirrigelinayaa inay ka qeyb qaataan si kor loogu qaado soo saarista dalagga.,https://kilimonews.co.ke/agriculture-policy/agriculture-ministry-to-give-farmers-seedlings-to-help-them-face-challenges/,2026-07-14,scraped:Kilimo News - Policy
420,Agriculture,PSA,"Farmers in Uasin Gishu, Elgeyo Marakwet, Bomet, Nyandarua, Nyeri, and Taita Taveta can access 25 tons of free potato basic seed to produce certified seed.","Wakulima katika Uasin Gishu, Elgeyo Marakwet, Bomet, Nyandarua, Nyeri, na Taita Taveta wanaweza kupata tani 25 za mbegu za viazi bure ili kuzalisha mbegu zilizothibitishwa.","Abagibori baki Uasin Gishu, Elgeyo Marakwet, Bomet, Nyandarua, Nyeri, na Taita Taveta baigana 25 tons ya mwaki buya bwa bichi bubere buya mwaki bwose ogotenda mwaki ogokeyi.","Chik kamo i Uasin Gishu, Elgeyo Marakwet, Bomet, Nyandarua, Nyeri, kod Taita Taveta ochung' 25 ton mar sande mag joma tugo to en buo podo.","Beeraleyda ku sugan Uasin Gishu, Elgeyo Marakwet, Bomet, Nyandarua, Nyeri, iyo Taita Taveta waxay heli karaan 25 tan oo abuurka basal ah oo bilaash ah si ay u soo saaraan abuur la sertifiyey.",https://kilimonews.co.ke/agriculture-policy/counties-receive-potato-basic-seed-to-produce-certified-seeds/,2026-07-14,scraped:Kilimo News - Policy
421,Agriculture,PSA,Seeds are essential commodities; unrestricted movement across borders is critical to prevent food insecurity. Stakeholders must advocate for this change immediately.,Mbegu ni bidhaa muhimu; usafirishaji bila vizuizi kati ya mipaka ni muhimu ili kuzuia ukosefu wa usalama wa chakula. Wadau lazima wasisitize mabadiliko haya mara moja.,Ekiya naki omogendekere; obori bwaki buya buya bwokiga oria bwang'ere ogokwakire. Abanyaki bende naki bware oborere ogikiri.,"Maduong' gi ng'ato ma ok nyalo githor, kuom joma owang' nyalore gi kachieng' kuom kony dook. Jotegno chike nyaka jomakore duto nolandach dhano.",ABUURKA waa alaab muhiim ah; dhaqdhaqaaqa xor ah ee xuduudaha waa shardi muhiim ah si loo hortago amni darro cunto. Ka qaybgalayaasha waa in ay si degdeg ah u doortaan isbeddelkan.,https://kilimonews.co.ke/agriculture-policy/restrictions-on-cross-border-movement-affecting-seed-supply-chain-comesa/,2026-07-14,scraped:Kilimo News - Policy
422,Agriculture,PSA,"Farmers are urged to review the proposed Crops (Tea Industry) Regulations 2020, which may negatively impact earnings and increase bureaucracy. Take action by voicing concerns before implementation.","Wakulima wanahimizwa kuangalia kanuni zilizopendekezwa za Mazao (Sekta ya Chai) za mwaka 2020, ambazo zinaweza kuathiri mapato na kuongeza urasimu. Chukua hatua kwa kutoa maoni kabla ya utekelezaji.","Abarakire bakiere omotare ogenda taanya kihariri cha Beeto (Tea Industry) 2020, ekibaki ekiberebuora bwerende buya na bingi bwaki. Naki omokirwe mwakire kinyang'ani buya.","Agrikutu ne okwayi to abiro piny gi Crops (Tea Industry) Regulations 2020, ma en kod joma ok lowo kamano ma ok inyalo nyal gi dhok. Piny gi konyruok ma orengo odiechiene gi dhum.","Beeralayda waxaa lagu boorinayaa inay dib u eegaan sharciga cusub ee Crops (Tea Industry) Regulations 2020, kaasoo saameyn xun ku yeelan kara dakhliga iyo kordhin kara xeerarka. Qaado talaabo adigoo cabiraya walaac ka hor hirgelinta.",https://kilimonews.co.ke/agriculture-policy/proposed-tea-regulations-will-strangle-farmers-ktda/,2026-07-14,scraped:Kilimo News - Policy
423,Agriculture,PSA,Farmers will not be able to sell maize directly to the government as the National Cereals and Produce Board shifts to a trading model. Needy individuals will receive cash transfers to purchase food.,Wakulima hawataweza kuuza mahindi moja kwa moja serikali kwani Bodi ya Nafaka na Mazao inahamia kwenye mfumo wa biashara. Watu wenye uhitaji watapata fedha za kusaidia kununua chakula.,Abakire b'ihinda ntibokang'ana kugura omukwe n'amaizi omokanya abashibori b'efoneri ya National Cereals and Produce Board ikainyongera okorwakonya. Abantu abashindanye bazokiraka asomoge okogura emeno.,Dala magi to kata kachieng’ kuom gonyo maiz kendo kanyo ni National Cereals and Produce Board ochiwo nyasach. Miyo gima owuon marach nying’ kuom ndiri kuonde kanyo chak.,Beeraleydu ma awoodi doonaan inay si toos ah u iibiyaan sariirta dowladda maadaama Golaha Qaranka ee Khudaarta iyo Wax-soo-saarka uu u beddelayo habka ganacsiga. Dadka danyarta ah waxay heli doonaan lacag si ay u iibsadaan cunto.,https://kilimonews.co.ke/agriculture-policy/kenya-has-enough-food-despite-covid-19-pandemic-munya/,2026-07-14,scraped:Kilimo News - Policy
424,Agriculture,PSA,"The revised draft of tea regulations has been launched, proposing a complete overhaul of the Kenya Tea Development Authority (KTDA). All stakeholders in the tea sector should stay informed for upcoming changes.","Rasimu iliyorekebishwa ya kanuni za chai imezinduliwa, ikitoa mapendekezo ya mabadiliko makubwa katika Mamlaka ya Maendeleo ya Chai Kenya (KTDA). Wadau wote katika sekta ya chai wanapaswa kubaki informed kuhusu mabadiliko yajayo.","Ekitabu chong'ega ekekorendo kosi ya masara kiugo chabwataka, ng'enda ebikire ekokorere otagari ya Kenya Tea Development Authority (KTDA). Abaki baiso b'ekibung'ano bamasara baagane omokere obwakabori obwakiri.","Okwong' go nyalo gi tetet mag tea omiya, kendo en nyalo ng'wonowa Kenya Tea Development Authority (KTDA). Kachielo bende duto gi tea nyaka nigi gimoro yore.","Qorshaha dib loo eegay ee xeerarka shaaha ayaa la soo bandhigay, oo soo jeedinaya in gebi ahaanba dib loo qaabeeyo Maamulka Horumarinta Shaaha ee Kenya (KTDA). Dhamaan dadka ku lugta leh qaybta shaaha waa in ay la socodsiiyaan isbedelada soo socda.",https://kilimonews.co.ke/agriculture-policy/munya-ktda-abused-its-market-power/,2026-07-14,scraped:Kilimo News - Policy
425,Agriculture,PSA,The Ministry of Agriculture invites feedback on proposed tea sector reforms for 14 days. Submit written memorandums via the Ministry's and AFA's websites or call the provided hotline for clarifications.,Wizara ya Kilimo inakaribisha maoni juu ya marekebisho yanayopendekezwa katika sekta ya chai kwa siku 14. Tuma maandiko yako kupitia tovuti za Wizara na AFA au piga simu kwenye nambari ya habari iliyotolewa kwa ufafanuzi.,"Ombare iwuori ya buya bw'egere omokirigana ekegusii buya bwanyoni bw'ubwekiri bw'ekegere ng'ogenda 14. Kakiokwa omokuru bw'erebire omororani mw'ikosi ya Ministry na AFA, kana buya bw'endere oishure ogendako.","Ministri mo Ogingenya nigi ng'ato konyo gi weche maler e ndal kendo gweng' tich mabor ma odir ng'ato. Nyisgi weche e yat mar Ministri kendo AFA, kaka joo e tetele buok mar ng'ato.",Wasaaradda Beeraha waxay kugu martiqaadaysaa inaad soo dirto fikradaha ku aaddan isbeddelada la soo jeediyay ee qaybta shaaha muddo 14 maalmood ah. Fadlan qoraaladaada ku soo dir website-yada Wasaaradda iyo AFA ama wac khadka tooska ah ee la bixiyay si aad u hesho faahfaahin dheeraad ah.,https://kilimonews.co.ke/agriculture-policy/agriculture-cs-outlines-proposed-tea-sector-reforms/,2026-07-14,scraped:Kilimo News - Policy
426,Agriculture,PSA,Rwandan farmers and agricultural stakeholders are advised to enhance their desert locust preparedness following recent training from FAO. Stay informed on control operations and preventive measures.,Wakulima na wadau wa kilimo nchini Rwanda wanashauriwa kuboresha maandalizi yao dhidi ya nzige wa jangwa kufuatia mafunzo ya hivi karibuni kutoka FAO. Jiandikishe kuwa na taarifa kuhusu operesheni za kudhibiti na hatua za kujikinga.,Abasori b’umuheto bw’Urwanda na abashamiri b’ihinga baragirwa inama yo kongerera ubushobozi bwabo ku byerekeye igikoko gikenyerwa mu masaka nyuma yo gutozwa vuba aha na FAO. Mumenye amakuru ku bikorwa byo kugenzura no ku ngamba zo kubikumira.,Mabera marwaki Rwandan gi jomabera marwamba pe wang’ni ng’ato en tore ka okeloka mar locust nyakok. Iwechokore gi chalo chakwero mar konyo mag chon e yamo.,Farmarada Ruwanda iyo daneeyayaasha beerta waxaa la talinayaa inay xoojiyaan diyaar-garowgooda ka dhanka ah caarada badda kadib tababaradii ugu dambeeyey ee ka dhacay FAO. La soco howlgallada xakamaynta iyo tallaabooyinka ka hortagga.,https://kilimonews.co.ke/agriculture-policy/fao-boosts-rwandas-preparedness-for-a-potential-desert-locust-invasion/,2026-07-14,scraped:Kilimo News - Policy
427,Agriculture,PSA,The Ministry of Agriculture has developed guidelines to support the food supply chain during the COVID-19 pandemic. All stakeholders must adhere to these protocols for stability in food availability and accessibility.,Wizara ya Kilimo imeandaa mwongozo kusaidia mnyororo wa usambazaji wa chakula wakati wa janga la COVID-19. Washiriki wote wanapaswa kufuata itifaki hizi ili kuhakikisha upatikanaji na upatikaaji wa chakula.,Gakeri ka Makiagano kabe kire nakiore buya buya bwaki nyaki omogenda bwo COVID-19. Abatindi batagwe bose batarorane buya bwaki bure ke nakiore buya buya bwaki bwatwaki nakiibaritie.,Ministry of Agriculture ong'eyo duong'ni mokwongo ma en katego kuom rembo mar chak le nyaka COVID-19. Wakati wanyiseno ang'ato gima itimrech kamano kendo idhi nyaka joma oher kuom chak.,Wasaaradda Beeraha waxay soo saartay hageyaal si ay u taageeraan silsiladda sahayda cuntada xiliga dillaaca COVID-19. Dhamaan daneeyayaasha waa in ay raacaan habraacyadan si loo hubiyo joogteynta iyo helitaanka cuntada.,https://kilimonews.co.ke/agriculture-policy/agriculture-ministry-proposes-guidelines-to-ensure-stability-in-the-food-supply-chain-during-covid-19-pandemic/,2026-07-14,scraped:Kilimo News - Policy
428,Agriculture,PSA,"Food supply is stable in Kenya. Farmers are advised to continue operations without panic buying, as transport of farm produce is unrestricted.","Usambazaji wa chakula uko thabiti nchini Kenya. Wakulima wanashauriwa kuendelea na shughuli zao bila kununua kwa hofu, kwani usafirishaji wa mazao ya kilimo haujakataliwa.","Omosera omokirania omogori mwong'ori. Abakire banekere bakorere buya bakirokore buya, naki naki bosi bakore omogori bataruhanywa.","Chik mag piny nyalo gima timo e Kenya. Abor ni jaluo bedo kanyogi. Kanyo ng'ato nyaka koda, ni konyore konyo nyaluok e yo.","Sida sahayda cuntadu ugu jirto xasilooni Kenya. Beeraleyda waxaa lagu talinayaa inay sii wadaan hawlahooda iyada oo aan la argagaxin, maadaama gaadiidka wax soo saarka beerta aanu xadidneyn.",https://kilimonews.co.ke/agriculture-policy/munya-assures-of-enough-food-and-unrestricted-farm-produce-transport/,2026-07-14,scraped:Kilimo News - Policy
429,Agriculture,PSA,Farmers and agribusiness stakeholders are urged to ensure food supply chains remain uninterrupted during the COVID-19 pandemic to prevent potential food shortages.,Wakulima na wadau wa biashara ya kilimo wanashauriwa kuhakikisha mnyororo wa usambazaji chakula unabaki kuwa wa kawaida wakati wa janga la COVID-19 ili kuzuia uhaba wa chakula.,Abagikire na abashandi b'ubuhinzi batarabire omokirigori ogwakire ekiraka ch'amatongo bw'egori bwogokire omong'enda bwayaki na bwasibori bwokira obongera omogori oria oboragire.,Wagwenga okunya gi wanjo mar kanyag' eno gi timo maber ni chiro mar chak malo gichung' e golo COVID-19 manok nin gi chayo malong'.,Beeralayda iyo daneeyayaasha ganacsiga waraabka waxaa lagu boorinayaa inay hubiyaan in silsiladaha sahayda cunto ay joogto ahaan u wada soconaan inta lagu jiro cudurka COVID-19 si looga hortago suurtagalnimada yaraanshaha cunto.,https://kilimonews.co.ke/agriculture-policy/covid-19-let-food-flow-freely/,2026-07-14,scraped:Kilimo News - Policy
430,Agriculture,PSA,Farmers are urged to report any counterfeit or adulterated agro-inputs to local authorities to support Uganda's initiative in eliminating these harmful products.,Wakulima wanahimizwa kuripoti bidhaa za kilimo zilizokandamizwa au zilizochanganywa kwa mamlaka za eneo ili kusaidia mpango wa Uganda wa kuondoa bidhaa hizi hatari.,Abakore bakenye konyorere bosi bokire bwakinyaki obwakwetebere osibori okwako basaboti buya buya.,"Onyalo kuom farmer ji, nigi to report ni onyalo chalo ma adhi nyaka gige ma ochung' to local authorities, ng'ama to support initiative mar Uganda kuom winjruok ji ma oserre gi.",Beeraleyda waxaa lagu boorinayaa inay soo sheegaan wax kasta oo ah agab beereed been-abuur ah ama lacag-la'aan ah maamulka deegaanka si ay u taageeraan hindisaha Uganda ee ka saarista alaabtan waxyeellada leh.,https://kilimonews.co.ke/agriculture-policy/uganda-moves-to-eliminate-counterfeit-and-adulterated-agro-inputs/,2026-07-14,scraped:Kilimo News - Policy
431,Agriculture,PSA,Farmers in northern Uganda should remain vigilant as Desert Locust nymphs are hatching and may threaten food security. Report any sightings to local authorities immediately.,Wakulima kaskazini mwa Uganda wanapaswa kuwa makini kwani konokono wa Jangwa wanataga mayai na wanaweza hatarisha usalama wa chakula. Ripoti yoyote ya kuona konokono hizo kwa mamlaka za eneo mara moja.,"Abagere mu uganda bw'ekimanani bakwenda gukinyiria kwani abunyungi b'ekihango bonyaka, na bwokwangana okubonekeria omogotero. Kiteire ebirande oromi kirebwe kuhenda abateberere b'ewangware.",Oganda gi ng'ato marach e Uganda mabor ma nyaka kelo cing' kaka Desert Locust nyaka kare ok nyalo yope e chipo ma poti. Gikonyo kaka otum mirima kuom owad gi bura.,Beeraleyda waqooyiga Uganda waa inay feejignaadaan maadaama wiilasha qashinka saxaraha ay dhashaan oo khatar ku keenayaan amniga cuntada. Isla markiiba wax walba oo la arko u sheeg maamulka deegaanka.,https://kilimonews.co.ke/agriculture-policy/locust-invasion-report-in-uganda/,2026-07-14,scraped:Kilimo News - Policy
432,Agriculture,PSA,"Farmers in Konyu and Karima wards, Nyeri County, can now register for e-voucher input subsidies; enumerators are being recruited for this initiative.","Wakulima katika kata za Konyu na Karima, Kaunti ya Nyeri, sasa wanaweza kujiandikisha kwa ajili ya ruzuku ya pembejeo za e-voucher; wapangaji wanaajiriwa kwa ajili ya mpango huu.","Abagere baki Konyu na Karima, Nyeri, bosi bakenye kuenda kwandika ku e-voucher input subsidies; abarekere baki bwaki bwoya.","Kaginda ku Konyu kod Karima, Nyeri County, ang'iyo chiegni ku register e-voucher input subsidies; enumerators nyaka duto nyalo konyo maok.","Beeraleyda Konyu iyo Karima, Gobolka Nyeri, hadda waxay is diiwaangelin karaan si ay u helaan qorshaha e-voucher ee taageerada agabka; qorayaasha ayaa la adeegsanayaa fursadan.",https://kilimonews.co.ke/agriculture-policy/nyeri-county-pilots-e-voucher-to-acquire-input-subsidies/,2026-07-14,scraped:Kilimo News - Policy
433,Agriculture,PSA,The Ministry of Agriculture is expanding rabies awareness and vaccination efforts to neighboring districts of Kassanda and Kyegegwa. Engage with local initiatives for vaccinations and education.,Wizara ya Kilimo inaongeza juhudi za kuhamasisha kuhusu ugonjwa wa mfipuko wa rabies na chanjo katika wilaya jirani za Kassanda na Kyegegwa. Jihusishe na mipango ya eneo la chanjo na elimu.,Obwakiongozi bwa Obukungu bwasabaki ing'eyo bw'ekirocho bwetwirire omogoti kisichibori na Kyegegwa. Naki naki mno bwanamwaki bwuche bwakohiri bw'esabaki na obwaki bw'ekirocho.,Ministry of Agriculture nyal oduogo kabila mar rabies kendo ng’eyo nyisogo ma iwinjore gi ruo mar Kassanda kod Kyegegwa. Neter na chiegni ma ok nyalo ng’eyo kod nyisog.,Wasaaradda Beeraha ayaa kordhineysa wacyigelinta iyo talaalka cudurka rabies ee degmooyinka ku xeeran Kassanda iyo Kyegegwa. La xiriir hawlaha maxalliga ah ee talaalka iyo wacyigelinta.,https://kilimonews.co.ke/agriculture-policy/increasing-awareness-about-rabies-in-uganda/,2026-07-14,scraped:Kilimo News - Policy
434,Agriculture,PSA,"Urgent humanitarian support is needed for 20,000 people facing extreme hunger in Akobo, Duk, and Ayod counties until April. Immediate action is required to address food insecurity in these areas.","Msaada wa kibinadamu wa dharura unahitajika kwa watu 20,000 wanaokabiliwa na njaa kali katika kaunti za Akobo, Duk, na Ayod hadi Aprili. Hatua za haraka zinahitajika kukabiliana na ukosefu wa chakula katika maeneo haya.","Naki omokinyani denda buya buya buya nyan 20,000 omokinyanokiyone obwa abantu bakanana omogunda mu Akobo, Duk, na Ayod buya buya buya kiongoti naki Abiri. Naki ikirigo ngutugene obwakire bw’omogunda mu naki emogenda.","Kagumo ka ngʼato ni 20,000 en gi nanga mar adhiambo mwach nyaka kendo sevgi to Akobo, Duk, kod Ayod abantu kwach. Nyasaye oritni gi piny mar ngʼato e kanyo ma okinyi e monde ni Thurwa.","Caawimo bini'aadantinimo ayaa si deg-deg ah loogu baahan yahay 20,000 qof oo wajahaya gaajo daran oo ku sugan degmooyinka Akobo, Duk, iyo Ayod ilaa bisha Abriil. Tallaabo deg-deg ah ayaa loo baahan yahay si wax looga qabto amni darro cunto oo ka jirta aagaggan.",https://kilimonews.co.ke/agriculture-policy/hunger-threatens-over-half-of-the-population-in-south-sudan/,2026-07-14,scraped:Kilimo News - Policy
435,Agriculture,PSA,Farmers in Kiambu County can access training on improved maize production techniques and early-maturing varieties through the Village-Based Advisors program.,Wakulima katika Kaunti ya Kiambu wanaweza kupata mafunzo juu ya mbinu za uzalishaji wa mahindi bora na aina zinazoiva mapema kupitia mradi wa Washauri wa Kijiji.,Abakung'ori baki Kiambu batakire oserani kuorokire osibori bwosi bwa emia andieri ebiri naki oria nyansabo buya bu ka nakinyi mu Bwaki bwa Abakung'ori bwenye.,Ng’ato ma ok nyalo ratiro chieko mar kanyo joma kwaya ma ok wayogo mag pori gi tich mar kanyo ma nyaluok chieng' e kanyakla kuom Village-Based Advisors program.,Beeraleyda ka tirsan Gobolka Kiambu waxay heli karaan tababar ku saabsan farsamooyinka wax soo saarka maize-ka ee la hagaajiyey iyo noocyada deg-degga ah iyada oo loo marayo barnaamijka Lataliyayaasha Ku Saleysan Deegaanka.,https://kilimonews.co.ke/agriculture-policy/agra-partners-with-county-to-increase-maize-production/,2026-07-14,scraped:Kilimo News - Policy
436,Agriculture,PSA,"Farmers are encouraged to adopt nutrition-sensitive agricultural practices to improve food production, income, and women's empowerment in order to tackle malnutrition in their communities.","Wakulima wanatakiwa kukubali mbinu za kilimo zinazozingatia lishe ili kuboresha uzalishaji wa chakula, kupata kipato, na kukuza uwezo wa wanawake katika kukabiliana na ushirikina katika jamii zao.","Aborori bakorere buya eng'eyo ya bikira bwebisi omokiyaki bwaki kikibori, omogogori, naki aba abwaki abateka buya bokiriba bwaki buya.","Abwaki machon e yien mar ng'ato koro wuok ji auwora kido, tinde, gi wuon joma okinyi e weche mar bura kuom to miyo ma chik e ng'wech.","Beeraleyda waxaa lagu dhiirrigelinayaa inay qaataan dhaqammo beereed oo xasaasi u ah nafaqada si ay u hagaajiyaan soo saarida cuntada, dakhliga, iyo awoodda haweenka si ay uga hortagaan nafaqo darrooyinka bulshada ay ku nool yihiin.",https://kilimonews.co.ke/agriculture-policy/zambia-working-towards-food-and-nutrition-security/,2026-07-14,scraped:Kilimo News - Policy
437,Agriculture,PSA,"Farmers in Uganda: The Ministry of Agriculture will support key commodities this season, including tea, fruits, livestock, and seeds. Engage with local agricultural offices for details on available resources.","Wakulima nchini Uganda: Wizara ya Kilimo itaunga mkono mazao muhimu msimu huu, ikiwa ni pamoja na chai, matunda, mifugo, na mbegu. Wasiliana na ofisi za kilimo za mtaa kwa maelezo kuhusu rasilimali zilizopo.","Abakiri mugo Uganda: Obwaki bw’Ekibuga busubira ekigegyegwa ky'ekitanda kyo, akang'ani, emihigo, n'ekiraga. Kwenya n'ama office ya buya mubire okorarira ku bisakaza obugororere.","Roko e Uganda: Dala me Bondo e Lwero mana nyadenda duto kendo tij no chalo, ich, nyasae, gi mbaka. Konyo okele e ofisi mar bonda mokuoro mondo ugwe mashinno.","Beeraleyda Ugaandha: Wasaaradda Beeraha waxay taageeri doontaa alaabo muhiim ah xilli ciyaareedkan, oo ay ku jiraan shaaha, khudradda, xoolaha, iyo abuurka. La xidhiidh xafiisyada beeraha ee deegaanka si aad u hesho faahfaahinta agabyada la heli karo.",https://kilimonews.co.ke/agriculture-policy/uganda-agriculture-minister-lays-out-plans-for-the-season/,2026-07-14,scraped:Kilimo News - Policy
438,Agriculture,PSA,The Kenya National Trading Corporation is buying excess rice from Kano Plains and Mwea Irrigation Schemes. Farmers are encouraged to sell their surplus to avoid post-harvest losses.,Mamlaka ya Biashara ya Taifa ya Kenya inanunua ziada ya mchele kutoka Uwanjani wa Kano na Miradi ya Umwagiliaji ya Mwea. Wakulima wanahimizwa kuuza ziada yao ili kuepuka hasara za baada ya mavuno.,Kenyatta National Trading Corporation inakiingiria omokiri omoo buya buya baga Kano Plains na Mwea Irrigation Schemes. Abakireri barekerere okuruya ibire buya bwabo ohotanga omobori bogi.,"Kenya National Trading Corporation ng'eyo kuom dhok mar rice ma opogore gi Kano Plains kod Mwea Irrigation Schemes. Jomoko nonyisna madhi gigi e piny kony omer, ng'ato okan gi’ udongo mar ohinga.",Hay'adda Ganacsiga Qaranka Soomaaliya waxay iibsaneysaa bariis dheeri ah oo ka yimaada Kano Plains iyo Mashaariicda Fiirooyinka ee Mwea. Beeralayda waxaa lagu dhiirrigelinayaa inay iibiyaan wax soo saarkooda dheeraadka ah si ay uga fogaadaan khasaaraha ka dhasha goosashada.,https://kilimonews.co.ke/agriculture-policy/we-are-buying-excess-rice-munya/,2026-07-14,scraped:Kilimo News - Policy
439,Agriculture,PSA,Smallholder tea farmers are urged to stay informed about potential changes in the Kenya Tea Development Agency as the President calls for its overhaul to enhance their welfare.,Wakulima wadogo wa chai wanahimizwa kubaki informed kuhusu mabadiliko yanayoweza kufanyika katika Chama cha Maendeleo ya Chai Kenya huku Rais akilitaka kuboreshwa ili kuongeza ustawi wao.,"Abasuri batega tea baragani bakenyanya buya bwaki mabereri omokiri, obwakire bwaki buya bwakire ogenda omotegori go Kenya Tea Development Agency omokiri we Omosheria asubati obwakire bwabo.","Ng'ato mogenyo mar tea ma bura nyaka golo chalo ma jienyo malong'o kuom Kenya Tea Development Agency, ka President ohinga gi nyisore magi ng'ato iwinjore.",Farmers-yada shaaha ee yaryar waxaa lagu boorinayaa inay la socdaan isbadallada suurtagalka ah ee Hay’adda Horumarinta Shaaha Kenya iyadoo Madaxweynaha uu codsanayo dib u habayn si kor loogu qaado dantaada.,https://kilimonews.co.ke/agriculture-policy/ktda-finally-snared-by-the-president/,2026-07-14,scraped:Kilimo News - Policy
440,Agriculture,PSA,"Farmers in Kenya are warned of an imminent locust invasion, with swarms rapidly spreading across various counties. Take immediate action to protect crops and monitor developments.","Wakulima nchini Kenya wanakumbushwa kuhusu uvamizi wa nzige unaokaribia, ambapo majeshi yanaenea haraka katika kaunti mbalimbali. Chukua hatua mara moja kulinda mazao na fuatilia maendeleo.","Abagere baki Kenya baragorani omokiri bwateke bwabaki, buki soronchi omokanya buya naki ogokoba. Berekengania ekinyora magunda na tuganyenana omokiri.","Gik mang'ere e Kenya ne wawacho maber odhiere lokust, ma okelo riwre e buera duto. Nying' nyoro otere kuom joma ogend kaluwore marach ka udhi nyuka.","Beeralayda Kenya waxaa lagu wargelinayaa inay khatar ugu jiraan duullaanka cuncunka, kooxo baaxad leh oo si dhaqso ah u faafaya gobalo kala duwan. Qaado tallaabooyin degdeg ah si aad u ilaaliso dalagyadaada islamarkaana la soco horumarka.",https://kilimonews.co.ke/agriculture-policy/locusts-may-spread-further-warns-fao/,2026-07-14,scraped:Kilimo News - Policy
441,Agriculture,PSA,The new board of the Kenya Planters Cooperative Union is operational and will manage the Coffee Cherry Advance Revolving Fund to support Kenyan coffee farmers.,Bodi mpya ya Shirikisho la Wakulima wa Kahawa Kenya imeanza kazi na itasimamia Mfuko wa Mizunguko wa Mapema wa Cherries za Kahawa kusaidia wakulima wa kahawa wa Kenya.,Omochi buya buya bw'Abagondo ba Kenya Planters Cooperative Union buina bwaki na boki mwaki buya bwa Coffee Cherry Advance Revolving Fund buya bwachikora buya bwaki boki abanyagengo.,"Board nyaka duto machielo mar Kenya Planters Cooperative Union notimo, kendo echier timbe Coffee Cherry Advance Revolving Fund mamoko oriti manono mar bwogima Kenya.",Guddiga cusub ee Kenya Planters Cooperative Union wuu howlgalaa waxaana uu maamuli doonaa Sanduuqa Wareegga Lacagta Kafeega ee Coffee Cherry Advance si uu u taageero beeralayda kafeega ee Kiinya.,https://kilimonews.co.ke/agriculture-policy/new-kpcu-board-officially-inaugurated/,2026-07-14,scraped:Kilimo News - Policy
442,Agriculture,PSA,"The Kshs. 3 Billion Cherry Advance Revolving Fund regulations have been approved. Coffee stakeholders are invited to submit written feedback by January 15, 2020.",Kanuni za Mfuko wa Mzunguko wa Cherry Advance wa Kshs. 3 Bilioni zimeidhinishwa. Wadau wa kahawa wanakaribishwa kutoa mrejeo kwa maandiko kabla ya tarehe 15 Januari 2020.,"Amakiri ya Kshs. 3 Billion Cherry Advance Revolving Fund agakirebwire. Abakongosi bacha chai baria bana ugenzi bwaki bora buya kera nyaki ya 15, 2020.","Machielo mar Kshs. 3 Billion Cherry Advance Revolving Fund ayomore. Wuonngo mar coffee inying' kuom weche magi mar anyang' kuom Janari 15, 2020.","Sharciga Koorso Ku Dhisan Kshs. 3 Bilyan ee Muruq-Maashinka ayaa la ansixiyay. Qaybaha ka shaqeeya kafee waxaa lagu martiqaaday inay soo gudbiyaan jawaab qoraal ah ilaa Janaayo 15, 2020.",https://kilimonews.co.ke/agriculture-policy/kenyan-cabinet-approves-kshs-3-billion-cherry-advance-revolving-fund-regulations-to-boost-coffee/,2026-07-14,scraped:Kilimo News - Policy
443,Agriculture,PSA,Attention youth in agriculture: Engage with FAO's Hand-in-Hand initiative to access resources and support aimed at achieving food security and Sustainable Development Goal 2.,Kumbuka vijana katika kilimo: Jihusishe na mpango wa FAO wa Hand-in-Hand ili kupata rasilimali na msaada wa kufikia usalama wa chakula na Malengo ya Maendeleo Endelevu ya 2.,Abaki bwakireri mu busekereri: Naki na Hand-in-Hand ya FAO kusa na obonori naki ne okubetere mwena oria bwaki bukireri bu busekereri bu Gonga 2.,Joka gi chon kanyamu: Wang'ni gi FAO Hand-in-Hand initiative nyaka miyo chando ka ochenjore chier kuom ber mokuoch e osiepe mang'wenne gi Sustainable Development Goal 2.,Dhalinyarada ku howlan beeraha: Ku hawlan barnaamijka Gacan-gacanta ee FAO si aad u heshaan kheyraad iyo taageero lagu gaadhayo amniga cuntada iyo Hadafka Horumarinta Waara ee 2.,https://kilimonews.co.ke/agriculture-policy/need-to-harness-youths-potential-to-end-hunger-fao/,2026-07-14,scraped:Kilimo News - Policy
444,Agriculture,PSA,"All livestock in Kenya must be registered under new proposed regulations, requiring identification devices for each animal before entering slaughterhouses.","Mifugo yote nchini Kenya inapaswa kuandikishwa chini ya kanuni mpya zinazopendekezwa, zinazoitaji vifaa vya kitambulisho kwa kila mnyama kabla ya kuingia machinjioni.","Busii bw'ose bwaki Kenya buya bwegana na mabwaki abw'ekusuma, buya bibori bware buja buya abwaki bosi bujogere buya omokariga.","Nyumba mar nyaruok e Kenya to ok oting' e giedhi gi ng'ato mag lwedo, mane odhiambo ochiko ng'ato mar nyaruok kendo ng'ato mag ieach.","Dhammaan xoolaha Kenya waa in lagu diiwaan geliyo shuruucda cusub ee la soo jeediyay, oo dalbanaya qalab aqoonsi ah xayawaanka kasta ka hor inta aanay gelin goobaha dhinacyada.",https://kilimonews.co.ke/agriculture-policy/all-livestock-in-kenya-to-be-registered-under-new-proposed-regulations/,2026-07-14,scraped:Kilimo News - Policy
445,Agriculture,PSA,"Attention farmers and agribusiness stakeholders: World food prices have risen significantly as of November, impacting costs for meat and vegetable oils. Monitor pricing trends closely to adjust strategies.","Tahadhari wakulima na wadau wa biashara ya kilimo: Bei za chakula duniani zimepanda kwa kiasi kikubwa tangu Novemba, kuathiri gharama za nyama na mafuta ya mboga. Fuata mwenendo wa bei kwa karibu ili kubadilisha mikakati.","Abagere buya na abakere buya bamenye: Abwaki bwokirori baje bwereke buya buya bwoterekingori naki, bwona buya bwaburore buchani. Naki buya bwereche buya ore na buya bwaburori.","Ng'ama nanga, chiegni magoyo gi duka: Piny neni e tich mar chakre gi nyasi pinyok nene mag piny, mane owuok chamo mar piny gi nyasi. Kanyo ng'ama chong' bura to ogendini e ng'ato to nyal ng'eyo.","Dhiirrigelin u diridda beeralayda iyo daneeyayaasha ganacsiga beeraha: Qiimaha cuntada adduunka ayaa siyaado ku baxay bishii Nofeembar, taasoo saameyn ku yeelatay kharashyada hilibka iyo saliidda khudradda. Si dhow ula soco isbeddellada qiimaha si aad u hagaajisid istaraatijiyaddaada.",https://kilimonews.co.ke/agriculture-policy/world-food-prices-jump-in-november/,2026-07-14,scraped:Kilimo News - Policy
446,Agriculture,PSA,"Countries are collaborating to enhance access to agricultural mechanization services. Farmers in Kenya, Tanzania, Ethiopia, Zambia, Ghana, and Uganda may benefit from this initiative.","Nchi zinashirikiana kuboresha upatikanaji wa huduma za mitambo ya kilimo. Wakulima nchini Kenya, Tanzania, Ethiopia, Zambia, Ghana, na Uganda wanaweza kunufaika na mpango huu.","Abananchi bataria hamwe n'ogokore bwaki bwocherekeria buya bw'ogokore. Abakuku b'ekegusii, Tanzania, Ethiopia, Zambia, Ghana, na Uganda babwogomokire bwiini.","Wuon nyaka ochiko gi ugeni kuom nyaka mar megi. Anyuola mag Kenya, Tanzania, Ethiopia, Zambia, Ghana, kod Uganda nyaka to golo e yo maruru.","Dalalka ayaa iskaashanaya si kor loogu qaado helitaanka adeegyada mashiinnada beeraha. Beeralayda Kenya, Tanzania, Itoobiya, Zambiya, Gana, iyo Ugaandha ayaa ka faa’iidaysan kara ololahan.",https://kilimonews.co.ke/agriculture-policy/countries-come-together-in-a-bid-to-increase-agricultural-mechanization-services/,2026-07-14,scraped:Kilimo News - Policy
447,Agriculture,PSA,Turkana County is implementing flood-based farming to combat food insecurity. Farmers in the area should engage with the Kakong'u project to improve agricultural productivity.,Kaunti ya Turkana inatekeleza kilimo kinachotegemea mafuriko kupambana na uhaba wa chakula. Wakulima katika eneo hilo wanapaswa kushiriki katika mradi wa Kakong'u ili kuboresha uzalishaji wa kilimo.,Naki County ya Turkana igetereki omokore burokire bukiire bwaki bwogekorera. Abakiro buibori bateganye naki omokango wa Kakong'u bokogotere ogenda bwaki.,"Turkana County nigi nyakogo joma otenge gi higa mar ji yieng' e piny. Jotwara kuom joma chenro ok nyis thuolo Kakong'u, kendo piny iwinj gima aneno.",Gobolka Turkana wuxuu hirgelinayaa beero ku tiirsan fatahaadaha si looga hortago amniga cuntada. Beeralayda deegaankan waxaa lagula talinayaa inay la shuraakoobaan mashruuca Kakong'u si loo hagaajiyo wax soo saarka beeralayda.,https://kilimonews.co.ke/agriculture-policy/turkana-county-to-use-flood-water-to-beat-food-insecurity/,2026-07-14,scraped:Kilimo News - Policy
448,Agriculture,PSA,The Ugandan Government has established milk checkpoints along major highways to ensure quality assurance for milk products. Consumers are encouraged to utilize these checkpoints for quality verification.,Serikali ya Uganda imeanzisha vituo vya ukaguzi wa maziwa kwenye barabara kuu ili kuhakikisha ubora wa bidhaa za maziwa. Watumiaji wanahimizwa kutumia vituo hivi kwa ajili ya uthibitishaji wa ubora.,Okwenendo kwa Obwenje bu Abaganga ba Uganda buoka bucheche bwaki bweng'endo bwanigana buse-bwaki buya bu emochinji. Ababere bakenchura bakenyagia bucheche buya bu kechikire omoka.,Gavana wa Uganda abiro ni kuom milik checkpoint e piny mar nyumba to ihor kanyo mwandani e milik. Waduong’ e nyiri puonj moker gi kuom in kwaya kwaya.,Dowladda Uganda waxay dhistay meelaha hubinta caanaha ee wadooyinka waaweyn si loo hubiyo tayada alaabada caanaha. Isticmaalayaasha waxaa lagu dhiirigelinayaa inay ka faa’iideystaan meelahaan si loo xaqiijiyo tayada.,https://kilimonews.co.ke/agriculture-policy/uganda-deploys-milk-checkpoints-along-major-highways/,2026-07-14,scraped:Kilimo News - Policy
449,Agriculture,PSA,"The Ministry of Agriculture, Animal Industry and Fisheries (MAAIF) is creating a National Veterinary Medicine Authority to regulate veterinary medicine in Uganda. Stakeholders are invited to participate in the ongoing engagement process.","Wizara ya Kilimo, Sekta ya Mifugo na Uvuvi inaunda Mamlaka ya Taifa ya Dawa za Mifugo ili kudhibiti dawa za mifugo nchini Uganda. Wadau wanakaribishwa kushiriki katika mchakato wa ushirikiano unaoendelea.","Ombokire ya Ageria, Oboranga bw'Akaburi n'Oburima (MAAIF) oria ore okogena Obwakanyiri bw'Enyabaki n'Oboranga bw'Enyabaki ki otorire omokima ogw'obwakanyiri bw'onyonge. Abakiri baki omokima botoshure mu omoborwaki bw'ekigunyetete.","Ministry of Agriculture, Animal Industry and Fisheries (MAAIF) oyudo kanyo National Veterinary Medicine Authority ma ok omiya veterinary medicine e Uganda. Kido gi pinje mihakalo chunyruok e yore maler.","Wasaaradda Beeraha, Warshadaha Xoolaha iyo Kaluumeysiga (MAAIF) waxay sameynaysaa Hay'adda Qaranka ee Dawooyinka Xoolaha si ay u nidaamiso daawada xoolaha ee Uganda. Waxaa la casuumayaa daneeyayaasha inay ka qaybqaataan geeddi-socodka wada-shaqeynta ee socda.",https://kilimonews.co.ke/agriculture-policy/uganda-moves-to-create-a-veterinary-medicine-authority/,2026-07-14,scraped:Kilimo News - Policy
450,Agriculture,PSA,Avocado farmers in Nyeri County are encouraged to form farmer groups to enhance sustainability and improve feedback from extension officers. Join a group today for better support!,Wakulima wa avokado katika Kaunti ya Nyeri wanahimizwa kuunda vikundi vya wakulima ili kuboresha uendelevu na kupata mrejesho mzuri kutoka kwa maafisa wa upanuzi. Jiunge na kundi leo kwa msaada bora!,Abashoki be avocado bu Nyeri baretwa bano batii bokiobori abashoki baki bengi mwaki omeria buya na obokire bwogero bu bataratagi. Gena boko boti buya!,Abari mar avocado joma nyaka Nyeri County ne gikuru kuom gima joma dhaker ma okonyruok gi chwanya mar extension. Jotie kuom grupo nandruok mar nyingi!,Beeralayda avokaadada ee ka tirsan Gobolka Nyeri waxaa lagu dhiirrigelinayaa inay sameystaan kooxo beeraley ah si ay u xoojiyaan joogteynta iyo hagaajinta jawaab celinta ka timaadda saraakiisha kordhinta. Ku biir koox maanta si aad u hesho taageero wanaagsan!,https://kilimonews.co.ke/general-news/nyeri-county-trains-avocado-farmers-extension-officers/,2026-07-14,scraped:Kilimo News - Policy
451,Agriculture,PSA,"Attention farmers and agribusiness stakeholders: The Multi-Sectoral Food Security and Nutrition Project is launching awareness competitions in 1,500 schools to promote nutrition through arts. Participate to enhance community awareness.","Tajiriba wakulima na wadau wa biashara ya kilimo: Mradi wa Usalama wa Chakula na Lishe wa Sekta nyingi unaanzisha mashindano ya uhamasishaji katika shule 1,500 ili kuhamasisha lishe kupitia sanaa. Shiriki ili kuimarisha uelewa wa jamii.","Naki omokiruma naki omocheraabaki bwakireri: Bwakiriri bwa Multi-Sectoral Food Security and Nutrition bwakiokwa omokosi buya buya mu masomo 1,500 okucheka buya bwakiriri bwokugirango buya. Osibori okokanya buya bwaki bwakianga omokiri.","Ng'ato e yo moko, dira mar jodhaki gi joma okonya: Jotieno maneno mar chiegni e komiti 1,500 kod joma chuny godo ka nyaka yo maber kuom chiegni. Ne onge ni kik me jopiny kuom chiegni mar joma.","Digniintooda beeraleyda iyo daneeyayaasha ganacsiga beeraha: Mashruuca Amniga Cuntada iyo Nafaqada ee Multi-Sectoral wuxuu furi doonaa tartamada wacyigelinta iskuulada 1,500 si kor loogu qaado nafaqada iyadoo la adeegsanayo farshaxanka. Ka qaybqaado si aad u xoojiso wacyiga bulshada.",https://kilimonews.co.ke/agriculture-policy/drive-for-improved-nutrition-to-involve-creative-arts-music-dance-and-drama-in-uganda-schools/,2026-07-14,scraped:Kilimo News - Policy
452,Agriculture,PSA,"The Horticultural Crops Directorate has closed the Hass and Fuerte avocado harvesting season from November 15 to March 15, 2020. Notify the directorate in writing within 7 days if harvesting off-season avocados.","Idara ya Mazao ya Bustani imefunga msimu wa mavuno ya avocado za Hass na Fuerte kuanzia Novemba 15 hadi Machi 15, 2020. Tajirisha idara hiyo kwa maandiko ndani ya siku 7 iwapo unakusanya avocado za msimu usiofaa.",Omisorori w'Abana b'ibikere b'eguruma atwanikire enyang'endi ya Hass na Fuerte omoganda mwa 15 Novemba naki 15 Marto 2020. Naki ibere omoganda omokiriri emokinyerete mu naki 7.,"Luanyag' Dhokruok Nyao gi Dioje mag Horticultural Crops Directorate nyal ni chweyo jii remod kuom Hass to Fuerte avocado odong' timo mag November 15 ng'ato March 15, 2020. Timo Dhokruok nigi konyo kendo bedo ni vine ka ochem avocado kuom chweyo jii.","Waaxda Xoolaha Beeraha ayaa xiray xilliga goosashada avokadooyinka Hass iyo Fuerte laga bilaabo Noofembar 15 ilaa Maarso 15, 2020. Fadlan qoraal u dir waaxda gudaheeda 7 maalmood gudahood haddii aad goosanayso avokadoo xilli ka baxsan.",https://kilimonews.co.ke/agriculture-policy/kenya-acts-on-immature-avocado-fruits/,2026-07-14,scraped:Kilimo News - Policy
453,Agriculture,PSA,"Vanilla farmers in registered farmer groups are reminded to harvest within 9 months of pollination, starting from the official harvest date of January 15, 2020, for optimal quality.","Wuunda wa vanilaa katika vikundi vya wakulima waliosajiliwa wanakumbushwa kuvuna ndani ya miezi 9 ya uchavushaji, kuanzia tarehe rasmi ya kuvuna ya Januari 15, 2020, ili kupata ubora bora.","Abakina ba vanilla baki boti buya bw’erekia a’eauka bwakore bori naki 9, bwi mioro gose buya bwanokiri bwokwongo bw’erekia bnationi bw’erekia bwamogora 15, 2020, buya bwanokiri bwokwangoya.","Bangi ang'wen gi omena ma ng'ato wachwagi to kelo koseketo pako e 9 mwakni gi wend pako ma ng'ato ruoth e January 15, 2020, moimwe koro to gi wacho kanyoni.","Siyaasiyiin vanilj ah oo ku jira kooxaha beeraleyda la diiwaangeliyay waxaa lagu xasuusinayaa inay goostaan iyadoo la raacayo 9 bilood ka dib abuurka, laga bilaabo taariikhda rasmiga ah ee goosashada 15-ka Janaayo, 2020, si loo helo tayo wanaagsan.",https://kilimonews.co.ke/agriculture-policy/uganda-releases-vanilla-sub-sector-update-for-farmers-registered-in-the-vanilla-farmer-groups/,2026-07-14,scraped:Kilimo News - Policy
454,Agriculture,PSA,"Nakuru County is promoting Climate Smart Agriculture. Farmers are encouraged to attend sensitization sessions for new technologies and practices, focusing on soil testing and weather data.","Kaunti ya Nakuru inakuza Kilimo cha Hali ya Hewa Kijali. Wakulima wanahimizwa kuhudhuria vikao vya ufahamu kuhusu teknolojia na tabia mpya, wakilenga mtihani wa udongo na data za hali ya hewa.","Nakuru County ikorereanga Omoogo buya bwa Masanja Bwaki. Abashamba barakiire omobochi boki bwaki bwogeire omokiriri, bwachire buya buki bwokoshagia omogenda na ng'anya.","Nakuru County en gi miyo Climate Smart Agriculture. Abor mg'we en dhak konyo e tich mar sensitisasi kuom teknologia kod bich, nyal oying' gi chielo kendo data mar chik.","Degmada Nakuru waxay dhiirigelinaysaa Beerta Caqliga Leh ee Cimilada. Beeraleyda waxaa lagu boorinayaa inay ka qayb qaataan kulamada wacyigelinta ee teknoolojiyada iyo dhaqamada cusub, oo diiradda la saarayo tijaabada carrada iyo macluumaadka cimilada.",https://kilimonews.co.ke/agriculture-policy/nakuru-county-keen-on-promoting-climate-smart-agriculture/,2026-07-14,scraped:Kilimo News - Policy
455,Agriculture,PSA,"Rwanda aims to eradicate food insecurity by 2025, focusing on healthy diets and inclusive food security initiatives. Stay informed about agricultural policies and practices that support this goal.","Rwanda inalenga kuondoa ukosefu wa chakulaifiki ifikapo mwaka 2025, ikizingatia lishe bora na mipango ya usalama wa chakula inayo jumuisha. Weka taarifa kuhusu sera na mbinu za kilimo zinazounga mkono lengo hili.","Rwanda ikareka oria orembieke bang'ana buya 2025, onyakireri oria buya na edare ko oria obwaki bwose. Naki omokirori buya oria obwakire baagri ikinyang'ane oria bosibegbe naki.","Rwanda ineno ka okony gi nyime mar chieng’ to 2025, ohero ka nol nyime mag nyasaye, gi okony mar chaygore. Tugo ka unyis mar bende ma okony gi nyime mag chiyu.","Rwanda waxay hiigsaneysaa in ay baabi'iso amniyaad cunnada sanadka 2025, iyadoo diiradda saareysa cunto caafimaad leh iyo barnaamijyo amni cunto oo wadajir ah. La soco siyaasadaha iyo dhaqamada beeraha ee taageeraya ujeedadan.",https://kilimonews.co.ke/agriculture-policy/rwanda-has-made-tremendous-steps-to-end-food-insecurity-mukeshimana/,2026-07-14,scraped:Kilimo News - Policy
456,Agriculture,PSA,The Committee on World Food Security (CFS) continues to promote food security and nutrition for all. All stakeholders are encouraged to participate in this multistakeholder platform.,Kamati ya Usalama wa Chakula Duniani (CFS) inaendelea kuhamasisha usalama wa chakula na lishe kwa wote. Wadau wote wanahimizwa kushiriki katika منصة hii ya wadau wengi.,Komiti ya Usalama wa Chakula Duniani (CFS) ikarokere omokere naki edugie omogenda naki okirongi bw'akiibori. Bwakire bweenyenye bora kwendete naki obokibori buno bw'ogotera.,Komiti mar Dhi Weng' Rach Dhogruok (CFS) oywete kuom dhogruok mag wana kanyo gi nyasem. Wang'ni wachung' manok ginyal nyalni ka timo uduogo ma ji gi ji e yo.,Guddiga Badbaadada Cuntada Adduunka (CFS) ayaa sii wadaya horumarinta badbaadada cuntada iyo nafaqada dhamaan. Dhamaan daneeyayaasha waxaa lagu dhiirigelinayaa in ay ka qayb qaataan madashan badan dhexdhexaadinta ah.,https://kilimonews.co.ke/agriculture-policy/fao-director-general-hails-inclusive-approach-of-committee-on-world-food-security/,2026-07-14,scraped:Kilimo News - Policy
457,Agriculture,PSA,"FAO and FMO are launching a partnership to enhance agricultural financing in Kenya, focusing on small-scale producers and SMEs. Engage with this initiative for better access to finance and management practices.","FAO na FMO wanaanzisha ushirikiano kuboresha ufadhili wa kilimo nchini Kenya, wakilenga wazalishaji wadogo na SMEs. Shiriki katika mpango huu kwa upatikanaji mzuri wa fedha na mbinu za usimamizi.","FAO naki FMO bagena bwire kumanyanania buya bwogekibori mu Kenya, busome omokere omogendi na SMEs. Naki oikire na bwire buya obwakiri na buya bwokiraki.","FAO miyo FMO nitie partnership to dhok mar kiwuon gi jowetruok maruok e Kenya, nigi kuom jowetruok noto gi SMEs. Jochung' to gik moko to oketigi kuni gi puoch mar pi konyo kod jachiek.","FAO iyo FMO ayaa bilaabayaan iskaashi si kor loogu qaado maalgelinta beeraha ee Kenya, iyadoo la diiradda saarayo soo saareyaasha yaryar iyo SMEs. Ka qayb qaado qorshahan si aad u hesho fursado fiican oo maalgelin ah iyo hababka maareynta.",https://kilimonews.co.ke/agriculture-policy/fao-and-the-netherlands-fmo-partner-to-improve-agriculture-financing-in-developing-countries/,2026-07-14,scraped:Kilimo News - Policy
458,Agriculture,PSA,FAO and the World Union of Wholesale Markets are enhancing efforts to reduce food loss and waste globally. Stakeholders in agriculture should engage with local wholesale markets to improve food distribution.,FAO na Umoja wa Soko la Jumla wanajitahidi kuboresha juhudi za kupunguza kupoteza chakula na taka duniani kote. Wadau katika sekta ya kilimo wanapaswa kushiriki na masoko ya jumla ya hapa ili kuboresha usambazaji wa chakula.,FAO na Umoja wa Dunia wa Masoko ya Wajumuishaji wanaendeleza juhudi za kupunguza upotevu wa chakula duniani. Washirika katika kilimo wanapaswa kuhusika na masoko ya wajumuishaji ya eneo lao ili kuboresha usambazaji wa chakula.,FAO kod World Union of Wholesale Markets nene kawinyo ng'ato e kanyakla mag nyasaye kendo mado. Nitieka e nyasaye to oik mar kanyakla mag nyasaye kuom udhi kanyakla.,FAO iyo Midowga Caalamiga ee Suuqyada Waraaqda waxay kordhinayaan dadaalada lagu yareynayo khasaaraha iyo qashinka cuntada adduunka. Dadka ka shaqeeya beeraha waa inay la xiriiraan suuqyada jumlada ee maxalliga ah si ay u hagaajiyaan qaybinta cuntada.,https://kilimonews.co.ke/agriculture-policy/fao-and-world-union-of-wholesale-markets-team-up-to-combat-food-loss-and-waste/,2026-07-14,scraped:Kilimo News - Policy
459,Agriculture,PSA,"Farmers in Uganda can benefit from the new nucleus farmer model, connecting them to mechanization, financing, and markets. Contact your local District Agricultural Extension Officer for more information.","Wakulima nchini Uganda wanaweza kufaidika na mfano mpya wa mkulima wa msingi, unaowaunganisha na uanzishaji wa mitambo, ufadhili, na masoko. Wasiliana na Afisa wa Mkulima wa Wilaya wako kwa maelezo zaidi.","Abagiri b'Uganda bova obogogeteng'ana munda na mooki omoka omoshokere, baburaga ku bwanjana, omosimba, na masoko. Bwakire omoshokere omonene jia bisi b'ogakire b'Abagiri buya buya.","Mawindwa mar Uganda ka dholu fwara e nindo mar nucleus, to eyo nyalo tit yudo maen, timbe, e mamilori. Kony ng'ato ma nyalo yudo kwa ng'ata magi e walosi kendo oremo jombo okwongo.","Beeralayda Uganda waxay ka faa'iidaysan karaan qaabka beeralayda cusub, oo ka dhigaya inay helaan mashiinno, maalgelin, iyo suuqyo. La xidhiidh Xafiiska Horumarinta Beeralayda degmadaada si aad u hesho macluumaad dheeri ah.",https://kilimonews.co.ke/agriculture-policy/nucleus-farmer-model-rolled-out-by-uganda-agriculture-ministry/,2026-07-14,scraped:Kilimo News - Policy
460,Agriculture,PSA,Farmers and stakeholders in the potato value chain are encouraged to familiarize themselves with the recently passed potato regulations by the National Potato Council of Kenya (NPCK).,Wakulima na wadau katika mnyororo wa thamani wa viazi wanahimizwa kujifahamu na kanuni mpya za viazi zilizopita na Baraza la Viazi la Kitaifa nchini Kenya (NPCK).,Abagikosi na abakiibori mu bumong'ere bw'abatunya bakenyaki ebire nyakira bente baria bwakiobori na aborani bwabere bu National Potato Council of Kenya (NPCK).,"Wagwok mag loyo gi nyaka mondo wachako kendo omako ruoth mar potato momiyo e nyasaye ng'ato mar potato ng'wonje, manoo National Potato Council of Kenya (NPCK).",Beeralayda iyo qaybaha danaystayaal ee silsiladda qiimaha iliga ayaa lagu dhiirigelinayaa inay isbaran sahamiyaan sharciga iliga ee cusub ee ay soo saartay Golaha Q национальная Potato ee Kenya (NPCK).,https://kilimonews.co.ke/agriculture-policy/potato-regulations-making-behind-the-scenes/,2026-07-14,scraped:Kilimo News - Policy
461,Agriculture,PSA,Tea farmers are encouraged to stay informed about fluctuating tea prices and market trends to make better farming decisions. Please monitor local updates for support and resources available.,Wakulima wa chai wanahimizwa kubaki na ufahamu kuhusu mabadiliko ya bei za chai na mwelekeo wa soko ili kufanya maamuzi bora ya kilimo. Tafadhali fuatilia taarifa za eneo lako kwa msaada na rasilimali zinazopatikana.,"Abakora tea baria mbere bamenye bwakire bw'ibihinga na bahanura bw'ekihinga, borangane bakore ibitei buno. Naki bamanye baturia buseke na yetunga ze baria mirang'ana.",Ng'ato ma koro tek tea nindo yudo orem gi ka weche mag tei e nyithindo ka oting'o yudo ng'ato ma nyalo bende ringo dhako. Wachok duma ono gi ya yie e liwoju maduong'.,Beeraleyda shaaha waxaa lagu dhiirrigelinayaa inay la socdaan isbeddelada qiimaha shaaha iyo isbeddelada suuqa si ay go'aano wanaagsan uga gaaraan beerta. Fadlan la soco wararka deegaanka si aad u hesho taageero iyo kheyraad la heli karo.,https://kilimonews.co.ke/general-news/what-is-up-in-the-tea-sector-in-kenya/,2026-07-14,scraped:Kilimo News - Policy
462,Agriculture,PSA,Agricultural Extension Service Providers in Uganda are encouraged to adopt the new Ethical Code of Conduct to enhance service delivery. Access the code here: http://agriculture.go.ug/…/Ethical-Code-of-Conduct-for-Agri…,Watoza huduma za upanuzi wa kilimo nchini Uganda wanahimizwa kuzingatia Kanuni Mpya ya Maadili ili kuboresha utoaji wa huduma. Pata kanuni hiyo hapa: http://agriculture.go.ug/…/Ethical-Code-of-Conduct-for-Agri…,Abagasi b'ekarari eUganda baravunjire kukorere ikireri nakipecha  ya buya buya kuti bwereke oboragani. Ria iteka naki: http://agriculture.go.ug/…/Ethical-Code-of-Conduct-for-Agri…,Wang'ni gi chike mar dhok mag maer e Uganda bar iwacho ng'ato konyo chike nyaka tich gi chike dako. Winj kod chike ni: http://agriculture.go.ug/…/Ethical-Code-of-Conduct-for-Agri…,Bixiyeyaasha Adeegga Koritaanka Beeraleyda ee Uganda waxaa lagu dhiirigelinayaa inay qaataan Xeerka cusub ee Anshaxa si loo hagaajiyo bixinta adeegyada. Halkan ka hel xeerka: http://agriculture.go.ug/…/Ethical-Code-of-Conduct-for-Agri…,https://kilimonews.co.ke/agriculture-policy/uganda-rolls-out-ethical-code-of-conduct-for-agricultural-extension-service-providers/,2026-07-14,scraped:Kilimo News - Policy
463,Agriculture,PSA,"The Aquaculture Business Development Programme is set to launch in 15 counties, starting with pilot projects in Nyeri, Meru, Kirinyaga, Kakamega, Homa Bay, and Migori. Engage with local agricultural offices for participation details.","Programu ya Maendeleo ya Biashara ya Ufugaji wa Samaki itazinduliwa katika kaunti 15, ikianza na miradi ya majaribio katika Nyeri, Meru, Kirinyaga, Kakamega, Homa Bay, na Migori. Wasiliana na ofisi za kilimo za mkoa wako kwa maelezo zaidi kuhusu ushiriki.","Makiaro ya Bouguo bw’amasoko ekiyeje okogokania mu nkenye 15, ikiraki buya mu nkenye za Nyeri, Meru, Kirinyaga, Kakamega, Homa Bay, na Migori. Naki naki omokore obogokania buya na migana ya abamaki b’akaranga.","Kapro gram mokuot kanyiko kuom nyaka chier 15, tich kendo ng'ama kama chakre piloti e Nyeri, Meru, Kirinyaga, Kakamega, Homa Bay, kod Migori. Wang'ni konyo e ofisi mar agik e kanyim to wacho yore.","Barnaamijka Horumarinta Ganacsiga Kaluunka wuxuu ka bilaabanayaa 15 degmo, isagoo ku bilaabanaya mashruucyo tijaabo ah oo ka dhacaya Nyeri, Meru, Kirinyaga, Kakamega, Homa Bay, iyo Migori. La xiriir xafiisyada beeraha ee deegaanka si aad u hesho faahfaahinta ka qeybgalka.",https://kilimonews.co.ke/agriculture-policy/15-counties-set-to-benefit-from-the-aquaculture-business-development-programme/,2026-07-14,scraped:Kilimo News - Policy
464,Agriculture,PSA,"The Kenyan government will construct three dams in West Pokot, Turkana, and Marsabit to address water scarcity. Counties must identify suitable sites for the dams by next week. Completion is expected by June 2020.","Serikali ya Kenya itaandika mabwawa matatu katika West Pokot, Turkana, na Marsabit ili kukabili uhaba wa maji. Kaunti zinapaswa kutafuta maeneo yafaa kwa mabwawa ifikapo wiki ijayo. Kumalizika kunatarajiwa kufanyika mwezi Juni 2020.","Abantu baki Kenyan baragire kubora ebire mbaire kusi West Pokot, Turkana, na Marsabit gutia iyo emashuga atukore omokogoti. Abantu ba kisii baigire kutikire tuondi buya bw'emashuga bwaki bakira ekiro tosari. Omogoti waki gotera by'June 2020.","Serikali ya Kenya en odiso madam thom jotend wakonyo e West Pokot, Turkana, kendo Marsabit kuom nyiso ma okel ruoth. Kauti to kod okonyo ogend joma yie ka madam no koro jiiwan. Okelo ni nyaka ne ng'ato gi June 2020.","Dowladda Kenya waxay dhisi doontaa saddex biyo-xireen oo ku yaal West Pokot, Turkana, iyo Marsabit si loo xalliyo yaraanta biyaha. Degmooyinka waa inay baadi-goobaan meelaha ku habboon ee biyo-xireennada dhismaha toddobaadka soo socda. Dhameystirka waxaa la filayaa inuu dhacdo  bishii Juun 2020.",https://kilimonews.co.ke/agriculture-policy/dams-to-ease-water-scarcity-in-pastoralist-areas/,2026-07-14,scraped:Kilimo News - Policy
465,Agriculture,PSA,"Import, export, and transit of live animals and animal products in Uganda requires authorization from the Commissioner for Animal Health. Ensure compliance with disease control guidelines.","Importation, usafirishaji, na mtiririko wa wanyama waishi na bidhaa za wanyama nchini Uganda unahitaji kibali kutoka kwa Kamishna wa Afya ya Wanyama. Hakikisha unafuata mwongozo wa kudhibiti magonjwa.","Omo ni okiria, omokiri na oria oria buya buya mwaki Uganda, ong'enda omosi omogenda bw'oshane Obwakirori buya. Osakire buya buya buya bw'okkia oria oria.","Kiporo, kanyakla, gi mowuok ma kanyakla e Uganda owuon chalo mar Commissioner for Animal Health. Golo nyalo nyise chike mang'weny.","Dhoofinta, soo dejinta, iyo marinka xoolaha nool iyo alaabooyinka xoolaha ee Ugaandha waxay u baahan yihiin ogolaansho ka timid Madaxa Caafimaadka Xoolaha. Hubi in la raaco tilmaamaha xakamaynta cudurrada.",https://kilimonews.co.ke/agriculture-policy/guidelines-for-import-export-and-transit-of-animals-and-animal-products-in-uganda/,2026-07-14,scraped:Kilimo News - Policy
466,Agriculture,PSA,The 2019 Africa Food Prize recognizes exceptional farmers and advocates for innovative and sustainable agricultural practices. Learn from winners like Dr. Emma Naluyima and Baba Dioum to enhance your farming methods.,Tuzo ya Chakula ya Afrika ya 2019 inatambua wakulima bora na wafuasi wa mbinu za kilimo za ubunifu na endelevu. Jifunze kutoka kwa washindi kama Dr. Emma Naluyima na Baba Dioum ili kuboresha mbinu zako za kilimo.,"Omosangu mwaki 2019 wa Africa, osing'ana abaki bakanisa batarera naki naki buya boka bwere na bokiriri bw'ogucha. Naki omoborere abaki bakanisa ba Dr. Emma Naluyima na Baba Dioum okogerere oria buya bw'ogucha bwemaki.","2019 Africa Food Prize n$o nyal nind gi chike mang’ich kanyal mokuongo ma nyaliek e ndalo maber. Konyo kuom kido mang’ich dhiambo ng'wechni ni Dr. Emma Naluyima gi Baba Dioum, to gichande lokere ma ok oting'ni.",Abaalmarinta Cuntada Afrika 2019 waxay aqoonsan tahay beeraleyda iyo kuwa u ololeeya hababka cusub oo waara ee beeralayda. Ka baro guuleystayaasha sida Dr. Emma Naluyima iyo Baba Dioum si aad u horumariso hababkaaga beeralayda.,https://kilimonews.co.ke/agriculture-policy/outstanding-smallholder-farmer-and-eminent-agricultural-policy-advocate-share-2019-africa-food-prize/,2026-07-14,scraped:Kilimo News - Policy
467,Agriculture,PSA,"The African Green Revolution Forum (AGRF) is taking place in Accra, Ghana from September 3-6. Farmers and agribusiness stakeholders are encouraged to engage in discussions on digital transformation in agriculture.","Mkutano wa Jihada ya Kijani wa Afrika (AGRF) unafanyika Accra, Ghana kuanzia Septemba 3-6. Wakulima na wadau wa biashara ya kilimo wanahimizwa kushiriki katika majadiliano kuhusu mabadiliko ya kidijitali katika kilimo.","Forum ya African Green Revolution (AGRF) ikorori moki naki Accra, Ghana buya September 3-6. Abagiri ba mboga na bakireri bariosagari baria ohoro kutang'ana mwene nyancha buya mwandiko mwaki.","African Green Revolution Forum (AGRF) idhi e Accra, Ghana kuyiero September 3-6. Juma ma okonyo e kendo ma nyaka bende yudo jodak e ng'eyo mar digital kuom juma.","Axdiga Horumarinta Cagaaran ee Afrika (AGRF) wuxuu ka dhacayaa Accra, Ghana laga bilaabo Sebtembar 3-6. Beeralayda iyo daneeyayaasha ganacsiga beeraha waxaa lagu dhiirigelinayaa inay ka qeybqaataan doodaha ku saabsan isbeddelka dijitaalka ah ee beeraha.",https://kilimonews.co.ke/agriculture-policy/agrf-returns-to-ghana-to-leverage-the-digital-revolution-for-an-inclusive-agricultural-transformation-in-africa/,2026-07-14,scraped:Kilimo News - Policy
468,Agriculture,PSA,Farmers in Muranga County can access a stable market for milk through 45 co-operatives and sell to Muranga County Creameries at Kshs. 35 per liter.,Wakulima katika Kaunti ya Muranga wanaweza kupata soko thabiti la maziwa kupitia vyama 45 na kuuza kwa Viwanda vya Maziwa ya Muranga kwa Kshs. 35 kwa lita.,Abashanga baki Muranga baria na ikagori oria naki bosi buya bw’aki mboka bwire 45 buya na bacha bosi buya Muranga County Creameries na Kshs. 35 per liter.,"Dhadho mar Muranga en gige ka inyuongo miliki maber kuom 45 co-operative, kendo ing'eyo ku Muranga County Creameries e Kshs. 35 kwa litre.",Farmers-ka Muranga County waxay heli karaan suuq xasilloon oo caanaha iyadoo loo marayo 45 is-kaashato iyo inay ka iibiyaan Caano-mareenada Muranga County Kshs. 35 litirkiiba.,https://kilimonews.co.ke/agriculture-policy/muranga-county-makes-a-mark-in-milk-and-avocado-production/,2026-07-14,scraped:Kilimo News - Policy
469,Agriculture,PSA,Farmers and agribusiness stakeholders are encouraged to engage in discussions and share knowledge about potato and sweet potato production for sustainable food systems.,Wakulima na washikadau wa biashara ya kilimo wanahimizwa kujihusisha katika majadiliano na kubadilishana maarifa kuhusu uzalishaji wa viazi na viazi mviringo kwa ajili ya mifumo endelevu ya chakula.,Abaragori naki abaki buya bosi omokirori boki abaki bosi naki ngoje buya buya ore bosi orokirori bwendo naki omotangari buya.,Nanga bende e waduong' gi jochunge e kendo ubiro konyo mar jogwedhi kendo jogwedhi mar pompa gi pompa marach kuom inji gi jalok mag wuonera.,Ayaa lagu dhiirigelinayaa beeralayda iyo dhinacyada ganacsiga beeraha inay ka wada hadlaan oo ay iska xog-wareystaan wax soo saarka baratuda iyo baratootiga macaan si loo sugo nidaamka cuntada waara.,https://kilimonews.co.ke/agriculture-policy/rwanda-sweet-potato-and-potato-second-and-third-crops-in-terms-of-production/,2026-07-14,scraped:Kilimo News - Policy
470,Agriculture,PSA,Eligible youth in Uganda can access opportunities under the new National Strategy for Youth Employment in Agriculture. Engage with the Ministry of Agriculture for details on participation.,Vijana wanaostahili nchini Uganda wanaweza kupata fursa chini ya Mkakati Mpya wa Kitaifa wa Ajira kwa Vijana katika Kilimo. Wasiliana na Wizara ya Kilimo kwa maelezo kuhusu ushiriki.,Abaki bateganire mu Uganda baria bakanjoka omokirigo bw'ogokora eng'anya bwarangire bu'Nyakabanda bu'Kigunda mu Bucungani. Wenda orokire Ombokiti ya Bucungani omokuboka omotembe.,Jong'wech madhi e Uganda nyalo kanyo nyura kata goyo ng'ato e ng'ato ma yudi chiegni ma Cheng' Kaka. Konyo kaka gi Ministry of Agriculture kuom mako yomok.,Dhallinyarada u qalma ee Uganda waxay heli karaan fursado hoos yimaada Istaraatiijiyadda Qaran ee Shaqaaleynta Dhallinyarada ee Beerta. La xiriir Wasaaradda Beeraha si aad u hesho faahfaahin ku saabsan ka qeybgalka.,https://kilimonews.co.ke/agriculture-policy/national-strategy-for-youth-employment-in-agriculture-in-uganda/,2026-07-14,scraped:Kilimo News - Policy
471,Agriculture,PSA,"The Agriculture Cluster Development Project (ACDP) has been expanded to 19 new districts in Uganda, enabling registered farmers to access subsidized farm inputs. Farmers must contribute 33% of the input cost.","Mradi wa Maendeleo ya Kikundi cha Kilimo (ACDP) umepanuliwa hadi katika wilaya 19 mpya nchini Uganda, ukiwezesha wakulima waliosajiliwa kupata pembejeo za kilimo zilizopunguziliwa bei. Wakulima wanapaswa kuchangia 33% ya gharama za pembejeo.","Project ya Agriculture Cluster Development (ACDP) yongerewonje mu districts 19 ogendani Uganda, ikinyora abarozi abakatigana ku getera obuhingi bwekutonga. Abarozi bakenye gupanga 33% y'iko ono.","Agriculture Cluster Development Project (ACDP) remiye ku 19 diko mar Uganda, ma en machiegni ruothi duto kuom wach veryo gi farm inputs. Ruothi nogech gi 33% mar input cost.","Mashruuca Horumarinta Klustarada Beeraha (ACDP) ayaa la ballaariyey ilaa 19 degmo cusub oo ku yaal Uganda, taasoo u oggolaaneysa beeralayda diiwaangashan inay helaan agab beeraha oo hoos loo dhigay. Beeralaydu waxay tahay inay qayb ka qaataan 33% kharashka agabka.",https://kilimonews.co.ke/agriculture-policy/agriculture-cluster-development-project-acdp-rolled-out-to-more-districts-across-uganda/,2026-07-14,scraped:Kilimo News - Policy
472,Agriculture,PSA,Farmers can now access agricultural guidance via the new Kilimo Call Centre's toll-free line. Youth groups and ICT experts are encouraged to utilize this initiative for job creation in agriculture.,Wakulima sasa wanaweza kupata mwongozo wa kilimo kupitia laini bila malipo ya Kituo cha Simu cha Kilimo. Vikundi vya vijana na wataalam wa ICT wanahimizwa kutumia mpango huu kuunda ajira katika kilimo.,Abakirori batarera korera amaki ekirugendo bw'ogetenge ekitanga kilimo Call Centre ng'otagorokire. Abagene n'amasoko eICT bategereili korera ejogorokero kegsikrigana ereri mu kilimo.,"Ng'ato maber, chieyo kanyam, owang' miyo wadh kakodegi weche duto mag Kilimo Call Centre. Wang'ni mar joduma mar youth nyalo yeng' yoregi nyaka watinda hiyo kendo wadh kakodegi k'agriculture.",Farmers-ka ayaa hadda heli kara talooyin ku saabsan beeraha iyada oo loo marayo xarunta wicitaanka Kilimo oo lacag la’aan ah. Kooxaha dhallinyarada iyo khubarada ICT waxaa lagu dhiirigelinayaa inay ka faa'iidaystaan hindisahan si ay shaqooyin uga abuuraan beeraha.,https://kilimonews.co.ke/agriculture-policy/new-youth-led-call-center-initiative-launched-by-minister-for-agriculture-animal-industry-and-fisheries/,2026-07-14,scraped:Kilimo News - Policy
473,Agriculture,PSA,"The Agricultural Sector Transformation and Growth Strategy 2019-2029 is now in effect, guiding farmers and agribusiness stakeholders to align with national agricultural policies.","Mkakati wa Mabadiliko na Ukuaji wa Sekta ya Kilimo 2019-2029 sasa umeanza kutumika, ukiongoza wakulima na wadau wa biashara za kilimo ili kuendana na sera za kilimo za kitaifa.","Omosera okenye naki okiyaki bukirori bw'ogotore naki bw'ogotere 2019-2029 buñai bwagwaki, buyaire omosera na abarandi ba buyaire bataroria hamwe na maakarani bw'ogotore bw'ogotere.","Strategi mar ginyamre e tich mamoko bang’ gino 2019-2029 ne nyalo chako, omiya wuod kanyamre kod wotieno mar ginyamre to anyalo konyo kaka bende pok owacho mag ginyamre mar Kenya.","Istaraatiijiyadda Isbedelka iyo Kordhinta Beeraha 2019-2029 ayaa hadda dhaqan gal ah, waxayna gacan qabataa beeraleyda iyo daneeyayaasha ganacsiga beeraha si ay ula jaanqaadaan siyaasadaha qaranka ee beeraha.",https://kilimonews.co.ke/agriculture-policy/latest-agriculture-strategy-for-kenya/,2026-07-14,scraped:Kilimo News - Policy
474,Agriculture,PSA,Farmers in the Netherlands must register all livestock and obtain a Unique Business Number (UBN) for compliance. Ensure proper tagging and on-farm records.,Wakulima nchini Uholanzi wanapaswa kujisajili wanyama wote na kupata Nambari Mahususi ya Biashara (UBN) ili kutimiza sheria. Hakikisha kuweka alama sahihi na rekodi za shamba.,Abanyoreri bano na Netherlands bategere omokiri waki na bakore Obwonchori buya (UBN) oserera. Naki omoka omobori bwaki na enbenge za buya.,Dhi nyaka farmer mokuongo ma Nyandusia timo chuth chon piny ka ogend ndalo e iwoneno gi Unique Business Number (UBN) maler. Nyalo joma chuth gi chike kod onger konyo.,Beeraleyda Nederland waa in ay iska diiwaan geliyaan dhammaan xoolaha oo ay helaan Lambarka Ganacsi Gaarka ah (UBN) si ay u waafaqaan. Hubi inay si sax ah u calaamadayaan xoolaha iyo in ay haystaan diiwaannada beerta.,https://kilimonews.co.ke/general-news/kilimo-talk-livestock-registration-in-netherlands/,2026-07-14,scraped:Kilimo News - Policy
475,Agriculture,PSA,Small-scale tea farmers are encouraged to enhance the quality of their produce to secure better prices.,Wakulima wadogo wa chai wanahimizwa kuboresha ubora wa mazao yao ili kupata bei bora zaidi.,Abogaki baki bori batichire buya bwaki bwane buya buori buno boci.,Gik ma nyalo chako matind tamarind gi ng'wino pwodhi to iwinj kod maber.,Farmerada shaaha ee yaryar waxaa lagu boorinayaa inay kor u qaadaan tayada alaabtooda si ay u helaan qiimo wanaagsan.,https://kilimonews.co.ke/general-news/prescription-for-the-tea-sector/,2026-07-14,scraped:Kilimo News - Policy
476,Agriculture,PSA,Bungoma County has established a Sh230 million Agriculture Institutions Development Corporation to modernize and finance key agricultural institutions. Farmers are encouraged to engage with this new body for support in agricultural development.,Kaunti ya Bungoma imeanzisha Shirika la Maendeleo ya Taasisi za Kilimo la Sh230 milioni ili kuboresha na kufadhili taasisi muhimu za kilimo. Wakulima wanahimizwa kushirikiana na shirika hili jipya kwa msaada katika maendeleo ya kilimo.,Bungoma Kaunti yakiendeleze Sh230 miriyoni Oria Ikanya Ibara Ikitwe moke oria ogetane naki mwaki na oborori. Abagori baramachire okere omokwege buaganya oria buororiete.,Bungoma County nyalor Sh230 million Agriculture Institutions Development Corporation ok nyalogi modhiere to kod jomok. Jomok nyaka pwodhi kuom nyaka ginyal chuny mar dhano.,Bungoma County waxay dhisatay Sh230 million Hay'adda Horumarinta Dhaqaalaha Beeraleyda si loo casriyeeyo loona maalgeliyo hay'adaha muhiimka ah ee beeraleyda. Beeraleyda waxaa lagu dhiirigelinayaa inay la xiriiraan hay'addan cusub si ay u helaan taageero horumarinta beeraleynta.,https://kilimonews.co.ke/counties/bungoma-county-creates-sh230-million-corporation-to-transform-agricultural-institutions/,2026-07-14,scraped:Kilimo News - Policy
477,Agriculture,PSA,"Kenyan coffee growers can benefit from direct sales, which yielded USD 49.24 million this season — an average of USD 406 per 50-kg bag, nearly 20% more than auction prices. Consider selling directly for better earnings.","Wakulima wa kahawa nchini Kenya wanaweza kunufaika na mauzo ya moja kwa moja, yaliyotoa USD 49.24 milioni msimu huu — wastani wa USD 406 kwa mfuko wa kilo 50, karibu asilimia 20 zaidi ya bei za mnada. Fikiria kuuza moja kwa moja kwa faida bora.","Abagire buya baki mugumu bwakikonyire bakinyega mimitu, bu kayogo USD 49.24 miliyoni bu bwakirage — abaki bu USD 406 bu 50-kg buye, bugera 20% bu naki bwekire bu auction. Naki oria oria buya bu konyere bu kinyegere.","Ababaki ma kopi Kenya oting' e kita chalo maler, ka ochung' USD 49.24 million e mwaka osee — joma odhiero piny, USD 406 piny 50-kg bag, yore ni 20% ka tich miyo. Tingo ni owachia kita chalo maler kuom weche puonj.","Beeralayda kafee ee Kenya waxay ka faa'iidaysan karaan iibka tooska ah, taas oo keentay USD 49.24 milyan xilli ciyaareedkan — celcelis ahaan USD 406 bacda 50-kg ah, oo ku dhowaad 20% ka badan qiimaha madaxa. Ka fiirso inaad si toos ah u iibiso si aad u hesho faa'iidooyin ka fiican.",https://kilimonews.co.ke/general-news/coffee-direct-sales-rake-in-usd-49-million-and-beat-auction-by-20/,2026-07-14,scraped:Kilimo News - Policy
478,Agriculture,PSA,SACCO members are assured that their savings are not at risk; claims about government access to these funds for infrastructure projects are false and legally unfounded.,Wajumbe wa SACCO wanahakikishiwa kwamba akiba zao ziko salama; madai kuhusu serikali kupata ufikiaji wa fedha hizo kwa miradi ya miundombinu si ya kweli na hayana msingi wa kisheria.,Abaki ba SACCO baigori omokiruo bw'ogoomo bwabo; eromoshonchaki kera orejoore oryaki okebwatunyi omokiri bw'ogoomo buno bw'embu mw'igenje na obwakire.,Membere maler gi SACCO wacho ni thum gi dako; kamano miyo gi chier ma ok timo kanyo kuom nyiso ma kwom serikali e magero mar infrastructure ne en owuon gi ng'ato.,Xubnaha SACCO-da waxaa la xaqiijinayaa in kaydka ay leeyihiin aan halis ku jirin; sheegashada ah in dowladda ay heli karto lacagahaan mashaariicda kaabayaasha waa been abuur iyo mid sharci darro ah.,https://kilimonews.co.ke/general-news/cooperatives-dismiss-claims-government-will-use-sacco-savings-to-fund-infrastructure-projects/,2026-07-14,scraped:Kilimo News - Policy
479,Agriculture,PSA,Uasin Gishu entrepreneurs can now engage with proposed policy reforms and financing opportunities. Stay informed on the Draft MSME Policy 2025 and the MSE Amendment Bill 2025.,Wajasiriamali wa Uasin Gishu sasa wanaweza kushiriki katika mapendekezo ya marekebisho ya sera na fursa za ufadhili. Kuwa na habari kuhusu Rasimu ya Sera ya MSME 2025 na Muswada wa Marekebisho ya MSE 2025.,Abakire bu Uasin Gishu bategere eng'enda boki bori bwaki bwatia na masinana. Bwakire oria Bwakere bwa Draft MSME Policy 2025 na MSE Amendment Bill 2025.,Wana biashara ku Uasin Gishu karie nyaka kueng' ng'iyo maenyo mawuok gi ndiri mar policy to golo manoch. Adek yore nyaka kar kanyakre gi Draft MSME Policy 2025 to MSE Amendment Bill 2025.,Ganacsatada Uasin Gishu hadda waxay ka qaybqaadan karaan isbeddellada siyaasadeed la soo jeediyay iyo fursadaha maalgelinta. La soco Qorshaha MSME ee 2025 iyo Xeerka Wax-ka-beddelka MSE ee 2025.,https://kilimonews.co.ke/general-news/msea-snv-empower-more-than-500-uasin-gishu-entrepreneurs-through-policy-awareness-forums/,2026-07-14,scraped:Kilimo News - Policy
480,Agriculture,PSA,"The Nairobi Coffee Exchange reports that the recent auction sold 412 tonnes of coffee, translating to a gross return of KES 129 per kilogram of cherry.","Mbenki ya Kahawa ya Nairobi inaripoti kwamba oksijeni ya hivi karibuni iliuza tani 412 za kahawa, ikitoa faida ya jumla ya KES 129 kwa kila kilogramu ya cheriy.","Nairobi Coffee Exchange ikinyegetereka oria auction ya atuma 412 tonnes ya kahawa, ikagendereka omokiri KES 129 naki kilogram ya cherry.","Nairobi Coffee Exchange oseth gi chako ni aoro 412 tonnes ma ikatigo ka auction, kendo ogendini to kod KES 129 kwa kilogram mar cherry.","Nairobi Coffee Exchange ayaa soo diyaarisay in iibkii ugu dambeeyay uu siiyey 412 tan oo bun ah, taasoo u dhiganta dakhli guud oo gaadhaya KES 129 kiilogaraamkiiba cherry.",https://kilimonews.co.ke/agricultural-products/kieni-crowns-sale-30-as-nce-moves-412-tonnes-of-coffee-worth-sh345-million/,2026-07-14,scraped:Kilimo News - Policy
481,Agriculture,PSA,"Murang'a County is offering commercial mango farming support, including contracts with juice manufacturers and cooperative formation. Farmers are encouraged to participate for improved income.","Kaunti ya Murang'a inatoa msaada wa kilimo cha maua ya embe, ikiwa ni pamoja na mikataba na watengenezaji wa juisi na uundaji wa ushirika. Wakulima wanahimizwa kushiriki ili kuboresha mapato yao.","Nya Murang'a ekorenda oboragori bwenge bwaberebwe, kuse agedera akorori naki chichogenda kiibire. Aboragori barambiire kuja mwaki bwogokaraki obokire.","Murang'a kouth nyaka pengine kuom mango mar kanyal, ka kanyakre manoni kanyakre ne juice manufacturers to kanyal mar cooperatives. Agolo ma konyo to gima osing'or.","Degmada Murang'a waxay bixisaa taageero beero xareed ah, oo ay ku jiraan qandaraasyo la leh wax-soo-saareyaasha casiirka iyo sameynta iskaashatada. Beeraleyda waxaa lagu dhiirigelinayaa inay ka qaybqaataan si ay dakhliga u hagaajiyaan.",https://kilimonews.co.ke/counties/how-muranga-county-is-using-technology-market-access-and-ecological-planning-to-transform-agriculture/,2026-07-14,scraped:Kilimo News - Policy
482,Agriculture,PSA,"The government has authorized the duty-free importation of 500,000 metric tonnes of rice, impacting local farmers. Urgent action is needed to clear unsold rice stock before imports begin.","Serikali imeidhinisha uagizaji wa pishi 500,000 bila kodi, ambao utaathiri wakulima wa ndani. Hatua za haraka zinahitajika kufungua akiba ya mchele usiouseka kabla ya kuanza kwa uagizaji.","Obwaki bwakirire bwong'ende emokiri oria 500,000 metric tonnes ya chonga, bwaki inogere buya buya buya bwono boki. Naki bwakire buya bwanjoge omogori bwanasi omogori oria buya buya bwaki.","Chik kendo govenomen olera mabor ma 500,000 metric tonnes mar chako, ne okonyo jok masira. Tich mosomo owinjo ewi chako kendo osiep goyo mar chako to nyalo mwandu.","Dowladdu waxay oggolaatay in la keeno 500,000 oo tan oo bariis ah oo canshuur la’aan ah, arrintan waxay saameyn ku yeelaneysaa beeraleyda maxalliga ah. Waxay lagama maarmaan tahay in la qaado tallaabo degdeg ah si loo nadiifiyo kaydka bariiska aan la iibin ka hor intaan la bilaabin soo deynta.",https://kilimonews.co.ke/agriculture-politics/kirinyaga-leaders-protest-duty-free-rice-imports-as-government-cites-food-security/,2026-07-14,scraped:Kilimo News - Policy
483,Agriculture,PSA,Farmers are facing increased costs due to high animal feed prices driven by a concentrated market. Stay informed about market changes and seek alternative suppliers to manage costs effectively.,Wakulima wanakumbana na ongezeko la gharama kutokana na bei za malisho ya wanyama zinazoenda juu kwa sababu ya soko lililo na washindani wachache. Kuwa na maarifa kuhusu mabadiliko ya soko na tafuta wauzaji mbadala ili kudhibiti gharama kwa ufanisi.,Abashamba bataria buya buya bwachukire bwabi omogori ogwakubetereka na buya bwogenda bwana bwabwaki. Naki ekirenda bogenagire ebichenga na konyorera abaki bazuri boti no kugonza buya bwabwaki.,Jodongo gi tich manoyo keth e makelo mar tich manok gi jit mar nyasaye. Rii kuom tich maber kuom nyaka adhi konyo piny mondo uthero keth.,"Beeralaydu waxay la kulmaan koror ku yimaada kharashyada sababta oo ah qiimaha cuntooyinka xoolaha oo sareeya, waxayna sabab u tahay suuqa diirran. La soco isbedellada suuqa oo raadi alaab-qeybiyeyaal kale si aad si hufan u maareyso kharashyada.",https://kilimonews.co.ke/agriculture-politics/four-companies-dominate-animal-feed-market-in-kenya-raising-food-prices-and-hurting-farmers-says-report/,2026-07-14,scraped:Kilimo News - Policy
484,Agriculture,PSA,"Tanzanian and Malawian trade in agricultural products will resume on May 2, 2025. Stakeholders should prepare for this reopening of commercial ties.","Biashara ya bidhaa za kilimo kati ya Tanzania na Malawi itaanza tena tarehe 2 Mei, 2025. Washikadau wanapaswa kujiandaa kwa kufungua tena uhusiano wa kibiashara.","Omosang'ana na Malawina bori buya kekenye bw'ogigenya buya, May 2, 2025. Abashandiri batarakore buya boibori bw'ogigenya buya.","Katrina mar Taanzania kod Malawi mango mag ndalo maber kanyakla kuom May 2, 2025. Wabiro nying' ma wan kendo wanigi chiegni iduogo mar kachien.","Ganacsiga Alaabta Beeraha ee Tanzaniya iyo Malawi wuxuu dib u bilaabm doonaa May 2, 2025. Qaybaha daneynaya waa in ay is diyaariyaan furitaanka xiriirka ganacsi.",https://kilimonews.co.ke/agriculture-politics/tanzaniamalawi-trade-to-resume-under-new-bilateral-agreement/,2026-07-14,scraped:Kilimo News - Policy
485,Agriculture,PSA,Tanzania warns of an impending ban on all agricultural imports from Malawi and South Africa if their current trade restrictions are not lifted by Wednesday next week.,Tanzania inatoa onyo kuhusu marufuku inayokuja ya uagizaji wa mazao yote kutoka Malawi na Afrika Kusini ikiwa vizuizi vya biashara havitafutwa kufikia Jumatano ijayo.,Tanzania ikiriga buya bw'ekiwilliria bw'enzanika ya bwenyisho bwose okuva ku Malawi na Afrika Kusini buya bw'ekiraga bwaki bwing'eri bworagwe buki ye upweke rwaki ng'osi esaiwa.,Tanzania oyiero kuom yawe mar nyiso gi piny ok odeso ni malo nyise mag agik e piny Malawi kod piny South Africa ka nyise mag kido ma ok anyalo timo.,Tansaaniya waxay ka digeysaa in ay sooni doonto mamnuucid ku saabsan dhammaan soo dejinta dalagyada ee Malawi iyo Koonfur Afrika haddii xayiraadaha ganacsi ee hadda jira aan la qaadayyn Arbacada todobaadka soo socda.,https://kilimonews.co.ke/agriculture-politics/tanzania-warns-malawi-and-south-africa-as-countries-ban-each-others-agriculture-produce/,2026-07-14,scraped:Kilimo News - Policy
486,Agriculture,PSA,"The COMESA Court of Justice has ruled on the use of safeguard measures, emphasizing that countries must avoid arbitrary trade barriers. Stakeholders should stay informed on trade regulations to ensure compliance.","Mahakama ya Haki ya COMESA imetoa uamuzi kuhusu matumizi ya hatua za kinga, ikisisitiza kwamba nchi zinapaswa kuepuka vizuizi vya biashara visivyokuwa na msingi. Wahusika wanapaswa kuendelea kupata taarifa kuhusu kanuni za biashara ili kuhakikisha kufuata sheria.","Inyang'ana ya COMESA mosi ogenda kworeri omokireri bwakire, ikabere omokireri oremokire oigana buya emere omokireri. Abashandi nabo bochidunedha omokireri bwakire okwabere omorori.",COMESA Court of Justice osemiyo ching' koni ma gima bende otere trade barriers mar lweny. Wadhodhi drok kama wacho nyaka gorie e ching' trade koro konyo compliance.,"Maxkamadda Cadaaladda ee COMESA ayaa go'aan ka gaartay isticmaalka tallaabooyinka ilaaliya, iyadoo sheegtay in dalalka ay tahay in ay ka fogaadaan caqabadaha ganacsi ee aan cadaalad ahayn. Ka qaybgalayaasha waa in ay la socodsiiyaan xeerarka ganacsiga si loo hubiyo in la raaco.",https://kilimonews.co.ke/agriculture-politics/landmark-decision-on-safeguard-measures-by-the-comesa-court-of-justice/,2026-07-14,scraped:Kilimo News - Policy
487,Agriculture,PSA,Chege Kirundi has been elected as the new Chairman of KTDA Holdings Board. Tea farmers should stay informed of any upcoming changes in policies or operations.,Chege Kirundi amechaguliwa kuwa Mwenyekiti mpya wa Bodi ya KTDA Holdings. Wakulima wa chai wanapaswa kuendelea kuwa na taarifa juu ya mabadiliko yoyote yanayoweza kuja katika sera au operesheni.,Chege Kirundi omogori omokiri osiba omosherele wa KTDA Holdings. Abakung'anya cha omokiri basibori omokiri konyaki bw'ogenda bw'ogotego.,Chege Kirundi nuo gi ugeni mar Chairman ma KTDA Holdings Board. Abwaki maber ka wath e young mar kit keth gi nyiso kendo chalo mar ng’ama.,Chege Kirundi ayaa loo doortay Guddoomiyaha cusub ee Guddiga KTDA Holdings. Beeralayda shaaha waa inay xog ka helaan isbeddel kasta oo dhici kara siyaasadaha ama hawlgallada.,https://kilimonews.co.ke/agriculture-politics/chege-kirundi-replaces-njeru-as-ktda-holdings-chairman/,2026-07-14,scraped:Kilimo News - Policy
488,Agriculture,PSA,"Farmers are encouraged to adopt the new Waithera bean variety, which offers higher yields and resilience to climate change. Contact KALRO for more information on seed availability.","Wakulima wanahimizwa kupitisha aina mpya ya maharagwe ya Waithera, ambayo inatoa mavuno makubwa na kustahimili mabadiliko ya tabianchi. Wasiliana na KALRO kwa maelezo zaidi kuhusu upatikanaji wa mbegu.","Abagosi baragori omogori bw'Waithera, ekiri omogori oguhana na omogori bwaki naki obokibori bw'ogere. Moiga KALRO omokinyang'ania iboncho oria bwakire bw'egeni.","Nanga buwayi kuom Waithera bean, kaka en bura manyien e gonde kendo maoketo kod chanje mar nyasa. Golo KALRO kod more information e yo ng'eyo.","Dalagga waxaa loogu baaqay inay qaataan nooca cusub ee digirta Waithera, oo bixiya wax-soosaar sare iyo adkaysi aanay cimiladu saameyn. La xidhiidh KALRO si aad u hesho macluumaad dheeraad ah oo ku saabsan helitaanka abuurka.",https://kilimonews.co.ke/science-and-technology/waithera-replaces-wairimu-as-improved-beans-expected-to-raise-farm-incomes-and-reduce-imports/,2026-07-14,scraped:Kilimo News - Policy
489,Agriculture,PSA,Farmers and agribusiness stakeholders are encouraged to adopt research-driven technologies to improve livelihoods and achieve food security. Stay informed on innovations following the KALRO conference.,Wakulima na wadau wa biashara za kilimo wanahimizwa kukubali teknolojia zinazotokana na utafiti ili kuboresha maisha na kufikia usalama wa chakula. Endelea kufuatilia uvumbuzi baada ya mkutano wa KALRO.,Abagere buya na abashoka b’egikonyo barereriwe kugana n'ekoreri okwong'ere omogendori naki osokire buya. Naki obwaki bigezani bw'ogendirie kosi nyandogo ogenda KALRO.,Owino ni jowegi mag buse ne gichako ka nopwore chung' neno machielo kendo ni nyasi. Ikonyo piny kamano kuom nanga mar KALRO.,Beeralayda iyo daneeyayaasha ganacsiga beerta waxaa lagu dhiirrigelinayaa inay qaataan teknoolojiyada cilmi-baarista si ay u hagaajiyaan noloshooda iyo gaarista amniga cuntada. La soco hal-abuurka ka dhalanaya shirka KALRO.,https://kilimonews.co.ke/science-and-technology/from-laboratory-to-farm-kalro-conference-pushes-for-research-that-changes-lives/,2026-07-14,scraped:Kilimo News - Policy
490,Agriculture,PSA,Farmers and agribusiness stakeholders are encouraged to adopt climate-smart water and soil management practices to enhance agricultural resilience against climate change impacts.,Wakulima na wadau wa biashara ya kilimo wanak encouraged kubadili mbinu za usimamizi wa maji na udongo zinazozingatia mabadiliko ya tabianchi ili kuongeza uwezo wa kilimo kukabiliana na athari za mabadiliko ya tabianchi.,Abagabandi nakiwaki ba agri-business baria naki ekibiri omokiraita ebiona bise abakire bwang'ira eng'endo naki ohunia oria omokiraita bwaki.,"Oberni kata ma nyaka, timo mar joma ngete, to jochakoyo nyaka konyo dhoromo ma duto goyo, kendo nyaka chako tich mar thuran gigo e yo, yore ma jowete e wach mar somo.",Farmers iyo daneeyayaasha ganacsiga beeraha waxaa lagu dhiirigelinayaa inay qaataan hababka maaraynta biyaha iyo ciidda ee ku habboon cimilada si ay u xoojiyaan adkeysiga berri ee saamaynta isbeddelka cimilada.,https://kilimonews.co.ke/science-and-technology/turning-climate-challenges-into-opportunities-through-smart-water-and-soil-management/,2026-07-14,scraped:Kilimo News - Policy
491,Agriculture,PSA,Farmers in Uganda can now access a locally developed anti-tick vaccine to combat tick-borne livestock diseases. Visit the National Livestock Resources Research Institute for more information.,Wakulima nchini Uganda sasa wanaweza kupata chanjo ya kupambana na mbu wa ng'ombe iliyotengenezwa hapa nchini ili kukabiliana na magonjwa ya mifugo yanayosababishwa na mbu. Tembelea Taasisi ya Utafiti wa Rasilimali za Mifugo ya Taifa kwa taarifa zaidi.,Abashokoti b'Uganda bakenye bikhang'ane oegana oirokoro buya buya bwakare buya omokile buya bwanienyangi. Naki buya kika ekirangi ya National Livestock Resources Research Institute.,Kanye oganda nyaka tere vacine mar tik ka ohero nyithindo mar nyasaye. Konyo Nyanja mar Nyasaye kuom golo moe.,"Farmers-ka Uganda hadda waxay heli karaan tallaalka ka dhanka ah xanuunada xoolaha ee ka yimaada caarada, oo si maxalli ah loo horumariyey. Booqa Machadka Cilmi-baarista Kheyraadka Xoolaha Qaranka si aad u hesho macluumaad dheeraad ah.",https://kilimonews.co.ke/science-and-technology/museveni-commissions-ugandas-first-anti-tick-vaccine-production-plant/,2026-07-14,scraped:Kilimo News - Policy
492,Agriculture,PSA,"Farmers can cultivate high-yielding cassava and other GMOs if they choose; however, regulatory oversight and ongoing legal challenges are in place.","Wakulima wanaweza kulima mihogo yenye mavuno mengi na GMO zingine wanapochagua; hata hivyo, kuna usimamizi wa kisheria na changamoto za kisheria zinazoendelea.","Abakera baria banao batege omokireri omokerenda omokireri bw’aki, nyasa naki abarere omogori naki ki? Naki omoreri orinde naki abari ba buya.","Wang' dudi en ragwe gi cassava nabich mwul oher GMO, pero miyo kak dipoch gi joma gogo dhok.","Beeraleydu waxay beeri karaan cawska miraha badan iyo GMO kale haddii ay doortaan; si kastaba ha ahaatee, ilaalinta xeerarka iyo caqabadaha sharciga ah ayaa jirta.",https://kilimonews.co.ke/science-and-technology/nba-assures-gmos-are-optional-amid-court-delays-on-high-yielding-cassava/,2026-07-14,scraped:Kilimo News - Policy
493,Agriculture,PSA,"Murang'a County has launched a pilot digital system for distributing certified maize seeds and fertilizer. Approximately 135,000 registered farmers will benefit from this initiative.","Kaunti ya Murang'a imeanzisha mfumo wa kidijitali wa kupeleka mbegu za mahindi zilizothibitishwa na mbolea. Takriban wakulima 135,000 waliosajiliwa watanufaika na mpango huu.","Obwaki bwa Murang'a bujapanga omogori bw'ogenda buseke buoringo bw'ere ebindori ekegana na fertilizer. Bwakireri bwa 135,000 busekeranyi buori na obwakireri bu!","Murang'a County egey reg gi system mar digital to omera mar tieke kuonde mag maize kaka gi fertilizer. Kaka 135,000 farmers mamor eyo ni osetimo gi choch.","Degmada Murang'a waxay bilaabatay nidaam dhijitaal ah oo tijaabo ah oo loogu talagalay qaybinta abuurka geedka masagada ah ee la xaqiijiyey iyo bacriminta. Ku dhawaad 135,000 oo beeraleydi la diiwaan geliyey ayaa ka faa'iideysan doona hindisahan.",https://kilimonews.co.ke/science-and-technology/muranga-shifts-to-digital-system-for-maize-seed-and-fertilizer-distribution/,2026-07-14,scraped:Kilimo News - Policy
494,Agriculture,PSA,Kiawamururu Farmers Cooperative is now offering a payout of Ksh 142.30 per kilogram of cherry and Ksh 470.50 for Mbuni for the 2025/2026 season.,Kiawamururu Farmers Cooperative sasa inatoa malipo ya Ksh 142.30 kwa kila kilogram ya cherry na Ksh 470.50 kwa Mbuni kwa msimu wa 2025/2026.,Kiawamururu Farmers Cooperative ikinyasa omotiri Ksh 142.30 ku kilogram ya cherry na Ksh 470.50 kubi Mbuni osikii 2025/2026.,Kiawamururu Farmers Cooperative en gite kaluwore Ksh 142.30 nyaka kilo mar cherry kendo Ksh 470.50 e Mbuni kwan 2025/2026.,Kiawamururu Farmers Cooperative hadda waxay bixineysaa lacag dhan Ksh 142.30 kiilogramkiiba cherry iyo Ksh 470.50 Mbuni loogu talagalay xilli ciyaareedka 2025/2026.,https://kilimonews.co.ke/agricultural-products/the-divorce-that-paid-off-kiawamururu-coffee-farmers-laugh-all-the-way-to-the-bank/,2026-07-14,scraped:Kilimo News - Policy
495,Agriculture,PSA,Farmers in coffee-growing regions are encouraged to maintain their coffee trees as the 2025/2026 season is marked by strong market performance and robust demand for Kenyan coffee.,Wakulima katika maeneo ya kilimo cha kahawa wanahimizwa kudumisha miti yao ya kahawa kwani msimu wa 2025/2026 unatarajiwa kuwa na utendaji mzuri wa soko na mahitaji makubwa ya kahawa ya Kenya.,"Abagore bamisomo baryokere emaita yabo ya kahawa, ore omokonyanaki bw’amasomo 2025/2026 karuga okariyaki maishe olia omanye boki okorore naki kahawa ya Kenya.","Ng'ati mar konyruok ahinya kuom kisumu en ng'ato konyruok, kendo roho nyalo bedo chiegni kuom kuwal konyruok ma ginyalo chayo.",Beeraleyda ku nool gobollada kafeega waxaa lagula talinayaa inay ilaaliyaan geedaha kafeega maadaama xilliga 2025/2026 uu ka muuqdo suuq xooggan iyo dalab weyn oo ku saabsan kafeega Kenyan.,https://kilimonews.co.ke/agricultural-products/the-season-the-bean-spoke-back/,2026-07-14,scraped:Kilimo News - Policy
496,Agriculture,PSA,"The Nairobi Coffee Exchange held Sale 29, trading 14,284 bags of coffee before July recess; trading resumes in July.","Benki ya Kahawa ya Nairobi ilifanya Mauzo ya 29, ikifanya biashara ya mabegi 14,284 ya kahawa kabla ya mapumziko ya Julai; biashara itaendelea mnamo Julai.","Nairobi Coffee Exchange yagana Sale 29, ikabere 14,284 ibagi z’café mbere ya mwezi wa Julai; ikabere buya mu mwezi wa Julai.","Nairobi Coffee Exchange nwelore Sale 29, nokworo 14,284 baggi mollo mbere mag Juli; nolokore mag Juli.","Nairobi Coffee Exchange waxay qabatay Iibka 29, iyadoo la ganacsanayo 14,284 boorsooyin oo kafee ah ka hor fasaxa Luulyo; ganacsigu wuxuu dib u bilaabanayaa Luulyo.",https://kilimonews.co.ke/agricultural-products/sale-29-closes-nairobi-coffee-exchange-before-july-recess/,2026-07-14,scraped:Kilimo News - Policy
497,Agriculture,PSA,"Kenyan farmers are encouraged to continue exporting coffee, as over 1 million kilograms were shipped in March 2026, with strong demand and prices from the U.S. and other international markets.","Wakulima wa Kenya wanahimizwa kuendelea kusafirisha kahawa, kwani zaidi ya kilogramu milioni moja zilisafirishwa mnamo Machi 2026, huku kukiwa na mahitaji makubwa na bei kutoka Marekani na masoko mengine ya kimataifa.","Abakire buya bano bakiendereje kuteka ikawa, naki ekikumi mirongo 1 obokirire mu mwakano wa 2026, na omokirima ogwendani naki eng'enso ebwakire buya na emokeya buya ngabokire mubandu.","Ng'ato mar Kenya gyele kuom timo export kofi, ohingo 1 million kilograms ne okinyi e boma mar March 2026, kod dhok kuom eng'edi mana nadi gi piny U.S. e mondo en mwandu mar gi.","Farmers-ka Kenya waxaa lagu dhiirrigelinayaa inay sii wadaan dhoofsiga qaxwaha, maadaama in ka badan 1 milyan kiilogram la dhoofsaday bishii Maarso 2026, iyadoo dalab xooggan iyo qiimo fiican laga helay Maraykanka iyo suuqyo kale oo caalami ah.",https://kilimonews.co.ke/agricultural-products/america-leads-as-kenya-ships-over-1-million-kgs-of-coffee-in-march-2026/,2026-07-14,scraped:Kilimo News - Policy
498,Agriculture,PSA,Tomato prices in Kisumu have nearly doubled due to heavy rains disrupting supply chains. Expect prices at Kibuye Market to range between Sh15 and Sh30 per piece.,Bei za nyanya mjini Kisumu zimekaribia kuongezeka maradufu kutokana na mvua nyingi zinazosababisha usumbufu katika mnyororo wa usambazaji. Tarajia bei kwenye Soko la Kibuye kuwa kati ya Sh15 na Sh30 kwa kipande.,Makiya aya matomato Kisumu akaranga ayaragani shirori kosi nyaki associates. Otigana hinyanya maki ya Kibuye Market akoranga oreri Sh15 na Sh30.,Kakwang' gi magi mar nyasi i Kisumu ok odwogo mudho magero e yo ragi. Nyasaye okbedo e Kibuye Market thag' e Sh15 kod Sh30 per koth.,Qiimaha yaanyooyinka ee Kisumu ayaa ku dhawaad labalaabmay sababtoo ah roobabka culus oo carqaladeeyay silsiladaha sahayda. Qiimuhu wuxuu ku kala jiri doonaa Suuqa Kibuye intbetween Sh15 iyo Sh30 xabbo.,https://kilimonews.co.ke/agricultural-products/tomato-prices-soar-in-kisumu-as-heavy-rains-disrupt-supply-chains/,2026-07-14,scraped:Kilimo News - Policy
499,Agriculture,PSA,Farmers in Nyakach are encouraged to participate in the Agoro East Aggregated Farm initiative to restore land and improve livelihoods. Join the collective effort for better farming practices.,Wakulima katika Nyakach wanahimizwa kushiriki katika mpango wa Agoro East Aggregated Farm ili kurejesha ardhi na kuboresha maisha. Jiunge na juhudi za pamoja za kuboresha mbinu za kilimo.,Abakire mu Nyakach baragwirani omokanya omogori wa Agoro East Aggregated Farm okobororeha boti na okokere omokirori. Ikireni obwaki bwakire bwogogori.,Ogingo mag Nyakach anyalo lweny kuom to its agoro east aggregated farm initiative kuom nyaka duto adhi chogo kelo gi jombo. Omedo ka ochung' e piny mariech mag joma odhiere.,Beeraleyda Nyakach waxaa Lagu dhiirigelinayaa inay ka qeybqaataan mashruuca Agoro East Aggregated Farm si loo soo celiyo dhulka loona hagaajiyo nolol-maalmeedka. Ku biir dadaalka guud ee hababka beeraleyda wanaagsan.,https://kilimonews.co.ke/science-and-technology/why-nyakachs-aggregated-farm-is-becoming-a-model-for-agroecology-in-kenya/,2026-07-14,scraped:Kilimo News - Sci & Tech
500,Agriculture,PSA,Flower exporters are urged to implement enhanced pest control measures against the false codling moth (FCM) to avoid shipment rejections and financial losses.,Wasafirishaji wa maua wanasisitizwa kuimarisha hatua za kudhibiti wadudu dhidi ya nondo wa kudanganya (FCM) ili kuepuka kukataliwa kwa shehena na hasara za kifedha.,Abakinyaki ba matunda bategereje nyamaki nyabaki kushirikiana na gucokere buya buya bwotere bwogegeri bwaki bwokiga (FCM) buya buya owaki omokireri no omogori bwaki buya buya ogokora.,"Mok kila mwala oter kod gima chalo piny giwacho kuom dudu mag nyuol mar FCM, koro maki jomuok ng'eyo gi tinde tich.",Dhoofiyeyaasha ubaxyada waxaa lagu boorinayaa inay qaadaan tallaabooyin kordhin ah oo ka dhan ah kashka beenta ah (FCM) si looga fogaado diidmada rarka iyo khasaare dhaqaale.,https://kilimonews.co.ke/science-and-technology/from-protocols-to-pheromones-kenya-combines-systems-approach-and-biological-control-to-fight-fcm/,2026-07-14,scraped:Kilimo News - Sci & Tech
501,Agriculture,PSA,The Kenya Agricultural Livestock Research Organization (KALRO) is launching a program to develop new pest management technologies and practices to help farmers reduce crop losses.,Shirika la Utafiti wa Kilimo na Mifugo la Kenya (KALRO) linaanzisha mpango wa kuendeleza teknolojia na mbinu mpya za kudhibiti wadudu ili kuwasaidia wakulima kupunguza hasara za mazao.,Ishinda ya Kenya Agricultural Livestock Research Organization (KALRO) iriaja bw'ogori obw'ekisumo buya bogogotere omogaka bokierekere aboragani bosi boberia bw'ogori.,Kenya Agricultural Livestock Research Organization (KALRO) orit gi program mane ni nyaka konyo nyawi mang'ongo mi kadi e kinde gi dhohok puonyo ng'ato to to ng'ato loso dho luth.,Hay'adda Cilmi-baarista Xoolaha iyo Beeraha ee Kenya (KALRO) waxay bilaabeysaa barnaamij si loo horumariyo teknoolojiyada cusub ee maaraynta cayayaanka iyo dhaqamada si ay uga caawiyaan beeraleyda inay yareeyaan khasaaraha dalagga.,https://kilimonews.co.ke/science-and-technology/new-technologies-set-to-transform-pest-control-practices/,2026-07-14,scraped:Kilimo News - Sci & Tech
502,Agriculture,PSA,Farmers affected by maize lethal necrosis disease (MLND) in Bomet County are encouraged to seek information on crop rotation and planting in new areas to prevent further losses.,Wakulima waliathiriwa na ugonjwa wa kuua mahindi (MLND) katika Kaunti ya Bomet wanahimizwa kutafuta taarifa kuhusu mzunguko wa mazao na kupanda katika maeneo mapya ili kuzuia hasara zaidi.,Abagere bamakororani buya bw'ogendete bw'ekisukari bwi Bomet batagaka buya oseria buya buya bwokwegererera buya buse bw'otange ko bware ogwaki bwogendete.,"Wuon gi yieng' mamoko kendo ng'eyo weche mag maiz lethal necrosis disease (MLND) e Bomet County, to konyo e weche ma okonyo ohera kendo chwech ma pwodhi e ndalo nyalo yore.",Beeraleyda uu saameeyay cudurka maqaar jilicsan ee mooska (MLND) ee gobolka Bomet waxaa lagu dhiirigalinayaa inay raadsadaan macluumaad ku saabsan wareegga dalagga iyo beerista meelaha cusub si loo yareeyo khasaaraha dheeraadka ah.,https://kilimonews.co.ke/science-and-technology/from-despair-to-digital-hope-how-a-bomet-woman-is-using-ai-to-help-farmers/,2026-07-14,scraped:Kilimo News - Sci & Tech
503,Agriculture,PSA,"Farmers are urged to advocate for the timely adoption of biotech maize, cotton, and potato varieties to avoid losses estimated at KSh 20.4 billion and improve food security.","Wakulima wanahimizwa kutetea upokeaji wa haraka wa mbegu za mahindi, pamba, na viazi za bioteknolojia ili kuepuka hasara ambazo zinakadiria kuwa KSh 20.4 bilioni na kuboresha usalama wa chakula.","Abanyakere baria naki bosi bwebwaki bwetere buiga buharia bwa biotech bwa oria, bumbati na mirenda kuibaki naki bwakire bwachieng' osorai buhagire bwebwaki bwasigwa bosi KSh 20.4 billion na bwegane omogenda bwankore.","Abor tedo kuom farmer kanyo ma oketh ne kend ji thoth gin biotech maize, cotton, to gin poteto ma ok giyamo ng'ato ok mar KSh 20.4 billion to omiya ichal mar chak.","Beeralayda waxaa lagu boorinayaa in ay taageeraan qaadashada waqtiga ku habboon noocyada dhirta bayootik ah ee ayaa, suuf, iyo baradhada si looga fogaado khasaarooyin lagu qiyaasay KSh 20.4 bilyan iyo si loo hagaajiyo amniga cuntada.",https://kilimonews.co.ke/science-and-technology/kenya-loses-ksh-20-4-billion-over-delayed-adoption-of-biotech-crops-study-reveals/,2026-07-14,scraped:Kilimo News - Sci & Tech
504,Agriculture,PSA,The CGIAR Africa Agricultural Adaptation (AAA) Atlas is now available as an open-access tool for policymakers and researchers to develop climate-resilient strategies. Utilize this resource to strengthen decision-making in your agricultural projects.,Atlas ya Uadaptishaji wa Kilimo Barani Afrika (AAA) ya CGIAR sasa inapatikana kama chombo huru kwa wanasiasa na watafiti kuunda mikakati ya kukabiliana na mabadiliko ya tabianchi. Tumia rasilimali hii kuboresha uamuzi katika miradi yako ya kilimo.,Atlas ya CGIAR Africa Agricultural Adaptation (AAA) yoreka buya gochung'ana na bure mo makiyego omogicha. Naki bwogori buya bwakire buya bwakorere omoshang'ani buya mo ibori yenyu.,CGIAR Africa Agricultural Adaptation (AAA) Atlas ni ng'ato otieno kendo bura marach ma okel micho marach kuom golo chogo gi wan gi deloo. Wachone oyudo golo gi kido duto ma okel e yo mar chiegni nyaka omiyo wende.,Atlas-ka CGIAR Africa Agricultural Adaptation (AAA) waxa uu hadda diyaar u yahay sidii qalab furan oo ay isticmaali karaan siyaasiyiinta iyo cilmi-baadhayaasha si ay u horumariyaan istaraatiijiyado adkeysan kara cimilada. Ka faa’iidayso kheyraadkan si aad u xoojiso go'aan-qaadashada mashaariicdaada beeraha.,https://kilimonews.co.ke/science-and-technology/experts-trained-on-atlas-tool-to-strengthen-evidence-based-climate-action/,2026-07-14,scraped:Kilimo News - Sci & Tech
505,Agriculture,PSA,Farmers and agribusiness stakeholders are reminded to ensure compliance with safety and quality standards for pest control products. Stay informed on regulations from the Pest Control Products Board (PCPB).,Wakulima na wadau wa biashara ya kilimo wanakumbushwa kuhakiki kuzingatia viwango vya usalama na ubora wa bidhaa za kudhibiti wadudu. Endelea kujua kuhusu sheria kutoka Bodi ya Bidhaa za Kudhibiti Wadudu (PCPB).,Abakori naki omokireri baki bakiore omoshanga ore mbokori na ng'otoore omote. Naki boki omosenda amaki naki oria abaki batigana Buya ya Mbokori (Pest Control Products Board - PCPB).,Abwaki gi dakoro kendo gi chuth ginyalo nyal marenjo e yo ni omiyo wujjogi kik ejakore kendo yore magero ma joro maler. Nyaru kuom konyo marach kobor kendo jabiro gi jopiny manonyo e Pest Control Products Board (PCPB).,Beeraleyda iyo daneeyayaasha beeraleydu waxa lagu xusuusinayaa inay hubiyaan u hoggaansanaanta heerarka badbaadada iyo tayada ee alaabada xakameynta cayayaanka. La soco xeerarka ka yimaada Guddiga Alaabooyinka Xakameynta Cayayaanka (PCPB).,https://kilimonews.co.ke/science-and-technology/pest-control-products-under-spotlight-at-globalg-a-p-tourstop-2025-in-nairobi/,2026-07-14,scraped:Kilimo News - Sci & Tech
506,Agriculture,PSA,National Plant Protection Organizations in 12 African countries are being equipped with tools and training to combat Potato Cyst Nematodes. Early detection is crucial for protecting potato crops and livelihoods.,Taasisi za Ulinzi wa Mimea za Kitaifa katika nchi 12 za Afrika zimepewa vifaa na mafunzo ya kupambana na Nematodi wa Fukwe za Viazi. Ugunduzi wa mapema ni muhimu katika kulinda mazao ya viazi na maisha ya watu.,Abakire baki na Nyancha ya Bwakire buere bwana geared with tools naki training buere bushikire Potato Cyst Nematodes. Gutokirania bui gire naki okwama buinokiga naki buiasibori bwaki.,National Plant Protection Organizations e 12 gi chwe mar Africa nyalo piny gi lutruok kod mawuon e nitiere kuom Potato Cyst Nematodes. Koro kendo uwang' ne adhiero nyalo nyal e yo piny gi mawuon e nyadhi.,Hay'adaha Qaran ee Ilaalinta Dhirta ee 12 dal oo Afrikaan ah ayaa lagu qalabaynayaa aaladaha iyo tababar si loola dagaallamo Cysto Nematodes-ka Baradho. Ogaanshaha hore ayaa muhiim u ah ilaalinta dalagyada baradhada iyo nolosha.,https://kilimonews.co.ke/science-and-technology/empowering-african-plant-protection-agencies-to-combat-devastating-potato-pest/,2026-07-14,scraped:Kilimo News - Sci & Tech
507,Agriculture,PSA,"The new Waithera bean variety is now available for farmers, offering higher yields, drought tolerance, and improved taste. Contact KALRO for seed distribution details.","Aina mpya ya maharagwe ya Waithera sasa inapatikana kwa wakulima, ikitoa mavuno makubwa, uvumilivu wa ukame, na ladha bora. Wasiliana na KALRO kwa maelezo ya usambazaji wa mbegu.","Obokiri bwa Waithera buse buya buria buera abagere, bujire buse bwire buya, bwikire bweni ne bwokiri buse bubi. Bwakorire KALRO buse buya bwobogire bwokore bwaki.","Nang'eyo Waithera kanyad gima omiye ng'ato madhi, oketi yiye, anyalo kayogni, gi mabor. Fweny KALRO kuom namba ma okethi kanyakla.","Noocyada cusub ee digirta Waithera ayaa hadda la heli karaa beeralayda, waxayna bixisaa wax-soo-saar sare, adkaysi abaaro, iyo dhadhan wanaagsan. La xiriir KALRO si aad u hesho faahfaahinta qaybinta abuurka.",https://kilimonews.co.ke/science-and-technology/new-waithera-bean-variety-promises-higher-yields-and-better-nutrition-for-kenyan-farmers/,2026-07-14,scraped:Kilimo News - Sci & Tech
508,Agriculture,PSA,Farmers in Nakuru County are invited to participate in the aak-GROW's Stewardship Mashinani initiative to improve safe pesticide usage. Engage with local community efforts for better practices.,Wakulima katika Kaunti ya Nakuru wanakaribishwa kushiriki katika mpango wa aak-GROW wa Stewardship Mashinani ili kuboresha matumizi salama ya viuatilifu. Shirikiana na juhudi za jamii za ndani kwa ajili ya mbinu bora.,Abakorera baki Nakuru barabaki kugana omogogoti wa aak-GROW's Stewardship Mashinani ekirenge omokeyo bwaki bwakire. Keganye naki obokire buya omogusi bwakoya.,Mawegi e Nakuru County omed e duto gi aak-GROW's Stewardship Mashinani nyi ng'wonye kanyo yien piny. Wuoyi gi joma en duong' kuom ng'wonye makare.,Beeralayda Kaakoori ee Nakuru County waxaa lagu martiqaaday inay ka qeybqaataan mashruuca aak-GROW's Stewardship Mashinani si loo hagaajiyo isticmaalka sunta badbaadada. La shaqeyso dadaallada bulshada maxalliga si kor loogu qaado dhaqamada wanaagsan.,https://kilimonews.co.ke/science-and-technology/aak-grow-pilots-behaviour-change-drive-to-curb-pesticide-misuse/,2026-07-14,scraped:Kilimo News - Sci & Tech
509,Agriculture,PSA,"Farmers are encouraged to adopt ratooning technology in rice production to cut costs and increase yields by up to 80%. For more information, contact KALRO.","Wakulima wanashauriwa kutumia teknolojia ya ratooning katika uzalishaji wa mchele ili kupunguza gharama na kuongeza mavuno hadi asilimia 80. Kwa maelezo zaidi, wasiliana na KALRO.","Abagabiranyi bariananiwaki kugarane technologia ya ratooning mu muganga omoka omokinyore ogwete okunyanya mbegakire na okwiseka gusibori 80%. Koro omokinya bwakire, gakarangane na KALRO.",Wachung' ka odefne chiegore gi ratooning kumeyogo e chungo mar rice bang' to otieno maler lowo kod nyaka 80%. Nakiwru ketho KALRO.,"Beeraleyda waxaa lagu dhiirigelinayaa in ay qaataan teknoolojiyada ratooning ee soo saarista bariiska si ay u yareeyaan kharashka isla markaana u kordhiyaan wax soo saarka ilaa 80%. Wixii macluumaad dheeraad ah, la xiriir KALRO.",https://kilimonews.co.ke/science-and-technology/promoting-ratooning-technology-to-increase-rice-production-and-cut-costs/,2026-07-14,scraped:Kilimo News - Sci & Tech
510,Agriculture,PSA,"The Kenyan government, in partnership with UNIDO and FAO, is creating pathways to transform the coffee value chain. Stakeholders are encouraged to collaborate and share knowledge for project development.","Serikali ya Kenya, kwa kushirikiana na UNIDO na FAO, inaunda njia za kubadilisha mnyororo wa thamani wa kahawa. Washirika wanahimizwa kushirikiana na kubadilishana maarifa kwa ajili ya ukuzaji wa mradi.","Ekiya ki Kenya, mwaki na UNIDO na FAO, kireka mirango yose eyokoroga omogori. Abaki baziinjo bakarigana na guchocheka buya bwakore bwabaki.","Gavana wa Kenya, ka kanyalo gi UNIDO kod FAO, oting'o chuto duto kuom gige mar coffee. Nindgi monyalo konyo golo buo gi wuoth ka timo gede mar gi.","Dowladda Kenya, oo la kaashaneysa UNIDO iyo FAO, ayaa sameyneysa waddooyin lagu beddelayo silsiladda qiimaha bunka. Qaybaha daneynaya waxaa lagu dhiirigelinayaa inay iska kaashadaan oo ay wadaagaan aqoonta si loo horumariyo mashruuca.",https://kilimonews.co.ke/science-and-technology/beyond-the-brew-kenyan-lady-uses-coffee-to-power-natural-skincare-business/,2026-07-14,scraped:Kilimo News - Sci & Tech
511,Agriculture,PSA,"KALRO invites stakeholders to engage in socio-economic and policy research to enhance the impact of agricultural innovations. For collaboration opportunities, contact KALRO directly.","KALRO inakaribisha wadau kushiriki katika utafiti wa kiuchumi na sera ili kuboresha matokeo ya mbinu za kilimo. Kwa fursa za ushirikiano, wasiliana na KALRO moja kwa moja.","KALRO ikorere ekere naki omokirongo ryaki buya naki orogoto bw'ogechanda omokiriga omokirigania. Naki orogoto, waki KALRO.","KALRO owinjore nyasaye kuom oritore mar socio-economic e yoji mar policy kuom mondo okel tich mar bunge. Kendo ma ociyo, khanga KALRO piny.",KALRO waxay martiqaadaysaa daneeyayaasha inay ka qayb qaataan cilmi-baarista dhaqan-dhaqaale iyo siyaasadeed si loo xoojiyo saameynta hal-abuurka beeraha. Fadlan la xidhiidh KALRO si aad u hesho fursado iskaashi.,https://kilimonews.co.ke/general-news/kalro-hosts-inaugural-socio-economics-and-policy-development-conference-and-exhibition-to-strengthen-agricultural-research-impact/,2026-07-14,scraped:Kilimo News - Sci & Tech
512,Agriculture,PSA,"Kenyan coffee growers are encouraged to explore innovative coffee processing methods, including natural, carbonic maceration, anaerobic fermentation, and honey processing, to meet evolving market demands.","Wakulima wa kahawa Kenya wanahimizwa kuchunguza njia bunifu za kutengeneza kahawa, ikiwa ni pamoja na usindikaji wa asili, uhamasishaji wa kaboni, fermentation isiyo na oksijeni, na usindikaji wa asali, ili kukabiliana na mahitaji yanayobadilika ya soko.","Abagori b'ekahawa b'Kenya barerire buya banye obwakire bweng'ere bw'ekahawa, hamwe na bendi, carbonic maceration, anaerobic fermentation, na honey processing, buya bwakorire obwena buya bw'ekiburi bw'amasoko.","Ababran gi Ndogo kosingo molos gi konyo mar ndong' ni, kendo owuon gi nindo ma okony otond, kuom luor, carbonic maceration, anaerobic fermentation, kendo honey processing, nyaka madhi kendo chier giwacho.","Beeralayda bunka Kenya waxaa la dhiirrigelinayaa inay baadhaan habab cusub oo habeyn bunka ah, oo ay ku jiraan habka dabiiciga ah, maceration-ka kaarboon, fermantashanka anaerobic, iyo habeynta malabka, si ay u la kulmaan baahiyaha suuqa ee isbeddelaya.",https://kilimonews.co.ke/science-and-technology/emerging-coffee-processing-methods-in-kenya/,2026-07-14,scraped:Kilimo News - Sci & Tech
513,Agriculture,PSA,The National Biosafety Authority will host its 13th Annual Biosafety Conference in two and a half weeks to discuss GMOs and biotechnology safety. All stakeholders are encouraged to participate.,Mamlaka ya Taifa ya Usalama wa Biolojia itafanya Mkutano wa 13 wa Mwaka wa Usalama wa Biolojia katikawiki mbili na nusu zijazo kujadili GMOs na usalama wa bioteknolojia. Wadau wote wanahamasishwa kushiriki.,"Abwaki Bwaki Bwaki bw'Enyamwaki b'Abagwasi b'Abantu b'Enyadina b'Abagwasi, bugeza kinyanara k'egeri, bw'enda bw'oka buwaki bw'aberera naki? Bwakurya naki bw'abakwagasi go lesi boragire b'ouronchori, na bw'enyashia buwang'oga bo.",National Biosafety Authority be timo chuo ma 13 ka ng'ato gi dino mar Biosafety e piny kendo chiemo ma ng'ato duto magok gi GMOs kod biotechnology. Ogingo oyaka ka okonyo.,Hay'adda Qaranka ee Badbaadada Cunnada waxay qabanqaabin doontaa shirkeedii 13aad ee sanadkan oo ku saabsan badbaadada GMO-yada iyo teknolojiyada biyoolojiga laba todobaad iyo badh ka dib. Dhamaan daneeyayaasha waxaa lagu dhiirigelinayaa inay ka qeybqaataan.,https://kilimonews.co.ke/science-and-technology/kenyas-biosafety-authority-plans-national-conference-on-gmos-amid-misinformation-concerns/,2026-07-14,scraped:Kilimo News - Sci & Tech
514,Agriculture,PSA,Farmers in Kenya's Arid and Semi-Arid Lands are encouraged to adopt cassava cultivation as a resilient solution to food insecurity and climate change challenges.,Wakulima katika maeneo ya njaa na kavu ya Kenya wanahimizwa kukumbatia kilimo cha muhogo kama suluhisho thabiti kwa changamoto za ukosefu wa chakula na mabadiliko ya tabianchi.,Abaribori baki Kenya buya Abariga na Abariga Bwakere bagenyire omokiri buya bwaki busebu okuwaki buya bwakiri buya bwaki abogenda na obokoranya.,"Nakiwoj maber e Kenya, kendo wacho ka ogend thuolo cassava mondo oting'o jotto manok nyaka ng'ato kingu gi ngima k'odhi.",Beeraleyda ku nool dhulka qallalan iyo kuwa qallalan ee Kenya waxaa lagu dhiirigelinayaa inay qaataan beerto kaabashka si ay uga jawaabaan baahida cunto iyo caqabadaha isbeddelka cimilada.,https://kilimonews.co.ke/science-and-technology/cassava-emerges-as-a-climate-smart-crop-for-kenyas-drylands/,2026-07-14,scraped:Kilimo News - Sci & Tech
515,Agriculture,PSA,"Farmers and livestock producers can engage with the $27.4 million global initiative aimed at reducing livestock methane emissions through improved genetics and nutrition. For more information, please visit ILRI's website.","Wakulima na wazalishaji wa mifugo wanaweza kushiriki katika mpango wa kimataifa wa dola milioni 27.4 unaolenga kupunguza uzalishaji wa methane kutoka kwa mifugo kupitia uboreshaji wa urithi na lishe. Kwa maelezo zaidi, tafadhali tembelea tovuti ya ILRI.",Abaguria naki bakurumani bakanang’ana omokiri bw’aki $27.4 mirio êmokibaki oria botigoria oremokori bw’aki obw’enyaki buhonyekire mu maarimori na kubota. Naki mwigire mayaka e website ya ILRI.,Wang'ni kanyono kendo nyaka tedi kanyakla 27.4 million dala kwayo golo chogo tokgni mafuta magwe kelo buodo kinsegi kendo kuonde. Nanga note e saito ma ILRI.,"Farmers-yada iyo soo-saareyaasha xoolaha waxay ka qaybqaadan karaan hindisaha caalami ah ee $27.4 milyon oo loogu talagalay in la yareeyo qiiqa methane ee xoolaha iyada oo loo marayo hagaajinta hiddo-wadaha iyo nafaqada. Macluumaad dheeraad ah, fadlan booqo website-ka ILRI.",https://kilimonews.co.ke/science-and-technology/ilri-joins-27-4-million-global-initiative-to-reduce-livestock-methane-emissions/,2026-07-14,scraped:Kilimo News - Sci & Tech
