PSA_ID,Domain,Class,English,Kiswahili,Target_Language,Source,Source_URL,Date,Metadata,Ekegusii,Dholuo,Somali
EDU-00001,Education,PSA,Join us to experience Kuwaiti culture and engage with a vibrant community blending Middle Eastern traditions and international education practices.,Jiunge nasi kutambua utamaduni wa Kuweit na kuungana na jamii yenye nguvu inayochanganya tamaduni za Kati ya Mashariki na taratibu za elimu za kimataifa.,,MoE_Kenya_News,https://www.education.go.ke/15th-international-invention-exhibition-middle-east-iifme-be-held-18th-11th-february2026-state,2025-09-02,General,Nakiere hamwe nige wakiire omokirori gw’Abakuwait na wakiire naki omogende bw’akiari bwotukore buseke styard.,"Ijoino konyo joma kuom Kuwaiti, kendo yieny joma ma oket e bunde maber mar buo mondo kinyal buo gi kaka ma joma manyien.",Nagala soo biir si aad u tijaabiso dhaqanka Kuwaiti iyo inaad la falgasho bulsho firfircoon oo is dhexgalaysa dhaqamada Bariga Dhexe iyo dhaqamada waxbarasho caalami ah.
EDU-00002,Education,PSA,The Government is ensuring that teacher training aligns with the new Competency-Based Education system. Graduates from Moi Teachers Training College are now ready to support this initiative.,Serikali inaweka hakikisho kwamba mafunzo ya walimu yanakidhi mfumo mpya wa Elimu Kulingana na Ufanisi. Wahitimu wa Chuo cha Mafunzo ya Walimu cha Moi sasa wapo tayari kusaidia mpango huu.,,MoE_Kenya_News,https://www.education.go.ke/29th-graduation-ceremony-moi-teachers-training-college-baringo,2025-07-31,Teachers,Abantu baki bateganire omogori bwire buya bwaki buya buero bwesigana na sistema ya Chikoro chire Chigere. Abakire b'ekorokokire ya Moi Teachers Training College naki bateganire kuchengere buya buya.,Chandruok gi chike duto aneto ni tich-re omer kamano ni wigi chike ma oyudo nigi. Nind gi chike ma Moi Teachers Training College oanyalo konyo nawineno.,Dowladdu waxay hubinaysaa in tababarka macalimiinta uu la jaanqaado nidaamka waxbarashada ee ku saleysan kartida. Qalinjabiyayaasha Kaallinta Tababarka Macalimiinta Moi waxay hadda diyaar u yihiin inay taageeraan hindisahan.
EDU-00003,Education,PSA,The Wajir government is investing in education to improve school infrastructure. Residents are encouraged to engage with education officials for benefits in this initiative.,Serikali ya Wajir inwekeza katika elimu kuboresha miundombinu ya shule. Wananchi wanahimizwa kushirikiana na maafisa wa elimu ili kunufaika na mpango huu.,,MoE_Kenya_News,https://www.education.go.ke/63rd-madaraka-day-celebrations-theme-education-skills-and-future-wajir,2026-05-29,General,Omoji wa Wajir atekerere bwakire mwaki omong’era bwaki bwaki. Abaki ba Wajir naki abaki batoro nyang’ani baria bategere kyekiriiro.,Ruoth Wajir en gi timo ma ticho e nyimok madhi te gima no ni gany mo golo. Jowanjal wawe gi kiyogo kuom magi tich kendo ng'eyo nyaka chalo e dhokni.,Dowladda Wajir waxay maalgelinaysaa waxbarashada si ay u hagaajiso kaabayaasha dugsiyada. Dadweynaha waxaa lagu dhiirigelinayaa inay la xiriiraan mas'uuliyiinta waxbarashada si ay u helaan faa'iidooyinka mashruucan.
EDU-00004,Education,PSA,The Kenya Primary Education Equity in Learning (KPEEL) and Kenya Secondary Education Equity and Quality Improvement Programme (SEEQIP) are actively improving access and quality in education.,Mpango wa Usawa wa Elimu ya Msingi Kenya (KPEEL) na Mpango wa Kuboresha Usawa na Ubora wa Elimu ya Sekondari Kenya (SEEQIP) wanafanya kazi kuboresha upatikanaji na ubora katika elimu.,,MoE_Kenya_News,https://www.education.go.ke/assessing-progress-kpeel-and-seeqip-projects,2026-02-12,Curriculum,Omoigoti bwa Kenya Primary Education Equity in Learning (KPEEL) na Kenya Secondary Education Equity and Quality Improvement Programme (SEEQIP) nakiere buya bosibori bwenge na buya bwokire orekeni.,Kenya Primary Education Equity in Learning (KPEEL) kod Kenya Secondary Education Equity and Quality Improvement Programme (SEEQIP) ne okonyo ng'ato kendo nyaka kwa ochieng’ kod piny kendo nyaka nyis in dala.,Barnaamijka Cadaaladda Waxbarashada Aasaasiga ah ee Kenya (KPEEL) iyo Barnaamijka Hagaajinta Tayada iyo Cadaaladda Waxbarashada Dugsiga Sare ee Kenya (SEEQIP) waxay si firfircoon u wanaajinayaan helitaanka iyo tayada waxbarashada.
EDU-00005,Education,PSA,"Celebrate educational excellence! Congratulations to all prize recipients at Maryhill High School. Keep striving for success, students!","Sherehekea ubora wa elimu! Hongera kwa wapokeaji wote wa tuzo katika Shule ya Sekondari ya Maryhill. Endeleeni kutumia juhudi kufikia mafanikio, wanafunzi!",,MoE_Kenya_News,https://www.education.go.ke/basic-education-principal-secretary-accompany-head-public-servicefelix-koskei-celebrate-education,2026-06-19,Schools,"Igenge obwakire bw’achie! Naki ogendete buya buje bosi buya bwakire banachiemi bosi bakore Maryhill High School. Kosibori omokirigani, abere!","Ning’eyo ging’ lari! Nakiya kuom yogo nyingi matindo gi Maryhill High School. Ranyisou chako, masom!","U dabaaldeg tayada waxbarashada! Hambalyo dhammaan dadka ku guuleystay abaalmarinta ee Dugsiga Sare ee Maryhill. Sii wad dadaalkaaga guusha, ardayda!"
EDU-00006,Education,PSA,The Kenya Institute of Special Education is constructing an assistive device factory to support special needs learners. Facilities will improve access to quality education for all learners.,Taasisi ya Kenya ya Elimu ya Walemavu inajenga kiwanda cha vifaa vya msaada ili kusaidia wanafunzi wenye mahitaji maalum. Miundombinu itaboresha upatikanaji wa elimu bora kwa wanafunzi wote.,,MoE_Kenya_News,https://www.education.go.ke/basic-education-principal-secretary-john-ololtua-tours-kise,2026-07-03,General,Ishule ya Kenya ya Ekerenda ya Koshore ikirende chimoti chaki kurerera abaki batariani. Bwakire bwai rianirie buya buigira buya busebu.,Kenya Institute of Special Education owinjo fabrika mar assistive device piny kuom okonyo mawuon gi jieli maber. Kanyira ng’ato nyalo golo kanyo kod buo mar edu shir.,Hay'adda Kenya ee Waxbarashada Gaar ah waxay dhiseysaa warshad qalab taageero ah si ay u caawiso ardayda leh baahiyo khaas ah. Goobahan ayaa kor u qaadi doona helitaanka waxbarasho tayo leh oo dhammaan ardayda.
EDU-00007,Education,PSA,Newly recruited Quality Assurance and Standards Officers (QASOs) are now being oriented at the Kenya Institute for Curriculum Development (KICD).,Maafisa wapya wa Uhakiki wa Ubora na Viwango (QASOs) sasa wanapatiwa maelekezo katika Taasisi ya Kenya ya Utengenezaji wa Mtaala (KICD).,,MoE_Kenya_News,https://www.education.go.ke/basic-education-principal-secretary-john-ololtuaa-has-officially-opened-orientation-newly-recruited,2026-06-16,Curriculum,Abakire abakiri bano chireku banye buya bwa Quality Assurance and Standards Officers (QASOs) bari mokwaki ora ka Kenya Institute for Curriculum Development (KICD).,Joknyakore omiya gi Quality Assurance and Standards (QASOs) nyaka ogendni e Kenya Institute for Curriculum Development (KICD).,Shaqaalaha cusub ee loogu talagalay Kormeerka Tayada iyo Heerarka (QASOs) ayaa hada lagu baranayaa Machadka Kenya ee Horumarinta Manhajka (KICD).
EDU-00008,Education,PSA,"The Ministry of Education, in partnership with WFP, provides mid-day meals to public primary school children in Arid and Semi-Arid regions. Enroll your children to benefit from this nutrition program.","Wizara ya Elimu, kwa kushirikiana na WFP, inatoa chakula cha mchana kwa watoto wa shule za msingi za umma katika maeneo ya Jangwa na Nusu Jangwa. Wajiandikishe watoto wenu ili waweze kunufaika na mpango huu wa lishe.",,MoE_Kenya_News,https://www.education.go.ke/basic-education-programmes,2023-01-01,Schools,"Obwaki bw'Esoma, bw'ekenyang'iana na WFP, buyaire buya bosi bwi naki buya na buya buya buya buya gose buya naki bw'oseku bw'iki. Johana araka naki genda iria jendo.","Ministry of Education, kendo gi WFP, okel mid-day meals ma okonyo mar wadugu ondiek e public primary schools e namba gi Semi-Arid. Jotegno chol gi kanyalo utho e yo piny gi joma owach.","Wasaaradda Waxbarashada, oo wada shaqaynaya WFP, waxay cuntooyinka qado u fidisaa caruurta dugsiyada hoose ee dowladda ku yaal Soomaaliya iyo gobollada kaarika. Diiwaangeli caruurtaada si ay uga faa'iideystaan barnaamijkan nafaqada."
EDU-00009,Education,PSA,KCSE and KJSEA exam papers have been officially opened and are ready for distribution to schools.,Karatasi za mtihani wa KCSE na KJSEA zimefunguliwa rasmi na ziko tayari kufikishwa kwenye shule.,,MoE_Kenya_News,https://www.education.go.ke/basic-education-ps-julius-bitok-westlands-deputy-county-commissioners-office-nairobi-after,2025-11-03,Examinations,Egesia ya KCSE na KJSEA emosi omokibori buya na ekenye ore kirera okugana bwakire buseke.,KCSE na KJSEA ka gika gi tichni to gi beri kuom kendo ne okonyo nyasaye kuoch.,Warqadaha imtixaanka KCSE iyo KJSEA ayaa si rasmi ah loo furay waxaana diyaar u ah in lagu qaybiyo iskuulada.
EDU-00010,Education,PSA,"Over 10,000 laptops and smart boards are being distributed to junior schools across all 47 counties. Schools in Nyandarua Sub-County will receive these digital learning devices.","Zaidi ya laptop 10,000 na mabodi ya smart yatagawanywa kwa shule za msingi katika kaunti zote 47. Shule za Nyandarua Sub-County zitapata vifaa hivi vya kujifunzia kidigitali.",,MoE_Kenya_News,https://www.education.go.ke/basic-education-ps-ololtuaa-distribute-ict-gadgets,2026-07-09,General,"Eka 10,000 emaboko na boti za smart boradi zigebwaki kumakere eria ja junior mu naki 47. Masige ma Nyandarua Sub-County naki oria bahetani ema ibarori.","Dhi nyaka 10,000 laptops naki smart boards duto, dongo ka gidhi nyisore gi junior schools maduong' 47 counties. Shule nikech Nyandarua Sub-County en buo gi teki dhok e yo odhiambo.","In ka badan 10,000 laptop iyo saacado cajiib ah ayaa la qeybinayaa dugsiyada hoose ee ka jira 47-ka dowlad-goboleed. Dugsiyada ku yaal Nyandarua Sub-County ayaa helaya aaladahaan waxbarashada dijital ah."
EDU-00011,Education,PSA,"Schools will not have an early midterm break despite recent unrest. Principals are urged to manage student anxieties flexibly, particularly regarding examinations.","Shule hazitakuwa na mapumziko ya kati ya muhula mapema licha ya machafuko ya hivi karibuni. Wakuu wa shule wanahimizwa kusimamia wasiwasi wa wanafunzi kwa njia rahisi, hasa kuhusu mtihani.",,MoE_Kenya_News,https://www.education.go.ke/bitok-rules-out-early-midterm-break-tame-schools-unrest,2026-06-04,Schools,"Masomo naki gísure bwakire bwaki mwaki omogoba. Abanya masomo batarerwe buya bwere bori naki baki obwaki bwaki batarera, nyasa buya bwenyaki bwaki oriegeri.","Masomo ok nyal havingo gi midterm break monyalo noso. Principals bedo kanyakore gi anjiru ma ok nyal ng'eyo, joma ok nyal rabuoro e tekwono.","Dugsiyada ma laha fasax horudhac ah, inkastoo rabshadihii dhawaan jiray. Dugsiyooyinka waxaa lagu boorinayaa inay si dabacsan u maareeyaan niyadda ardayda, gaar ahaan marka laga hadlayo imtixaannada."
EDU-00012,Education,PSA,"The 3rd Annual Educational Assessment Symposium is underway at New Mitihani House, focusing on curriculum and assessment. All educators are encouraged to participate for innovative learning discussions.","Simpozi ya Tathmini ya Elimu ya Mwaka wa Tatu inaendelea katika Nyumba ya New Mitihani, ikijikita katika mtaala na tathmini. Walimu wote wanakumbushwa kushiriki katika majadiliano ya kujifunza kwa ubunifu.",,MoE_Kenya_News,https://www.education.go.ke/cabinet-secretary-education-julius-migos-ogamba-presided-over-official-opening-3rd-annual,2026-05-08,Curriculum,"Symposium ya 3rd Annual Educational Assessment ikoraganje ku New Mitihani House, ikigana ku masomo nakiwandiko. Abana nakiire bongeka kukiriga bakanegere getachane bizururano bwakoriana.","Symposium mar 3rd makongo mag jomokoro mar elimu nochopo e New Mitihani House, ohingo kuom joma chako gi test. Jomokoro manok nyise ka orwako e yath madhi mag joma nyalawa.","Shirka 3aad ee Sanadlaha ah ee Qiimeynta Waxbarashada ayaa socota xarunta New Mitihani House, iyadoo diiradda la saarayo manhajka iyo qiimeynta. Dhamaan macalimiinta waxaa lagu dhiirrigelinayaa inay ka qayb qaataan doodaha waxbarasho ee hal-abuurka leh."
EDU-00013,Education,PSA,KCSE 2025 results have been released. Students can access their results through the KNEC website.,Matokeo ya KCSE 2025 yameachiliwa. Wanafunzi wanaweza kupata matokeo yao kupitia tovuti ya KNEC.,,MoE_Kenya_News,https://www.education.go.ke/ceo-knec-kcse-release-2025-results,2026-01-12,Examinations,Abantu barimanye bwakirori bwa KCSE 2025. Abanyeshule barikwanirira kubakire bwakirori bwabo kwang'ana KNEC website.,KCSE 2025 waki e yo. Duong' gi nyaka en konyi malong' e KNEC website.,Natiijada KCSE 2025 waa la soo saaray. Ardaydu waxay ka heli karaan natiijooyinkooda bogga KNEC.
EDU-00014,Education,PSA,"Kimana Girls in Kajiado County now has an 800-seat multi-purpose hall, new classrooms, a school bakery, and cabro-paving. Students and parents can access these new facilities starting today.","Wasichana wa Kimana katika Kaunti ya Kajiado sasa wana jengo la malengo mengi lenye viti 800, madarasa mapya, tanuri ya shule, na kupigwa kwa zege la cabro. Wanafunzi na wazazi wanaweza kutumia vitu hivi vipya kuanzia leo.",,MoE_Kenya_News,https://www.education.go.ke/commissioning-800-seat-multi-purpose-hall-new-classrooms-school-bakery-and-cabro-paving-school,2025-07-29,Schools,"Kimana Girls e Kajiado County itenana oria 800 yegira, ekiyaki naki yegira, ekibakery isikwana, na cabro-paving. Bakirita naki abogo bakanisibori oria egiireri oria naki omoka.","Kimana Girls ku Kajiado County nyaka ochung' guyo 800, ma ok tendo mar joma nyaka chako, nyaka dala, n'enjinga mar sukulu, kod cabro-paving. Jodong' kata joma ni koyo kod nyaka duto ka nyaka ibiro nyaka chiep kendo tinde chogo.","Kimana Gashaan Kajiado County hadda waxay leedahay hool badan oo fadhiyo 800, fasallo cusub, foorno iskuulka, iyo waddooyin cabro ah. Ardayda iyo waalidiinta waxay ka faa’iideysan karaan xarumahan cusub laga bilaabo maanta."
EDU-00015,Education,PSA,A new multi-storey academic block has been commissioned at Kenya Coast National Polytechnic to enhance training. Students can now access modern facilities for Competency-Based Education and Training.,Jengo jipya la kitaaluma la ghorofa nyingi limezinduliwa katika Kenya Coast National Polytechnic ili kuboresha mafunzo. Wanafunzi sasa wanaweza kufikia vifaa vya kisasa kwa ajili ya Elimu na Mafunzo Yanayolenga Ufanisi.,,MoE_Kenya_News,https://www.education.go.ke/commissioning-academic-block-kenya-coast-national-polytechnic,2026-02-24,Teachers,Ekegusii agokire buya buya bw'ekarati bw'ekare biragoria e Kenya Coast National Polytechnic buya bw'ogokira buya. Abana bakienda bweta buya bw'amakamati bw'ogotegoria ogokiri.,Wang'ni kamano nyaka tijruwore mar mobil ng'ato g'otieko e Kenya Coast National Polytechnic kuom ng'ato mar tich. Aburu mag tich nigi mano ochung' nyaka ng'ato kendo chalo piny e tich mag mbin.,Dhisme cusub oo badan dabaqyo ah ayaa laga furaay Soomaaliya Coast National Polytechnic si kor loogu qaado tababarka. Ardaydu hadda waxay heli karaan xarumo casri ah oo loogu talagalay Waxbarashada iyo Tababarka ku Saleysan Awoodda.
EDU-00016,Education,PSA,"Umma University has inaugurated the Dr. Abdulrahman Al-Sumait Complex, a 10-storey facility for 10,000 students, enhancing access to education.","Chuo Kikuu cha Umma kimezindua Jengo la Dr. Abdulrahman Al-Sumait, la ghorofa 10 lenye uwezo wa wanafunzi 10,000, kuboresha upatikanaji wa elimu.",,MoE_Kenya_News,https://www.education.go.ke/commissioning-dr-abdulrahman-al-sumait-complex-and-break-ground-school-engineering-project-umma,2025-10-01,Schools,"Umma University omokirire oboragani bwa Dr. Abdulrahman Al-Sumait, obokiri bw’amasomo obwakorete buria 10, buya 10,000 baana, bokiranga buya bunyasa bw’amasomo.","Umma University onyalo jorwako Dr. Abdulrahman Al-Sumait Complex, nyumba mar 10, nyaka golo 10,000, nyalo yore piny kuom chik.","Jaamacadda Umma waxay furtay Xarunta Dr. Abdulrahman Al-Sumait, oo ah dhisme 10 dabaq ah oo loogu talagalay 10,000 arday, taasi oo korodhsanaysa fursadaha waxbarasho."
EDU-00017,Education,PSA,The Signet Institute of Australia office is now open at Kabete National Polytechnic for students and stakeholders in TVET.,Ofisi ya Taasisi ya Signet ya Australia sasa imefunguliwa katika Polytechnic ya Kitaifa ya Kabete kwa wanafunzi na wadau katika TVET.,,MoE_Kenya_News,https://www.education.go.ke/commissioning-signet-institute-australia,2025-07-24,General,Bwakirori bu Signet Institute of Australia buya buhashi na Kabete National Polytechnic buya bwanaki bosi na bwakira bwi TVET.,Ofisi ma Signet Institute of Australia yi jacha kuom Kabete National Polytechnic mokuongo kuom student gi stakeholders e TVET.,Xarunta Signet Institute of Australia ayaa hadda furan oo ku taalla Kabete National Polytechnic ee ardayda iyo daneeyayaasha TVET.
EDU-00018,Education,PSA,The Ministry of Education is committed to collaborating with school administrators to address challenges in learning; all heads of institutions are encouraged to engage and support ongoing improvements.,Wizara ya Elimu ina dhamira ya kushirikiana na wasimamizi wa shule kutatua changamoto katika kujifunza; wakuu wa taasisi wote wanahimizwa kuhusika na kusaidia maboresho yanayoendelea.,,MoE_Kenya_News,https://www.education.go.ke/commitment-tackle-challenges-grade-10,2026-06-24,Schools,Minisompia ya Ekegusii ikoragania na abwere buya bwakiruga buya nyakiere buya buero; abere b’iebwi b’amasomo nakiya kuganya na buya bwakuruma buya bwokiracho.,Ministry of Education niya okonyo kuom gi diko ma okwayi e ng'ato makelo to orem joma okel ki joma chike; wote konyruokni ne nyal komoyo kendo ng'eyo dhih ohinga.,Wasaaradda Waxbarashada waxay ka go'an tahay inay la shaqeyso maamulka dugsiyada si ay uga jawaabaan caqabadaha waxbarashada; dhammaan madaxda hay'adaha waxa lagu dhiirrigelinayaa inay ka qaybqaataan oo taageeraan horumarka socda.
EDU-00019,Education,PSA,"Bomet University College has been conferred a Charter, enhancing access to quality higher education in Kenya.","Chuo Kikuu cha Bomet kimepewa Hati ya Usajili, ikilenga kuboresha upatikanaji wa elimu ya juu bora nchini Kenya.",,MoE_Kenya_News,https://www.education.go.ke/confirment-charter-bomet-university-college,2026-02-05,General,"Bomet University College ekorirete omogaka, eng'ereirie obiasire bw'oki bw'egesere oria kera omoka kwa Kenya.","Bomet University College yong' bende charita, nopon gi wanga kuom jombo ma okel joruok e Kenya.","Jaamacadda Bomet College ayaa lagu daweeyay Shahaaddo, taasoo kor u qaadaysa helitaanka waxbarashada sare ee tayada leh ee Kenya."
EDU-00020,Education,PSA,The 2025 KCSE results have been released. Students can access their results through the official education website.,Matokeo ya KCSE ya mwaka 2025 yameachiliwa. Wanafunzi wanaweza kupata matokeo yao kupitia tovuti rasmi ya elimu.,,MoE_Kenya_News,https://www.education.go.ke/cs-speech-kcse-release-2025-results,2026-01-12,Examinations,Ebwaki bwakire 2025 buseku bwasangire. Abakere batikire buseku bwabo kubwaki bweganda bwokirigana.,2025 KCSE result yien nende. Wana ziarore in gi kamano oting'o e kanyango kod piya mar thum.,Natiijada KCSE ee 2025 ayaa la sii daayay. Ardaydu waxay ka heli karaan natiijooyinkooda bogga rasmiga ah ee waxbarashada.
EDU-00021,Education,PSA,"New facilities, including seven smart classrooms and a renovated computer lab, have been launched at Kimana Girls School. Students are encouraged to utilize these improvements for enhanced learning.","Vituo vipya, ikihusisha madarasa saba ya kisasa na maabara ya kompyuta iliyokarabatiwa, vimeanzishwa katika Shule ya Wasichana Kimana. Wanafunzi wanahimizwa kutumia maboresho haya kwa ajili ya kujifunza bora.",,MoE_Kenya_News,https://www.education.go.ke/earlier-today-principal-secretary-basic-education-mr-john-ololtuaa-commissioned-key-new-facilities,2026-06-17,Schools,"Ekiro enye, ekiruta ekenyi, omogondo atano ogenda na ibundori ikwenda, baragirira ku Kimana Girls School. Abagire batarora batarorera kumirika ebisimu ki ogenda omose omogendo.","Dhi nyasa, kendo ng'ato mar kanyakla, ne itiyo e Kimana Girls School. Wana ni nigi okaw kanyakla maniegi mondo wach modhiambo.","Fasallo cusub, oo ay ku jiraan todoba fasal oo casri ah iyo lab kompuyuutar oo dib loo renovate-gareeyay, ayaa laga furay Dugsiga Gabdhaha Kimana. Ardayda waxaa lagu dhiirigelinayaa inay ka faa'iideystaan horumaradan si kor loogu qaado waxbarashadooda."
EDU-00022,Education,PSA,The Ministry of Education supports the promotion of indigenous languages and literacy across Kenya. Schools and communities are encouraged to participate in local literacy initiatives.,Wizara ya Elimu inasaidia kukuza lugha za asili na uandishi kote Kenya. Shule na jamii zinahimizwa kushiriki katika mipango ya uandishi wa ndani.,,MoE_Kenya_News,https://www.education.go.ke/education-cs-julius-migos-ogamba-champions-indigenous-literacy-machakos-run-bibleless,2025-07-14,Schools,Osomeka Bwaki bw'Eng'eno obwakire omogusii na omokiragano mu naki. Masomo na omogusi bakenyekerebwe oria bw'egeno buria bw'oguteberekera.,Ministri wa Elimu yiyo nyiso kuom golo lwakni gi jomoko kendo yo joma ne dhi ng'wat. Sukoge kod dhoho gi nyaka togi e golo lwakni marok.,Wasaaradda Waxbarashada waxay taageertaa kor u qaadida luqadaha dhaqanka iyo akhriska guud ahaan Kenya. Dugsiyada iyo bulshooyinka waxaa lagu dhiirrigelinayaa inay ka qayb qaataan hindidaan akhriska ee maxalliga ah.
EDU-00023,Education,PSA,"The proposed Nyamira University College is under establishment, with Kisii University as the mentor institution. Further details will be announced soon.","Chuo Kikuu cha Nyamira kinapangwa kuanzishwa, huku Chuo Kikuu cha Kisii kama taasisi msaidizi. Maelezo zaidi yataripotiwa hivi karibuni.",,MoE_Kenya_News,https://www.education.go.ke/establishment-proposed-nyamira-university-college,2025-10-03,General,"Ikirondo kya Nyamira University College kirikuria, na Kisii University nikikango cha okuigi. Amaka marekire okore na mwaki.","Nyamira University College owinjore, ka Kisii University no ng'wonj lag'ano. Nying' gigo nodhi nyaka weche kendo.","Jaamacadda Nyamira ee la soo jeediyay ayaa la dhisayaa, iyadoo Jaamacadda Kisii tahay hay'adda hagta. Faahfaahin dheeraad ah ayaa la soo bandhgyn doonaa dhawaan."
EDU-00024,Education,PSA,The Government will conduct a census of Technical and Vocational Education Training (TVET) institutions across all 47 counties. Cooperation from institutions is essential for accurate data collection.,Serikali itafanya sensa ya Taasisi za Elimu ya Ufundi na Mafunzo ya Ufundi (TVET) katika kaunti zote 47. Ushirikiano kutoka kwa taasisi ni muhimu kwa ukusanyaji sahihi wa takwimu.,,MoE_Kenya_News,https://www.education.go.ke/first-ever-census-tvet-institions-kenya,2026-05-19,Teachers,Abakireri ba Osongo banochere obwaki bwaki bwaki bwomokiri bwamwaki na Obwere bwabere bwa Technical and Vocational Education Training (TVET) bwere bwomokirabaki busebenze bwana 47. Obwakireri buhaki bworokie busebenze bwere bwokiri bwaki busebenze.,Government noling' ni census efweny kenda gi Technical and Vocational Education Training (TVET) institutions nyaka all 47 counties. Cooperation gi institutions ni konyo chalo mar data mach.,Dowladdu waxay qaban doontaa tirakoobka hay'adaha Waxbarashada Farsamada iyo Xirfadaha (TVET) guud ahaan 47-ka gobal. Wada-shaqeyntu waa muhiim si loo helo xog sax ah.
EDU-00025,Education,PSA,Applications for the Full-Time Special Needs Education Diploma Course at the Kenya Institute of Special Education are now open. Download the application form [here](https://www.kise.ac.ke/sites/default/files/KISE%20DIP%20APPLICATION%20_0.pdf).,Maombi ya kozi ya diploma ya elimu maalum ya mahitaji maalum ya muda wote kwenye Taasisi ya Elimu Maalum ya Kenya yanafunguliwa sasa. Pakua fomu ya maombi [hapa](https://www.kise.ac.ke/sites/default/files/KISE%20DIP%20APPLICATION%20_0.pdf).,,MoE_Kenya_News,https://www.education.go.ke/full-time-sne-diploma-course-kenya-institute-special-education-application,2026-04-10,General,Emotukire buya oria bw'ano kw'orogori buya amakiria matarego b'obuchinga buya ku Kenya Institute of Special Education ichire. Chibwanirire fomori ya orogori [naki](https://www.kise.ac.ke/sites/default/files/KISE%20DIP%20APPLICATION%20_0.pdf).,"Kisomo kanyimorogore ma nyisiyo kanyimorogore mwakwanja pure plarua ""Full-Time Special Needs Education Diploma Course"" ku Kenya Institute of Special Education manokonyo. Wacho kamano kanyimorogore [ng'ato](https://www.kise.ac.ke/sites/default/files/KISE%20DIP%20APPLICATION%20_0.pdf).",Codsiyada loogu talagalay Koorso Diploma ah oo dhameystiran oo ku saabsan Waxbarashada Baahiyaha Gaarka ah ee Machadka Kenya ee Waxbarashada Baahiyaha Gaarka ah ayaa hadda furan. Fadlan soo dejiso foomka codsiga [halkan](https://www.kise.ac.ke/sites/default/files/KISE%20DIP%20APPLICATION%20_0.pdf).
EDU-00026,Education,PSA,The education sector is currently undergoing discussions on funding; stay tuned for updates that may affect educational resources and support.,Sekta ya elimu hivi sasa inajadili masuala ya ufadhili; subiri taarifa zitakazoweza kuathiri rasilimali za elimu na msaada.,,MoE_Kenya_News,https://www.education.go.ke/funding-education-sector,2025-08-20,General,Ekiogo chireta naki naki oria yakirire omokiri bwakire; muiga bwakire buya okire buya buya bwakire busoka na buya bwaki.,Biro chike mag edudzi olok konyo kuom funding; chako gweng' kuom ndalo mang'wonni mane en kanyango kod chunyi.,Waqtigaan waxbarashada waxaa ka soconaya wadahadalo ku saabsan maalgelinta; la soco wararka cusub ee saameyn kara agabka iyo taageerada waxbarashada.
EDU-00027,Education,PSA,"Gretsa University has been granted a Charter, expanding access to higher education in Kenya. Students interested in enrolling should consider Gretsa University for their studies.","Chuo Kikuu cha Gretsa kimepatiwa Hati, kuongeza upatikanaji wa elimu ya juu nchini Kenya. Wanafunzi wanaotaka kujiandikisha wanapaswa kuzingatia Chuo Kikuu cha Gretsa kwa masomo yao.",,MoE_Kenya_News,https://www.education.go.ke/grant-charter-gretsa-university,2025-11-19,General,"Gretsa University emonagwi ekichacha, omokiri eng'ang'ina ya nasibori ya chire moke e Kenya. Abana babere orokire ing'enda kugwanera Gretsa University buya bwo liane.","Gretsa University e nangi Charter, kendo ne oing'ogi gi chula buo kuom edukatio mar ganda e Kenya. Tich moloyo kuom yech kod kanyo gi Gretsa University manok joge.","Jaamacadda Gretsa waxay heshay Shati, taasoo kordhinaysa helitaanka waxbarashada sare ee Kenya. Ardayda danaynaysa inay iska diiwaan galiyaan waa inay tixgeliyaan Jaamacadda Gretsa si ay u bartaan."
EDU-00028,Education,PSA,"The National Education Conference is now a permanent event in the Ministry of Education's Calendar of Activities, facilitating ongoing collaboration among education stakeholders.","Mkutano wa Kitaifa wa Elimu sasa ni tukio la kudumu katika Kalenda ya Shughuli za Wizara ya Elimu, ukiratibu ushirikiano endelevu kati ya washikadau wa elimu.",,MoE_Kenya_News,https://www.education.go.ke/h-president-william-ruto-officially-opened-2nd-national-conference-educationat-lake-naivasha-resort,2026-05-08,General,"Konferensi ya Kitaifa ya Elimu ikore omokogoti bwakire mu Kalendar ya Nyasa ya Wizara ya Elimu, ikireri omogogooja bwakire buya bwenyibori bwaki.","Konferen nigi mar masomo en oketi to otino ni gima Ministry of Education otemo ng'ato ma oketh timo, oting'o gigo mag wedo piny mar masomo.","Shirweynaha Aqoonsiga Qaranka ee Waxbarashada ayaa hadda noqday dhacdo joogto ah oo ku jirta Jadwalka Hawlaha Wasaaradda Waxbarashada, isagoo fududeeya iskaashiga joogtada ah ee ka dhexeeya daneeyayaasha waxbarashada."
EDU-00029,Education,PSA,Consolata International University has been granted a Letter of Interim Authority and will offer holistic education. Students interested should apply for programs that align with national development needs.,Chuo Kikuu cha Consolata kimetoa Barua ya Mamlaka ya Mpito na kitatoa elimu ya kina. Wanafunzi wanaovutiwa wanapaswa kuomba mipango inayokubaliana na mahitaji ya maendeleo ya kitaifa.,,MoE_Kenya_News,https://www.education.go.ke/holistic-education-rooted-values-academic-excellence,2025-08-20,General,Consolata International University yoremeire omogore bw'akiiri bw'ekegirango bujagano buya ibintu biogire. Abana batararia bakenye bategane bazi bwiikire maarifa oria bina orio biongorane na oria ote ahu.,Consolata International University en giyeng' a Letter of Interim Authority; ka en bende eyo eyo mar edukashon marach. Wasomni miyo roch ka oseyok nyamre ma ng'iyo ka timbwa chuth.,Jaamacadda Consolata International waxay heshay Warqad Awlaad Kumeelgaar ah waxayna siin doontaa waxbarasho dhamaystiran. Ardayda danaynaysa waa in ay codsadaan barnaamijyo la jaanqaadaya baahiyaha horumarinta qaranka.
EDU-00030,Education,PSA,The Ministry of Education is implementing the Return-to-Work-Formula for staff welfare. Educational institutions must ensure compliance to maintain stability and continuity.,Wizara ya Elimu inatekeleza Mfumo wa Kurudi Kazini kwa ajili ya ustawi wa wafanyakazi. Taasisi za elimu zinapaswa kuhakikisha ufanisi ili kudumisha utulivu na mwendelezo.,,MoE_Kenya_News,https://www.education.go.ke/implementation-return-work-formula,2025-08-20,General,Ekegusii chire gochuna buya bwakireri bwakiari bw’ogokireri. Abakire bosi bateganie buya buori omogobwa naki.,Minisi ya Darsa inachang' nyalo konyo Return-to-Work-Formula gi tera mar tich. Wajumbe gi mawuoro mag darsa nyal konyo pod eyo chandruok kende gi joutho.,Wasaaradda Waxbarashada waxay hirgelinaysaa Nidaamka Dib-u-soo-kabashada ee shaqaalaha. Hay'adaha waxbarashada waa inay hubiyaan in la raaco si loo ilaaliyo xasilloonida iyo joogtaynta.
EDU-00031,Education,PSA,A Ministerial Audit Committee has been officially inaugurated at the Ministry of Education. Stakeholders should direct any inquiries or engagements related to this committee accordingly.,Kamati ya Ukaguzi ya Wazirini imezinduliwa rasmi katika Wizara ya Elimu. Wadau wanapaswa kuelekeza maswali au ushirikiano wowote kuhusu kamati hii ipasavyo.,,MoE_Kenya_News,https://www.education.go.ke/inauguration-ministerial-audit-committee,2025-10-03,General,Abakunyaki bakiabere bwakinyakanio buya ogenda eKigosi. Abakianyaki naki batieja oria buya bwakiabere mboge buya nakinyakire.,Dhi Miniti wacho ni Audit Committee en gima ok oting'ore e Ministry of Education. Omeny aora canyore chon gini ma okonyo kaka gima committee nyaka.,Guddiga Kormeerka Wasiirku si rasmi ah ayaa loo furay Wasaaradda Waxbarashada. Xubnaha daneeyayaasha waa inay su'aalaha ama isdhaafsiga la xiriira guddigan si habboon ugu wadaan.
EDU-00032,Education,PSA,The newly appointed University of Nairobi Council has been inaugurated to provide strategic guidance and oversight.,Baraza jipya la Chuo Kikuu cha Nairobi limepewa kinga rasmi ili kutoa mwongozo wa kimkakati na ufuatiliaji.,,MoE_Kenya_News,https://www.education.go.ke/inauguration-newly-appointed-university-nairobi-council,2025-08-06,General,Amageng'ani atiga University of Nairobi omokiria omokiri omogori na omena buya.,University of Nairobi Council nyalo tinye ketegi mokwongo gi tetbani kod nyinge.,Guriga Golaha Jaamacadda Nairobi ee cusub ayaa la furay si uu u bixiyo hanuun siyaasadeed iyo kormeer.
EDU-00033,Education,PSA,All secondary schools are reminded to refrain from legal disputes over sports competitions. Ensure compliance with age limits for participants — only students under 19 years are eligible to compete.,Shule zote za sekondari zinakumbushwa kujiepusha na mizozo ya kisheria kuhusu mashindano ya michezo. Hakikisheni mtazingatia mipaka ya umri kwa washiriki — ni wanafunzi wenye umri chini ya miaka 19 pekee ndio wanaweza kushiriki.,,MoE_Kenya_News,https://www.education.go.ke/index.php/national-term-two-games-kakamega,2025-01-08,Schools,Masomo ebiri nakiya nakiya siyatebere kubwaki chireke kiugene buse-nyang'ani. Bwakire obwakire buse bu jombi bwakisi — abato bwaki 19 nakiya bakwigana giyaki.,Wek kanyo sekondari namar gima ok nyal jiwne nyaka kuom ng'ato ma ok mamor gi dhano. Piny jomoko mokonyo kanyakla kendo bende osieko ng'ato — jomoko ma ok ni 19 pind jachieng' ma jiwe.,Dhammaan dugsiyada sare waxaa lagu xusuusinayaa inay iska ilaaliyaan khilaafaadka sharciga ah ee ku saabsan tartamada ciyaaraha. Fadlan hubi in lagu dhaqmo xadka da'da ka qaybgalayaasha — kaliya ardayda ka yar 19 sanno ayaa loo oggol yahay inay tartamaan.
EDU-00034,Education,PSA,All stakeholders in the education sector are urged to prioritize quality assurance and standards to align with Kenya Vision 2030 and Sustainable Development Goal 4 for national development.,Wadau wote katika sekta ya elimu wanahimizwa kuzingatia dhamana ya ubora na viwango ili kuendana na Kenya Vision 2030 na Lengo la Maendeleo Endelevu la 4 kwa ajili ya maendeleo ya kitaifa.,,MoE_Kenya_News,https://www.education.go.ke/index.php/quality-assurance-and-standards,2026-06-16,General,Ababwaki boke mu gaki ya ekirumi baibori bwakire omogore bwae bwokokere bwetare buse buya kera oria Kenya Vision 2030 na Sustainable Development Goal 4 buya gusibori bweng'ere bwogaki.,"Ng’ato dhi nyaka lweny nyinga, nyaka giro chike mar donge ni ikayi nyaka thur kendo wanj ni Kenya Vision 2030 kod Sustainable Development Goal 4 inginyo mar thum.",Dhammaan daneeyayaasha sektorka waxbarashada waxaa lagu boorinayaa inay mudnaanta siiyaan tayada iyo heerarka si loo waafajiyo Himilada Kenya 2030 iyo Yoolka Horumarinta Joogtada ah ee 4da ee horumarka qaranka.
EDU-00035,Education,PSA,The Ministry of Education is implementing the Secondary Education Equity and Quality Improvement Programme (SEEQIP) to enhance learning conditions in secondary schools through laboratory construction.,Wizara ya Elimu inatekeleza Mpango wa Uboreshaji wa Usawa na Ubora wa Elimu ya Sekondari (SEEQIP) kuboresha hali ya kujifunza katika shule za sekondari kupitia ujenzi wa maabara.,,MoE_Kenya_News,https://www.education.go.ke/index.php/secondary-education-equity-and-quality-improvement-programmeseeqip,2025-09-24,General,"Ogoti bwa Siasa bashi a naki bwang'ana bwake bwiaburi bwa Sekondari, buya bwaki bwikire bwoko bwanang'ana buya bwachieng'ani habwaki bwenda bura buya kosi.",Ministri ma Kola nyaka jochung' gi Secondary Education Equity and Quality Improvement Programme (SEEQIP) kuom timbe ma nyal piny konyo buot piny gi labora.,Wasaaradda Waxbarashada waxay fulinaysaa Barnaamijka Sinaanta iyo Tayada Waxbarashada Dhalinyarada (SEEQIP) si loo hagaajiyo xaaladaha waxbarasho ee dugsiyada sare iyada oo loo marayo dhismaha shaybaarka.
EDU-00036,Education,PSA,"The Government of Kenya, in partnership with the World Bank, is implementing the Secondary Education Quality Improvement Project (SEQIP) to enhance education in disadvantaged areas.","Serikali ya Kenya, kwa ushirikiano na Benki ya Dunia, inaendesha Mradi wa Kuboresha Ubora wa Elimu ya Sekondari (SEQIP) ili kuboresha elimu katika maeneo yasiyo na maendeleo.",,MoE_Kenya_News,https://www.education.go.ke/index.php/secondary-education-quality-improvement-projectseqip,2025-09-10,General,"Omosakhanyi wa Kenya, na naki ya World Bank, bokerere omokibori bw'aisoma bw'ekebori buya (SEQIP) mwaki naki bw'ogekwere omokibori bw'aisoma buya.","Gavana wa Kenya, ka nyisiyogo gi World Bank, otieno projeke mar Secondary Education Quality Improvement Project (SEQIP) kuom nyalo piny gi inyuol mag edukeshoni e piny maler.","Dowladda Kenya, oo kaashanaysa Bangiga Adduunka, waxay hirgelinaysaa Mashruuca Hagaajinta Tayada Waxbarashada Dugsiga Sare (SEQIP) si kor loogu qaado waxbarashada meelaha danyarta ah."
EDU-00037,Education,PSA,The government of Kenya celebrates the success of Special Needs Education learners who won 2 Gold and 2 Silver medals at the FEASSA Games in Kakamega.,Serikali ya Kenya inasherehekea mafanikio ya wanafunzi wa Elimu ya Mahitaji Maalum waliofanikiwa kupata medali 2 za Dhahabu na 2 za Fedha katika Michezo ya FEASSA huko Kakamega.,,MoE_Kenya_News,https://www.education.go.ke/kenya-backed-2-gold-medals-and-2-silvers,2025-08-20,Schools,Obwaki bw'ekegeni bwa Kenya buwakiire ubwaki bw'abakizi b'ekiganjabi b'okwenda 2 n'ekirokonyo 2 ahakire FEASSA Games omokisi Kakamega.,Government of Kenya ne oganda ng'ato ma ok nyalo yore ka gi Special Needs Education learners mane owinjo 2 Gold to 2 Silver medals e FEASSA Games kod Kakamega.,Dowladda Kenya waxay ku dabaaldegaysaa guusha ardayda waxbarashada baahiyaha gaarka ah ee ku guuleystay 2 dahab iyo 2 qalin ah ciyaaraha FEASSA ee Kakamega.
EDU-00038,Education,PSA,"Kenya will host the FEASSA Championship in Kakamega from August 14–22, 2025. Schools should prepare students for participation in this event.","Kenya itashiriki katika Mashindano ya FEASSA huko Kakamega kuanzia Agosti 14 hadi 22, 2025. Shule zinapaswa kuwaandaa wanafunzi kushiriki katika tukio hili.",,MoE_Kenya_News,https://www.education.go.ke/kenya-host-feassa-federation-east-african-school-sports-association-championship-kakamega-14th-25th,2025-08-01,Schools,"Kenya ikwenda bushang'ana na FEASSA Championship e Kakamega buya August 14–22, 2025. Mashule magakire omokiri bwakirakire abana buya bucheke omogende ng'ende.","Kenya ikwayo FEASSA Championship e Kakamega nendi August 14–22, 2025. Masomo ok gitek students kuom yo kati e nind gi tich.","Kenya waxay martigelin doontaa Tartanka FEASSA ee Kakamega laga bilaabo Ogosto 14–22, 2025. Dugsiyada waa inay diyaarisaa ardayda ka qeyb galka dhacdadan."
EDU-00039,Education,PSA,School buses must not operate between 6pm and 6am as per the Traffic (Amendment) Act 2017. Violators will face legal action.,Basi za shule hazipaswi kufanya kazi kati ya saa 12 jioni na saa 12 asubuhi kulingana na Sheria ya Usafiri (Marekebisho) ya mwaka 2017. Wakosaji watachukuliwa hatua za kisheria.,,MoE_Kenya_News,https://www.education.go.ke/kenya-national-music-festivals-meru,2025-08-07,Schools,"Maschool bus oborori buya hagati ya 6pm na 6am, goia buya buya Traffic (Amendment) Act 2017. Bakiibaki bayang’ana buya bwaki.",Kanya bus gi chike nyalo kare ma ok gin mo 6 nyakundruok kendo 6 nyakundruok koro. Kachiel kuom gige keler.,Basaska dugsiyada ma shaqeyn karaan inta u dhaxaysa 6pm ilaa 6am sida ku xusan Sharciga Taraafikada (Isbeddelka) 2017. Ku xadgudbayasha waxay wajihi doonaan tallaabo sharci.
EDU-00040,Education,PSA,Education leaders are collaborating to implement reforms aimed at improving the Kenyan education sector. Stay informed on updates and initiatives in your local education community.,Viongozi wa elimu wanashirikiana kutekeleza mabadiliko yanayolenga kuboresha sekta ya elimu nchini Kenya. Kuwa na habari kuhusu taarifa na mipango katika jamii yako ya elimu.,,MoE_Kenya_News,https://www.education.go.ke/launch-learn-lead-education-leaders-rally-reform,2026-03-31,General,Abakiongozi b’ekibori babandanya gusanganya omokinyani okwisekanya hita ekibori kya Kenya. Naki omokinyani omoshure hia bukire naki omogeni okuoruya bwebokinyani bwebe.,Ong'ere mag jaramogi ne gin golo ginyalu e kachieng' kaka gimaki yore gi nyim mano mar Kenyani. Konyo gi wacho kuom kendo wathni e wangal mar jaramogi maok otereo.,Hoggaamiyeyaasha waxbarashada waxay iskaa wax u qabso u jiraan in ay hirgeliyaan isbedelada lagu hagaajinayo qeybta waxbarashada Kenya. La soco wararka iyo dadaallada ka jira bulshaddaada waxbarasho.
EDU-00041,Education,PSA,Education leaders are advocating for reforms in the education sector. Stakeholders are encouraged to engage in the discussions to drive improvements.,Viongozi wa elimu wanasisitiza mabadiliko katika sekta ya elimu. Wadau wanahimizwa kushiriki katika majadiliano ili kuleta maboresho.,,MoE_Kenya_News,https://www.education.go.ke/launch-learn-lead-education-leaders-rally-reform-0,2026-03-31,General,Abaki baki baisingori burosi bwaki bwegena bwa chichere. Abekang'ani naki abaki batarakire okang'ana mu naki omonene bw'ogendete bwaki.,Wakilishi mawuok idhi ka lweny miyo chike e nyasayo. Okwongo mawuok ng'eyo ni mohero konyruok e higa mar lweny kendo kuotna.,Hoggaamiyeyaasha waxbarashada ayaa ku baaqaya isbeddelada waaxda waxbarashada. Dulmarayaasha waxaa lagu dhiirigelinayaa inay ka qayb qaataan doodo si kor loogu qaado hagaajinta.
EDU-00042,Education,PSA,"The upgrade of Limbine Primary and Junior School's infrastructure in Meru County is underway, supported by the Safaricom Foundation and school alumni.","Ukarabati wa miundombinu ya Shule ya Msingi na Shule ya Upili ya Limbine katika Kaunti ya Meru unaendelea, ukiungwa mkono na Mfuko wa Safaricom na wahitimu wa shule hiyo.",,MoE_Kenya_News,https://www.education.go.ke/laying-foundation-stone-upgrade-limbine-primary-and-junior-school,2025-08-06,Schools,"Bwakire bwakiibori bwende Limbine Primary na Junior School buya Meru County buse, bwakiisirowe na Safaricom Foundation na abakiisi bwaye.","Okwongo mar Limbine Primary ka Junior School e Meru County ikweyo, lilo kawruok motegno kaka Safaricom Foundation ka joma uda e koyi.","Horumarinta kaabayaasha Iskuulka Hoose iyo Dugsiga dhexe ee Limbine ee Gobolka Meru way socotaa, iyadoo ay taageerayaan Saafirikom Foundation iyo ardaydii dugsiga ka qalin jebisay."
EDU-00043,Education,PSA,The National Qualifications Framework for Micro-Credentials aims to enhance access to skills recognition and flexible learning pathways for learners. Stay informed on updates related to this initiative.,Muundo wa Kitaifa wa Sifa za Mikro unalenga kuongeza ufikiaji wa kutambuliwa kwa ujuzi na njia za kujifunza zinazofaa kwa wanafunzi. Kuwa na habari kuhusu sasisho zinazohusiana na mpango huu.,,MoE_Kenya_News,https://www.education.go.ke/partnership-enhance-kenya-education-system-line-global-standards-remains-priority,2025-09-23,Teachers,Obwaki bw'Obugendi bwy'Abakora ey'aviga ogw'omogorori munchiri ogwakorere ore chia obwabwakire bw'akagwiji na omokiri oria ogw'obwishingo bw'abakora. Naki omogenda omokiri osisi omokiri moshoki.,National Qualifications Framework ng'ato ma Micro-Credentials noyienyo chuth kuom joma otieno e yo dhek mar gi ji nyaka sigandini. Wacho ni no ka kanyakore gi bura e tich ma oger.,Qaabka Shahaadooyinka Qaranka ee Micro-Credentials wuxuu ujeedkiisu yahay inuu fududeeyo helitaanka aqoonsiga xirfadaha iyo waddooyinka barashada dabacsan ee ardayda. La soco wararka ku saabsan hindisahan.
EDU-00044,Education,PSA,"All learners at Karen Comprehensive School, from ECDE to Grade 9, will receive a pair of shoes to enhance their comfort and self-esteem.","Wanafunzi wote katika Shule ya Karen Comprehensive, kuanzia ECDE hadi Darasa la 9, watapokea viatu vya kujivunia ili kuboresha faraja na kujiamini.",,MoE_Kenya_News,https://www.education.go.ke/principal-secretary-joins-first-lady-karen-compressive-school-where-she-distributed-hundreds-shoes,2026-06-24,Schools,"Abaki buseki boti ba Karen Comprehensive School, boti ECDE buya Grade 9, bwana buya mudho mosi  burokere buya nyamachoge na buya chabere.","Winjruok ma-Karen Comprehensive School, kendo kendo yawre to Grade 9, bende bende nyuka mar shoes kuom giego gi cher.","Dhammaan ardayda dugsiga Karen Comprehensive, laga bilaabo ECDE ilaa Grade 9, waxay heli doonaan laba kabo si kor loogu qaado raaxadooda iyo kalsoonidooda."
EDU-00045,Education,PSA,The government will partner with private entities to enhance education standards. Schools can expect improvements in infrastructure and resources through these initiatives.,Serikali itashirikiana na mashirika ya kibinafsi kuboresha viwango vya elimu. Shule zinaweza kutarajia maboresho katika miundombinu na rasilimali kupitia mipango hii.,,MoE_Kenya_News,https://www.education.go.ke/public-private-partnership-boost-education,2025-11-03,General,Abwaki abwaki bw'ogenda buya na abachori b'ogenda bwae buya ku bw'ekibori bw'ekirimi. Masaka boki waki bosi bogenyaki buya kukirori naki bw'ekibori bosi.,Governments okonyruok gi ma-en kachieng' mar jarita ahinya kuom piny. Sukulu en ng'eyo e piny okonyruok gi buok mar infrastruktur kod resources maduong'.,Dowladda waxay la shaqeyneysaa shirkadaha gaarka ah si loo kordhiyo heerarka waxbarashada. Iskuulada waxay filan karaan isbedelo ku saabsan kaabayaasha iyo agabka iyada oo loo marayo hindisahan.
EDU-00046,Education,PSA,Grade nine learners are currently being placed in senior schools. Parents and students should stay informed about their placement status.,Wanafunzi wa darasa la tisa wanapangwa katika shule za sekondari. Wazazi na wanafunzi wanapaswa kubaki na ufahamu kuhusu hali yao ya kupangwa.,,MoE_Kenya_News,https://www.education.go.ke/status-ongoing-placement-grade-nine-learners-senior-schools,2025-12-21,Schools,Abogoti bosi baki bagenyora mu masoko megi. Ababere naki abogoti bokenyire bwaki bu masoko.,Gichako mokwongo ng'ato kendo giyaki ni gino gichuny ng'ato kod jumabichi. Moko duto to jendo osonyi ni gichako gi yie.,Ardayda fasalka 9aad ayaa haatan lagu guda jiraa in lagu shubo iskuulo sare. Waalidiinta iyo ardayda waa inay la soconayaan xaaladda shubista.
EDU-00047,Education,PSA,"A conference on the status of Pre-Service Teacher Training and Teacher Employment in Kenya is underway in Mombasa, focusing on enhancing teacher preparedness.","Mkutano kuhusu hali ya Mafunzo ya Walimu kabla ya Kazi na Ajira ya Walimu nchini Kenya unaendelea Mombasa, ukiangazia kuboresha maandalizi ya walimu.",,MoE_Kenya_News,https://www.education.go.ke/status-pre-service-teacher-training-and-teacher-employment-kenya,2025-09-23,Teachers,Ong'anya buya bwokiyaki bwekiriri bwakinyanwi bwabwakire buya moshonere mwaki buya emongetari bwekinyanwi mosi kyendo bweto bweng'anya osiba.,"Konferens mar nying' kosedhi maler egieko joma eyo mar Pre-Service Teacher Training kod Teacher Employment e Kenya ne imar rito e Mombasa, notiolo e dwond duto nyaka olalo joma.","Shir ku saabsan xaaladda Tababarka Macallimiinta kahor adeegga iyo Shaqaalaynta Macallimiinta ee Kenya ayaa ka socda Mombasa, isagoo diiradda saaraya kor u qaadista diyaar garowga macallimiinta."
EDU-00048,Education,PSA,"The STEMTASTIC Adventures Africa 2025 event is ongoing at CEMASTEA in Karen, Nairobi. Educators and learners are encouraged to participate in discussions on sustainable STEM education.","Tukio la STEMTASTIC Adventures Africa 2025 linaendelea katika CEMASTEA huko Karen, Nairobi. Walimu na wanafunzi wanahimizwa kushiriki katika mijadala kuhusu elimu endelevu ya STEM.",,MoE_Kenya_News,https://www.education.go.ke/stemtastic-adventures-africa-2025,2025-07-24,General,"Emotera ya STEMTASTIC Adventures Africa 2025 igeneeka kwi CEMASTEA muria Karen, Nairobi. Abagikosi n'abakosi bategerekeria kuibebokanya omogokori buya bw'egesubira mu STEM.","STEMTASTIC Adventures Africa 2025 nyaka eyo e CEMASTEA karen, Nairobi. Wath oganda gi wakiwogo yore kumanya mag ndimach nyal nyuok ketho e STEM.","Dhacdooyinka STEMTASTIC Adventures Africa 2025 ayaa ka socda CEMASTEA ee Karen, Nairobi. Macalimiinta iyo ardayda waxaa lagu dhiirrigelinayaa inay ka qayb qaataan doodaha ku saabsan waxbarashada STEM ee waara."
EDU-00049,Education,PSA,The Ministry of Education aims to increase school meal coverage to 10 million learners by 2030. Schools in food insecure areas are prioritized.,Wizara ya Elimu inatarajia kuongeza upatikanaji wa chakula shuleni kwa wanafunzi milioni 10 ifikapo mwaka 2030. Shule zilizoko katika maeneo ya uhaba wa chakula zitatendewa kipaumbele.,,MoE_Kenya_News,https://www.education.go.ke/strengthening-and-deepening-partnership-wfp,2025-08-20,Schools,Mizizi ya Elimu inataka kuongezea huduma ya chakula shuleni kwa wanafunzi milioni 10 ifikapo mwaka wa 2030. Shule zenye ukosefu wa chakula zitatolewa kipaumbele.,Minisitiri wa Dhuong' ma Ogingo oyo nyalo timo kanyo kuom chakruok gi 10 miliyoni ng'ayo kendo nyaka adiera e piny kendo kombe. Sura mar chike e piny ma ok dhoch.,Wasaaradda Waxbarashada waxay damacsan tahay inay korodhsato ka qaybqaadashada cuntada dugsiyada ilaa 10 milyan oo arday ah sanadka 2030. Dugsiyada ku yaal meelaha cuntadu adagtahay ayaa la mudnaanta siinayaa.
EDU-00050,Education,PSA,No actionable content available.,Hakuna maudhui ya utekelezaji yanayopatikana.,,MoE_Kenya_News,https://www.education.go.ke/transformation-higher-education,2026-05-28,General,Naki omotegeri oborori.,Neno tiyo kata kendo.,Ma jiraan wax macluumaad ah oo la qaadi karo.
EDU-00051,Education,PSA,"2,277 students have been awarded degrees and diplomas at the Technical University of Kenya's 14th Graduation Ceremony. Congratulations to all graduates!","Wanafunzi 2,277 wametunukiwa shahada na diploma katika Sherehe ya 14 ya Madaraja ya Chuo cha Ufundi cha Kenya. Hongera kwa wahitimu wote!",,MoE_Kenya_News,https://www.education.go.ke/tuk-14th-graduation,2025-11-28,General,"Abanane 2,277 buya bakiwaki omokoro naki Diplomas buya buya Obwakwasibori bw’aki Ogenda mumusomo bwe 14. Naki kosi buya bumegoni!","2,277 nyaka gin kanyalo ohingo gi diplomas e Technical University of Kenya 14th Graduation Ceremony. Weche gi nyaka!","2,277 arday ayaa darajooyin iyo shahaadooyin lagu siiyay Xanuunku Technical University of Kenya ee Xafladda 14-aad ee Qalinjabinta. Hambalyo dhammaan qalinjabiyayaasha!"
EDU-00052,Education,PSA,"The Kenya Institute of Curriculum Development is exploring cost-effective computer programs for teaching new Senior Secondary School subjects, including aviation and maritime studies.","Taasisi ya Kenya ya Maendeleo ya Mtaala inachunguza programu za kompyuta zenye gharama nafuu za kufundisha masomo mapya ya Shule ya Sekondari ya Juu, ikiwemo masomo ya anga na baharini.",,KICD_InThePress,https://kicd.ac.ke/in_the_press/cbc-shift-kenya-looks-to-simulators-for-cost-effective-delivery-to-teach-aviation-maritime-studies-countrywide/,2026-02-09,Curriculum,"Inistituyete ya Kenya ya Nkhanga ya Mipango ikoranga ogotegera bisi bwaki bwa komputa buya bwaki bwabere boma bwaki buya bwasichana bwakaberi, kibondo bwaki buya bwabere bwakanyego naki bwanokie bwaki bwang’ama.","Kenya Institute of Curriculum Development ochung' nyaka ok nyal kanyo mitwe magi mawach joma oting' tumu kuom gogo gi nembor, including aviation kod maritime studies.","Machadka Kenya ee Horumarinta Manhajka wuxuu baadhayaa barnaamijyo kumbiyuutar oo kharashka ku habboon ah si loogu baro maadooyin cusub oo Sare ee Dugsiyada Sare, oo ay ku jiraan cilmiga hawada iyo cilmiga badda."
EDU-00053,Education,PSA,Grade 10 textbooks have been distributed as schools prepare to start next week. Please ensure all students have the materials ready for the new term.,Vitabu vya darasa la 10 vimesambazwa huku shule zikijiandaa kuanza wiki ijayo. Tafadhali hakikisha wanafunzi wote wanayo vifaa tayari kwa muhula mpya.,,KICD_InThePress,https://kicd.ac.ke/in_the_press/grade-10-textbooks-distributed-as-schools-prepare-to-start-next-week/,2026-01-01,Teachers,"Bwakire bwaki buya bwaki bwakinyagire buya, bwakire bwakidori bwaki bwakire bokora. Osibori ogokire obwakire bwaki bworogori bwa nyang'ori buya.",Kitabu gi Grade 10 ne odhi mbaka ma shule nghen kitegni chin. Naki ji kuom ni min gi pwodhi manoloko chuth ma nyime.,Buuggaagta fasalka 10 ayaa la qaybiyay iyadoo iskuulada ay isku diyaarinayaan in ay billaabaan usbuuca soo socda. Fadlan hubi in dhammaan ardaydu ay haystaan agabkii cusub.
EDU-00054,Education,PSA,Value-Based Education (VbE) will be rolled out in schools nationwide in 2026. Schools are encouraged to prepare for this initiative to strengthen character formation and ethical learning.,Elimu ya Kuthamini (VbE) itaanza kutekelezwa katika shule nchini kote mwaka 2026. Shule zinahimizwa kujiandaa kwa mpango huu ili kuimarisha malezi ya tabia na kujifunza kwa maadili.,,KICD_InThePress,https://kicd.ac.ke/in_the_press/kenya-to-roll-out-value-based-education-in-schools-nationwide-by-2026/,2026-01-01,Curriculum,Egesia naki Ekegusii (VbE) oragie bw'ogenda busemo bwesia bw'isi buseme mu 2026. Egesia naki oraki omokire busemo bw'orugetele bw'ekarati naki bw'akiake omokogoti bw'ogenda.,Value-Based Education (VbE) okonyo megolo kod buok mar nyamre e busia 2026. Makarok gi piny nyal konyo to onge gi tigo ma oyudo karibore kod wacho mar piny.,Waxbarashada Ku Saleysan Qiimaha (VbE) ayaa lagu bilaabi doonaa iskuulada dalka oo dhan sanadka 2026. Iskuulada waxaa lagu boorinayaa inay isu diyaarso mashruucan si loo xoojiyo dhismaha akhlaaqda iyo barashada anshaxa.
EDU-00055,Education,PSA,County Directors of Education and school administrators must submit accurate learner enrolment and textbook data to support the government's one-to-one textbook policy.,Makanika wa Elimu wa Kaunti na wasimamizi wa shule wanapaswa kuwasilisha takwimu sahihi za usajili wa wanafunzi na vitabu vya shule ili kusaidia sera ya serikali ya vitabu kimoja kwa mwanafunzi.,,KICD_InThePress,https://kicd.ac.ke/in_the_press/kicd-ceo-urges-schools-to-submit-accurate-data-to-strengthen-cbe-textbook-distribution/,2026-01-01,Curriculum,Abakire buya ba Elimu na abanyesaki bakenye bakenya okore buya abarori bakiishopi nakiitiko igeigo buya obwakire buya bwokuhire.,Dik director machiegni e pakore gi jago kanyogo nyalo chako łoro mar yore ma okel e chako mar kitabu.,Maamulayaasha Waxbarashada Degmada iyo maamulayaasha dugsiyada waa in ay soo gudbiyaan xog sax ah oo ku saabsan diiwaangelinta ardayda iyo buugaagta si ay u taageeraan siyaasadda dowladda ee buugga hal-arday hal-buug.
EDU-00056,Education,PSA,Grade 10 learners will receive KES 5.64 billion for textbooks from KICD. Ensure your school is prepared for textbook acquisition.,Wanafunzi wa darasa la kumi watapokea KES bilioni 5.64 kwa ajili ya vitabu kutoka KICD. Hakikisha shule yako imejiandaa kwa ununuzi wa vitabu.,,KICD_InThePress,https://kicd.ac.ke/in_the_press/relief-for-grade-10-learners-as-kicd-releases-kes-5-64b-for-textbooks/,2026-01-01,Teachers,Abagere 10 bakirwe KES 5.64 billion buya mwabere eKICD. Nakiire mwaki baba naki buya buya ekere ibarati.,Walimu ma 10 chuny kata mar KES 5.64 bilioni kuom kanyis ma KICD. Nyasaye ni in ochung’ e shule kawuono kuom kanyis.,Ardayda Fasalka 10 waxa la siin doonaa KES 5.64 bilyan oo loogu talagalay buugaagta dugsiga KICD. Hubi in dugsigaagu u diyaar garoobo iibsashada buugaagta.
EDU-00057,Education,PSA,The Kenya Institute of Curriculum Development has been recognized as the best performing State corporation in Kenya.,Taasisi ya Maendeleo ya Mitaala ya Kenya imetambuliwa kama shirika la serikali linalofanya vyema zaidi Kenya.,,KICD_InThePress,https://kicd.ac.ke/in_the_press/state-corporation-productivity-award/,2026-01-01,Curriculum,Ikirori gi Kenya Institute of Curriculum Development giki maano gi ogenda ogosiogo nyansia moko buya mu Kenya.,Kenya Institute of Curriculum Development osebedo tinde maber chiegni kuom Kenya.,Hay'adda Kenya ee Horumarinta Manhajka ayaa loo aqoonsaday inay tahay shirkadda dowliga ah ee ugu wanaagsan Kenya.
EDU-00058,Education,PSA,Wanafunzi wa gredi ya kumi wanatarajiwa kuanza rasmi masomo yao wiki ijayo.,Wanafunzi wa gredi ya kumi wataanza rasmi masomo yao wiki ijayo.,,KICD_InThePress,https://kicd.ac.ke/in_the_press/wanafunzi-wa-gredi-ya-kumi-wanatarajiwa-kuanza-rasmi-masomo-yao-wiki-ijayo/,2026-01-01,Teachers,Wanafunzi ba gredi ya ikumi batarakire buya bwene masomo bwabaki bwaki.,Wanafunzi wa gredi kuom duto waki’gi tibu masomo kaka ng’weny.,Ardayda fasalka 10-aad waxay filayaan inay si rasmi ah u bilaabaan waxbarashadooda usbuuca soo socda.
EDU-00059,Education,PSA,"Over 10,000 Junior Secondary Schools will receive interactive smart boards as part of the government's digital learning program to enhance the Competency-Based Education curriculum.","Shule za Sekondari za Kiarabu zaidi ya 10,000 zitapata bodi za smart zinazofanya kazi kama sehemu ya mpango wa serikali wa kujifunza kidijitali ili kuboresha mtaala wa Elimu Inayopangwa Kulingana na Uwezo.",,KenyaNewsAgency_Education,https://www.kenyanews.go.ke/10382-jsss-to-receive-smart-boards-in-first-phase/,2026-07-15,Curriculum,"Ekereri 10,000 oria Junior Secondary Schools ni baria bwakire bori buya busome buya bwaki mu ng'ene yaito oborania obwakire bwaki buya bwi bwana bwaki bwokire bwaki bwakore buya naki.","Mok One more than 10,000 Junior Secondary Schools ng'ato ng'athem interactive smart boards kendo bang' gava ne owuon mar digital learning program kuom togo maber Competency-Based Education curriculum.","In ka badan 10,000 dugsiyo hoose oo dhexe ayaa helaya guddiyo smart ah oo isdhexgal ah oo ka mid ah barnaamijka waxbarashada dijitaalka ah ee dowladda si loo korodhsado manhajka Waxbarashada Ku Salaysan Awoodaha."
EDU-00060,Education,PSA,"Students are urged to uphold discipline, integrity, and hard work to achieve lasting academic success. Avoid social vices that undermine your education and potential.","Wanafunzi wanahimizwa kuzingatia nidhamu, uaminifu, na kazi ngumu ili kufikia mafanikio ya kudumu katika masomo. Epuka tabia mbaya zinazoharibu elimu yako na uwezo wako.",,KenyaNewsAgency_Education,https://www.kenyanews.go.ke/archbishop-anyolo-calls-for-discipline-as-st-john-kanunga-honours-academic-excellence/,2026-07-15,Teachers,"Abakoro bosi baria bakirire ibirori, emitekere, na omokinyancha buya okubwaki omokinyancha mwaki. Naki baria abaki bure bwakuri bwosi butigene bunyandore bwogendani no bwaki bwakiri.","Ng’ato gichako mana ka abichu discipline, integrity, to gik ma oting'o to giyudhi dhok e yo maler kuom gik ma omiyo gi tije. Igoya mar nyithindo ma ochak mahonyo gi ng’ato ni iwe.","Ardayda waxaa lagu wargelinayaa inay ilaashadaan anshaxa, daacadnimada, iyo shaqada adag si ay u gaaraan guul waxbarasho oo waarta. Ka fogaada dhibaatooyinka bulsheed ee carqaladaynaya waxbarashadaada iyo kartidaada."
EDU-00061,Education,PSA,KEMRI Kisumu conducts HIV testing during the day and COVID-19 tests at night. Patients are advised to visit at the appropriate times for their specific tests.,KEMRI Kisumu inafanya upimaji wa VVU mchana na upimaji wa COVID-19 usiku. Wagonjwa wanashauriwa kutembelea kwa nyakati sahihi kwa ajili ya vipimo vyao maalum.,,KenyaNewsAgency_Education,https://www.kenyanews.go.ke/boost-research-funding-to-effectively-fight-covid-19/,2026-07-15,Examinations,"KEMRI Kisumu ikore omogusii HIV buya buya, na COVID-19 buya buya. Abana baria basubire buya buya omokirori oria buya bwaki buya.","KEMRI Kisumu negi HIV test kuom chuno, to COVID-19 test kuom uwor. Wuotho osetiegi kuom nyaka odwok ring' gi teko ma wuonachiel.",KEMRI Kisumu waxay sameysaa baaritaanka HIV maalintii iyo baaritaanka COVID-19 habeennimo. Bukaanada waxaa lagu talinayaa inay booqdaan waqtiga saxda ah ee baaritaankooda.
EDU-00062,Education,PSA,The Communications Authority of Kenya is donating computers to over 23 schools nationwide to enhance digital learning. Schools in Embu and surrounding counties will benefit from this initiative.,Mamlaka ya Mawasiliano ya Kenya inatoa kompyuta kwa zaidi ya shule 23 nchi nzima ili kuimarisha utafiti wa kidijitali. Shule zilizopo Embu na kaunti za jirani zitafaidika na mpango huu.,,KenyaNewsAgency_Education,https://www.kenyanews.go.ke/ca-boosts-digital-learning-in-embu-schools/,2026-07-15,Schools,Omosokoti bw’akiaki bw'eri Kenya omogore omokoni omogendi 23 esiibori nyasa na tenda obwasibori buya bueteshere digitali. Esiibori ya Embu naki alongi oria tumakire bumueno bw'ogokogo buya.,Communications Authority of Kenya nitiere komputer ku 23 nyaka magi e kongo ma ok nyal koro dong' chalo. Nyaka mo Embu kod masinjo ma ok nyal koro tich ahinya ku ngero maneno.,Hay'adda Isgaadhsiinta Kenya ayaa deeq computers ah siinaysa in ka badan 23 iskuul oo ku yaal dalka si loo xoojiyo waxbarashada dijitaalka ah. Iskuulada ku yaal Embu iyo degmooyinka ku xeeran ayaa ka faa'iideysan doona talaabadan.
EDU-00063,Education,PSA,Support the establishment of well-equipped school libraries and provide relevant reading materials to improve literacy and critical thinking skills among learners in public primary schools.,Tunga maktaba zenye vifaa bora shuleni na toa nyenzo muhimu za kusoma ili kuboresha uandishi na ujuzi wa kufikiri kwa wanafunzi katika shule za msingi za umma.,,KenyaNewsAgency_Education,https://www.kenyanews.go.ke/call-for-physical-school-libraries-cbe-books-as-learners-join-national-read-aloud/,2026-07-15,Teachers,"Naki omoshanga esomogori emosi ya masenda na ogenda oria ogokore, obokire buya obokeng'ena omoka na omokiri oria buria buya naki abiria mu masenda omogori.",Dhiye ng'ato ma okawo golo chike kata kod golo ng'ama mokwongo ng'ato manyalo kare ahinya gi nying' kawuono mag jumba mar nyasa.,"Taageer dhismaha maktabadaha iskuulka oo si fiican loo qalabeeyay, oo bixiya agab akhris oo muhiim ah si kor loogu qaado akhriska iyo xirfadaha fikirka dhisidda ee ardayda dugsiyada hoose ee dadweynaha."
EDU-00064,Education,PSA,Parents are urged to engage in meaningful discussions with their children during the upcoming half-term break to address issues of indiscipline and moral guidance at home.,Wazazi wanatakiwa kushiriki katika majadiliano yenye maana na watoto wao wakati wa mapumziko ya nusu muhula yajayo ili kujadili masuala ya ukosefu wa nidhamu na mwongozo wa maadili nyumbani.,,KenyaNewsAgency_Education,https://www.kenyanews.go.ke/calls-for-moral-reflection-at-the-family-level/,2026-07-15,General,"Bwakire bwokiri bwanyire buya bwaki naki bwakire bwachoche, omokinyanya bakenye baturire bwakore oria bwaki bwakwendikire naki buya buya bwogendibere.",Wuon gi wande odi chuo e pwodhi mar half-term bende gima otowa kendo ma in kende ni adhiero koro en chul gi tich ni wanyalo nyaka jo nyaka.,Waalidku waxaa lagu boorinayaa inay ka qeyb qaataan wada sheekaysi macno leh carruurtooda inta lagu guda jiro fasaxan barwaaqo ee soo socota si ay uga wada hadlaan arrimaha anshax xumada iyo hanuunka akhlaaqda guriga.
EDU-00065,Education,PSA,Teachers are urged to engage in continuous professional development to enhance their skills and teaching methods for quality science education.,Walimu wanahamasishwa kushiriki katika maendeleo ya kitaaluma yanayoendelea ili kuboresha ujuzi wao na mbinu za ufundishaji kwa elimu bora ya sayansi.,,KenyaNewsAgency_Education,https://www.kenyanews.go.ke/cemastea-advocates-for-strengthening-of-stem-education/,2026-07-15,Teachers,Abalimu baria batoranire kutegeria buseke bworeng'ane buseke na obwaki bwabaki bwakere osinano mulasi nyaki.,Owino adwar gi juma kendo oseyudhi kelo manyien to odhi kodu gi nyigila mag shidruok kendo kuotono kod piny ma okinyi e yo.,Macalimiinta waxaa lagu dhiirrigelinayaa inay ka qaybqaataan horumarinta xirfadeed ee joogtada ah si ay u korodhsadaan xirfadooda iyo hababka waxbaridda ee waxbarashada sayniska tayadeeda.
EDU-00066,Education,PSA,Stakeholders are urged to invest in research and teacher training to enhance STEM education. Support initiatives that inspire youth in Physics and other science-related fields.,Washikadau wanakumbushwa kuwekeza katika utafiti na mafunzo ya walimu ili kuboresha elimu ya STEM. Punguza juhudi zinazohamasisha vijana katika Fizikia na nyanja nyingine za sayansi.,,KenyaNewsAgency_Education,https://www.kenyanews.go.ke/cemastea-champions-physics-education-to-accelerate-scientific-innovation/,2026-07-15,Teachers,Abakire baturagania okwiria omokubetere naki omokang'anya bwegire bwetegani bokwenda STEM. Naki abagire abaki batarera oria buya bwakire mu Physics naki ebwomi oria bwetegani.,"Ng’ato maruok kuom jalweche kuom yie mag e e kanyo ni inegi to jopiny koro kuom STEM. Dhi gise chieg goyo jothiw, e Physics kod chakre tich kendo nyaka.",La-talinta ayaa lagu boorinayaa in ay maalgashadaan cilmi-baaris iyo tababarka macalimiinta si kor loogu qaado waxbarashada STEM. Taageer ololeyaal dhiirrigelinaya dhallinyarada ee Fiisikiska iyo cilmiga kale.
EDU-00067,Education,PSA,"Kapenguria Boys High School is closed for investigations into a fire incident. Parents must clear outstanding fees and pay an additional Sh11,270 per student before reopening.","Shule ya Sekondari ya Kapenguria Boys imefungwa kwa uchunguzi kuhusu tukio la moto. Wazazi wanapaswa kulipa ada zilizobaki na kuongeza Sh11,270 kwa mwanafunzi kabla ya kufunguliwa tena.",,KenyaNewsAgency_Education,https://www.kenyanews.go.ke/dci-probe-kapenguria-boys-fire-as-parents-seek-answers/,2026-07-15,Schools,"Kapenguria Boys High School naki bw'ogenda oboraganya buya bw'ekashia. Ababere bonyanirigana kwendia obwakirigi bwabongwa na bwereka Sh11,270 ogenda mw'ogenda.","Kapenguria Boys High School en ng'wonj goro e yore gi nywando mag bura. Wazazi nyal timo buya kendo pigi Sh11,270 moro per otero mbere yore kar.","Dugsiga Sare ee Kapenguria Boys ayaa xirnaanaya si loo baaro shil dab oo dhacay. Waalidiinta waa inay bixiyaan lacagaha waaweyn ee ka maqan iyo intaas oo kale Sh11,270 arday kasta ka hor inta aan dib loo furin."
EDU-00068,Education,PSA,No actionable content to report.,Hakuna maudhui ya kufanyia kazi.,,KenyaNewsAgency_Education,https://www.kenyanews.go.ke/farmers-urged-to-embrace-regular-livestock-vaccination/,2026-07-15,General,Eng'ombe ore ibuka.,Naka ng'ato ma ok nyal.,Ma jiro wax macluumaad ah oo la diyaariyey.
EDU-00069,Education,PSA,No actionable content identified.,Hakuna maudhui ya utekelezaji yaliyojulikana.,,KenyaNewsAgency_Education,https://www.kenyanews.go.ke/ge-francis-ogolla/,2026-07-15,Schools,Naki omokirenda buya.,Chieng'ni gima owinji.,"Maalin walba, iska hubi in aad cabto biyo kafiil ah. Biyaha nadiifka ah waa muhiim si loo helo caafimaad wanaagsan. Ka fogow biyo shubashaday. Haddii aad shaki ka qabto, raadi biyo la xaqiijiyay ka soo bixinta ilaha la aamini karo. Raac talooyinka caafimaadka si aad u noolaato si caafimaad leh."
EDU-00070,Education,PSA,"Girls in Mombasa County are encouraged to enroll in Technical and Vocational Education and Training (TVET) institutions, especially in blue economy courses, to empower themselves and close the gender gap. Childcare facilities are available at Mtongwe and Kisauni Technical Colleges to support young mothers.","Wasichana katika Kaunti ya Mombasa wanasisitizwa kujisajili katika taasisi za Elimu na Mafunzo ya Ufundi na Ufundi Stadi (TVET), hasa katika kozi za uchumi wa buluu, ili kujikomboa na kufunga pengo la kijinsia. Vituo vya kulea watoto vipo katika Vyuo vya Ufundi Mtongwe na Kisauni kusaidia akina mama vijana.",,KenyaNewsAgency_Education,https://www.kenyanews.go.ke/girls-urged-to-enroll-in-tvet-and-blue-economy-courses-to-bridge-gender-gap/,2026-07-15,Teachers,"Abakire bosi bwa Mombasa barakire buseke buotore mu nyang'ori ya Technical and Vocational Education and Training (TVET), ikiraka mu masomo gechaki, ore kechokire mwaki magome. Amashure ekebiri ore aibuya abaki baki at Mtongwe na Kisauni Technical Colleges ore shindire abakire abaki.","Nyang' girls e Mombasa County ne cha ka enruok e Technical and Vocational Education and Training (TVET) institutions, chiegni kendo e chuo mar blue economy, kwa sirkwa gi joma nyaka joma. Abiraga mar watoto ne wacho e Mtongwe kod Kisauni Technical Colleges kuom podhi nyaka.","Gals in Mombasa County waxaa loo dhiirrigelinayaa inay iska diiwaan galiyaan hay'adaha Waxbarashada Farsamada iyo Tababarka (TVET), gaar ahaan koorsooyinka dhaqaalaha buluugga, si ay naftooda u awood siiyaan oo ay u yaraystaan farqiga jinsiyadeed. Goobaha daryeelka carruurta ayaa la heli karaa jaamacadaha Farsamada ee Mtongwe iyo Kisauni si ay taageero ugu yeeshaan hooyooyinka da'da yar."
EDU-00071,Education,PSA,The Kenya Defence Force is constructing classrooms in ten primary schools in Laikipia County to enhance learning environments; expected completion is in two months.,Jeshi la Ulinzi la Kenya linajenga madarasa katika shule za msingi kumi katika Kaunti ya Laikipia ili kuboresha mazingira ya kujifunzia; kumalizika kunatarajiwa ndani ya miezi miwili.,,KenyaNewsAgency_Education,https://www.kenyanews.go.ke/government-constructing-classrooms-in-mukogodo-as-strategy-to-restore-peace/,2026-07-15,Schools,Abagere Ba Kenya baretete ogetha shule buya mu moke buya buseka mu Laikipia County kugaragania eng'oto yo buya; bulia bwa buya kayaki naki mu mwaki buya.,"Kenya Defence Force nyal jopuonj e kony kanyo golo e neno maaro kendo magwero ariyo e Laikipia County, kuom nyisecho chutho ni mokuongo ara.",Ciidanka Difaaca Kenya ayaa dhisaya fasalo dugsiyada hoose ee toban ah ee ku yaal Gobolka Laikipia si kor loogu qaado jawiga waxbarashada; iyadoo la filayo in la dhammeeyo laba bilood gudaheed.
EDU-00072,Education,PSA,The Ministry of Health and the Ministry of Education are implementing initiatives to enhance healthcare services in schools and combat drug abuse among students. Parents and teachers are urged to stay informed about the evolving tactics of drug traffickers.,Wizara ya Afya na Wizara ya Elimu zinatekeleza juhudi za kuboresha huduma za afya shuleni na kupambana na matumizi mabaya ya dawa kati ya wanafunzi. Wazazi na walimu wanahimizwa kubaki na ufahamu kuhusu mbinu zinazoendelea za wauzaji wa dawa.,,KenyaNewsAgency_Education,https://www.kenyanews.go.ke/government-strengthens-healthcare-in-schools/,2026-07-15,Schools,Abwaki bw'ekirongo n'Abwaki bw'ekisomo bataraki banaraki buseki bw'osababi bwariri mu masomo n'ogekoreria osababi mu bakire. Abatani n'abagwere bataraki bamenyere bw'ogekorokiriana bw'amasabo.,Ministry of Health e Ministry of Education ne oganda mar chweo ma oket gi sarem kuom jaduong' kod golo jola. Wazazi gi wathore to mibi timo chalo kuom dunga mar joma oket golo.,Wasaaradda Caafimaadka iyo Wasaaradda Waxbarashada ayaa hirgelinaya ololayaal lagu horumarinayo adeegyada caafimaadka ee iskuulada iyo lagu dagaalayo isticmaalka daroogada ardayda dhexdeeda. Waalidka iyo macalimiinta waxaa lagula talinayaa inay xog ogaal ka noqdaan xeeladaha cusub ee ganacsatada daroogada.
EDU-00073,Education,PSA,The government is committed to timely disbursement of capitation funds and the construction of classrooms. School principals are urged to prioritize mental well-being and invest in counseling services.,Serikali imejizatiti kutekeleza utoaji wa fedha za capitation kwa wakati na kujenga madarasa. Wakuu wa shule wanahimizwa kuzingatia ustawi wa akili na kuwekeza katika huduma za ushauri.,,KenyaNewsAgency_Education,https://www.kenyanews.go.ke/govt-promises-timely-disbursement-of-school-capitation/,2026-07-15,Schools,Abanyabasa ba serikali batarera obwakire bwokuboka bwokoro bwokagutu bogo ogori bwomokiriga. Abasisi bamakeri bakenyere kugene obwakire bwokamokanya naki ogokirire bwokweria.,Ochiko mwakilishi duto oket ni kod kuom wanj nrụ oganda gi thuran in giluor. Wawinyo nyaka chieng' kiwuoro gi chitwek kendo owuoyo maching' gi terapi.,Dowladdu waxay ka go'an tahay bixinta wakhtiga ku habboon ee lacagaha capitation-ka iyo dhismaha fasallada. Maamulayaasha dugsiyada waxaa lagula talinayaa inay mudnaanta siiyaan caafimaadka maskaxda iyo inay maalgelin ku sameeyaan adeegyada la-talinta.
EDU-00074,Education,PSA,Graduates from technical institutions are urged to leverage their skills to create enterprises and solve real-world problems rather than solely seeking formal employment.,Wahitimu kutoka taasisi za kiuchumi wanasisitizwa kutumia ujuzi wao kuanzisha biashara na kutatua matatizo halisi badala ya kutafuta ajira rasmi pekee.,,KenyaNewsAgency_Education,https://www.kenyanews.go.ke/graduates-challenged-to-turn-skills-into-enterprises-and-jobs/,2026-07-15,Teachers,"Abagokire b’amasomo buhanga barakiriwe gukoresha obuhanga bwabo gutangira ing'endo ne gukemorera ibibazo bikwiriye mu mbuga y’ensi, nyangwe batarikora obukire bungi boro bw'abanyamaki.","Kik makochi ka wa bende gi joma technical kurum golo ng'ato, to agok nyalo ruwore gi chalo mang'eny to gibuone gi bende koro e ndalo mar joma.","Qalinjabiyaasha ka soo baxay machadyada farsamada waxaa lagu boorinayaa inay isticmaalaan xirfadahooda si ay u sameeyaan ganacsi iyo inay xalliyaan dhibaatooyinka dhabta ah, halkii ay kaliya raadin lahaayeen shaqo rasmi ah."
EDU-00075,Education,PSA,Public Primary School heads in Baringo County must surrender all Digital Literacy Program devices to Junior Secondary School teachers for use by [insert date].,Viongozi wa shule za msingi za umma katika Kaunti ya Baringo wanapaswa kurejesha vifaa vyote vya Mpango wa Uandishi wa Kidijitali kwa walimu wa Shule za Sekondari Ndogo kabla ya [insert date].,,KenyaNewsAgency_Education,https://www.kenyanews.go.ke/idle-dlp-gadgets-in-baringo-reassigned-to-junior-secondary-teachers/,2026-07-15,Teachers,Abanyancha b'amasomo ya Public Primary School osibori Baringo naki ikibori hereka naki omokizi ba Junior Secondary School abaki naki [insert date].,Ongwe goyo mamoko mar Public Primary School e Baringo County manie kanyandoto e bura nyalo chwaro device dinde Digital Literacy Program kuon Junior Secondary School mawuok kendo ginyal chiemo [insert date].,Madaxyada Iskuulada Dowliga ah ee Baringo County waa inay gacan ku siiyaan dhammaan qalabka Barnaamijka Aqoonsiga Dijitalka ah macallimiinta Dugsiga Sare ee Hoose oo loo isticmaali doono ka hor [geliso taariikhda].
EDU-00076,Education,PSA,The proposed increase in school fees is on hold; principals must continue managing with the current capitation until a new circular is issued.,Ongezeko lililopendekezwa la ada za shule limezimwa; wakuu wa shule wanapaswa kuendelea kusimamia kwa matumizi ya sasa hadi hatua mpya itakapotolewa.,,KenyaNewsAgency_Education,https://www.kenyanews.go.ke/increasing-of-school-fees-must-be-procedural-cs-ogamba-insists/,2026-07-15,Schools,Omosomo ogwakiri bw’etage ogwakirwe; abereki baria baisore okegera okobokiyo omokirori bwa naki.,"Gik ma awacho bende ni nyiri bende otero chieko gi nduong' mar masomo, kendo chiwo yiengni kuom kapitation ma en bang' chike kuom nyiri kuom ranyisi mar nyuol.",Korodhka lacagta iskuulka la soo jeediyay waa la hakiyay; maamulayaasha waa inay sii wadaan ka shaqaynta lacagta hadda jirta illaa la soo saaro wareegto cusub.
EDU-00077,Education,PSA,Communities are encouraged to participate in programs promoting peaceful coexistence despite religious differences. Join efforts in fostering unity in your area.,Jamii zinahimizwa kushiriki katika programu zinazokuza kuishi kwa amani licha ya tofauti za kidini. Jiunge na juhudi za kukuza umoja katika eneo lako.,,KenyaNewsAgency_Education,https://www.kenyanews.go.ke/interfaith-dialogue-driving-social-cohesion-in-east-africa/,2026-07-15,General,Abakire buya bategere bende gubeokore murima ogukwang'ana buya naki buya bwakenje bwokoragwa. Gwisire buya mubende mukogore ung'anya buno.,Gikundi matindo kuye ka iyienni kalo momego nyasaye donjo gima osetimo. Nyanjore kuom wendo piny kanyakla.,Bulshada waxaa lagu dhiirrigelinayaa inay ka qaybqaataan barnaamijyada kor u qaadaya nabadda iyo wada noolaanshaha iyadoo la tixgelinayo kala duwanaanshaha diimeed. Ka qaybgal dadaallada lagu xoojinayo midnimada deegaankaaga.
EDU-00078,Education,PSA,Adults seeking literacy and skills development are encouraged to enroll in adult education programs in Kakamega Central. Visit the Kakamega Huduma Centre for more information and support.,Watu wazima wanaotafuta uandishi na ujuzi wanahimizwa kujiandikisha kwenye programu za elimu ya watu wazima katika Kakamega Kati. Tembelea Kituo cha Huduma za Kakamega kwa maelezo zaidi na msaada.,,KenyaNewsAgency_Education,https://www.kenyanews.go.ke/it-is-never-too-late-to-learn-adult-learners-told/,2026-07-15,Schools,"Ab adults baki bionge inaki bendi na oborori buya, mwaki mosi oreore kudega bwire buya mu Kaakamega Central. Naki Kakamega Huduma Centre buya oria bwori omokireri.",Ngiwe gi tekni gi adira kendo ber giseche en chuth ka oin kendo okuoyo mo owan gi program duto ma gi chuth gi. Kwadhi Kakamega Huduma Centre to nind gi ma wiyogo kendo nyime.,Dadka waaweyn ee raadinaya aqoon kororsi iyo horumarinta xirfadaha waxa lagu dhiirigelinayaa inay isdiiwaangeliyaan barnaamijyada waxbarashada dadka waaweyn ee Kakamega Central. Booqo Xarunta Huduma ee Kakamega si aad u hesho macluumaad dheeraad ah iyo taageero.
EDU-00079,Education,PSA,Junior Secondary School learners are encouraged to participate in practical learning exhibitions as part of the Competency-Based Curriculum (CBC) to enhance creativity and teamwork skills.,Wanafunzi wa Shule ya Sekondari ya Kichanga wanahimizwa kushiriki katika maonyesho ya kujifunza kwa vitendo kama sehemu ya Mtaala wa Ufanisi (CBC) ili kuimarisha ubunifu na ujuzi wa kazi ya pamoja.,,KenyaNewsAgency_Education,https://www.kenyanews.go.ke/jss-learners-showcase-human-skin-project-under-cbc-curriculum/,2026-07-15,Curriculum,Abakarati ba Junior Secondary School baria batarorwe okwecheka mu bukorori bwokire mwabere bwogwaki bwokora (CBC) buya bwenge baria naki buna bosi bweng'ani na bakore.,"Wang'ni piny ji nene ahinya ka anyalo golo e kendo gonyo gi momi ne nyaka e piny goyo, to yieyo tinde ne ruoth kuom tek gi nyithindo.",Ardayda Dugsiga Sare ee Hoose waxaa lagu dhiirrigelinayaa inay ka qeybqaataan bandhigyada waxbarashada gacanta lagu sameeyo qayb ka mid ah Manhajka Ku Saleysan Aqoonta (CBC) si loo xoojiyo hal-abuurka iyo xirfadaha kooxeed.
EDU-00080,Education,PSA,The government is integrating KASNEB professional training with technical programs in TVET institutions to enhance learning outcomes. Stay tuned for updated syllabus and guidelines.,Serikali inachanganya mafunzo ya kitaaluma ya KASNEB na programu za kiufundi katika taasisi za TVET ili kuboresha matokeo ya kujifunza. Fatilia mabadiliko ya silabasi na miongozo.,,KenyaNewsAgency_Education,https://www.kenyanews.go.ke/kasneb-tvets-in-partnership-to-boost-youth-employability/,2026-07-15,Examinations,Abaneri baki buya KASNEB omokirori bante omonene naki omogori mu TVET abere kyeganye buya. Gena motegere osibori naki ekiroria.,"Government inegi KASNEB protein gi jomoko mar techini kuom TVET institution, chuny gi winjruok mar thuran. Nyar gi chako nyaka yieng syllabus mar guidelines.",Dowladda waxay isku keenaysaa tababarka xirfadeed ee KASNEB iyo barnaamijyada farsamada ee hay'adaha TVET si loo wanaajiyo natiijooyinka waxbarasho. La soco manhajka iyo hanuuniyo cusub.
EDU-00081,Education,PSA,PCEA Mama Ngina Primary School is constructing a new nine-classroom block to address overcrowding and enhance learning facilities. Completion is underway to better serve the growing student population.,Shule ya Msingi ya PCEA Mama Ngina inajenga jengo jipya la madarasa tisa ili kukabiliana na msongamano na kuboresha vifaa vya kujifunzia. Ujenzi unaendelea ili kuhudumia idadi inayokua ya wanafunzi.,,KenyaNewsAgency_Education,https://www.kenyanews.go.ke/kinoo-school-gets-an-upgrade/,2026-07-15,Schools,PCEA Mama Ngina Primary School eria omogori omoi oriaire naki obokire buya na omokoro ogenda. Naki omogori buya bw’ogenda ebwaki buya obokire obw’eng’ena bw’akatenda.,PCEA Mama Ngina Primary School orefishe ok nyalwa kar tera ma ok nyalo piny gii chieno me wende ok ohinga. Konyruok ma odiso ok wende ka wendo puodho mag joma nøma.,PCEA Mama Ngina Dugsiga Hoose waxa uu dhisayaa dhisme cusub oo sagaal fasal ah si loo xalliyo ciriiriga iyo in la hagaajiyo agabka waxbarashada. Shaqada dhamaystirka ayaa socota si loogu adeeggo tirada sii kordheysa ee ardayda.
EDU-00082,Education,PSA,The KUPPET Vihiga Branch urges a revision of school punishment laws to empower teachers in administering discipline. Parents are reminded to pay tuition fees upon school reopening.,Tawi la KUPPET Vihiga linashauri kufanyiwa marekebisho sheria za adhabu shuleni ili kuwapa uwezo walimu wa kutekeleza nidhamu. Wazazi wanakumbushwa kulipa ada za shule wakati wa kufunguliwa tena.,,KenyaNewsAgency_Education,https://www.kenyanews.go.ke/kuppet-advisory-on-punishment-in-schools-reviewed/,2026-07-15,Teachers,KUPPET Vihiga Inyakiiragane ore oreki togeka egesakurane naki omokirori bognasi bwaki buya. Aborangi baria naki bonyekoragane orokiri obwaki bwaki.,KUPPET Vihiga Branch ochung'uru ni mwandhuthi e pinje mar piny jowinji kanyo e bura mar wathogo. Jothurwa ne en geti kende kuom konyo chuo ni oting' yore.,Laanta KUPPET ee Vihiga waxay ku boorinaysaa dib-u-eegis ku saabsan shuruucda ciqaabta iskuulada si macalimiintu awood ugu helaan inay xakameeyaan anshaxa. Waalidiinta waxaa lagu xasuusinayaa inay bixiyaan lacagta dugsiga marka dugsiyada dib u furmaan.
EDU-00083,Education,PSA,"The Kenya Union of Post Primary Education Teachers (KUPPET) urges stricter disciplinary measures against students who assault teachers, including barring offenders from the KCSE examination.","Chama cha Walimu wa Elimu ya Juu ya Sekondari Kenya (KUPPET) kinatoa wito kwa hatua kali za kidisciplinari dhidi ya wanafunzi wanaoshambulia walimu, ikiwemo kuwazuia wahalifu kufanya mtihani wa KCSE.",,KenyaNewsAgency_Education,https://www.kenyanews.go.ke/kuppet-sounds-alarm-over-rising-assaults-on-teachers-in-muranga/,2026-07-15,Teachers,"Abakire ba Kenya Union of Post Primary Education Teachers (KUPPET) baria omokang'ana buya bwaki omokosi baashiani batarimbogori abarori, naki baturia buya bushindo bw'ekiburi kya KCSE.","Kenya Union of Post Primary Education Teachers (KUPPET) owinjore duto ma ok othego ng'ato marabira chike, kendo ochamo uyie manyalo kuom KCSE.","Ururka Macalimiinta Waxbarashada Sare ee Kenya (KUPPET) ayaa ku baaqaya in la qaado tallaabooyin adag oo anshax ah oo loogu talagalay ardayda weerarta macalimiinta, oo ay ku jiraan in la mamnuuco dambiilayaasha ka mid noqoshada imtixaanka KCSE."
EDU-00084,Education,PSA,KUPPET urges political leaders to refrain from interfering in school management to maintain the integrity of the education sector. Respect teachers and school management.,KUPPET inawahimiza viongozi wa kisiasa kuepuka kuingilia katika usimamizi wa shule ili kuhifadhi uaminifu wa sekta ya elimu. Heshimu walimu na usimamizi wa shule.,,KenyaNewsAgency_Education,https://www.kenyanews.go.ke/kuppet-warns-politicians-against-meddling-in-school-management/,2026-07-15,Teachers,KUPPET emokinyire abaki batekatiga kisichogera mu buya bwengesega buya bw’ekibondori bwakire. Eleka abere baisi na buya bwengesega.,KUPPET owuon richo ma ok nyal chamo ni micho amboya kuom waweyo e tekwen mokuor gige to ginyalo wacho kuom wasomero. Nete wach mang'wen no wasomero to gige.,KUPPET waxay ku boorinaysaa hoggaamiyeyaasha siyaasadda inay ka fogaadaan faragelinta maamulka dugsiyada si loo ilaaliyo hufnaanta qeybta waxbarashada. Ixtiraam macallimiinta iyo maamulka dugsiyada.
EDU-00085,Education,PSA,"The public is invited to honor the legacy of Mama Teresia, who valued education, following her passing at the age of 81.","Umma unakaribishwa kuheshimu urithi wa Mama Teresia, aliyethamini elimu, kufuatia kifo chake akiwa na umri wa miaka 81.",,KenyaNewsAgency_Education,https://www.kenyanews.go.ke/leaders-condole-with-senator-onyonka-following-his-mothers-demise/,2026-07-15,General,"Abantu bari bwakire bwaki bwakoma Mama Teresia, ogetoka omosi ogotiri 81, owigania eng'endo y'obereria.","Ng'ato pawinyo kuom gima ohero Mama Teresia, kuom nyiero ma ok nyal joma ji, ka ofe 81.","Dadweynaha waxaa lagu casuumay inay xusaan dhaxalka Mama Teresia, oo qiimeysay waxbarashada, ka dib markii ay geeriyootay da'deedu ahayd 81 sano."
EDU-00086,Education,PSA,Students in Migori are urged to remain disciplined and focused on their studies during the half-term recess. Parents are encouraged to counsel their children on the importance of education.,Wanafunzi wa Migori wanahimizwa kubaki na nidhamu na kuzingatia masomo yao wakati wa mapumziko ya nusu muhula. Wazazi wanakumbushwa kuwaelekeza watoto wao kuhusu umuhimu wa elimu.,,KenyaNewsAgency_Education,https://www.kenyanews.go.ke/local-cbo-counsels-students-amid-rising-school-unrest/,2026-07-15,Schools,"Banarirai buya mwaki Migori, bagenyere buya buya baria bukere mtugari bwaki bwetere bwenge. Babere buya buya bagenyere bende bwaki buya bwokirire babako baria buya bwosibori buya.",Adek in Migori en bende ni to kedhi myanga gi dango mar yore mag pinje mokuoch. Kido kendo en jodong' konyo jodho kwach kuom buot duto mar elimu.,Ardayda Migori ayaa lagu boorinayaa inay ku sii nagaan jiraan anshax iyo inay diiradda saaraan waxbarashadooda inta lagu jiro fasaxa nus-term. Waalidka ayaa lagu dhiirigelinayaa inay la talinayaan carruurtooda muhiimadda waxbarashada.
EDU-00087,Education,PSA,"The Regional Music Festivals are happening from June 29 to July 3 at ACK St. Luke's Wote Township Primary School. Top performers will qualify for the National Music Festivals on July 10, 2026.","Tamasha la Muziki la Kanda linafanyika kuanzia tarehe 29 Juni hadi 3 Julai katika Shule ya Msingi ya ACK St. Luke's Wote Township. Wanaoshiriki wanaofanya vyema wataweza kuingia katika Tamasha la Muziki la Kitaifa tarehe 10 Julai, 2026.",,KenyaNewsAgency_Education,https://www.kenyanews.go.ke/makueni-hosts-eastern-region-music-festivals-to-showcase-learners-creative-talents/,2026-07-15,Schools,"Mekenga ya Makariri ya Muto na Itonga ichogoria ku 29 Omogori ku 3 Olokera na ACK St. Luke's Wote Township Primary School. Abakoma banye bamenyere minto ya Makariri ya Muto omogori 10 Nyanga, 2026.","Festivali mar Muziki e yo kod odhiambo ji ka June 29 to July 3 e ACK St. Luke's Wote Township Primary School. Ji marach mochung' e midhi kata jomoko 10, 2026.","Dabaaldegga Muusigga Gobolka ayaa ka dhacaya 29ka Juun ilaa 3da Luulyo iskuulka hoose ee ACK St. Luke's Wote Township. Fanaaniinta ugu wanaagsan waxay ka qeyb geli doonaan Dabaaldegga Muusigga Qaranka 10ka Luulyo, 2026."
EDU-00088,Education,PSA,The government has launched a three-day ICT integration training for 459 Junior Secondary School teachers in Marsabit County to enhance digital competencies for effective teaching.,Serikali imezindua mafunzo ya siku tatu ya uhamasishaji wa ICT kwa walimu 459 wa Shule ya Sekondari ya Kati katika Kaunti ya Marsabit ili kuboresha ujuzi wa kidijitali kwa ajili ya ufundishaji bora.,,KenyaNewsAgency_Education,https://www.kenyanews.go.ke/marsabit-jss-teachers-undergo-ict-integration-training/,2026-07-15,Teachers,"Abagere bataria bwogori bw'ekigori ekichiri, bokeere 'ICT' bwanogoti bw'amasomo oria abogoria 459 abato b'ekibaaria kiabwaki Marsabit naki oria naki ehaki iboso bw'enchori bw'ekigori.",Govt nyalo jaluo tich mar masiku atatu ma ICT e training mar 459 Junior Secondary School teacher gi Marsabit County kuom gige mag digital to giyudo nyaka onywolo mag tich.,Dowladdu waxay bilawday tababar saddex maalmood soconaya oo ku saabsan is-dhexgalka ICT ee 459 macalimiin dugsiga dhexe ee Marsabit County si kor loogu qaado xirfadaha dijitaalka ah ee waxbarashada waxtar leh.
EDU-00089,Education,PSA,Vocational Training Centre instructors in Migori County are urged to remain vigilant as promotion letters have not been issued. Delays could affect learning.,Waalimu wa Vituo vya Mafunzo ya Ufundi katika Kaunti ya Migori wanashauriwa kuwa makini kwani barua za kuongezwa cheo hazijatolewa. Machelezo yanaweza kuathiri kujifunza.,,KenyaNewsAgency_Education,https://www.kenyanews.go.ke/migori-vtcs-instructors-demand-action-following-overdue-promotions-2/,2026-07-15,Teachers,"Abasomi b’amasomo g’ogorori mu Migori County baragoroga bwakire, omogori bakiige bwiitirire okugira ora bonyie omogori basorere. Omosokumokire ogwaki bwakiigana omokoro.","Nyasanjo kanyo ma Vocational Training Centre e Migori County nochung' kanyoni, ni piny mama ber eyo. Nying' kendore adok nyaka ngamongo.",Macalimiinta Xarunta Tababarka Xirfadeed ee Gobolka Migori waxaa lagula dar-daarmay in ay feejignaadaan maadaama waraaqaha korodhsiinta aan la soo saarin. Dib-u-dhacyada waxay saameyn ku yeelan karaan waxbarashada.
EDU-00090,Education,PSA,"Emuhaya Constituency is receiving significant educational infrastructure improvements, including the construction of a new classroom at Emmabwi Senior School and renovations at Emmabwi and Elununi primary schools.","Jimbo la Emuhaya linapata maboresho makubwa ya miundombinu ya elimu, ikijumuisha ujenzi wa chumba kipya cha darasa katika shule ya sekondari ya Emmabwi na ukarabati katika shule za msingi za Emmabwi na Elununi.",,KenyaNewsAgency_Education,https://www.kenyanews.go.ke/milemba-intensifies-education-and-infrastructure-development-in-vihiga/,2026-07-15,Teachers,"Emuhaya Constituency inagashagania ngabworia yaki nyakwenye, gaki ekomego buya bwaki bwaki egahiga oria ematechero buya eEmmabwi Senior School na naki rogo egashako eEmmabwi na Elununi primary schools.","Emuhaya Constituency owinj joma nyal mar buchni maler, kendo oketh gi klas moko apar Emmabwi Senior School kendo ohero gi nyalo mag Emmabwi kuom Elununi primary schools.","Degmada Emuhaya waxay heshay horumarin weyn oo kaabayaasha waxbarashada, oo ay ku jiraan dhismaha fasal cusub oo ku yaal Dugsiga Sare ee Emmabwi iyo dayactirka dugsiyada hoose ee Emmabwi iyo Elununi."
EDU-00091,Education,PSA,Mioro Senior Day School has received its first school bus to improve student transport for academic and co-curricular activities. Four more secondary schools will also receive buses soon.,Shule ya Mioro ya Sekondari imepokea basi lake la kwanza ili kuboresha usafiri wa wanafunzi kwa shughuli za masomo na za ziada. Shule nyingine nne za sekondari pia zitapokea mabasi hivi karibuni.,,KenyaNewsAgency_Education,https://www.kenyanews.go.ke/mioro-senior-day-school-mathioya-receives-bus/,2026-07-15,Schools,Mioro Senior Day School engetanga busi ya mbere buya bwaki buora ku geresi bwaki bwaki bwanantorere buya kuviga naki bwakwenge. Masomo aingine emokiri bosi buya engetanga buses buya nyakire.,Mioro Senior Day School en koro ng'ato bus misango mondo obet konyo jomoko kuom gima idhi sani kendo komoruok. Gikinyi dongo abir gi bus oseechogo.,Mioro Senior Day School ayaa heshay baska dugsiga ugu horreeya si loogu hagaajiyo gaadiidka ardayda ee howlaha waxbarasho iyo kuwa aan waxbarasho ahayn. Afar dugsi sare oo kale ayaa sidoo kale dhawaan heli doona basas.
EDU-00092,Education,PSA,"The ""Tujiajiri Skills Mitaani"" program is enrolling students, including Form Four leavers; 10,000 diploma certificates will be issued. Register now to access vocational training opportunities.","Mpango wa ""Tujiajiri Skills Mitaani"" unajiandikisha wanafunzi, ikiwa ni pamoja na wahitimu wa Kidato cha Nne; vyeti 10,000 vya diploma vitatolewa. Jisajili sasa ili upate fursa za mafunzo ya ufundi.",,KenyaNewsAgency_Education,https://www.kenyanews.go.ke/mombasa-targets-10000-youth-in-blue-economy-skills-drive/,2026-07-15,General,"Programu ya ""Tujiajiri Skills Mitaani"" inawakaribisha wanafunzi, ikiwemo wale waliomaliza Kidato cha Nne; vyeti 10,000 vya diploma vitatolewa. Jiandikishe sasa ili upate fursa za mafunzo ya ufundi.","""Tujiajiri Skills Mitaani"" nyasore kod kanyi, oseth Form Four; 10,000 diploma certificates ni bende owinjore. Ngec gima okonyo to aneno kihudhi lokruok ma orem.","Barnaamijka ""Tujiajiri Skills Mitaani"" waxa uu diiwaangelinayaa ardayda, oo ay ku jiraan kuwa ka baxay fasalka Afaraad; 10,000 shahaado oo diploma ah ayaa la bixin doonaa. Isdiiwaangeli hadda si aad u hesho fursadaha tababarka xirfadeed."
EDU-00093,Education,PSA,The Ministry of Basic Education expresses condolences to the bereaved family and constituents of Kilgoris for their recent loss.,Wizara ya Elimu ya Msingi inatoa pole kwa familia ya waliofiwa na wapiga kura wa Kilgoris kwa msiba wao wa hivi karibuni.,,KenyaNewsAgency_Education,https://www.kenyanews.go.ke/more-tributes-for-the-late-gideon-konchellah/,2026-07-15,General,Abwaki bwakokire buse mwaki bwokoregi bwaki mwaki bwaki bwanetere nabwakira buakire bwanje bwaki bwakabere buinige bwa Kilgoris.,Minisiti ya Elimu Moko ineno nyasaye kuom buo mar kendo gi dheru mar Kilgoris kuom buo makare.,Wasaaradda Waxbarashada Aasaasiga ah waxay tacsi u diraysaa qoyska ka soo jeeda Kilgoris iyo bulshada ku xiran khasaaraha ay la kulmeen dhawaan.
EDU-00094,Education,PSA,Hundreds of learners from vulnerable families in Kapenguria Constituency can apply for a Sh67 million bursary programme to support their education. Parents are encouraged to ensure their children take advantage of this opportunity.,Mamia ya wanafunzi kutoka familia zenye mazingira magumu katika Jimbo la Kapenguria wanaweza kuomba fedha za bursary za Sh67 milioni kusaidia elimu yao. Wazazi wanahimizwa kuhakikisha watoto wao wanatumia fursa hii.,,KenyaNewsAgency_Education,https://www.kenyanews.go.ke/moroto-launches-sh67-million-bursary-programme-at-aic-karas-senior-school/,2026-07-15,General,"Abaki buya bare buya bujoge buya nabokire bui ku Kapenguria Constituency bakorere ku bingi bwa Sh67 million buya bwaki bwaraki bwaki.

Abaneri batarerete buya bare omogenda bamutogeyi boke bwaki bwaki bwaki omokiri bwaki boke.",Kogang' ɓer ng'ato gi kwegi kuom wachar mar Kapenguria Constituency nyalo nyaka konyo bursary mar Sh67 million to giwogo gi joma. Vanj dala en ginyalo timbe konyo thum gi konyo joma manoo nikech wacho ma konyo.,Boqolaal arday ah oo ka soo jeeda qoysas dhibaato dusha ka haya ayaa ka mid ah dadka ka faa’iideysan kara barnaamij deeq waxbarasho oo ah Sh67 milyan oo ku yaal Degmada Kapenguria. Waalidiinta waxaa lagu boorinayaa inay hubiyaan in caruurtooda ay ka faa’iidaystaan fursadan.
EDU-00095,Education,PSA,The National Government Constituency Development Fund (NGCDF) is offering bursaries to students at Auki Primary School; all applicants will receive support.,Mfuko wa Maendeleo wa Jimbo la Serikali ya Kitaifa (NGCDF) unatoa ufadhili kwa wanafunzi wa Shule ya Msingi ya Auki; waombaji wote wataweza kupata msaada.,,KenyaNewsAgency_Education,https://www.kenyanews.go.ke/mp-pledges-to-establish-ict-hub-to-empower-youth/,2026-07-15,Schools,Obwaki bwa National Government Constituency Development Fund (NGCDF) buseire buya buora bosi oria kinyora buseke Auki Primary School; abaki bosi boke bategana buya.,Kaklolo ma National Government Constituency Development Fund (NGCDF) nyal chako bursaries uluok chiemo Auki Primary School; obedo duong' nyaka abiro tere.,Dowladda Federaalka ayaa bixineysa deeqo waxbarasho ardayda Dugsiga Hoose ee Auki; dhammaan codsadayaasha waxay heli doonaan taageero.
EDU-00096,Education,PSA,A program to construct modern flush toilets in primary schools in Teso South is launching soon. The pilot phase will target 15 schools; those with boreholes will receive toilets and biodigesters only.,Mpango wa kujenga vyoo vya kisasa katika shule za msingi Teso Kusini unanzishwa hivi karibuni. Awamu ya majaribio itawalenga shule 15; zile zenye visima zitapewa vyoo na biodigester pekee.,,KenyaNewsAgency_Education,https://www.kenyanews.go.ke/mp-unveils-sanitation-programme-in-teso-south-schools/,2026-07-15,Schools,Bwakire buya bwokire busege buhiga buvugie buse naki ti ekiboko busege. Buya bwokire bwakore buya bwaniko busege buge 15; buse buvukete naki borehole busege bubwaki buse naki biodigester buse.,Tich mar bedo gige mar bura mopogore e piny Teso South okonyi. Kach nyaka gingo gi 15 shule; wony mabor koro nyal pokea bura gi biodigesters bobedo.,"Barnaamij cusub ayaa la bilaabayaa si loo dhiso musqulaha casriga ah ee lagu dhejiyo dugsiyada hoose ee Teso South. Waxaana la gabagabayn doonaa marxaladda tijaabada iyadoo lagu beegsanayo 15 dugsi, kuwa leh borehole-yada kaliya ayaa heli doona musqulo iyo biodigesters."
EDU-00097,Education,PSA,"Muruguru Junior Secondary School now has a modern science laboratory equipped with solar power, enhancing learning for students during practical lessons.","Shule ya Upili ya Muruguru sasa ina maabara ya kisasa ya sayansi iliyo na umeme wa jua, ikiboresha kujifunza kwa wanafunzi wakati wa masomo ya vitendo.",,KenyaNewsAgency_Education,https://www.kenyanews.go.ke/mugururu-junior-school-gets-new-lab/,2026-07-15,Schools,"Muruguru Junior Secondary School ekiranga laboratory ya sayansi ya kisasa eyarakiire na umeme wa jua, ikarengana buya okwigana buya bwakiere burokore.","Muruguru Junior Secondary School onge ni labaratory mar science ma e duto gi solar power, kuokoyo chike mag wendo ma okinyi duto mang'eny.","Iskuulka Dhexe ee Muruguru wuxuu hadda leeyahay shaybaar cilmiyeysan oo casri ah oo ku shaqeeya awood qorrax, taasoo kor u qaadaysa barashada ardayda inta lagu guda jiro casharrada gacanta."
EDU-00098,Education,PSA,"All individuals have the right to dignity and ethical treatment, including rights to life, health, education, and social security. Respect these rights in all interactions.","Watu wote wana haki ya heshima na matibabu bora, ikiwa ni pamoja na haki za maisha, afya, elimu, na usalama wa kijamii. Heshimu haki hizi katika mawasiliano yote.",,KenyaNewsAgency_Education,https://www.kenyanews.go.ke/national-values-and-principles/,2026-07-15,General,"Abagire baire buya bu emokiri naki bwaki, ikirori bu buya, buhimba, buongo naki buenda. Naki naki minto inosumba raki.","Oguo ma ok oting' ka nyasaye, kendo ka otimo, ka osiep, ka thum, kendo ka nyir koth. Chungo ni duong' oum kendo wacho yore.","Dhammaan shakhsiyaadka waxay leeyihiin xaq u yeelashada sharafta iyo daaweynta akhlaaqda, oo ay ku jiraan xuquuqda nolosha, caafimaadka, waxbarashada, iyo amniga bulsheed. Ixtiraam xuquuqdan dhammaan isdhexgalka."
EDU-00099,Education,PSA,"The National Fund for the Disabled of Kenya has distributed tools worth Sh4.8 million to 24 special schools in the Rift Valley. Schools and PWDs can apply for support via their website or at Rehema House, Nairobi.","Mfuko wa Kitaifa wa Watu Wenye Ulemavu wa Kenya umegawa vifaa vyenye thamani ya Sh4.8 milioni kwa shule 24 maalum katika Bonde la Ufa. Shule na Watu Wenye Ulemavu wanaweza kuomba msaada kupitia tovuti yao au katika Nyumba ya Rehema, Nairobi.",,KenyaNewsAgency_Education,https://www.kenyanews.go.ke/nfdk-disburse-working-tools-to-pwds-in-nakuru/,2026-07-15,Schools,"Ekitabo Ekikuru buetere naki bimi bwaki Ichibinda bwaki 4.8 miriyoni ku bimi 24 bwaki obwakireki mu Rift Valley. Bimi naki PWDs baria baki niboriane bwaki bosi naki ekichaboni bwaki Rehema House, Nairobi.","Jowango Mar Siko Paro Nyasaye Kenya osemok kanyag' mag Sh4.8 million kuom masomo 24 ma ok nyal duto e Rift Valley. Masomo gi PWDs nigi oketh e giko ma owuon gi wege gichulo, to e Rehema House, Nairobi.","Fondo Qaran ee Naafada Kenya ayaa qaybiyay agab qiimihiisu yahay Sh4.8 milyan oo loogu talagalay 24 dugsiyo gaar ah oo ku yaal Rift Valley. Dugsiyada iyo Naafada (PWDs) waxay codsan karaan taageero iyagoo booqanaya website-kooda ama xarunta Rehema House, Nairobi."
EDU-00100,Education,PSA,All young people in Nyandarua County are encouraged to enroll in Technical and Vocational Education and Training (TVET) programs. NGAO officers will support awareness campaigns on the benefits of technical training.,vijana wote katika Kaunti ya Nyandarua wanahimizwa kujiandikisha katika programu za Elimu ya Ufundi na Mafunzo (TVET). Maafisa wa NGAO wataunga mkono kampeni za uhamasishaji kuhusu faida za mafunzo ya kiufundi.,,KenyaNewsAgency_Education,https://www.kenyanews.go.ke/ngao-team-challenged-to-boost-tvet-enrollment-among-youth/,2026-07-15,Teachers,Abaki bosi mu Nyandarua County basikire bure bujenge kuikire mu masomo ya Technical and Vocational Education and Training (TVET). Abakang'ania ba NGAO batoria beka mategi omokireri mabere egamaki ya bujenge.,"Mokongi onyu gima nyamre ngima e Nyandarua County, yachok gi enrole e Technical and Vocational Education and Training (TVET) programs. Wacho NGAO bang' gi jaramogi e wadhom wao ma nyalo timo e nyimiyo ma okawore kuom teknikal.",Dhammaan dhallinyarada ku sugan Gobolka Nyandarua waxaa lagu dhiirigelinayaa inay iska diiwaangeliyaan barnaamijyada Waxbarashada Farsamada iyo Xirfadaha (TVET). Saraakiisha NGAO waxay taageeri doonaan ololayaasha wacyigelinta ee ku saabsan faa'iidooyinka tababarka farsamada.
EDU-00101,Education,PSA,The National Government is urged to release full capitation funds for public schools to ensure the sustainability of free education. Prompt action is needed to support learning institutions across the country.,Serikali ya Kitaifa inasihiwa kutoa fedha kamili za capitation kwa shule za umma ili kuhakikisha uendelevu wa elimu ya bure. Hatua ya haraka inahitajika kusaidia taasisi za kujifunza nchini kote.,,KenyaNewsAgency_Education,https://www.kenyanews.go.ke/nyoro-demands-timely-school-capitation-warns-against-undermining-free-education/,2026-07-15,Schools,Omoigoti buya buya bw'ekegatisi bwakabere bw'omiotane bui mota buya no abaki baisiwe. Ebere engo buya bwakiamokiri bw'ogotane bw'enkigoti y'ogokire.,"Wagak ong’ere Nyangelo Nonro ni owang' ma oket e capitation ne nyaka kuom masomo ma public, kendo nyaka maonge mokuongo nuoch mar masomo. Gik aman chwe ni yore maimarogo e dho, ng'ato togo.",Dowladda Qaranka waxaa lagula talinayaa inay sii deyn doonto dhammaan dhaqaalaha capitation-ka ee dugsiyada dadweynaha si loo hubiyo joogteynta waxbarashada bilaashka ah. Tallaabo deg-deg ah ayaa loo baahan yahay si taageero loogu fidiyo hay’adaha waxbarashada dalka oo dhan.
EDU-00102,Education,PSA,The festival offers an opportunity for community education and advocacy. Participate and learn about important topics in your community.,Tamasha linatoa fursa ya elimu ya jamii na utetezi. Shiriki na ujifunze kuhusu mada muhimu katika jamii yako.,,KenyaNewsAgency_Education,https://www.kenyanews.go.ke/pokot-community-celebrates-sintagh-festival-to-preserve-heritage/,2026-07-15,General,Ogoti bwendo buya ekiga buya omokiri ore bwakire ogendi naki. Jigona na ore buria bwogeti bungi bwaki.,Kang'ere ka owinyo gi waduong' kuom kuting' mag piny. Kanyo gi konyruok kod ndalo maber e piny gi.,Festivaalku wuxuu fursad u siinayaa waxbarashada bulshada iyo u gacan gelinta. Ka qayb qaado oo ka baro mowduucyada muhiimka ah ee bulshadahaaga.
EDU-00103,Education,PSA,"The KSSSA regional tournament runs from July 8–11, 2026, at various locations across Kenya. Student-athletes competing should prepare for national championships set for July 25 to August 4 in Thika, Kiambu County.","Tawaran ya mashindano ya KSSSA itafanyika kuanzia Julai 8–11, 2026, katika maeneo mbalimbali nchini Kenya. Wanafunzi-wanaoshiriki wanapaswa kujiandaa kwa mashindano ya kitaifa yaliyo kwenye ratiba kuanzia Julai 25 hadi Agosti 4 katika Thika, Kaunti ya Kiambu.",,KenyaNewsAgency_Education,https://www.kenyanews.go.ke/rift-valley-regional-secondary-schools-term-two-games-kick-off/,2026-07-15,Schools,"Maki anga KSSSA mwokire ogusiire ogusuma bw'ibiri bw'inyake 8–11, 2026, egeserere orokire ise Kenya. Abagasi b'ibabere batarora bonyonire buya bwokire bw'amasomo bukhana egia 25 omokere 4 omobarua mu Thika, Kiambu County.","T torneo mar KSSSA otimore ka 8–11, 2026, e idhi mochou maber kanyenya. Jothurwa magi ma itho matek gi wot were ka 25 to 4, August e Thika, Kiambu County.","Tartanka goboleedka KSSSA wuxuu soconayaa laga bilaabo Luulyo 8–11, 2026, meelaha kala duwan ee Kenya. Isboortiga ardayda ka qaybgalaya waa inay diyaar garoobaan tartamada qaran ee dhici doona Luulyo 25 ilaa Agoosto 4, magaalada Thika, gobolka Kiambu."
EDU-00104,Education,PSA,Skilled Kenyans seeking employment in Russia can enroll in a free three-month online Russian language course through a partnership between Path to Russia and ICS Technical College.,Wakenya wenye ujuzi wanaotafuta kazi Urusi wanaweza kujiandikisha katika kozi ya mtandaoni ya lugha ya Kijerumani bure kwa muda wa miezi mitatu kupitia ushirikiano kati ya Path to Russia na ICS Technical College.,,KenyaNewsAgency_Education,https://www.kenyanews.go.ke/russian-ngo-partners-with-kenyan-college-to-offer-free-russian-language-course/,2026-07-15,Teachers,Abanyabugeni b'ekegusii bano badereraki obwakire mu Rusia banekere osababi bw'amasomo abwere bw'ekirasi yeshemo buya buya. Ikanisa ya Path to Russia na ICS Technical College bano bakugire.,"Abari mar teche magi Kenyans kuom joma imar e Russia, to ineno ka irungi bura mar ineno ruoth loko, gi Path to Russia kod ICS Technical College.","Kenyans xirfadlayaal ah oo raadinaya shaqo Ruushka ayaa ku dhiirigelinaya inay iska diiwaangeliyaan koorso luqadda Ruushka oo bilaash ah oo saddex bilood ah online ah, iyadoo la kaashanayo Path to Russia iyo ICS Technical College."
EDU-00105,Education,PSA,"The Ministry of Education is enhancing guidance, counselling, and mental health support in schools. Parents and communities are urged to collaborate in maintaining discipline among students.","Wizara ya Elimu inaboresha mwongozo, ushauri, na msaada wa afya ya akili katika shule. Wazazi na jamii wanahimizwa kushirikiana katika kudumisha nidhamu miongoni mwa wanafunzi.",,KenyaNewsAgency_Education,https://www.kenyanews.go.ke/school-heads-push-for-review-of-fees/,2026-07-15,Schools,"Pori ya Bwakire buya odokire bwire, buya, na ekirori ya bwakire mo masomo. Ababere na abaki baya bware boke buya bataraki eng'endo oria bakania abaki.","Ministry of Education ne okonyo ma okwan gi kimuchere, joma owuok, kendo dhok oyweng' ei sekondi. Jomoko kendo dhor joma nyako en nindogi kuom mapek moolo gi waki.","Wasaaradda Waxbarashada waxay kor u qaadaysaa hagidda, talo-bixinta, iyo taageerada caafimaadka maskaxda ee dugsiyada. Waalidiinta iyo bulshadu waxa la farayaa inay iska kaashadaan ilaalinta anshaxa ardayda."
EDU-00106,Education,PSA,School heads are meeting in Mombasa for the KESSHA annual conference to discuss student unrest and propose solutions. Consider transferring students uncomfortable with boarding to day schools.,Makanisa ya shule yanafanya mkutano mjini Mombasa kwa ajili ya kongamano la kila mwaka la KESSHA kujadili machafuko ya wanafunzi na kutoa mapendekezo ya ufumbuzi. Fikiria kuwahamisha wanafunzi ambao hawawezi kuishi kwenye bweni kwenda shule za kutoa masomo ya siku.,,KenyaNewsAgency_Education,https://www.kenyanews.go.ke/school-principals-gather-in-mombasa-student-unrest-tops-agenda/,2026-07-15,Schools,Abakire babo bochiori baisa o Mombasa buya bwokabera bwaki bu KESSHA bwogorogorere buse ogoti buria bushindori bwakire. Nyabokire kwong'enda abakozikire na bwokore busio.,"Wachoni, owacho mar kanyakla gi joma in Nyanza no'uru Mombasa kod thogruok KESSHA ma ngenyo mar ng'ama ne nyalo yudo. Timo kuom kuonge gi joma ok otingo mar boarding to joma ma ye nyaka adiera.",Madaxda dugsiyada ayaa ku kulmaya Mombasa si ay uga qayb galaan shirka sanadlaha ah ee KESSHA si ay uga wada hadlaan carqaladeynta ardayda iyo sidii loo soo jeedin lahaa xalal. Tixgeli inaad ardayda aan raaxo ku dareemin sidii xubnaha riwaayadaha u wareejisaan dugsiyada maalintii.
EDU-00107,Education,PSA,The Elimu Yetu Coalition urges all stakeholders in the education sector to collaborate urgently to address issues causing student unrest and ensure learner safety.,Muungano wa Elimu Yetu unahimiza wadau wote katika sekta ya elimu kushirikiana kwa dharura kutatua matatizo yanayosababisha machafuko ya wanafunzi na kuhakikisha usalama wa wanafunzi.,,KenyaNewsAgency_Education,https://www.kenyanews.go.ke/school-unrest-symptom-of-deeper-malaise-in-education-cso/,2026-07-15,General,Elimu Yetu Coalition nakienda buya bwaki bosi batega gose omogikuyu mwaki oria nibwaki naki igokirwe omokigo buya bosi buya gigi omokiri na oria nakiogire omokireri.,"Elimu Yetu Coalition en waki ji nyaka osechok gi chike kadhi e inyalo mar elimu, timbe mondo en joma osikore gi dwak mar zinga ma ok mila, kendo ne joma odugi okinyi.",Iskaashatada Elimu Yetu waxay ku boorinaysaa dhammaan dhinacyada ku lug leh qaybta waxbarashada inay si degdeg ah u wada shaqeeyaan si ay u xalliyaan arrimaha keenaya kacdoonada ardayda iyo inay hubiyaan badbaadada ardayda.
EDU-00108,Education,PSA,Successful participants from the Kenya Music Festival in Murang'a East Sub-County will advance to the county level competition. Prepare for the next stage of performances!,Washiriki waliofanikiwa kutoka Tamasha la Muziki la Kenya katika Kaunti ya Murang'a Mashariki wataendelea kwenye mashindano ya ngazi ya kaunti. Jiandee kwa ajili ya hatua inayofuata ya maonyesho!,,KenyaNewsAgency_Education,https://www.kenyanews.go.ke/schools-showcase-talent-during-music-festival-competitions/,2026-07-15,Schools,Abanyare bwakire bwoketi bwomokibori mu Kenya Music Festival ige Murang’a East Sub-County botaire buya buya buchemanyi bwokikere mokitino kera. Bwakire buya buya omokibori ogwakire!,Abannindi matek kuom Kenya Music Festival e Murang'a East Sub-County bende nyal kod konyo e gondo mar county. Gonda e kido mar tho!,Ka qaybgalayaasha guulaystay ee ka soo qayb galay Bandhigga Muusika ee Kenya ee Murang'a East Sub-County waxay u gudbi doonaan tartanka heerka degmada. Diyaarso marxaladda xigtay ee bandhigyada!
EDU-00109,Education,PSA,County governments are required to harmonize licensing fees and eliminate non-tariff barriers to trade. Traders should check for updated regulations to avoid prohibitive costs.,Mamlaka za kaunti zinatakiwa kuunganishia pamoja ada za leseni na kuondoa vikwazo visivyo vya ushuru kwa biashara. Wafanyabiashara wanapaswa kuangalia kanuni zilizosasishwa ili kuepuka gharama kubwa.,,KenyaNewsAgency_Education,https://www.kenyanews.go.ke/state-says-new-act-to-ease-business-operations-across-counties/,2026-07-15,General,Ababoni b’ekitendekeri bagokire okoborere naki ori omokiri naki abanjia obookorere buke. Abagaza bakenyere okucheka naki mirongo mishoncho omokiriri buore.,"Ong'ayo mar county ne okonyo kuom chieny ng'ato nenyo mar ayot e hiwre kuom nchwande kendo gonge non-tariff mar ir a wet. Mahar traders nigi, nyalo chako man nyiso mar mabor ka to keto miso.",Dowladaha deegaanada waxaa looga baahan yahay inay is waafajiyaan khidmadaha ruqsadaha oo ay ka saarayaan caqabadaha aan khidmadaha ahayn ee ganacsiga. Ganacsatada waa inay hubiyaan sharciyada cusub si ay uga fogaadaan kharashyada culus.
EDU-00110,Education,PSA,The Tharaka Nithi County government will continue to support cultural festivals to enhance heritage and social cohesion. Participate in local events to celebrate and preserve our culture.,Serikali ya Kaunti ya Tharaka Nithi itaendelea kusaidia sherehe za kitamaduni ili kuimarisha urithi na umoja wa kijamii. Shiriki katika matukio ya paikihapa ili kusherehekea na kuhifadhi tamaduni zetu.,,KenyaNewsAgency_Education,https://www.kenyanews.go.ke/tharaka-nithi-gears-up-for-chuka-igambangombe-cultural-festival/,2026-07-15,Teachers,Omesoko bu Tharaka Nithi oria bogotino bwakinyaki giriri bwakire omokiri kiongo. Wakioshokire makiongo mwaki obwakinyaki bwetu.,Tharaka Nithi County govenmnet bende en tiele gi ng'ato chieng' chikech gi wekruok manie chira mar kweny kendo kuom ok ni. Teko idhi e lweny mag tich ang'weny kendo bolo chikech.,Dowladda degmada Tharaka Nithi waxay sii wadi doontaa taageerada munaasabadaha dhaqanka si kor loogu qaado dhaxalka iyo midnimada bulshada. Ka qaybqaado dhacdooyinka deegaanka si aad u dabaaldegto uguna ilaaliso dhaqankeena.
EDU-00111,Education,PSA,Universities are preparing for the admission of Grade 10 learners under the Competency-Based Education system in 2029 through curriculum reforms and infrastructure development.,Vyuo vikuu vinaandaa kuwapokea wanafunzi wa Kidato cha Kumi chini ya mfumo wa Elimu Inayozingatia Uwezo mnamo mwaka 2029 kupitia mabadiliko ya mitaala na maendeleo ya miundombinu.,,KenyaNewsAgency_Education,https://www.kenyanews.go.ke/universities-step-up-preparations-for-grade-10-learners-ahead-of-2029-transition/,2026-07-15,Teachers,Makarati emomanyiari omosiye ogete bw’ogosire buya buokera mu 2029 buse tichinja kanyaki na buirebwaki obokiri.,Universities en e konyruok to gi grade 10 learners kendo gi system mar Competency-Based Education bad 2029 to nikore gi kurikulum kod joma en tije duka.,Jaamacadaha ayaa diyaarinaya soo dhaweynta ardayda fasalka 10aad ee ku jira nidaamka Waxbarashada Ku Saleysan Aqoonta sanadkan 2029 iyada oo la marayo dib-u-habeyn manhajka iyo horumarinta kaabayaasha.
EDU-00112,Education,PSA,The County Government of Vihiga is conducting a capacity building program on Competency-Based Education and Training (CBET) for TVET officers and VTC trainers.,Serikali ya Kaunti ya Vihiga inatekeleza programu ya uimarishaji uwezo juu ya Elimu na Mafunzo kwa Msingi wa Ujuzi (CBET) kwa maafisa wa TVET na wakufunzi wa VTC.,,KenyaNewsAgency_Education,https://www.kenyanews.go.ke/vihiga-strengthens-tvet-training-through-cbet-capacity-building-programme/,2026-07-15,Teachers,Omochiri wa Vihiga nakiara obokire bw'ogwangia bw'ogichaki bwenchani ku Buya Bwakira obwakireri na Amatereriri e VTC.,Government of Vihiga nigi kelo chike ma ok nyal kony gima yie kendo joma orit kod joma nyi VTC kendo joma TVET.,Dowladda Qaaradda Vihiga ayaa hirgelinaysa barnaamij kor loogu qaadayo awoodda ee Waxbarashada iyo Tababarka Ku Saleysan Xirfadaha (CBET) ee saraakiisha TVET iyo tababarayaasha VTC.
EDU-00113,Education,PSA,Teachers trained in STEM subjects in Vihiga County are encouraged to implement new skills at their schools and mentor at least three colleagues.,Walimu waliopewa mafunzo katika masomo ya STEM katika Kaunti ya Vihiga wanahimizwa kutekeleza ujuzi mpya kwenye shule zao na kuwafundisha angalau wenzao watatu.,,KenyaNewsAgency_Education,https://www.kenyanews.go.ke/vihiga-teachers-undergo-smasse-training-on-virtual-labs/,2026-07-15,Teachers,Abareti abaki na masomo ya STEM mu Vihiga County baria buya omokire omogenda buya bware bwaki abaki iria nabere buya bataraki at least abareti batatu.,Maendeleo mang'ere mag STEM e Vihiga County no omiyogo ni gidhi kwede mamoko kendo omiya gi ineno marach.,Macallimiinta tababaran ee ku takhasusay STEM ee ka shaqeeya degmada Vihiga waxaa lagu dhiirigelinayaa inay xirfadahooda cusub isticmaalaan iskoolkooda oo ay hogaamiyaan ugu yaraan saddex saaxiib.
EDU-00114,Education,PSA,"CEMASTEA is training over 7,000 junior secondary school teachers nationwide to implement a virtual lab, enhancing science education and resources.","CEMASTEA inafundisha walimu zaidi ya 7,000 wa shule za sekondari za chini kote nchini ili kuanzisha maabara ya mtandaoni, kuboresha elimu ya sayansi na rasilimali.",,KenyaNewsAgency_Education,https://www.kenyanews.go.ke/virtual-laboratories-offer-reprieve-for-cbc-system/,2026-07-15,Schools,"CEMASTEA ikwenda kutigira abwerekeji 7,000 bakanzi bategi bakanzi b’abagere bwakise okotunyaka virtual lab, kisibogori bwaki bw’ekinai na naki.","CEMASTEA nigi wacho kamano ma iting'wino ma 7,000 majoonga mag Kachok (junior secondary) kanyimbo nyaka kuom piny nyinge to eyo wacho gigo chalo kata gi ng'ato mar science.","CEMASTEA waxay tababareysaa in ka badan 7,000 macallin oo dugsiyada dhexe ah oo dalka oo dhan si ay u hirgeliyaan sheybaar muuqaal ah, taasoo kordhinaysa waxbarashada sayniska iyo agabka."
EDU-00115,Education,PSA,All junior schools are encouraged to utilize the newly launched Virtual Laboratories for Mathematics and Integrated Science to enhance STEM education. Access these tools to improve learning outcomes.,Shule za msingi zote zinahimizwa kutumia Maabara za Kijamii zilizozinduliwa hivi karibuni za Hesabu na Sayansi Mchanganyiko ili kuboresha elimu ya STEM. Tumia zana hizi kuboresha matokeo ya kujifunza.,,KenyaNewsAgency_Education,https://www.kenyanews.go.ke/virtual-labs-enhance-cbe-implementation-efforts/,2026-07-15,Curriculum,"Nakiere buya buja bosi babwidori omogenda gose bwakore buya buya omokirongo bwakwe bwomotari, buya buya buya mwa bumenye bwemikoro bwokire. Tuga bwakweri busera bwiisire bwakuriria.",Kanyo ka nyaka kuom joma nyaka iyudhi ng'ato ka gima nyaka gung'ore to en duwe gi Virtual Laboratories choch mar Mathematics gi Integrated Science kuom dendi STEM. Konyruok gi gima guti ariyo.,Dhammaan dugsiyada hoose waxaa lagu dhiirigelinayaa inay ka faa'iidaystaan MaLaboratories Virtual ah ee cusub ee loogu talagalay Xisaabta iyo Sayniska Isku-dhafan si loo xoojiyo waxbarashada STEM. Ka faa'iidayso qalabkan si kor loogu qaado natiijooyinka waxbarashada.
EDU-00116,Education,PSA,Attention Junior School teachers: Over 150 of you in Kisumu County have been trained in using virtual laboratories for STEM subjects. Leverage this knowledge to enhance your classroom instruction.,Kazi kwa walimu wa Shule za Msingi: Zaidi ya 150 yenu katika Kaunti ya Kisumu mmetolewa mafunzo ya kutumia maabara za mtandao kwa masomo ya STEM. Tumia maarifa haya kuboresha ufundishaji darasani.,,KenyaNewsAgency_Education,https://www.kenyanews.go.ke/virtual-labs-to-bridge-science-equipment-gap-in-kisumu-schools/,2026-07-15,Teachers,Abagima bategi batarakire: Abaki 150 omokigati mu Kisumu County baki omogokire mu kutenda bonto bware busemo bu STEM. Naki mwaki omotende bwokigati bwanyu.,"Kawuono, watech Juro School: Wuon 150 marach miyo e Kisumu County ne walonyo gi joma wacho yie e virtual laboratories kuom STEM. Konyo noi nyaka to lweny miyo e tich kendo.",Digniin macallimiinta Dugsiga Hoose: In ka badan 150 kamid ah waxaad ka soo qeyb gashay tababar ku saabsan isticmaalka shaybaarka fog ee maadooyinka STEM ee Kisumu. Ka faa'iidaysta aqoontan si aad u kordhiso waxbarashada fasalkaaga.
EDU-00117,Education,PSA,Junior Secondary School teachers in Busia County have been trained on virtual laboratories to enhance science and mathematics education. Schools are encouraged to share laboratory facilities to bridge gaps.,Walimu wa Shule za Sekondari za Kijuni katika Kaunti ya Busia wametumia mafunzo juu ya maabara za mtandao ili kuboresha elimu ya sayansi na hisabati. Shule zinah encouraged kupeana vifaa vya maabara ili kujaza mapengo.,,KenyaNewsAgency_Education,https://www.kenyanews.go.ke/virtual-labs-to-bridge-science-practical-gap-in-busia-jss-schools/,2026-07-15,Teachers,Ab Teacher ba Junior Secondary School mushure ya Busia County bakenyore buya bungi bwenge bwakaratia ku naki na mathimati. Masomo naki moshinere buya buya bwakabuni kugethangana.,Abiriyo Juu gi Nyadiwere e Busia County en adiera ma ok nyal ringo e virtual laboratories kuom nyim mar science kod mathematics. Masomo nyaka en chweyo gi lab facilities to nyal kand turu.,Macallimiinta Dugsiyada Sare ee Junior-ka ee Gobolka Busia ayaa tababar la siiyay shaybaaro been-abuur ah si kor loogu qaado waxbarashada cilmiga sayniska iyo xisaabta. Dugsiyadu waxaa lagu dhiirrigelinayaa inay wadaagaan dhismaha shaybaarada si loo xalliyo farqiga.
EDU-00118,Education,PSA,"Ndumberi Primary School has completed several development projects, including additional classrooms and a modern lab. Parents and students are encouraged to utilize these new facilities for enhanced learning.","Shule ya Msingi Ndumberi imekamilisha miradi kadhaa ya maendeleo, ikiwemo madarasa ya ziada na maabara ya kisasa. Wazazi na wanafunzi wanahimizwa kutumia vifaa hivi vipya kwa ajili ya kuboreshaujifunzaji.",,KenyaNewsAgency_Education,https://www.kenyanews.go.ke/waithaka-commissions-modern-learning-facilities-at-ndumberi-primary-school/,2026-07-15,Schools,"Shule ya Ndumberi emekore ekerende naki, gose ne bikore buya bwekebere na labu yaki ya kisasa. Ababere na abaki bataragane gose nyakubwatisa buya bwokore bwosi buya.","Ndumberi Primary School ikwako eok ma dijal, kendo ikwako masomo mang'we gi lab maber. Joka kendo students nyaka golo ni to kech migeo manuelle nthese.","Dugsiga Hoose ee Ndumberi wuxuu dhameystiray mashaariic horumarineed, oo ay ku jiraan fasallo dheeraad ah iyo shaybaadh casri ah. Waalidka iyo ardayda waxaa lagu dhiirigelinayaa inay ka faa'iidaystaan fursadahaan cusub si kor loogu qaado waxbarashada."
EDU-00119,Education,PSA,Citizens can now access the newly launched Service Delivery Charter to understand the services provided. Visit your local government office or website for details.,Wananchi sasa wanaweza kupata Hati ya Mfumo wa Utendaji wa Huduma mpya ili kuelewa huduma zinazotolewa. Tembelea ofisi ya serikali za mitaa au tovuti yako kwa maelezo zaidi.,,MoE_Kenya_News_v2,https://www.education.go.ke/index.php/node/270,2026-07-26,General,Abagabe bakiinde okebire bwakirori bwa Seva Delivery Charter ore ore bwaki omokire buse. Naki chori cha goio chabaki naki oria bwaki.,Matiro manyien otere e konyruok mar Service Delivery Charter chiemo ka chupogi onyisa. Konyo kuom ofisi mar governmnet mar dako ma ineno to e website gi inform machalo.,Citizens-ka hadda waxay heli karaan Charter-ka Bixinta Adeegga cusub si ay u fahmaan adeegyada la bixiyo. Booqo xafiiskaaga dowladda hoose ama website-ka si aad u hesho faahfaahinta.
EDU-00120,Education,PSA,The Elimu Scholarship Programme 2021 is now open for online applications. Interested candidates must follow the application instructions provided.,Mpango wa Aha ya Elimu 2021 sasa umefunguliwa kwa maombi mtandaoni. Wagombea walio na nia wanapaswa kufuata maelekezo ya maombi yaliyotolewa.,,MoE_Kenya_News_v2,https://www.education.go.ke/index.php/basic-education-programmes,2026-07-26,General,Elimu Scholarship Programme 2021 oria buya buya omogirango omogosi. Abagereki abaitire banataria nyaki bachi aboreri omokire buya.,Elimu Scholarship Programme 2021 oting' nyalo abiro ng'ama gi online. Nende kanyakla gi weche mag piny molo.,Barnaamijka Deeqda Elimu 2021 waa furmay oo hadda si online ah ayaa loogu dalban karaa. Musharixiinta xiisaynaya waa inay raacaan tilmaamaha dalbashada la bixiyay.
EDU-00121,Education,PSA,The Secondary Education Equity and Quality Improvement Programme (SEEQIP) is underway to enhance secondary education quality in Kenya. Stakeholders are urged to participate actively.,Mpango wa Usawa na Uboreshaji wa Elimu ya Sekondari (SEEQIP) umeanzishwa ili kuboresha ubora wa elimu ya sekondari nchini Kenya. Washirika wanahimizwa kushiriki kwa nguvu.,,MoE_Kenya_News_v2,https://www.education.go.ke/index.php/secondary-education-equity-and-quality-improvement-programmeseeqip,2026-07-26,General,Makiaro omokirori ogwaki sekitenga naki yesabu yene nkeende naki buya omokirori bwakigwanie mu Kenya. Abakiaronchani baria na bategikire kworora.,Program ma egogi Secondary Education Equity and Quality Improvement Programme (SEEQIP) en e thurwa kuom nyaka improve secondary education mang'ongo e Kenya. Ngingo nyasae keto puoch mondo gichieng' e yo.,Barnaamijka Horumarinta Tayada iyo Sinnaan Dugsiga Sare (SEEQIP) ayaa socda si loo hagaajiyo tayada waxbarashada dugsiga sare ee Kenya. Waxaa lagu dhiirrigelinayaa daneeyayaasha inay si firfircoon uga qayb qaataan.
EDU-00122,Education,PSA,Lelmokwo Primary School in Nandi County is recognized for its supportive learning environment. All stakeholders are encouraged to maintain and enhance this standard of quality education.,Shule ya Msingi ya Lelmokwo katika Kaunti ya Nandi inatambulika kwa mazingira yake ya kujifunzia yanayosaidia. Wadau wote wanahimizwa kudumisha na kuboresha kiwango hiki cha elimu bora.,,MoE_Kenya_News_v2,https://www.education.go.ke/principal-secretary-basic-education-john-ololtuaa-paid-visit-lelmokwo-primary-school-nandi-county,2026-07-26,General,Lelmokwo Primary School omogori buya na Nandi County orekeire buya mucheke oseririasi. Abakire bosi bahindire okogendi nakiige buya bweng'eno bwakiigwa.,"Lelmokwo Primary School e Nandi County en gi chiegni mag ng'ato kendo e yo mar jaduong'. Wan gima otele gi nyaka weche kuom wuodhi, kendo nyaka weche gi kamano ka miluor gi jopuonj.",Dugsiga Hoose ee Lelmokwo ee ku yaal gobolka Nandi waxaa lagu amaanay deegaan waxbarasho oo taageero leh. Dhammaan daneeyayaasha waxaa lagu dhiirrigelinayaa inay sii wadaan oo ay kor u qaadaan heerkan waxbarasho oo tayo leh.
EDU-00123,Education,PSA,Ministries are currently vetting Performance Contracts for FY 2026/27 via the Government Performance Contracting Information System (GPCIS). Ensure your submissions are completed promptly.,Wizara zinapitia Mikataba ya Utendaji kwa mwaka wa fedha 2026/27 kupitia Mfumo wa Taarifa ya Mikataba ya Utendaji wa Serikali (GPCIS). Hakikisha unakamilisha wasilisho lako kwa wakati.,,MoE_Kenya_News_v2,https://www.education.go.ke/ps-ololtuaa-join-ministry-officials-ongoing-vetting-performance-contract-202627,2026-07-26,General,Abakore baki mosi baisibori Obwakire bu Naki 2026/27 nyekiya Obwaki bw'Obwakire bu Naki (GPCIS). Bwakire bucharia buya bosi bose.,Makarani buo joma piny ng'ato gi Performance Contracts ma FY 2026/27 maloch mokwongo e Government Performance Contracting Information System (GPCIS). Neno ngeyo konyo kuom timbe.,Wasaaraduhu waxay hadda baadhayaan Qandaraasyada Waxqabadka sanadka maaliyadeed 2026/27 iyada oo loo marayo Nidaamka Macluumaadka Qandaraasyada Waxqabadka Dowladda (GPCIS). Fadlan hubi in soo gudbintaadu ay waqtigeeda ku dhammaystiranto.
EDU-00124,Education,PSA,Bomet County education stakeholders are urged to strengthen collaboration to enhance quality and inclusive education. Focus on accountability and improving learning outcomes for all learners.,Wadau wa elimu wa Kaunti ya Bomet wanahimizwa kuimarisha ushirikiano ili kuboresha ubora na elimu jumuishi. Kipaumbele ni uwajibikaji na kuboresha matokeo ya kujifunza kwa wanafunzi wote.,,MoE_Kenya_News_v2,https://www.education.go.ke/ps-ololtuaa-engaged-bomet-county-officials-education-matters,2026-07-26,General,Abakore b’eshule b’Ogoti ka Bomet baragire baturukire hamwe kugirango baborore obwakanye na obwakiibori b’eshule. Tekenya imani na naki orokore ni orokere yaliyuma.,Bomet County ng'ato ma okelo en manga ur konyo ni ginyalo gibuoch kuom chuo mag bwir. Jachien chalo kod ineno kendo gichar gi lwak mokuongo ma okelogi.,Hay'adaha waxbarashada ee Bomet County waxaa lagu boorinayaa inay xoojiyaan iskaashiga si loo wanaajiyo tayada iyo waxbarashada baahsan. Diirada saar mas'uuliyadda iyo kor u qaadida natiijooyinka waxbarasho ee dhammaan ardayda.
EDU-00125,Education,PSA,Junior Schools across all 47 counties will receive laptops and interactive smart boards under the Kenya Digital Economy Acceleration Project (KDEAP).,Shule za msingi katika kaunti zote 47 zitapokea kompyuta mpakato na mabango yaani ya kuona yanayofanya kazi chini ya Mradi wa Kuimarisha Uchumi wa Kidijitali wa Kenya (KDEAP).,,MoE_Kenya_News_v2,https://www.education.go.ke/basic-education-ps-ololtuaa-distribute-ict-gadgets,2026-07-26,General,Masomo matigori osibori 47 nakiuru kaaki laptop na asibori amwaki nyasa na Kenya Digital Economy Acceleration Project (KDEAP).,Junior Schools duto e rang' 47 oloyo kuom laptops kod interactive smart boards ticho mar Kenya Digital Economy Acceleration Project (KDEAP).,Dugsiyada hoose ee dhammaan 47 ka tirsan counties waxay heli doonaan laptop-yo iyo buugag casri ah oo is-dhexgal ah iyada oo hoos taga Mashruuca Xoojinta Dhaqaalaha Dijitaalka ah ee Kenya (KDEAP).
EDU-00126,Education,PSA,The Kenya Institute of Special Education (KISE) is enhancing access to quality education for special needs learners. Ongoing construction of a facility for locally producing assistive devices is underway.,Taasisi ya Kenya ya Elimu Maalum (KISE) inaongeza upatikanaji wa elimu bora kwa wanafunzi wenye mahitaji maalum. Ujenzi wa kituo cha kutengeneza vifaa vya msaada hapa nchini unaendelea.,,MoE_Kenya_News_v2,https://www.education.go.ke/basic-education-principal-secretary-john-ololtua-tours-kise,2026-07-26,General,Kenya Institute of Special Education (KISE) orekiisire eng'ano ya itagwanakire omokinyire rwaki bwakire bwokiraki. Ogochori bwochoka borkisomwe buya bwokorero bwakire bwetere omogendi onyaraki.,Kenya Institute of Special Education (KISE) nyari goyo chuny mar educativo ma okel jogo mag special needs. Tendo gi joma ne okonyo chiek kuom mategi mar joma ne en oganda.,Hay'adda Kaalmada Gaarka ah ee Kenya (KISE) waxay kordhinaysaa helitaanka waxbarashada tayada leh ee ardayda baahiyaha gaarka ah leh. Dhismaha xarun loo qorsheynayo in lagu soo saaro qalabka taageerada ayaa socda.
EDU-00127,Education,PSA,The Ministry of Education is recruiting more teachers to improve learning and facilitate the CBE transition. School administrators are encouraged to collaborate with the ministry on solutions.,Wizara ya Elimu inapata walimu wa ziada kuboresha ujifunzaji na kusaidia mpito wa CBE. Wasimamizi wa shule wanah encouraged kushirikiana na wizara katika kutafuta suluhisho.,,MoE_Kenya_News_v2,https://www.education.go.ke/commitment-tackle-challenges-grade-10,2026-07-26,General,Bwakire bw'Oborere buya omokirori ogw'ogenda okukora abere buya baciere omokoroni bw'ogw'ababere b'ogende. Abakire b'eshule batorire obokorere na bwakire bw'Oborere ku ng'eno.,"Minisistari mar Jachieng' ber gi jachieng' ma okonyo, kuom nyiso gi rwako kendo nyalo manyo CBE. Odhiegi mar shule nigi konyo gi minisista kuom nyisa mager.",Wasiaaradda Waxbarashada waxay shaqaaleyneysaa macallinno badan si loo hagaajiyo barashada loona fududeeyo isbeddelka CBE. Maamulka dugsiyada waxaa lagu dhiirigelinayaa inay la shaqeeyaan wasaaradda si loo helo xalal.
EDU-00128,Education,PSA,All learners from ECDE to Grade 9 at Karen Comprehensive School have received new shoes. This initiative aims to boost students' comfort and confidence in their educational journey.,Wanafunzi wote kutoka ECDE hadi Kidato cha Tisa katika Shule ya Karen Comprehensive wamepata viatu vipya. Mpango huu unalenga kuongeza faraja na kujiamini kwa wanafunzi katika safari yao ya masomo.,,MoE_Kenya_News_v2,https://www.education.go.ke/principal-secretary-joins-first-lady-karen-compressive-school-where-she-distributed-hundreds-shoes,2026-07-26,General,Abaki bosi ba ECDE kugeza mu Grade 9 bu Karen Comprehensive School nakiire bosi abaki banzaki. Omoise ogende oigana buya bu abaki bosi naki nakiire butongwa bwabo mu naki cha chire.,Wang'ni ng'ato mar ECDE kutala Grade 9 ku Karen Comprehensive School aninyisore shoes nyaka. Moko mag maiye ni owang'ni ng'ato kuom rem nyaka yieyo kamano ku wakwongo.,Dhammaan ardayda ka socota ECDE ilaa Fasalka 9 ee Iskuulka Karen Comprehensive ayaa helay kabo cusub. Hawlgalkan wuxuu ujeedadiisu tahay in la xoojiyo raaxada iyo kalsoonida ardayda inta ay waxbarashadooda maraan.
EDU-00129,Education,PSA,Congratulations to all prize recipients at Maryhill High School for their hard work and dedication. Keep striving for excellence in education!,Hongera kwa washindi wote wa tuzo katika Shule ya Sekondari ya Maryhill kwa kazi yao ngumu na kujitolea. Endeleeni kujitahidi kufikia ubora katika elimu!,,MoE_Kenya_News_v2,https://www.education.go.ke/basic-education-principal-secretary-accompany-head-public-servicefelix-koskei-celebrate-education,2026-07-26,General,Naki omokirigori naki abaki bwakire mwanzo buya bosi bu Maryhill High School omosi ibwaki buya bwakireri. Naki ogenda oria osome biji!,Naki duto kuor mag katego ma nigi kendo ber e Maryhill High School mar keto duto gi konyi. Ber ka piny gi kwe chiegni e jodong'!,Hambalyo dhammaan kuwa helay abaalmarinta ee Iskuulka Sare ee Maryhill shaqadooda adag iyo dadaalkooda. Sii wad dadaalkaaga ku aaddan heerka waxbarashada!
EDU-00130,Education,PSA,"New facilities, including seven smart classrooms and a 67-seater school bus, have been commissioned at Kimana Girls School, Kajiado County, to enhance learning and safety.","Vituo vipya, ikiwa ni pamoja na madarasa saba ya kisasa na basi la shule lenye viti 67, vimezinduliwa katika Shule ya Wasichana ya Kimana, Kaunti ya Kajiado, kuboresha kujifunza na usalama.",,MoE_Kenya_News_v2,https://www.education.go.ke/earlier-today-principal-secretary-basic-education-mr-john-ololtuaa-commissioned-key-new-facilities,2026-07-26,General,"Omoja motiri, naki buya bwenda, keri obiri buya bwaki, buya nkegero ogetere ibonu nebwakire 67, buya bwoko buya Kimana Girls School, Kajiado County, buya ogetere bushanga naki omechenge buya.","Kisumo kanyakla, kaka akasa are 7 ma smart classrooms to bus ochung' 67, nyandiko kod bura at Kimana Girls School, Kajiado County, nyaka to gimi khol ni chike.","Goobo cusub, oo ay ku jiraan todoba fasal oo casri ah iyo bas dugsiga oo leh 67 fadhiyo, ayaa lagu soo bandhigay Dugsiga Kimana ee Gabdhaha, Degmada Kajiado, si loo xoojiyo barashada iyo amniga."
EDU-00131,Education,PSA,Newly recruited Quality Assurance and Standards Officers (QASOs) are now being oriented at KICD. Ensure adherence to learner safety and integrity in your duties.,Maafisa wapya wa Ukaguzi wa Ubora na Viwango (QASOs) sasa wanapokea mafunzo ya kuelekezwa katika KICD. Hakikisha unazingatia usalama wa wanafunzi na uaminifu katika majukumu yako.,,MoE_Kenya_News_v2,https://www.education.go.ke/basic-education-principal-secretary-john-ololtuaa-has-officially-opened-orientation-newly-recruited,2026-07-26,General,Ababere okwendana naki nyanditi ya Quality Assurance and Standards (QASOs) baire bataragane ku KICD. Naki ohuye obwaki bwaki bwabere bwokugana na bwaki bwokuragania obwakire bw’abana.,Nyarach marach ma omiyo ne konyo ni Quality Assurance and Standards Officers (QASOs) lowo kod KICD. Nyanj ng'ato konyo gi chon mar learner safety kod integrity ka owinjore.,Shaqaalaha cusub ee tayada hubinta iyo heerarka (QASOs) ayaa hadda lagu tababbarayaa KICD. Hubi in aad u hogaansanto amniga ardayda iyo daahfurnaanta howlahaaga.
EDU-00132,Education,PSA,No actionable public-facing content is available in this article.,Hakuna maudhui ya kuweza kutekelezwa yanayopatikana katika makala hii.,,KenyaNews_co_ke_Education,https://kenyanews.co.ke/fyaverse-expands-international-profile-through-publishing-deal-chart-success-and-cross-regional-collaborations/,2026-07-26,General,Naki naki nyasa naki nyisibori buya buya bwaki bwera.,Nawacho ni mano kendo asenye piny ma ng’ato adhi mar golo kendo no koro ni gima nyalo jii.,Maqaalkani ma hayo wax macluumaad ah oo la qaadi karo oo la xiriira dadweynaha.
EDU-00133,Education,PSA,The Ministry of Education has launched an urgent review of fire safety measures in schools. All schools must ensure emergency exits are functional and accessible by December 2023.,Wizara ya Elimu imeanzisha mapitio ya haraka ya hatua za usalama wa moto shuleni. Shule zote zinapaswa kuhakikisha kwamba mipango ya kutoka dharura inafanya kazi na inapatikana kabla ya Desemba 2023.,,KenyaNews_co_ke_Education,https://kenyanews.co.ke/kenyas-school-fire-tragedies-35-years-of-grief-broken-promises-and-children-who-never-came-home-1991-2026/,2026-07-26,General,Barua ya Elimu ibwaki omogenda buya bwaki asubati bwasiboti mu masomo. Naki masomo okiendi nooberia omokangona buya bware tendaিৰeri na buya bwakigana buya mu Disemba 2023.,Ministry of Education osebedo konyo ni ng'ato modhi muheso duto konyo piny kod chiek motimo. Wekoni duto nyalo riyogi kuom magi opogore koro duto otek yore tinde duto ka December 2023.,Wasaaradda Waxbarashada ayaa bilaabay dib-u-eegis degdeg ah oo ku saabsan tallaabooyinka badbaadada dabka ee dugsiyada. Dhammaan dugsiyada waa inay hubiyaan in dhawaaqyada degdega ah ay firfircoon yihiin oo la heli karo dhamaadka December 2023.
EDU-00134,Education,PSA,"All Kenyans in Cambodia must leave by May 31, 2026, or face arrest, fines, and deportation. Act immediately to avoid serious penalties.","Wakenya wote nchini Cambodia lazima waondoke kabla ya Mei 31, 2026, au wataweza kukamatwa, kufikishwa mahakamani, na deported. Fanya haraka ili kuepuka adhabu kali.",,KenyaNews_co_ke_Education,https://kenyanews.co.ke/kenyans-in-cambodia-ordered-to-leave-immediately-or-face-two-years-in-jail-and-an-8000-fine/,2026-07-26,General,"Abantu bose b'Abakerya baria mu Cambodia babise buya naki May 31, 2026, orio bw'ore bisange naki buya, bikonyera, na kuntorora. Sia rubori oria bw'oya oborenda oria buya bw'ire.","Ng'ato nodhi Kenya ku Cambodia, ni nyalo chand' e nind gi May 31, 2026, to kanyakore, kinyan, gi chak bwoma. Chako oser!","Dhammaan Kenyatiyiinta ku sugan Cambodia waa inay ka tagaan ugu dambayn 31-ka May, 2026, ama waxay wajahaan xarig, ganaax, iyo soo celin. Fadlan tallaabo qaado si aad uga fogaato ciqaab daran."
EDU-00135,Education,PSA,Parents and guardians of students at Utumishi Girls Academy Senior School in Nakuru are urged to remain calm as rescue operations continue following a dormitory fire. Official updates on student safety will be provided.,"Wazazi na walezi wa wanafunzi katika Shule ya Upili ya Wasichana Utumishi, Nakuru wanasisitizwa kubaki watulivu wakati shughuli za uokoaji zinaendelea kufuatia moto katika bweni. Taarifa rasmi kuhusu usalama wa wanafunzi zitatolewa.",,KenyaNews_co_ke_Education,https://kenyanews.co.ke/several-students-feared-dead-after-dormitory-fire-at-utumishi-girls-academy-senior-school-in-nakuru/,2026-07-26,General,"Abagere nakiabaki bakanisibori bangenyaki ba Utumishi Girls Academy Senior School mu Nakuru, ngalireke buya buya muokiri bwokong’ana bwagori bwakibanda. Makiere mana omoshi mosi buya bwakiabaki bakenyaki bwosi.","Nyaruok gi mawuon kamano nyaka odhiuhoya ka gi tinde mag Utumishi Girls Academy Senior School e Nakuru, to inyalo konyo bura ka jo gima piny ng'ato ka tonge mana meyo. Amollo mar gima onyu gi ombulu ma nyuora kuom chuni.","Waalidiinta iyo ilaalayaasha ardayda ee Utumishi Girls Academy Senior School ee Nakuru waxaa lagu boorinayaa inay degganaan, iyadoo howlaha badbaadadu ay socdaan ka dib dabkii ka kacay jirkiga. Warar rasmi ah oo ku saabsan badbaadada ardayda ayaa la bixin doonaan."
EDU-00136,Education,PSA,Parents and caregivers are reminded of the importance of taking responsibility for their children. Public figures are particularly encouraged to set a positive example in family matters.,Wazazi na walezi wanakumbushwa juu ya umuhimu wa kuchukua uwajibikaji kwa watoto wao. Viongozi wa umma wanahimizwa hasa kuweka mfano mzuri katika masuala ya familia.,,KenyaNews_co_ke_Education,https://kenyanews.co.ke/kisii-senator-richard-onyonka-accused-of-neglecting-child-after-revealing-he-has-12-children/,2026-07-26,General,Abande naki abarebu baria baija buya bwaki obwakurio bwokire bwandiga bwakubwakira abana bano. Abakire bakiitire buya ba bwanari buya buige buya bwa nyamunyoni mu bwiire bworogori.,"Wuodhi ariyo, koro chike chike ni gin marach timo tiyo gi nyasach kwach. Ogingo to dhi nyaka pok chula mag warudo kinyisi ne nyamre gi ng'ato.",Waalidiinta iyo qof kasta oo daryeela carruurta waa in ay xusuustaan muhiimadda mas'uuliyadda carruurtooda. Shaqsiyaadka caanka ah waxaa si gaar ah loo dhiirrigelinayaa in ay tusaale wanaagsan ka noqdaan arrimaha qoyska.
EDU-00137,Education,PSA,"The investigation into the murder of Alice Rianga, a student at JOOUST, is ongoing. Authorities urge the public to avoid speculation and assist with information relevant to the case.","Uchunguzi kuhusu mauaji ya Alice Rianga, mwanafunzi wa JOOUST, unaendelea. Mamlaka zinawahimiza wananchi kuepuka uvumi na kusaidia kwa taarifa zinazohusiana na kesi hiyo.",,KenyaNews_co_ke_Education,https://kenyanews.co.ke/video-of-slain-jooust-student-alice-rianga-flaunting-cash-in-club-emerges-online/,2026-07-26,General,"Oteketi bw'otebwoni bw'egosoketi bw'Alice Rianga, omokere bu JOOUST, naki. Abakire bakesera bu leeta bw'ogere bw'okonokire naki bwakire bu bwakiri bw'ogotai.","Chiko e buch mar chogo ma Alice Rianga, jomoko e JOOUST, nochiko. Abich kuom kelo mar YMCA ng'ato jomoko, kendo bedo kod joma Inya to makare.","Baadhitaanka dilkii Alice Rianga, oo ah arday ka tirsan JOOUST, wuu socdaa. Hay'adaha ayaa dadka ka codsanaya in ay ka fogaadaan mala-awaalka iyo in ay caawiyaan macluumaad la xiriira kiiska."
EDU-00138,Education,PSA,"The Kenya Institute of Management has resumed normal operations as of April 22, 2026. All academic activities and corporate training programs are ongoing.","Taasisi ya Usimamizi ya Kenya imeanzisha shughuli zake za kawaida kuanzia Aprili 22, 2026. Shughuli zote za kitaaluma na programu za mafunzo ya kampuni zinaendelea.",,KenyaNews_co_ke_Education,https://kenyanews.co.ke/kenya-institute-of-management-resumes-operations-after-court-suspends-tveta-action/,2026-07-26,General,"Kisiaro ya Kenya ya Uongozi emosiire buya buya kuhorane na Nyamanga 22, 2026. Bwakire bwaki bwote naki naki bwakinyaki bwabere.","Kenya Institute of Management abiro koro ma okany osiepna mar April 22, 2026. Ngeche duto mar akademia to dhakise mag korporo ne ok anyalo.","Machadka Maareynta ee Kenya wuxuu dib u bilaabay hawshiisa caadiga ah bishii Abriil 22, 2026. Dhamaan hawlaha waxbarashada iyo barnaamijyada tababarka shirkadaha ayaa socda."
EDU-00139,Education,PSA,The KUCCPS portal for university and TVET applications is now open. Log in at students.kuccps.ac.ke to apply for Degree and TVET programmes before the deadline.,Portal ya KUCCPS ya maombi ya chuo kikuu na TVET sasa iko wazi. Ingia katika students.kuccps.ac.ke kutuma maombi ya programu za Shahada na TVET kabla ya muda kufikia mwisho.,,KenyaNews_co_ke_Education,https://kenyanews.co.ke/kuccps-opens-2026-portal-key-tips-every-student-must-know-before-applying/,2026-07-26,General,Portal ya KUCCPS yaki abaki uregi ne ya TVET ikwete buya. Kiyega buya kwi students.kuccps.ac.ke buya bwokiri buengu na TVET naki kuria buya.,Portal ma KUCCPS mar university kod TVET applications oting'o. Konyo ku students.kuccps.ac.ke nokuom joma degree kod TVET ei ni konyo ng'ato gi timbe.,Barta KUCCPS ee codsiyada jaamacadaha iyo TVET hadda waa furan. Gali students.kuccps.ac.ke si aad u codsato barnaamijyada Shahaadada iyo TVET ka hor waqtiga kama dambeysta ah.
EDU-00140,Education,PSA,The Kenya Medical Training College warns students and parents to verify admission information through official channels only and avoid sharing personal information with unauthorized individuals.,Chuo cha Mafunzo ya Tiba Kenya kinawashauri wanafunzi na wazazi kuthibitisha taarifa za kuingilia kupitia njia rasmi pekee na kuepuka kugawana taarifa binafsi na watu wasio na kibali.,,KenyaNews_co_ke_Education,https://kenyanews.co.ke/kmtc-warns-students-and-parents-over-scams-ahead-of-march-intake/,2026-07-26,General,Chuo cha Mafunzo ya Tiba Kenya kinatoa onyo kwa wanafunzi na wazazi kuangalia taarifa za kujiunga kupitia njia rasmi pekee na kuepuka kushiriki taarifa za kibinafsi na watu wasio na mamlaka.,Kenya Medical Training College onyo students na abich moloyo gihier admissions mokuongo kende ma ok en chalo ni koro kanyakre buoro mako.,Kulliyadda Tababbarka Caafimaadka Kenya waxay uga digaysaa ardayda iyo waalidiinta inay xaqiijiyaan macluumaadka gelitaanka oo kaliya kanaallo rasmi ah isla markaana ka fogaadaan wadaagidda macluumaadka shakhsiyeed dadka aan oggoleyn.
EDU-00141,Education,PSA,"KNUT members, prepare for upcoming elections with the potential contest between Wilson Sossion and current Secretary General Collins Oyuu for leadership positions. Stay informed.","Wajumbe wa KNUT, jiandaeni kwa uchaguzi ujao wa kutakuwa na ushindani kati ya Wilson Sossion na Katibu Mkuu wa sasa, Collins Oyuu kwa nafasi za uongozi. Endeleeni kujua yanayojiri.",,KenyaNews_co_ke_Education,https://kenyanews.co.ke/wilson-sossion-vs-oyuu-battle-for-knut-top-seat-looms/,2026-07-26,General,"Abakinyi ba KNUT, budirire omokanya oria bw'omerera omogira oria bwokire itire ya Wilson Sossion na mugira ikinyi Abogii Oyuu bw'ogotire amasomo. Bwakire oria bworkeneke.","Membri wa KNUT, ji aher keth joma oseria ma gin gi, ma yande mar Wilson Sossion to mano joma ni mino Secretary General Collins Oyuu ma en ketho. Toroka ni yien.","Xubnaha KNUT, diyaar garooba doorashooyinka soo socda oo ay ka dhici karto tartan u dhaxeeya Wilson Sossion iyo Xoghayaha Guud ee hadda Collins Oyuu jagada hogaamineed. La soco wararka."
EDU-00142,Education,PSA,KUCCPS has begun placing students in universities and colleges based on KCSE results and course preferences. Applicants will receive SMS notifications to check their placements on the KUCCPS portal.,KUCCPS imeanza kuwatega wanafunzi katika vyuo vikuu na vyuo kwa msingi wa matokeo ya KCSE na mapendeleo ya kozi. Waombaji watapokea ujumbe wa SMS ili kuangalia nafasi zao kwenye tovuti ya KUCCPS.,,KenyaNews_co_ke_Education,https://kenyanews.co.ke/how-kuccps-places-students-in-universities-and-colleges/,2026-07-26,General,KUCCPS ekirang’ire bwakire busomogwenche bwakiori kinyariri naki abafrigani batarera. Ababere bakenyerea sms bwaseme na bakenyire esimwori anda KUCCPS.,KUCCPS en gima osetimo chike mag studendi e universiti and colleges to telo KCSE. Okwere ma alwora mathoth ni bed matego SMS sigetni e KUCCPS portal.,KUCCPS ayaa bilaabay in ardayda lagu xiro jaamacadaha iyo kulliyadaha iyadoo lagu saleynayo natiijooyinka KCSE iyo doorashada koorsooyinka. Codsadayaasha waxay heli doonaan fariimo SMS ah si ay u hubiyaan meelaha ay ku jiraan ee ku saabsan KUCCPS.
EDU-00143,Education,PSA,KNEC invites applications for the 2026 examiners' training for KJSEA and KCSE. Eligible teachers and college tutors with TSC registration and three years' experience can apply.,KNEC inakaribisha maombi ya mafunzo ya wakaguzi wa mwaka 2026 kwa KJSEA na KCSE. Walimu na wahadhiri wa vyuo wenye usajili wa TSC na miaka mitatu ya uzoefu wanaweza kuomba.,,KenyaNews_co_ke_Education,https://kenyanews.co.ke/knec-invites-applications-for-2026-kjsea-and-kcse-examiners-training-requirements-and-application-guide/,2026-07-26,General,KNEC oigo ogokire bhokuborere bwa 2026 bwogoto bwakiga KJSEA na KCSE. Abakaru abaterere na batanarige buigwa TSC hamwe n’ikusarane y’ogirango itatu bakanigwa bhokuborere.,KNEC oywak awach buura mar 2026 mag londe duto ng'ato KJSEA kod KCSE. Waduok ma adiera kaka kachien gi jomoko TSC ne odhiambo chieko years tati nyaka buo.,"KNEC ayaa dalbanaysa codsiyada tababarka imtixaanka 2026 ee KJSEA iyo KCSE. Macallimiinta ama macallimiinta jaamacadaha ee xaq u leh, oo leh isqorista TSC iyo khibrad seddex sano ah, ayaa codsan kara."
EDU-00144,Education,PSA,The Kenya National Examinations Council (KNEC) is accepting applications for the 2026 Junior School Examiners Training. Interested teachers should apply via the KNEC portal by the deadline to be considered.,Baraza la Mitihani la Kenya (KNEC) linakubali maombi ya mafunzo ya Wasimamizi wa Shule za Msingi ya mwaka 2026. Walimu wanaovutiwa wanapaswa kuomba kupitia lango la KNEC kabla ya mwisho wa tarehe ili kuzingatiwa.,,KenyaNews_co_ke_Education,https://kenyanews.co.ke/knec-opens-2025-junior-school-examiners-training-how-to-apply/,2026-07-26,General,"Abakire ba Kenya National Examinations Council (KNEC) baria bakirire ogendani buya oboke bwa 2026 Junior School Examiners Training. Abakisi banene bataria buya bokianga bwi KNEC portal, ore ogende buya kara ibokire.",Kenya National Examinations Council (KNEC) en golo odhiambo ma ji 2026 Junior School Examiners Training. Wang' yamo giko cani piny ketho gingo odhiambo e KNEC portal nyaka bende noge kamano.,Guddiga Imtixaannada Qaranka ee Kenya (KNEC) wuxuu qaadanayaa codsiyo tababarka imtixaannada dugsiga hoose ee 2026. Macallimiinta danaynaya waa in ay codsadaan iyada oo loo marayo bogga KNEC kahor dhamaadka waqtiga si loo tixgeliyo.
EDU-00145,Education,PSA,All schools in Kisii County are directed to immediately readmit over 200 teenage mothers without additional conditions. Ensure their return to class as soon as possible.,Shule zote katika Kaunti ya Kisii zinatakiwa kuruhusu kurejea kwa wastani wa wasichana zaidi ya 200 waliokuwa na mimba bila masharti ya ziada. Hakikisha wanarudi darasani haraka iwezekanavyo.,,KenyaNews_co_ke_Education,https://kenyanews.co.ke/ps-julius-bitok-warns-kisii-schools-readmit-teenage-mothers-or-face-action/,2026-07-26,General,"Masoko ogenda mugakira Kisii bategana gendaki omotegere omogoma 200 bagenge bosibori, nyang’ere bure. Begana buya buya omong’ina oria.",Jokiw ka g’ogo mar Kisii County nyal goyo konyo jana ma nyalo chiemo 200 ka uondo wacho duto. Dhi nyal chike jomoko e klas maduong’ kanyakla.,Dhammaan dugsiyada degmada Kisii waxaa laga farayaa inay si degdeg ah dib ugu soo celiyaan in ka badan 200 oo hooyo dhallinyaro ah shuruud la’aan. Hubi inay si dhaqso ah ugu laabtaan fasalka.
EDU-00146,Education,PSA,The University of Nairobi is ranked as Kenya's top university and 17th in Africa according to the latest QS World University Rankings for Sub-Saharan Africa.,Chuo Kikuu cha Nairobi kinashika nafasi ya juu kama chuo kikuu bora nchini Kenya na nafasi ya 17 barani Afrika kulingana na orodha mpya ya QS World University Rankings kwa Sub-Saharan Africa.,,KenyaNews_co_ke_Education,https://kenyanews.co.ke/uon-emerges-kenyas-top-university-as-qs-rankings-place-it-17th-in-africa/,2026-07-26,General,Yunivesitii ya Nairobi ibwandidwa kya bwakirori ya juu mu Kenya na buya 17 mu Afrika bu kiana QS World University Rankings ya Sub-Saharan Africa.,"Chuo kikuu cha Nairobi ne chakach gima nyalo maler e Kenya kendo ne 17th e Afrika, maler e chandruok QS World University Rankings mar Sub-Saharan Afrika.",Jaamacadda Nairobi ayaa lagu fasiray jaamacadda ugu sareysa Kenya iyo 17-aad Afrika sida ku cad qiimeynta ugu dambeysa ee QS World University Rankings ee Afrika hoos u dhaadhac.
EDU-00147,Education,PSA,"Qualified Kenyan pharmacy professionals are invited to apply for jobs in Jersey Island before the deadline of June 18, 2025. Apply only through the Diaspora Placement Agency and do not pay recruitment fees.","Wataalamu wa pharmacy wa Kenya wenye sifa wanakaribishwa kuomba kazi kwenye Kisiwa cha Jersey kabla ya tarehe ya mwisho ya Juni 18, 2025. Omba tu kupitia Shirika la Uwekaji Walio nako na usilipie ada za ajira.",,KenyaNews_co_ke_Education,https://kenyanews.co.ke/kenyan-pharmacists-wanted-in-jersey-island-apply-before-june-18/,2026-07-26,General,"Abagakire omogaka ba Kenya baria baire ogendete buya bosi mu Jersey Island minto ikirenge ya June 18, 2025. Ogengetere buya kuboka Diaspora Placement Agency na ntang'ani oria okorora maza.","Lwanda gin Kenyani mar pharmacy ok nyalo nongo’ ei kanyani e Jersey Island kawo kanyo gima endi ka 18, ng'wech 2025. Nongo’ to ni ok etie matego mar recruitment.","Dhamaadka bisha Juun 18, 2025, hay'adaha caafimaadka ee Kenya ayaa lagu boorinayaa inay codsadaan shaqooyinka Jasiiradda Jersey. Fadlan codso kaliya adiga oo adeegsanaya Hay'adda Furtada Qaaradda (Diaspora Placement Agency) oo ha bixin khidmadda shaqaaleysiinta."
EDU-00148,Education,PSA,"Kenyan activist Boniface Mwangi has been arrested and is being held at Pangani Police Station. He is expected to be arraigned on July 21, 2025.","Activist wa Kenya, Boniface Mwangi, amekamatwa na anashikiliwa katika Kituo cha Polisi Pangani. Anatarajiwa kupelekwa mahakamani tarehe 21 Julai, 2025.",,KenyaNews_co_ke_Education,https://kenyanews.co.ke/omtatah-demands-dci-release-boniface-mwangi-over-unlawful-arrest/,2026-07-26,General,"Muganga wa Kenyan Boniface Mwangi agerekereriwe na abarori b'abo bw'abe Pangani Police Station. Anatanakhanya oigorori mwaki wa mwaki wa 21, 2025.","Jaluo Boniface Mwangi abiro makelo kendo odiso e Pangani Police Station. Okwere e lokruok kuom July 21, 2025.","Fannaanka Kenyan Boniface Mwangi ayaa la qabtay waxaana lagu hayaa Xarunta Booliiska ee Pangani. Waxaa la filayaa in lagu soo oogo maxkamadda 21ka Luulyo, 2025."
EDU-00149,Education,PSA,"The 2026 school calendar is now available: First term starts January 5; the year includes breaks and national examinations. For full details, visit the Ministry of Education website.","Kalenda ya shule ya mwaka wa 2026 sasa inapatikana: muhula wa kwanza unaanza januari 5; mwaka huo unajumuisha mapumziko na mitihani ya kitaifa. Kwa maelezo zaidi, tembelea tovuti ya Wizara ya Elimu.",,KenyaNews_co_ke_Education,https://kenyanews.co.ke/ministry-of-education-releases-2026-school-calendar-and-term-dates-in-kenya/,2026-07-26,General,"Kalendarii ya shule ya 2026 igo itoresire: Omosera ogende oronki 5; egeserere eria eko anga obwaki bwaki na ng’endo zia chirega. Kanga oria ogemogore, oreka genda website ya Minisita wa Elimu.","Kalenda mar shule yaka 2026 omiyo ineno: Ekwong' kama mokuongo ma Jano 5; mwaka inyakonyo kaka maua gi dhii kod jochung' dan. Kaka kuom opogore magi, konyo ku website ya Ministry of Education.","Jadwalkii dugsiga ee 2026 ayaa hadda la heli karaa: Term-ka koowaad wuxuu bilaabmaa Janaayo 5; sanadku wuxuu ka koobanyahay fasaxyo iyo imtixaano qaran. Faahfaahin buuxda, booqo bogga Wasaaradda Waxbarashada."
EDU-00150,Education,PSA,"Over 400,000 teachers are now covered under the Social Health Authority (SHA) medical scheme as of December 1, 2025, offering improved outpatient and inpatient services.","Walimu zaidi ya 400,000 sasa wanapata huduma kupitia mpango wa matibabu wa Mamlaka ya Afya ya Kijamii (SHA) kuanzia Desemba 1, 2025, ukitoa huduma bora za wagonjwa wa nje na wa ndani.",,KenyaNews_co_ke_Education,https://kenyanews.co.ke/sha-has-started-working-for-tsc-teachers-full-medical-tariff-list-december-1-2025/,2026-07-26,General,"Abakosi barenga 400,000 barabwakirire omoka buya bwa Social Health Authority (SHA) buya bwa buya oba basaanga mazi omokirori na buya 1 okuwomoka, 2025, bakeji bokiabaki bwonchari bwanire na bworanya.","Nyasaye 400,000 jowete oketo e ji ma oketo ka Social Health Authority (SHA) kendo e yo gima omiya chiege kendo gima omiya jochieng' ma nyalo en nind gor.","In ka badan 400,000 macallimiin ayaa hadda lagu daboolay qorshaha caafimaadka bulshada (SHA) laga bilaabo 1-da Diseembar, 2025, iyadoo la siinayo adeegyo caafimaad oo avanzed ah oo loogu talagalay bukaannada isbitaallada iyo kuwa ka baxsan."
EDU-00151,Education,PSA,"The Council of Governors has raised concerns regarding alleged harassment of governors by Senators Sifuna, Kajwang', Cherargei, and Mwaruma during CPAC hearings.","Baraza la Magavana limeeleza wasiwasi kuhusu madai ya kulazimishwa kwa magavana na Maseneta Sifuna, Kajwang', Cherargei, na Mwaruma wakati wa vikao vya CPAC.",,KenyaNews_co_ke_Education,https://kenyanews.co.ke/cog-names-sifuna-kajwang-cherargei-and-mwaruma-in-cpac-harassment-claims/,2026-07-26,General,"Ong'era bw'ogendi b'ekibera b'amasomondo bazamire obwakire b'ekirekereri bw'amasomondo burokere Sifuna, Kajwang', Cherargei, na Mwaruma mu bwakire bw'CPAC.","Council of Governors oyno gi chandruok gi anyuol mar wa womoko eyo kanyiengo mar senators Sifuna, Kajwang', Cherargei, kendo Mwaruma kod CPAC.","Guddiga G governors ayaa muujiyay walaac ku saabsan cabashooyin ku aaddan dhibaataynta ay ku hayaan guddoomiyayaasha Senators Sifuna, Kajwang', Cherargei, iyo Mwaruma inta lagu jiro maqalka CPAC."
EDU-00152,Education,PSA,Eat a balanced diet rich in fruits to help combat hair loss. Prioritize incorporating the right fruits into your daily meals for better hair health.,Kula chakula chenye mlo kamili kilichojaa matunda kutasaidia kupunguza kupotea kwa nywele. Kipaumbele cha weka matunda sahihi katika milo yako ya kila siku kwa afya bora ya nywele.,,KenyaNews_co_ke_Education,https://kenyanews.co.ke/a-fruity-bye-to-your-hair-loss/,2026-07-26,General,Naki buya bwaki bwokire bwokong’ana bwakiragane buya ore bwokare bwokire bwaki mwaki. Ore bushindano omokiririe omokirikari omoge ogokire bwaki bwokirimani bwaki.,Nyang' nyasi magi e yo mwakoyo ma oriti gi maki to ok nyal kachuo gima wacho ka. Pesa nyaka gite ok gitimo maki ma oting'o e nyasi mokuongo.,Cunto dheeli tiran oo hodan ku ah miro ayaa kaa caawin doonta inaad la tacaasho timaha oo dhummaya. Mudnaanta sii inaad ku darto miro sax ah cuntooyinkaaga maalinlaha ah si timahaagu u caafimaad qabaadaan.
EDU-00153,Education,PSA,Parents are advised to check on the well-being of their children affected by the Nova Pioneer school bus accident on March 25. Some children were injured and taken to hospitals for treatment.,Wazazi wanashauriwa kuangalia ustawi wa watoto wao walioripotiwa kuathirika na ajali ya basi la shule la Nova Pioneer mnamo Machi 25. Watoto wengine walijeruhiwa na kupelekwa hospitalini kwa matibabu.,,KenyaNews_co_ke_Education,https://kenyanews.co.ke/school-bus-ferrying-children-overturns-along-mombasa-road/,2026-07-26,General,Bwakire nyamworire bwanana bwere omosigori bwokire bwanena naki iskufu ya Nova Pioneer omogendo bwokire mogo ekegoresi bwokire machi 25. Abana abwenyaga bwere omokinya naki babere omomotere mosi oserone.,Walimu nyaka kucek gima wiyogo kendo gima chieko koro wacho magi onge ma be kethere e Nova Pioneer bus mudho mar March 25. Gima chieko maber anene kendo ginyalo ndalo e abor bang' kuom tich.,Waalidka waxaa lagu talinayaa inay hubsadaan xaaladda carruurtooda ee ay saameysay shilka basasku ee Nova Pioneer ee dhacay Marta 25. Carruur qaar ayaa dhaawacmay waxaana loo qaaday isbitaallada si loo daweeyo.
EDU-00154,Education,PSA,There are no actionable public service announcements from the provided information.,Hakuna matangazo ya huduma za umma ambayo yanaweza kuchukuliwa kutoka kwa taarifa iliyotolewa.,,KenyaNews_co_ke_Education,https://kenyanews.co.ke/former-lugari-mp-dr-enoch-kibunguchy-dies-leaders-mourn-veteran-politician/,2026-07-26,General,Naki oria omogori ogenda buya kakirenda.,N/A,Ma jiraan wax ku saabsan ogaysiisyo adeeg dadweyne oo la qaadi karo oo ka imanaya macluumaadka la bixiyay.
EDU-00155,Education,PSA,Support is available for needy students facing financial hardship to access secondary education. Contact your local education office for assistance.,Msaada unapatikana kwa wanafunzi wenye uhitaji wanaokumbwa na matatizo ya kifedha ili kupata elimu ya sekondari. Wasiliana na ofisi yako ya elimu ya eneo lako kwa msaada.,,KenyaNews_co_ke_Education,https://kenyanews.co.ke/mp-sudi-steps-in-to-support-student-denied-school-due-to-poverty/,2026-07-26,General,Omosaraki emonane obaki ekerandi bwogire egesibori abanjere gochore. Gekire buya gi ofisi ya masomo ya buya.,Owino konyo tere ma nyandiko mag yweyo mar nind gi mizo mar itiyo giko jamani ma ni konyo. Konyo godo yiero ma loki odhi gima wacho ohu.,Taageero ayaa la heli karaa ardayda u baahan oo la kulmaya dhibaato dhaqaale si ay u helaan waxbarashada dugsiga sare. La xiriir xafiiskaaga waxbarashada deegaanka si aad u hesho caawimaad.
EDU-00156,Education,PSA,Super Metro Limited's operator license is suspended due to safety and compliance violations. Public is advised not to board Super Metro vehicles until compliance is met.,Leseni ya uendeshaji ya Super Metro Limited imesitishwa kutokana na ukiukaji wa usalama na taratibu. Umma unashauriwa kutoingia kwenye magari ya Super Metro hadi wahakikishe wanafuata kanuni.,,KenyaNews_co_ke_Education,https://kenyanews.co.ke/ntsa-suspends-super-metros-license-over-safety-and-compliance-issues/,2026-07-26,General,Super Metro Limited ekorere ya chireka ikinyasa haki na mwakire bw'osi. Abagusi batarwe bairore gi Super Metro kinyara ikinyasa bw'osi bufwaki.,Licensa mar Super Metro Limited nyal e piny gi manyien kuom mawuok gi dongo. Abindu to konyo kata bende ok nyal kuom Super Metro waki chiegni.,Shatiga hawlgalka Super Metro Limited wuu hakad la galay sababo la xiriira amniga iyo ku dhaqanka shuruucda. Bulshada waxaa lagu talinayaa inay ka fogaadaan gaadiidka Super Metro ilaa la buuxiyo shuruudaha.
EDU-00157,Education,PSA,"If you or someone you know is struggling with emotional distress or domestic issues, please reach out to a mental health professional or local support services for assistance.","Iwapo wewe au mtu unayemjua anakabiliwa na matatizo ya hisia au masuala ya nyumbani, tafadhali wasiliana na mtaalamu wa afya ya akili au huduma za msaada za eneo lako kwa msaada.",,KenyaNews_co_ke_Education,https://kenyanews.co.ke/tragedy-strikes-buruburu-estate-father-kills-4-year-old-son-commits-suicide/,2026-07-26,General,"Naki ogendaka naki omokireri ogetiri ekeria na naki orege oria, bwogenda omoshanga ogeka buya na buya abaki naki okera.","Ka in wawe ka oewu ok nyalo wanga gi chalo ma oieny, yo uwach nyaka ocheny kod maagano ma en kuom health magero pita, kata tebu ma ok ang'ere.","Haddii aad adiga ama qof aad taqaanid ay la tacaalayaan dhibaatooyin ama stress maskaxeed, fadlan la xiriir xirfadle caafimaad maskaxeed ama adeegyada taageerada ee deegaanka si ay kuu caawiyaan."
EDU-00158,Education,PSA,"Civic Email, a platform allowing Kenyans to email objections to lawmakers, is available for use. Visit the website to participate in advocacy efforts.","Civic Email, jukwaa linalowezesha Wakenya kutuma pingamizi kwa wabunge, linapatikana kwa matumizi. Tembelea tovuti ili kushiriki katika juhudi za utetezi.",,KenyaNews_co_ke_Education,https://kenyanews.co.ke/rose-njeri-tungurukenyans-co-ke-2/,2026-07-26,General,"Civic Email, moshonchori ogokire obwaki mwaki ugoma, ikirori omokirire okomokire. Naki nkionyoro oria nyasa omoshonchori.","Civic Email, piny kod gi Kenyans manok e mail objections to lawmakers, yingo marach. E kendo kuom website ni warito e advocacy efforts.","Civic Email, madal u fududaynaysa Kenyaanta inay email u diraan sharci-dejiyayaasha, ayaa diyaar u ah in la isticmaalo. Booqo bogga si aad uga qayb qaadato dadaallada shirarka."
EDU-00159,Education,PSA,The Independent Policing Oversight Authority (IPOA) is investigating the incident involving the death of blogger Albert Ojwang while in police custody.,Mamlaka Huru ya Uangalizi wa Polisi (IPOA) ina uchunguzi kuhusu tukio la kifo cha mchapishaji Albert Ojwang akiwa chini ya ulinzi wa polisi.,,KenyaNews_co_ke_Education,https://kenyanews.co.ke/how-to-remove-ig-kanja-and-dig-eliud-lagat-from-office-what-the-law-says/,2026-07-26,General,Abagiri b'Obwaki b'Enchere (IPOA) bari mu mageso omogunda bwaki bw'ogise naki ng'enda omonene o b'ogorokero Albert Ojwang akorera mu ekigoti.,Independent Policing Oversight Authority (IPOA) nyaka konyo bango ka injiye boge mag blogger Albert Ojwang wakati mag yo chiegni.,Hay'adda Madax-bannaan ee Kormeerka Booliska (IPOA) ayaa baaraysa dhacdadan la xiriirta geerida blogger Albert Ojwang intii uu ku jiray gacanta booliska.
EDU-00160,Education,PSA,No actionable information is present in the source.,Hakuna taarifa inayoweza kuchukuliwa katika chanzo.,,KenyaNews_co_ke_Education,https://kenyanews.co.ke/editorial-policy/,2026-07-26,General,"Naki bwakire buya obwakirire, ka boke buya ore buya.",N/A,Ma jiraan wax macluumaad ah oo la qaadan karo oo ku jirta isha.
EDU-00161,Education,PSA,The Ministry of Education is auditing student enrolment data and will withhold capitation funds from schools that cannot verify their records. Only verified institutions will receive future funds.,Wizara ya Elimu inafanya ukaguzi wa data za usajili wa wanafunzi na itashikilia fedha za matumizi kwa shule ambazo hazitaweza kuthibitisha rekodi zao. Ni taasisi zinazothibitishwa pekee ndizo zitaweza kupokea fedha zijazo.,,KenyaNews_co_ke_Education,https://kenyanews.co.ke/moe-cracks-down-on-87000-ghost-students-as-sh3-7-billion-capitation-scam-exposed/,2026-07-26,General,Omooyo wa Dini burori ekeng'ere obokengi bw'ane na'ayo bwenyire nga' ing'ani omosendenyaki bw'ane mokioba buseori buja. Naki naki omosendenyaki bw'ane burori betiri bujoge obw'aki.,"Ministry of Education e nying' ma en chodi ka engeyo piny jo-enrolment, kendo nyiso gi capitation funds e schools ma ok pamo ni en nyal gi record. Schools ma en nyak pamo nikech record magi, to nyiso gidhi fund ma otieno.",Wasaaradda Waxbarashada waxay baaraysaa xogta diiwaangelinta ardayda waxayna ka joojin doontaa lacagaha capitationka iskuulada aan xaqiijin karin diiwaankooda. Kaliya hay’adaha la xaqiijiyay ayaa heli doona lacagaha mustaqbalka.
EDU-00162,Education,PSA,The Ministry of Education is reviewing the governance and management framework for Junior Secondary Schools to consider deploying principals for independent leadership.,Wizara ya Elimu inafanya mapitio ya mfumo wa utawala na usimamizi wa Shule za Sekondari za Kijuni ili kutathmini uwezekano wa kuwateua wakuu wa shule kwa ajili ya uongozi huru.,,KenyaNews_co_ke_Education,https://kenyanews.co.ke/mps-push-for-deployment-of-principals-to-junior-secondary-schools-in-major-governance-shift/,2026-07-26,General,Serikali ya Elimu iri oigana naki egogori na obwakire bwa nyaki ya Junior Secondary Schools buya hamwe naki buya oreka ohenya bwakire.,Waduong' kuom Elim nyaka ngaloyo chalo ma oketh e kanyono gi giwore gi waki e chalo ma oketi golo kwa chike ma oketh.,Wasaaradda Waxbarashada ayaa dib u eegaysa qaab-dhismeedka maamulka iyo hogaaminta Dugsiyada Sareee ee Junior si loo tixgeliyo in madaxda loo magacaabo hogaamin madax-bannaan.
EDU-00163,Education,PSA,Teachers and police officers are urged to engage in discussions about their economic challenges impacting their livelihoods. Your voices are important in shaping future policies.,Walimu na maafisa wa polisi wanahimizwa kujihusisha katika majadiliano kuhusu changamoto zao za kiuchumi zinazoathiri maisha yao. Sauti zenu ni muhimu katika kuunda sera za baadaye.,,KenyaNews_co_ke_Education,https://kenyanews.co.ke/mbadis-claim-that-teachers-and-police-are-happy-with-the-economy-sparks-debate/,2026-07-26,General,Abagere naki abakarari baragiriwe okucheka omogori buya bweti bwaki buya bora bwaki bagenyi bama. Dumu bwaki bonyere bosi buya bomi bwaki buya obokire buya.,Wagendini kendo jang'och mari jihang' to nind gi chuny kendo nyiso joma karibonyo kaka engeyo. Ogingo magi en gima ji dongo e nyuka mago.,Macallimiinta iyo ciidamada booliiska waxaa lagu boorinayaa inay ka qayb qaataan doodaha ku saabsan caqabadaha dhaqaale ee saameynaya noloshooda. Codkiinu waa muhiim si loo sameeyo siyaasadaha mustaqbalka.
EDU-00164,Education,PSA,The involvement of police in managing national examinations has been eliminated to reduce pressure on learners. Students and parents can focus on learning without fear during exams.,Ushirikiano wa polis katika kusimamia mitihani ya kitaifa umondolewa ili kupunguza shinikizo kwa wanafunzi. Wanafunzi na wazazi wanaweza kuzingatia kujifunza bila hofu wakati wa mitihani.,,KenyaNews_co_ke_Education,https://kenyanews.co.ke/we-have-removed-police-from-managing-exams-ruto-says-tests-are-no-longer-life-or-death/,2026-07-26,General,"Ikigori gya abateka mu kuringanisha mirangori ekegana gaki gisiria, kutigana okugenda omogoti kinyasa. Abang'ana nakiama basengana na kutigira obwakire busekurire mu mirangori.",Dala mana gi polisi ka gichung injin gi chieng' kendo gicheng' gige kod jendini. Jami gi kaka owinj giting' ma nyaka jingi gi ng'ama maler ka gichung gi injin.,Ka qaybgalka booliiska ee maareynta imtixaannada qaranka waa la joojiyey si loo yareeyo cadaadiska ardayda. Ardayda iyo waalidiintu waxay diiradda saari karaan waxbarashada iyada oo aan cabsi ka qabin imtixaannada.
EDU-00165,Education,PSA,Teachers from schools with low enrolment will be redeployed to address staff shortages in other institutions. Stay informed about potential changes to school operations as needed.,Teachers kutoka shule zenye usajili mdogo watahamishwa ili kukabili upungufu wa wafanyakazi katika taasisi zingine. Kuwa na taarifa kuhusu mabadiliko yanayoweza kutokea katika shughuli za shule kadri itakavyohitajika.,,KenyaNews_co_ke_Education,https://kenyanews.co.ke/tsc-to-redeploy-teachers-as-government-considers-closing-low-enrolment-schools/,2026-07-26,General,Abere burori bakiere na shoo ziawi ne bigenyanga bosi naki baisabere banye buya kumosi buya naki bweru buya. Tiga naki miri ya mosi ikore nyakibori buya.,"Walimu kuom shule magi egi obwogo, ka piny ne, nyalo gikwayo e golo kendo ginyalo yudo. Nying'oya e dalu ni kendo opogore gi kanyo mar golo viso.",Macallimiinta ka yimid dugsiyada leh qarash yar ayaa lagu bedeli doonaa si loo xalliyo yaraanta shaqaalaha dugsiyo kale. La soco isbeddelada suurtagalka ah ee howlwadeenada dugsiyadda sida loo baahdo.
EDU-00166,Education,PSA,Students seeking placement for 2026 courses should refer to the KUCCPS Students' Portal for cluster subject requirements and cut-off points info. Do not attempt to calculate your own cluster points; they are computed automatically by KUCCPS.,Wanafunzi wanaotafuta nafasi za masomo ya mwaka wa 2026 wanapaswa kutembelea Tovuti ya Wanafunzi ya KUCCPS kwa taarifa kuhusu mahitaji ya masomo ya kundi na alama za ukomo. Usijaribu kuhesabu alama zako za kundi mwenyewe; zinahesabiwa moja kwa moja na KUCCPS.,,KenyaNews_co_ke_Education,https://kenyanews.co.ke/how-kuccps-calculates-cluster-points-and-cut-offs-for-2025-courses/,2026-07-26,General,Abakere batarera obororere bw'amasomo bw'2026 barinda kwokira ku KUCCPS Students' Portal buya obwakire bw'amasomo n'amae obwakire. Mosi osokire okoborora ibirori bicha; bicha biterete buya KUCCPS.,Wanafunzi odwaro nomi mago kanyo ku 2026 nyaka oyie yogo nikioro ku KUCCPS Students' Portal ang'weny mokwongo ku cluster subject requirements to ka cut-off points. Okwong' osiep kanyo cluster points; KUCCPS okonyo chalo manu.,Ardayda raadinaya meel dhigasho koorsooyinka 2026 waa inay tixgeliyaan Portal-ka Ardayda ee KUCCPS si ay u helaan shuruudaha mowduucyada iyo macluumaadka dhibcaha goolka. Ha isku dayin inaad xisaabiso dhibcahaaga kooxeed; waxay si toos ah u xisaabin doonaan KUCCPS.
EDU-00167,Education,PSA,Parents searching for private schools in Kenya should consider the top-rated institutions for 2026. Visit school websites to explore academic offerings and enrollment options.,Wazazi wanaotafuta shule binafsi nchini Kenya wanapaswa kuzingatia taasisi bora kwa mwaka wa 2026. Tembelea tovuti za shule ili kuchunguza mipango ya masomo na chaguzi za kujiandikisha.,,KenyaNews_co_ke_Education,https://kenyanews.co.ke/top-10-best-private-schools-in-kenya-in-2025/,2026-07-26,General,Ababere baki bosa buya buya naki abantugwetire osero ibwaki bwakore 2026. Ria boma bizi muno bwaki buya bwere aberekere naki bosianga bwaki.,"Obila mag piny moyudi e kanga motegno, nyasaye to goke sioyo e nyaka konyo ngo'uru ma oduogo 2026. Konyo kuwebsite mar shule kanyo kanyoregi gi nyinge mar thum.",Waalidiinta raadinaya dugsiyada gaar ah ee Kenya waa inay tixgeliyaan hay’adaha ugu sarreeya ee darajada leh 2026. Booqo bogagga dugsiyada si aad u eegto waxbarashada iyo fursadaha diiwaangelinta.
EDU-00168,Education,PSA,"Kenya Medical Training College (KMTC) offers various certificate, diploma, and higher diploma programs in health sciences. Visit the KMTC official website for detailed course requirements, fees, and application details.","Chuo cha Mafunzo ya Tiba Kenya (KMTC) kinatoa programu mbalimbali za cheti, diploma, na diploma ya juu katika sayansi za afya. Tembelea tovuti rasmi ya KMTC kwa maelezo kamili kuhusu mahitaji ya kozi, ada, na maelezo ya maombi.",,KenyaNews_co_ke_Education,https://kenyanews.co.ke/kmtc-courses-qualifications-fees-and-campuses-2026-update/,2026-07-26,General,"Kenya Medical Training College (KMTC) inye naki buya bw'ogenda, amagwate na bw'ogenda bw'ekiburi mu buya bw'ekisoma. Kerekeria mu website ya KMTC ng'ogende emosi ya mashako, egereyego, na amagara ag'ogenda.","Kenya Medical Training College (KMTC) nyal to konyo manyien gi certificate, diploma, gi higher diploma e health sciences. Dhi kuonje kuom website mar KMTC to wacho mar ng'ato mag course, ondiek, gi chako mar kuom.","Koleejka Tababarka Caafimaadka Kenya (KMTC) wuxuu bixinayaa barnaamijyo shahaado, diploma, iyo diploma sare ah oo ku saabsan sayniska caafimaadka. Booqo website-ka rasmiga ah ee KMTC si aad u heshid shuruudaha koorsada, kharashyada, iyo faahfaahinta codsiga."
EDU-00169,Education,PSA,"Parents and guardians shopping for school uniforms in Nairobi can find reliable suppliers at trusted stores like Animet Ltd, Uniform Distributors, and School Outfitters.","Wazazi na walezi wanaonunua mavazi ya shule Nairobi wanaweza kupata wasambazaji wa kuaminika katika maduka yanayotambuliwa kama Animet Ltd, Uniform Distributors, na School Outfitters.",,KenyaNews_co_ke_Education,https://kenyanews.co.ke/top-shops-for-primary-and-secondary-school-uniforms-in-nairobi-2026/,2026-07-26,General,"Baba na nakiito baogeere omokiri ya masomo mu Nairobi bangi banyekere abakire nakiito ku migiri ekire buya nakiito buya nka Animet Ltd, Uniform Distributors, na School Outfitters.","Kanyimbe magi kelo joma okel mange, gi nyaka gweng' school uniforms e Nairobi no ng'eyo gi chike makata e duka ma otwe Animet Ltd, Uniform Distributors, to School Outfitters.","Waalidka iyo masuuliyiinta digaalayaasha iskuulka ee Nairobi waxay ka heli karaan alaab-qeybiyayaal lagu kalsoonaan karo dukaamada la aamini karo sida Animet Ltd, Uniform Distributors, iyo School Outfitters."
EDU-00170,Education,PSA,"A second revision window for senior school placement will be available for learners transitioning to Grade 10 from January 6 to January 9, 2026.","Dirisha la pili la marekebisho la uhamisho wa shule za sekondari litapatikana kwa wanafunzi wanaohama kuelekea Kidato cha 10 kuanzia Januari 6 hadi Januari 9, 2026.",,KenyaNews_co_ke_Education,https://kenyanews.co.ke/government-to-open-new-senior-school-placement-revision-window-after-66000-applications-rejected/,2026-07-26,General,"Makioberia omokirenda bwire bwakare bwakire ebichakire bwakibori bwakire bosi abakiijire kosi ekyake kwa Kiisi 10 guokirire January 6 mpaka January 9, 2026.","Seche mar ndochie ma okinyi e yo mar piny kuom wagi tho ni dendi e kit gi nigi 10 kuom Janwari 6 ndalo 9, 2026.","Dib-u-eegis labaad oo ah meel bannaan oo loogu talagalay goobta dugsiga sare ayaa la heli doonaa ardayda ku socota Fasalka 10 laga bilaabo Janaayo 6 ilaa Janaayo 9, 2026."
EDU-00171,Education,PSA,"Do not use or promote ""free TikTok coin"" generators; they are scams and may violate TikTok's terms of service. Purchase coins only through the TikTok app for safe and legal transactions.","Usitumie au kukuza ""sarafu za bure za TikTok""; ni udanganyifu na zinaweza kukiuka makubaliano ya huduma ya TikTok. Nunua sarafu tu kupitia programu ya TikTok kwa ununuzi salama na wa kisheria.",,KenyaNews_co_ke_Education,https://kenyanews.co.ke/can-you-really-generate-free-tiktok-coins-heres-the-truth/,2026-07-26,General,"Naki osibori kana ogotondere ""free TikTok coin"" omokinyani; naki bosiaki na igere mwaki buya buya. Okerana emokinyani ki TikTok app buya omokinyani wa igere come buya.","Nawad gi ng'ato mag ""free TikTok coin"" generators; to ok ng'ama piye gi teko mamoko. Nying' coins kende gi TikTok app mondo ubed gi chalo mag timbe.","Ha isticmaalin ama dhiirrigelin ""lacagta TikTok ee lacag-la'aanta ah"" ee abuurista; kuwaas waa khiyaano waxayna xad-gudub noqon karaan shuruudaha adeegga TikTok. Lacagaha iibsada kaliya iyada oo loo marayo barnaamijka TikTok si loo hubiyo in macaamilkaagu ammaan yahay oo sharciga waafaqsan."
EDU-00172,Education,PSA,"Youths are encouraged to join the #TukoKadi voter registration campaign, which aims to empower citizens and promote civic participation ahead of the 2027 General Election.","Vijana wanahimizwa kujiunga na kampeni ya usajili wa wapiga kura #TukoKadi, ambayo inalenga kuwawezesha raia na kuimarisha ushiriki wa kiraia kabla ya Uchaguzi Mkuu wa 2027.",,KenyaNews_co_ke_Education,https://kenyanews.co.ke/tukokadi-youths-warn-politicians-against-hijacking-voter-drive/,2026-07-26,General,"Abakiri batarerere buya kujiire mu kampeni ya #TukoKadi yokwongera abaki, eyakiijire kugwanyisa abaki na kuhamoha mwagire monto kwa Elections ya 2027.","Dhi nyaka joti to i join kampeni ya #TukoKadi ku yore voter registration, nyandiko okwongo chwech kadhi keth maboro e bende to romo civic participation ma okore 2027 General Election.","Dhalinyarada waxaa la dhiirrigelinayaa inay ku biiraan ololaha #TukoKadi ee diiwaangelinta codbixiyayaasha, kaas oo ujeedkiisu yahay in la awoodsiiyo muwaadiniinta lana dhiirrigeliyo ka qeybgalka bulshada ka hor Doorashada Guud ee 2027."
EDU-00173,Education,PSA,The National Cohesion and Integration Commission (NCIC) urges all public figures to refrain from making inflammatory statements that could incite ethnic tensions.,Tume ya Ulinganifu na Uhakikisho wa Kitaifa (NCIC) inaomba viongozi wa umma wote kujiepusha na kutoa matamshi yanayoweza kuchochea mvutano wa kikabila.,,KenyaNews_co_ke_Education,https://kenyanews.co.ke/ncic-warns-gachagua-over-threats-against-president-ruto/,2026-07-26,General,Ababeri boi Nyakisa na Intaneti (NCIC) babanita omokiriri buya bosi boke buya naki'a buya omokinyokiriana oria boki kamwaki ekigori.,National Cohesion and Integration Commission (NCIC) nyal chamo all public figures ang'eyo to kadhi ochwegi ma ok nyal konyo joma en gima omok gi weche mag ethni.,Guddiga Qaranka ee Midnimada iyo Isdhexgalka (NCIC) wuxuu ku boorinayaa dhammaan shaqsiyaadka bulshada in ay ka fogaadaan hadallada kicinta leh ee sababi kara cadaawadda qabiilka.
EDU-00174,Education,PSA,"The High Court has revoked Philip Aroko's bail in the murder case of MP Charles Ong'ondo Were, leading to his rearrest. Further investigation is ongoing.","Mahakama Kuu imemfutia dhamana Philip Aroko katika kesi ya mauaji ya Mbunge Charles Ong'ondo Were, na kusababisha kukamatwa kwake tena. Uchunguzi zaidi unaendelea.",,KenyaNews_co_ke_Education,https://kenyanews.co.ke/why-was-philip-aroko-rearrested-shocking-twist-in-mp-murder-case/,2026-07-26,General,"Koti Nya Jano egeserete buya bwaki Philip Aroko mu egesori ya waki omokiri MP Charles Ong'ondo Were, na buya bwaki bwaki buya buseki buya. Ekekoria eshite oseria.","High Court okonyo bail mar Philip Aroko kuom chalo mar MP Charles Ong'ondo Were, kendo oikoni kuom ne. Nyasaye ohinga magi kendelea.","Maxkamadda Sare ayaa isticmaashay dammaanadda Philip Aroko ee kiisaska dilka MP Charles Ong'ondo Were, taasoo keentay in dib loo qabto. Baaritaan dheeraad ah ayaa socda."
EDU-00175,Education,PSA,"The Central Bank of Kenya has released lending rate data for January 2026, showing an average commercial bank rate of 14.82%. Borrowers should check individual banks for specific rates.","Benki Kuu ya Kenya imetoa takwimu za viwango vya mkopo kwa Januari 2026, ikionyesha kiwango cha wastani cha benki za biashara ni 14.82%. Wakataji mikopo wanapaswa kuangalia benki binafsi kwa viwango maalum.",,KenyaNews_co_ke_Education,https://kenyanews.co.ke/cbk-lists-kenyan-banks-with-lowest-and-highest-loan-interest-rates-in-january-2026/,2026-07-26,General,"Benki Nkuru ya Kenya ekereriire data ya emwiiri ya abandu buya Januwari 2026, buya buya bosi benderia esaro ya abenki akekere 14.82%. Ababwiire buya bewaki buya buya buge bwine buya bendebgwe abenki ataka.","Central Bank of Kenya awonji data mag chier dholuo konyruok saa January 2026, nyalo chang' gi chier mag banki ma nenyis 14.82%. Boro konyruok joma chwech to ji wacho chier ma okinyi.","Bangiga Dhexe ee Kenya ayaa soo saaray xogta heerarka amaahda ee bisha Janaayo 2026, waxayna muujineysaa celcelis ah 14.82% heerka bangiyada ganacsiga. Dhalinyarada amaahda qaadanaya waa inay hubiyaan heerarka gaar ah ee bangiyada."
EDU-00176,Education,PSA,"The public is urged to demand transparency regarding the source of funds allocated for ""empowerment"" projects and to report any suspected corruption or mismanagement related to public resources.","Umma unashauriwa kudai uwazi kuhusu chanzo cha fedha zilizotolewa kwa miradi ya ""uwezeshaji"" na kuripoti ufisadi au usimamizi mbovu wowote unaohusiana na rasilimali za umma.",,KenyaNews_co_ke_Education,https://kenyanews.co.ke/maraga-hits-back-ruto-has-no-moral-authority-to-lecture-parliament-on-corruption/,2026-07-26,General,"Abagi bosi bakurire kugenenga omogogoro obwakwambiri bwakwamoka bw’orori bwamako bwosi ""empowerment"" na buya buya babsigane obori bwaki bwetenda omokire buya obwakorori naki otanga bwaki bwakwere.","Nige thum to nene mondo ochak piny buoyo mar chiegni aor e ""empowerment"" kata nengo mondo ok wacho ma wan gi yore mag thum mar piny.","Bulshada waxaa lagu boorinayaa inay dalbadaan hufnaan ku saabsan ilaha lacagaha loogu talagalay mashaariicda ""xoojinta"" iyo inay soo sheegaan wax kasta oo la malaynayo musuqmaasuq ama maamul xumo ee la xiriira kheyraadka dadweynaha."
EDU-00177,Education,PSA,"Opposition leaders from various African nations have been denied entry into Angola, affecting their attendance at an invited event. Those involved should seek clarification from Angolan authorities.","Viongozi wa upinzani kutoka mataifa mbalimbali ya Afrika wamezuiliwa kuingia Angola, hali inayohathiri حضور yao kwenye tukio lililo waalika. Wale walioathiriwa wanapaswa kutafuta ufafanuzi kutoka kwa mamlaka za Angola.",,KenyaNews_co_ke_Education,https://kenyanews.co.ke/denied-at-the-door-african-opposition-leaders-stranded-at-luanda-airport/,2026-07-26,General,"Ab leader baki naki naki African mana bakorere kwongere en Osukuma, oseria omokirori bw'akiere ekinyegere. Baki bano naki bw'ogotire bende omokogori omosana bw'ogogeti osikaraga.","Mawegi mowuok kendo topogore tho magang' kendo nyaka ng'ato ma ok nyal kuom Angola, kaen kar timo tiende mar joma otimo. Jowa sebedo piny nyaka golo bisgoru kendo wacho ng'ato mar Angola.","Hoggaamiyayaasha mucaaradka ee dalalka Afrika kala duwan ayaa laga diiday inay galaan Angola, taasoo saameyn ku yeelatay ka qaybgalka dhacdo ay martiqaad ahaan ku leeyihiin. Kuwa ku lugta leh waa in ay raadiyaan faahfaahin ka helaan maamulka Angola."
EDU-00178,Education,PSA,"TikTok users can now customize their ""For You"" feed with new tools: Manage Topics and Smart Keyword Filters in the app's settings. Adjust your content preferences today!","Watumiaji wa TikTok sasa wanaweza kubadilisha mtiririko wao wa ""Kwa Wewe"" kwa zana mpya: Usimamizi wa Mada na Filters za Maneno Mahiri katika mipangilio ya programu. Panga mapendeleo yako ya maudhui leo!",,KenyaNews_co_ke_Education,https://kenyanews.co.ke/tiktok-unveils-powerful-new-tools-to-let-users-control-their-for-you-feed/,2026-07-26,General,"Abana ba TikTok bna nyasa batisanete ""For You"" feed yao na batega: Diki ya Nyanzagati na Smart Keyword Filters mu bichekebori bya app. Omosome bwogogaga boro bwae bwaki!","Abich Tok nigi kuom tich mar ""For You"" e ndalo mar nyime: Timo Dho, kod Smart Keyword Filters e chieg mar app. Timo nyime ka konyo today!",Isticmaalayaasha TikTok hadda waxay u habeyn karaan 'For You' feed-kooda iyada oo la adeegsanayo aalado cusub: Maareynta Mawduucyada iyo Filtrooyinka Erayga Farsamada ee dejimaha app-ka. Habee doorashadaada maaddooyinka maanta!
EDU-00179,Education,PSA,Kenyans are invited to participate in the Annual KDF Day celebrations at Moi Barracks in Eldoret to honor the courage and dedication of the Kenya Defence Forces.,Wakenya wanakaribishwa kushiriki katika sherehe za Siku ya KDF za kila mwaka kwenye Kambi ya Moi huko Eldoret ili kuhonor ujasiri na kujitolea kwa Vikosi vya Ulinzi vya Kenya.,,KenyaNews_co_ke_Education,https://kenyanews.co.ke/president-ruto-stuns-kenyans-after-appearing-in-full-kdf-uniform-during-kdf-day-in-eldoret/,2026-07-26,General,"Abak kenyani batanetie omogaka omokiriri ya KDF ya mwaki mu Moi Barracks Eldoret, gorori buya bwaki omokiriri naki omokazi buya bwaki Obwaki Bwakiriri bwa Kenya.",Kenyans nyaka maber konyo kinyasa chung' wa KDF Day e Moi Barracks ku Eldoret mondo obed gi chiegni kendo komi Kenya Defence Forces.,"Shacabka Kenyan-ka waxaa lagu casuumayaa inay ka qayb qaataan dabaaldegga Sannadlaha KDF ee ka dhacay Moi Barracks ee Eldoret, si loogu xaqiijiyo geesinimada iyo daacadnimada Ciidanka Difaaca Kenya."
EDU-00180,Education,PSA,No actionable content was found in this article related to education or public service announcements.,Hakuna maudhui yanayotekelezeka yaliyopatikana katika makala hii yanayohusiana na elimu au matangazo ya huduma za umma.,,KenyaNews_co_ke_Education,https://kenyanews.co.ke/ruto-fires-back-did-opposition-launch-a-party-or-just-attack-me/,2026-07-26,General,Naki ikibori bwakire buya bwaki bweria buya ebwenyanja oria ikire oria bure.,Nok gi kanyo ka nyaka wiye ka ginno e article ma en e yor gi timbe mar wacho kod inyuolo kuom edukeshoni kata wacho mar inyuolo piny.,Maqaalkan wax macluumaad ah oo ficil ah kama aysan helin wax xiriir la leh waxbarashada ama qadka adeegga dadweynaha.
EDU-00181,Education,PSA,"The Ministry of Education has approved over 2,000 senior school transfer requests, with 98,000 applications still pending review. Parents and learners are advised to stay patient during this process.","Wizara ya Elimu imeidhinisha ombi zaidi ya 2,000 ya uhamisho wa shule za sekondari, huku maombi 98,000 yakiwa yanangoja kupitia. Wazazi na wanafunzi wanashauriwa kuwa na subira wakati wa mchakato huu.",,KenyaNews_co_ke_Education,https://kenyanews.co.ke/kenya-govt-approves-2000-senior-school-transfers-as-98000-kjsea-applications-await-review/,2026-07-26,General,"Obwaki bu Egesatia bwaragire buorori bwokire bwi 2,000 bwankire bwokireri bu senior, na buorori bwakire 98,000 obwakire bwaki buorori murai buja. Abaki nakiantiki baregire buigana esime bu periri bujio.","Minisiteri mar Edication owinjore kadok 2,000 ma gima otumie ka omera, nikech 98,000 ma otumie ni konyo tek. Nyasach kuom joge e miye ni to opo mag mwand mi timo chiemb.","Wasaaradda Waxbarashada waxay oggoltay in in ka badan 2,000 dalabyo loogu gudbiyo dugsiyada sare, iyadoo 98,000 codsi ay wali sugayaan in la eego. Waa lagula talinayaa waalidiinta iyo ardayda inay dulqaad muujiyaan inta aan la dhammeystirin habkan."
EDU-00182,Education,PSA,The Teachers Service Commission is prioritizing Bachelor of Education Technology graduates for staffing in Senior Schools under the Competency-Based Education system.,Tume ya Huduma za Walimu inatoa kipaumbele kwa wahitimu wa Shahada ya Elimu ya Teknolojia katika kuajiriwa kwenye Shule za Sekondari chini ya mfumo wa Elimu Inayotegemea Uwezo.,,KenyaNews_co_ke_Education,https://kenyanews.co.ke/tsc-shifts-hiring-strategy-to-b-ed-technology-graduates-to-address-stem-gap-under-cbe/,2026-07-26,General,Obwakire bu Teachers Service Commission buya oreke Bachelor of Education Technology baria buya buya ore zeke mu Senior Schools omokirori oseria ore Competency-Based Education.,Teachers Service Commission en nyal maber kuom kiasi ma Bedruok gi Bachelor of Education Technology yore ni en tho gi kanyakla kod Senior Schools under Competency-Based Education system.,Guddiga Adeegga Macalimiinta ayaa mudnaanta siinaya dhallinyarada ka qalin jabisa Bachelor of Education Technology si ay u shaqeeyaan dugsiyada sare ee ku shaqeeya nidaamka Waxbarashada Ku Saleysan Aqoonta.
EDU-00183,Education,PSA,"Grade 9 students can revise their senior school placements from December 23-29, 2025. Contact your school head for application details.","Timu za darasa la tisa zinaweza kufanyia marekebisho ya nafasi zao za shule za sekondari kuanzia Desemba 23 hadi 29, 2025. Wasiliana na kiongozi wa shule yako kwa maelezo zaidi kuhusu maombi.",,KenyaNews_co_ke_Education,https://kenyanews.co.ke/government-opens-window-for-kjsea-candidates-to-change-senior-school-placements/,2026-07-26,General,"Abasomori bano boti bokore bọgana bwaki bwebanoge bwakinyanwa bwaki buya bwokiririe buya na Disemba 23-29, 2025. Gendete nyakwariria buya ng'enda bano yesebere.","Wang' adhiambo mar Grade 9 nyaka okwayi e yo mar senior school odhiambo pii ka December 23-29, 2025. Konyruok gi jowi dhako mar inye kuom tho.","Ardayda fasalka 9-aad waxay dib-u-eegis ku sameyn karaan meelaha ay ka qornaayeen dugsiga sarsare laga bilaabo 23ka ilaa 29ka Diseembar, 2025. La xidhiidh madaxa dugsigaaga faahfaahinta codsiga."
EDU-00184,Education,PSA,The Ministry of Education has released an updated list of C3 County secondary schools for Grade 10 placement in 2026. Parents are advised to verify school details through official channels and reputable media.,Wizara ya Elimu imetangaza orodha iliyosasishwa ya shule za sekondari za Kaunti ya C3 kwa ajili ya usajili wa Kidato cha Kumi mwaka 2026. Wazazi wanashauriwa kuangalia maelezo ya shule kupitia njia rasmi na vyombo vya habari vinavyoaminika.,,KenyaNews_co_ke_Education,https://kenyanews.co.ke/updated-full-list-of-c3-county-schools-in-kenya-for-grade-10-placement-2026/,2026-07-26,General,"Obwaki bwo Obwaki bw'Abana bwasibogetere orere oriena bw'ekegusii bw'amasomo bw'ikusenye bw'ekibeti kya C3 mu masomo egi 2026. Ababere bategereje okweria obwakinyari bu bwere, bwanga obwaki bwere bwere bwere buzirighire abantungi.",Ministry of Education omiye list mar C3 County secondary schools nane kogo 10 e mwaka 2026. Wazazi to ng'ado ji juk mag nyaka kadi e chandruok manyaka.,Wasaaradda Waxbarashada ayaa soo saartay liis la cusboonaysiiyay oo dugsiyada sare ee C3 Degmada ah loogu talagalay kaalinta Fasalka 10 ee 2026. Waalidiinta waxaa lagu talinayaa inay xaqiijiyaan faahfaahinta dugsiyada iyada oo la adeegsanayo kanaallo rasmiga ah iyo saxaafad lagu kalsoon yahay.
EDU-00185,Education,PSA,Are you considering your future career? Review the most marketable courses in Kenya for 2025 to ensure your choice aligns with high-demand skills for employment and self-employment opportunities.,"Je, unafikiria kuhusu kazi yako ya baadaye? Kagua kozi zinazouzwa zaidi nchini Kenya kwa mwaka wa 2025 ili uhakikishe chaguo lako linakidhi ujuzi wanaohitajika kwa nafasi za ajira na fursa za kujiajiri.",,KenyaNews_co_ke_Education,https://kenyanews.co.ke/top-10-most-marketable-courses-in-kenya-2025-high-demand-careers-skills/,2026-07-26,General,Ona omokirende okogoti omokiri? Wang'anya emokireri jia ikireng'ere mu Kenya mapeji 2025 buya omohanya omokiri bwogoti buya topogoria korera na bosi buya oraki.,Iwang'ni cha kwa kendo gima ok nyalo kony kanyalo. Jungi gi neno ma ok anyal konyi maler e Kenya kwa 2025 to ing'eyo chike mokuongo chike kendo karita ma ok nyalo mwandifa e kanyako.,Ma waxaad ka fakaraysaa mustaqbalkaaga shaqo? Eeg koorsooyinka ugu iibinta badan Kenya ee sanadka 2025 si aad u hubiso in doorashadaada ay ku jirto xirfadaha lagu dalbanayo ee shaqo iyo fursadaha iskaa wax u qabso.
EDU-00186,Education,PSA,The Ministry of Education will soon publish the official list of Extra-County Schools for Grade 10 placement in 2026. Stay tuned for updates on the ministry's official website.,Wizara ya Elimu itachapisha hivi karibuni orodha rasmi ya Shule za Ziada za Kaunti kwa ajili ya usajili wa Kidato cha Kumi mwaka wa 2026. Fuata tovuti rasmi ya wizara kwa habari zaidi.,,KenyaNews_co_ke_Education,https://kenyanews.co.ke/full-list-of-extra-county-schools-in-kenya-for-grade-10-placement-2026/,2026-07-26,General,Omoige buya bw'Inyare buya obogonyang'ire orori bw'Extra-County buya bware bw'Grade 10 mu 2026. Naki oria omokinyaki buya bwegana buya buya bw'omoige.,Ministry of Education buo chalo ng'eyo piny mar lisi nigi gi Extra-County Schools maka Grade 10 kuom 2026. Nyancha ohero kuom wendo e ng'ato mar ministry.,Wasaaradda Waxbarashada waxay dhawaan daabici doontaa liiska rasmiga ah ee Dugsiyada Dheeraadka ah ee loogu talagalay goobaha fasalka 10 ee 2026. La soco wararka ku saabsan bogga rasmiga ah ee wasaaradda.
EDU-00187,Education,PSA,The Ministry of Education has released Grade 10 senior school placement results; learners can check their placements on the KNEC KJSEA portal using their assessment number and registered name.,Wizara ya Elimu imetangaza matokeo ya uhamisho kwa wanafunzi wa darasa la 10; wanafunzi wanaweza kuangalia uhamisho wao kwenye portal ya KNEC KJSEA wakitumia nambari yao ya tathmini na jina walilojiandikisha.,,KenyaNews_co_ke_Education,https://kenyanews.co.ke/grade-10-senior-school-placements-released-how-learners-can-check-their-results/,2026-07-26,General,Abanyang'ania bakiaro bw'ong'era bw'ekikuyu 10 bonyere  na bakiire; abakiaria karia bakiang'ania bange bonyora mu KNEC KJSEA  portal na namba yabo ya  bw'ong'era na eria yabo eshori.,Ministry of Education oyudi chalo mar gin gi pwodho mar Grade 10; jodongo bang' ni buok gi pwodho tek KNEC KJSEA portalo kod jorinyo gi din.,Wasaaradda Waxbarashada ayaa soo saartay natiijooyinka rakaabka dugsiga sare ee fasalka 10; ardaydu waxay ka hubin karaan goobta KNEC KJSEA iyagoo isticmaalaya lambarka qiimaynta iyo magaca diiwaangelinta.
EDU-00188,Education,PSA,The Ministry of Education has released the full list of national schools admitting Grade 10 learners under the CBC for 2026. Parents are encouraged to review school offerings before placement.,Wizara ya Elimu imetoa orodha kamili ya shule za kitaifa zinazokubali wanafunzi wa Daraja la 10 chini ya CBC kwa mwaka 2026. Wazazi wanahimizwa kupitia huduma za shule kabla ya kuwekwa.,,KenyaNews_co_ke_Education,https://kenyanews.co.ke/confirmed-full-list-of-national-schools-in-kenya-admitting-grade-10-learners-in-2026/,2026-07-26,General,Obwaki bw'ekaranga bwakire omokang'anyi buya bw'abiikire buya bw'amiarenda bw'abere 10 buadere akiraka bw'ekiga ekiri 2026. Ababere b'anogore buya bw'ekabere bw'ekiru bwasomere.,Ministry of Education emer kod lista yakiote mag oting’ eyo nyaka piny gi Grade 10 tich jodak CBC ma okel 2026. Wazazi nine odhiere konyo wakili madhi kendo nyaka ok protrza.,Wasaaradda Waxbarashada ayaa soo saaray liiska dhamaystiran ee dugsiyada qaranka ee qaadaya ardayda fasalka 10aad ee hoos yimaada CBC sanadka 2026. Waalidiinta waxaa lagu dhiirrigelinayaa inay dib u eegaan waxyaabaha dugsiyada bixiyaan ka hor inta aan la keenin.
EDU-00189,Education,PSA,"The Ministry of Education has approved select senior schools to offer Agriculture, Aviation, and Home Science for Grade 10 under the Competency-Based Education system. For details, visit the Ministry of Education website.","Wizara ya Elimu imethibitisha shule za sekondari kuchaguliwa kutoa Kilimo, Anga, na Sayansi ya Nyumbani kwa Kidato cha 10 chini ya mfumo wa Elimu Inayopatikana Kulingana na Uwezo. Kwa maelezo zaidi, tembelea tovuti ya Wizara ya Elimu.",,KenyaNews_co_ke_Education,https://kenyanews.co.ke/confirmed-schools-approved-to-offer-agriculture-aviation-and-home-science-for-grade-10-under-cbe/,2026-07-26,General,"Omoige buseki bu Kegorgia bwakire masomo maite bwakire buseketi bu Ng'eno, bu Kisii naki bulogori bu Mang'ori bu Grade 10 bu Kegoria bu Majanjo. Koresha buseki bu Kegorgia bwayago.","Ministry of Education abiro kata gige makata mondo okel Agriculture, Aviation, gi Home Science e Grade 10 pod Jomoko to. Moko dhi nyaka tinde e website ma Ministry of Education.","Wasaaradda Waxbarashada ayaa ansixisay dugsiyada sare ee xulashada leh inay bixiyaan Beeraha, Duulista, iyo Sayniska Guriga fasalka 10aad iyadoo la isticmaalayo nidaamka Waxbarashada Ku Salaysan Kartida. Faahfaahin dheeri ah, booqo bogga internetka ee Wasaaradda Waxbarashada."
EDU-00190,Education,PSA,"Grade 10 learners must select 12 schools for Senior School placement: six STEM, three Arts & Sports Science, and three Social Sciences. Placements will be automated; check KEMIS for results.","Wanafunzi wa darasa la 10 lazima wyb seçe shule 12 kwa ajili ya nafasi za Shule Kuu: shule sita za STEM, shule tatu za Sanaa na Sayansi ya Michezo, na shule tatu za Sayansi za Kijamii. Nafasi zitaandaliwa kwa njia ya automatiska; angalia KEMIS kwa matokeo.",,KenyaNews_co_ke_Education,https://kenyanews.co.ke/how-grade-10-learners-will-be-placed-into-senior-school-ahead-of-kjsea-results/,2026-07-26,General,"Abaki 10 baki bakanie masomo 12 oria bwakinyang'ana sadiki: naki naki STEM, mosome motatu Arts & Sports Science, na mosome motatu Social Sciences. Kegana kiebwanie nike; bwanorie KEMIS oria bwasibori.","Wath ni grade 10 nyaka chir 12 schools onge goyo Senior School: thum STEM, thum arts kata Sports Science, kendo thum Social Sciences. Goyo makare joge odek; urwe KEMIS kuom kanyinge.","Ardayda darajada 10aad waa in ay doortaan 12 iskuul si ay uga mid noqdaan waxbarashada Sare: lix STEM, seddex Farshaxan & Isboorti, iyo seddex Cilmiga Bulshada. Meelaha waxbarashada waxaa la hagaajin doonaa si otomaati ah; hubi KEMIS si aad u aragto natiijooyinka."
EDU-00191,Education,PSA,This is a reminder to all Multinational Security Support Mission officers: remain vigilant and adhere to safety protocols while on duty in Haiti to reduce the risks of accidents and violence.,Huu ni ukumbusho kwa maafisa wote wa Shughuli za Kusaidia Usalama wa Kimataifa: kuweni makini na fuateni kanuni za usalama mnipokazi nchini Haiti ili kupunguza hatari za ajali na vurugu.,,KenyaNews_co_ke_Education,https://kenyanews.co.ke/1-mss-officer-killed-8-injured-after-road-accident-in-haiti/,2026-07-26,General,Naki naki buya bw'ogoti Obwakongera bw'Abagiti Obwakibori: mwaki buya na mwaki naki buya ekahi eknya mu Haiti kumera bhomokiri buya na bw'akibori na bwenjire.,Nia ere gi ka gi nueyo ma multimaji Security Support Mission: riyogo gi piny na maler ne uwacho to tije chieg ka gi en mashin nyaka dhiang' to oyande risks mag dhang' gima en.,Tani waa xusuusin dhammaan sarkaaladda Hawlgalka Taageerada Amniga Multinational: fadlan ka taxaddar oo raac xeerarka amniga inta aad shaqeyneyso Haiti si loo yareeyo khataraha shilalka iyo rabshadaha.
EDU-00192,Education,PSA,Mutahi Kahiga has resigned as Vice Chair of the Council of Governors. He issued a public apology to the Odinga family and to Kenyans for his recent remarks.,Mutahi Kahiga amejiuzulu kama Naibu Mwenyekiti wa Baraza la Magavana. Ameomba radhi hadharani kwa familia ya Odinga na Wakenya kwa maoni yake ya hivi karibuni.,,KenyaNews_co_ke_Education,https://kenyanews.co.ke/mutahi-kahiga-resigns-as-council-of-governors-vice-chair-apologises-to-odinga-family/,2026-07-26,General,Mutahi Kahiga orogotere ng'anya za Vice Chair wa Council of Governors. Oregoti obwakire obwakire buya ku Odinga emaki na Abakisi naki orokere buya bwa buya bwi mosi.,Mutahi Kahiga adhi gi resi kama Vice Chair ma Council of Governors. Osepe ni maok e gima odug e Odinga ka Kenyans puonj e gima ohinga motindo.,Mutahi Kahiga ayaa is casilay xilka Ku Xigeenka Golaha Madaxweynayaasha. Wuxuu raalli gelin dadweyne u diray qoyskii Odinga iyo bulshada Kenyan-ka ah hadalladiisii u dambeeyay.
EDU-00193,Education,PSA,Eugene Wamalwa has introduced his wife to the public; she is expected to be the First Lady if he becomes President in the future.,Eugene Wamalwa amemtanabahisha mkewe kwa umma; anatarajiwa kuwa Mama wa Kwanza ikiwa atakuwa Rais siku za usoni.,,KenyaNews_co_ke_Education,https://kenyanews.co.ke/eugene-wamalwa-publicly-introduces-wife-amid-president-rutos-criticism/,2026-07-26,General,Eugene Wamalwa aerekirie omokiri buya; aigwa oria aighete Omosorori epokire babere bw'ore oregorere Omosari buya.,Eugene Wamalwa owinjore chike gi yien; owinj gi koro dudi kama ok ungel kanyokwiri mar Nyanj.,Eugene Wamalwa wuxuu bulshada u soo bandhigay naftiisa; waxaa la filayaa inay noqoto First Lady haddii uu mustaqbalka noqdo Madaxweyne.
EDU-00194,Education,PSA,The National Police Service has established a dedicated counselling unit to provide psychological support to officers facing mental health challenges.,Huduma ya Kitaifa ya Polisi imeanzisha kitengo maalum cha ushauri kutoa msaada wa kisaikolojia kwa maafisa wanaokabiliwa na changamoto za afya ya akili.,,KenyaNews_co_ke_Education,https://kenyanews.co.ke/gsu-officer-kills-wife-and-child-then-himself-in-lamu-horror/,2026-07-26,General,Nakiroono ya Polisi ya Taifa emokere unit yaki rigi olanderi oria omokiranya abaki baaba naki ekerereri.,"Ka Koti Olukoye Moko, National Police Service abiero konyo gima omiyo gingo tich mar konyo ma ka joma ni kanyono bedo ka joni kadhoko kendo.",Hay'adda Booliska Qaranka ayaa sameysay unug la-talin gaar ah si ay taageero nafsi ah ugu siiso sarkaaladda la kulmaya caqabadaha caafimaadka maskaxda.
EDU-00195,Education,PSA,"Schools must submit Competency-Based Curriculum project scores for Grades 3, 7, 8, and Grade 9 by the deadline to avoid a penalty of Ksh500 per student. Access the CBA portal for details.","Shule zinatakiwa kuwasilisha alama za mradi wa Mitaala kwa Misingi ya Uwezo kwa Darasa la 3, 7, 8, na darasa la 9 kabla ya wakati uliowekwa ili kuepuka faini ya Ksh500 kwa mwanafunzi. Tembelea lango la CBA kwa maelezo zaidi.",,KenyaNews_co_ke_Education,https://kenyanews.co.ke/knec-to-fine-schools-ksh500-per-student-heres-why/,2026-07-26,General,"Masomo mang'anya ogendete omokirukire ogore buya bwaki bwose bwakigori 3, 7, 8 na 9 naki bwokiongo obwakire buya bwende toki oro bwogendete omokiri buria bwaki bwaki Ksh500 omokirubori. Naki oria CBA portal omokirukotore obwakire buya.","Masomo onego nyaka itum kit gi scores mar Competency-Based Curriculum kuom Grades 3, 7, 8, gi Grade 9 kendo oyie kod ng'ato makelo Ksh500 kede. Nyanja CBA portal kudhi e rwako.","Dugsiyada waa inay soo gudbiyaan dhibcaha mashruuca Manhajka Aqoonta Ku Saleysan ee Qaybta 3, 7, 8, iyo Qaybta 9 waqtiga loogu talagalay si looga fogaado ganaax Ksh500 arday kasta. Booqo portal-ka CBA si aad u hesho faahfaahin."
EDU-00196,Education,PSA,Victims of fraud related to the Social Health Authority (SHA) Fund are urged to report incidents via the SHA Call Center at 147. Immediate legal action will be taken against offenders.,Madhara wa udanganyifu wa Shirika la Afya Jamii (SHA) wanatiwa moyo kuripoti matukio kupitia Kituo cha Simu cha SHA kwa nambari 147. Hatua za kisheria zitachukuliwa mara moja dhidi ya wahalifu.,,KenyaNews_co_ke_Education,https://kenyanews.co.ke/govt-issues-final-warning-over-massive-sha-fund-fraud/,2026-07-26,General,"Abagore bano bakiaga buya buse, jia boke bosi buya mosi bu Ekenaria SHA fund, ndiri bosibori bwaki anga bu naire bu Ekenaria SHA Call Center ku 147. Bunduki bwaki bwogekube bwogenangwa bosi boki.","Wang'ni mar fraud ma okiny koluok kuom Social Health Authority (SHA) Fund, wacho ni toth jomoko ni nigi kanyien gi SHA Call Center kod 147. Serekani mar dhane moko chalo ni go.",Dadka ku dhibaataysan khiyaano la xiriirta Fonka Hay'adda Caafimaadka Bulshada (SHA) waxaa lagu boorinayaa inay waxyaabaha dhacaya ku soo warbixiyaan xarunta wicitaanka SHA ee 147. Tallaabo sharci degdeg ah ayaa la qaadayaa ka dhanka ah kuwii falka geystay.
EDU-00197,Education,PSA,Workers in the sugar industry are set to strike starting Thursday if Sh10.8 billion in unpaid wages is not addressed. All sugar companies may join in solidarity if demands are unmet.,Wafanyakazi katika sekta ya sukari wanaeza kuanza mgomo kuanzia Alhamisi ikiwa Sh10.8 bilioni za mishahara isiyolipwa hazitatatuliwa. Kampuni zote za sukari zinaweza kujiunga kwa umoja ikiwa mahitaji hayatatimizwa.,,KenyaNews_co_ke_Education,https://kenyanews.co.ke/sugar-industry-faces-shutdown-as-workers-demand-sh10-8bn-in-unpaid-wages/,2026-07-26,General,"Abakinye bakiami bwo buya bwaremesere omokiri, bwaki bwere na kutama naki mugwané naki Sh10.8 bilioni batarushire. Abakiami bose ba buya bokena bwaremesere bwaki buria naki.",Wang'ni gi duong' ma dholuo nyaka omiya jaluo ma nyaka chim cha juma gi Sh10.8 bilioni kuom nyaka omiya. Kendo komiti dholuo nyaka nigi kuom ni kendo ka nyaka chim wawinj e gina joma g'uchu ma ginye.,Shaqaalaha wax soo saarka sonkorta ayaa bilaabi doona grev isniinta haddii lacag dhan Sh10.8 bilyan oo mushahar ah aan la bixin. Dhammaan shirkadaha sonkorta ayaa ku biiri kara muujinta midnimo haddii codsiyada aan la fulin.
EDU-00198,Education,PSA,No actionable content available.,Hakuna maudhui ya kuchukua hatua yaliyopo.,,KenyaNews_co_ke_Education,https://kenyanews.co.ke/details-of-uda-sg-hassan-omars-meeting-with-chinas-new-counsellor-to-kenya/,2026-07-26,General,Naki nonang'ana chirori.,N/A,Ma jiro wax xog ah oo la qaadi karo.
EDU-00199,Education,PSA,Increased security measures are in effect around State House following a tragic incident. All visitors are reminded to comply with security protocols at Gate D.,Hatua za kuimarisha usalama zipo ndani ya Ikulu kufuatia tukio la kusikitisha. Wageni wote wanakumbushwa kufuata taratibu za usalama katika Lango D.,,KenyaNews_co_ke_Education,https://kenyanews.co.ke/shock-in-nairobi-as-gsu-officer-speared-to-death-outside-state-house-gate-d/,2026-07-26,General,Bwakire bwaki nyang'ore bwakaite bwakire bwaki bw'enyoma bosi bosi bwigwe bu State House bu buno bwaki. Abakaya bosi baki ɔgwirakire bosi nyang'ore ekyare bwaki Gate D.,Ngeyo mar dako piny ne onywolo kuom State House kendo e mang'ongo mar yore. Wagena wacho ni oseth riri kuom yore konyo ku Gate D.,Talaabooyin amni oo dheeri ah ayaa la qaaday agagaarka State House ka dib dhacdo murugo leh. Dhammaan booqdayaashu waa in ay la socdaan shuruucda amniga ee albaabka D.
EDU-00200,Education,PSA,"Attention teachers: The TSC medical cover will officially lapse on November 30, 2025, at 11:59 p.m. Ensure all treatments and admissions are completed before this deadline.","Tangaza walimu: Bima ya afya ya TSC itakoma rasmi tarehe 30 Novemba, 2025, saa 5:59 usiku. Hakikisha matibabu na uhamisho yamekamilishwa kabla ya tarehe hii.",,KenyaNews_co_ke_Education,https://kenyanews.co.ke/teachers-issued-with-midnight-termination-notice-as-makl-ends-tsc-medical-scheme/,2026-07-26,General,"Abaki abate: Ekibaru cha TSC cha buya buya chiswaki na pili buya buya, Eria 30, 2025, ore 11:59 p.m. Vangirire buya buya bwose na odiri bwose buya buya biondeka bw’ise.","Jaduong' gi joma: TSC medical cover nyaka oseti e November 30, 2025, sa 11:59 p.m. Nyasaye chayo kendo wil joluo ka ng'ato okonyo chalo.","Dhammaan macallimiinta: Caymiska caafimaadka TSC ayaa rasmiyan dhici doona 30ka Noofambar, 2025, saacadda 11:59 p.m. Hubi in dhammaan daaweynta iyo gelitaanka la dhammeeyo ka hor waqtigan."
EDU-00201,Education,PSA,"The Teachers Service Commission has opened 9,159 teaching vacancies for permanent and pensionable positions. Interested candidates must apply online by December 8, 2025, via www.tsc.go.ke.","Tume ya Huduma za Walimu imefungua nafasi 9,159 za ufundishaji za kudumu na za pensheni. Wagombea wenye nia wanatakiwa kuomba mtandaoni mpaka tarehe 8 Desemba 2025 kupitia www.tsc.go.ke.",,KenyaNews_co_ke_Education,https://kenyanews.co.ke/tsc-declares-9159-permanent-and-pensionable-teaching-vacancies-apply-by-dec-8/,2026-07-26,General,"Komishini ya Abareki bategenye 9,159 ebasa obwakinyegeri bw'egakura na bwokori. Abakire batarakire naki bakenye babere online kosi December 8, 2025, kukor www.tsc.go.ke.","Teachers Service Commission onyalo 9,159 ndalo ma okinyi mar buoya gi ochako. Wang'ni kadaneya bene konyo online kendo gima osiemogo yie ni December 8, 2025, kuom www.tsc.go.ke.","Guddiga Adeegga Macallimiinta ayaa furay 9,159 boos oo waxbarasho oo joogto ah iyo kuwo gunno leh. Musharrixiinta daneynaya waa inay khadka tooska ah ku codsadaan ilaa 8-da Diseembar, 2025, iyaga oo booqanaya www.tsc.go.ke."
EDU-00202,Education,PSA,"KNEC will release KJSEA results on December 11, 2025. Learners will report to Grade 10 on January 12, 2026. Teachers should prepare required documentation for any benefits related to examiner deaths.","KNEC itatoa matokeo ya KJSEA tarehe 11 Desemba, 2025. Wanafunzi watarejea darasa la 10 tarehe 12 Januari, 2026. Walimu wanapaswa kuandaa nyaraka zinazohitajika kwa ajili ya manufaa yanayohusiana na vifo vya makatibu wa mitihani.",,KenyaNews_co_ke_Education,https://kenyanews.co.ke/knec-examiner-dies-at-machakos-marking-centre-during-kjsea-exercise/,2026-07-26,General,"KNEC ikire naki KJSEA buya bwaki omosi 11, 2025. Abagere bategere bwakere mu Grade 10 omosi 12, 2026. Abasomi bategere buya bwaki buorere bwakire kubwaki bida buya buya oborere bwakinyaki.","KNEC owinj gi KJSEA ng'ato kuonde 11, 2025. Makaranda nene bende pona e Grade 10 nyaka 12, 2026. Sirkal kamano okonyo do bura mar pi ng'ato mar jaluo.","KNEC waxay soo saari doontaa natiijooyinka KJSEA 11ka Diseembar, 2025. Ardaydu waxay tegi doonaan Fasalka 10ka 12ka Janaayo, 2026. Macallimiintu waa inay diyaar u yihiin dokumentiyada loo baahan yahay wax kasta oo la xidhiidha dhimashada imtixaanka."
EDU-00203,Education,PSA,KNUT members are reminded that all full-time officers must vacate office after their five-year term or upon turning 65. Ensure your membership is current for participation in leadership matters.,Wajumbe wa KNUT wanakumbushwa kuwa maafisa wote wa muda wote lazima waondoke ofisini baada ya muda wao wa miaka mitano au wanapofikisha umri wa miaka 65. Hakikisha uanachama wako ni wa sasa ili kushiriki katika masuala ya uongozi.,,KenyaNews_co_ke_Education,https://kenyanews.co.ke/sossion-hints-at-comeback-as-knut-secretary-general-ahead-of-elections/,2026-07-26,General,"Ababere ba KNUT baria naki, bosi bosi buya bendi boke omokireri oangu buya opokorere na bwakiri bwenda buya oria naki 65. Naki onyerere bosi bwe ya oreka osera omobori buya.","Abaluhya mar KNUT, nyasaye ng'ato oger kanyoni isik nind kod pok ng'ama koro nyaka ratiro mar jo higni manie iye kendo ng'ama ng'omiyo 65. Wachone ni ng'ato wacho nyaluok ka ng'ato oyier mondringo mar chiegni.",Xubnaha KNUT waa in la xasuusiyo in dhammaan officers-ka shaqada buuxda ay tahay inay baneeyaan xafiiska kadib shanta sano ee adeegooda ama marka ay gaaraan da'da 65. Hubi in xubinnimadaadu ay tahay mid casri ah si aad uga qayb gasho arrimaha hoggaanka.
EDU-00204,Education,PSA,The Kenya School of Government has canceled Certificates of Achievement Serial No. MA 0251 to MA 1000 due to forgery; these certificates are invalid and should not be used.,Shule ya Serikali ya Kenya imesitisha Vyeti vya Ufanisi Serial No. MA 0251 hadi MA 1000 kwa sababu ya uongozi; vyeti hivi si halali na havipaswi kutumika.,,KenyaNews_co_ke_Education,https://kenyanews.co.ke/ksg-cancels-749-certificates-over-forgery-concerns/,2026-07-26,General,Shule ya Serikali ya Kenya yatikisa Mashahidi ya Ufanisi ya Namba MA 0251 hadi MA 1000 kwa sababu ya udanganyifu; mashahidi haya ni batili na hayapaswi kutumika.,Kenya School of Government asalire Certifikat mar Achievements Serial No. MA 0251 gi MA 1000 kendo ni kanyalo ibiro; certifikat nyien ok ginyalo kendo ok bende giwech.,Dugsiga Dowladda Kenya wuxuu joojiyey Shahaadooyinka Guusha Tirooyinka MA 0251 ilaa MA 1000 sababo la xiriira been-abuur; shahaadooyinkan ma shaqeynayaan oo looma baahan yahay in la isticmaalo.
EDU-00205,Education,PSA,"Starting December 1, 2025, over 400,000 teachers and their dependents will transition to the Social Health Authority scheme, providing expanded medical benefits and access to over 9,000 healthcare facilities.","Kuanzia Desemba 1, 2025, walimu zaidi ya 400,000 na wategemezi wao watahamia kwenye mpango wa Mamlaka ya Afya ya Jamii, ukitoa faida za kiafya zilizopanuliwa na ufikiaji wa vituo vya afya zaidi ya 9,000.",,KenyaNews_co_ke_Education,https://kenyanews.co.ke/teachers-medical-benefits-expand-as-sha-replaces-minet-cover/,2026-07-26,General,"Begonire Disemba 1, 2025, abaroria 400,000 na abasaaki bomsibori bakenyere ku ichemo chaki Social Health Authority, bokenyeni obori buya bwakiranga na bonyengete ku obokioria 9,000 bwokibori.","Kang'ero wuon December 1, 2025, teachers 400,000 kendo kanyakla riyogi kuom schema Social Health Authority, ka ginyalo ginyoo giwenyono mar cha cha mar 9,000 healthcare facilities.","Laga bilaabo Diseembar 1, 2025, in ka badan 400,000 macallin iyo xubnahooda ku saabsan ayaa u guaydi doona nidaamka Hay'adda Caafimaadka Bulshada, iyagoo helaya faa'iidooyin caafimaad oo ballaaran iyo gelitaan ka badan 9,000 oo xarumo caafimaad."
EDU-00206,Education,PSA,"All students at Jomo Kenyatta University of Agriculture and Technology must vacate the campus by Sunday, November 2, 2025, at 4:00 p.m. due to the indefinite suspension of learning activities.","Wanafunzi wote katika Chuo Kikuu cha Kilimo na Teknolojia cha Jomo Kenyatta wanapaswa kuhama chuoni kabla ya Jumapili, Novemba 2, 2025, saa 10:00 jioni kutokana na kusitishwa kwa shughuli za kujifunza mpaka taarifa nyingine.",,KenyaNews_co_ke_Education,https://kenyanews.co.ke/jkuat-closed-indefinitely-as-strike-disrupts-learning/,2026-07-26,General,"Naki abokireri bose ba Jomo Kenyatta University of Agriculture and Technology batarereke esibori egesia nyasa, Osorori 2, 2025, na 4:00 p.m. naki ore mokomi omokinyere buya.","Okwong’ mana nyiso gi Jomo Kenyatta University of Agriculture and Technology nyaka gir bende konyo kuon piny gi wuok, November 2, 2025, piny 4:00 p.m. ka wanyalo kelo duto mar hesabu.","Dhammaan ardayda Jaamacadda Jomo Kenyatta ee Beeraha iyo Teknolojiyadda waa inay ka baxaan kampuska Axadda, Noofambar 2, 2025, saacadu markay tahay 4:00 galabnimo sababo la xiriira joojinta aan wakhtigu lahayn ee hawlaha waxbarashada."
EDU-00207,Education,PSA,"The Universities Academic Staff Union (UASU) demands full payment of Ksh7.9 billion in salary arrears before lecturers return to work, affecting academic activities across public universities.","Shirikisho la W Staff wa Vyuo Vikuu (UASU) linadai malipo kamili ya Ksh7.9 bilioni ya madeni ya mishahara kabla ya wahadhiri kurejea kazini, ikihusisha shughuli za akademia katika vyuo vikuu vya umma.",,KenyaNews_co_ke_Education,https://kenyanews.co.ke/uasu-rejects-phased-pay-for-ksh7-9bn-arrears-lecturers-demand-full-payment/,2026-07-26,General,"Ishureti ri UASU iria na omokire buya bw’egesere bw’ahorendani bwa Ksh7.9 bilioni mu eguru oro omotaka orekererete buya, omokinyogi omogogoti mwaghenyo oria ogokinyangi oria omoraganja motiriri.","Universities Academic Staff Union (UASU) okwayi nitie kanyo ma wuon Ksh7.9 billion e wadhowi wadhiok, ma okonyo kutegno ni ma lecet ng’ato otemo, to ni inyalo lam kadh kanyakla e wadhodhi gombo.","Ururo Shaqaalaha Jaamacadaha (UASU) waxay dalbadeen in la bixiyo lacag dhan Ksh7.9 bilyan oo deyn ah kahor inta macallimiinta aysan shaqada u noqon, taasoo saameyn doonta hawlaha aqooneed ee jaamacadaha dowliga ah."
EDU-00208,Education,PSA,"Results for the 2025 KCSE, KPSEA, and KJSEA exams will be released by KNEC in December. Students should prepare for the transition to senior school in January 2026.","Matokeo ya mtihani wa KCSE, KPSEA, na KJSEA ya mwaka 2025 yatarajiwa kutolewa na KNEC mwezi Desemba. Wanafunzi wanapaswa kujiandaa kwa kuhamia shule za upili Januari 2026.",,KenyaNews_co_ke_Education,https://kenyanews.co.ke/cs-ogamba-announces-when-knec-will-release-kcse-kpsea-and-kjsea-results/,2026-07-26,General,"Ebendi bwogana 2025 KCSE, KPSEA, na KJSEA bonyore bwakire bu KNEC mwaki wa Disemba. Abana bonyorire bwogendi bu mwena bu kisii bwakire bu mwaki wa Januari 2026.","Tich mar 2025 KCSE, KPSEA, kendo KJSEA maber chalo e December. Wanafunzi kuom nyaka kumiya goyo ang'wenyo e senior school e Januari 2026.","Natiijooyinka imtixaannada 2025 KCSE, KPSEA, iyo KJSEA ayaa KNEC soo bandhigi doonaa bisha Diseembar. Ardaydu waa inay is diyaariyaan isbeddelka dugsiga sare bisha Janaayo 2026."
EDU-00209,Education,PSA,A new political party has been formed to contest the 2027 elections. The launch will take place in May — all interested supporters are encouraged to attend.,Chama kipya cha kisiasa kimeundwa kushiriki katika uchaguzi wa 2027. Uzinduzi utafanyika mwezi Mei — wafuasi wote wanaofurahia wanahimizwa kuhudhuria.,,KenyaNews_co_ke_Education,https://kenyanews.co.ke/rigathi-gachagua-hints-at-political-alliance-with-fred-matiangi-ahead-of-2027/,2026-07-26,General,Abandu batoria oria bataratenga abwaki buya batarena omokosi bw'ekegena 2027. Obwakurori bujaki buya bwonjirira mw'egesibori ya May — abaki batoria oria bosi baraki batorai bweri.,Paro marach gi politik hi nyalo konyo tho e golo 2027. Kadhumo no ndogo mayom — chiembi nyandi eyo tich gi chalo okonyo.,Parti cusub ayaa la aas aasay si ay uga qayb gasho doorashada 2027. Munaasibadda dhicitaanka ayaa dhici doonta bisha May — dhammaan taageerayaasha danaynaya ayaa lagu dhiirrigelinayaa inay ka soo qayb galaan.
EDU-00210,Education,PSA,Elders from the Gusii community will hold a major ceremony at Gusii Stadium soon to endorse Fred Matiang'i as a key political figure. All are invited to attend.,Wazee wa jamii ya Gusii watashiriki katika sherehe kubwa katika Uwanja wa Gusii hivi karibuni kumpigia debe Fred Matiang'i kama kiongozi muhimu wa kisiasa. Wote mnakaribishwa kuhudhuria.,,KenyaNews_co_ke_Education,https://kenyanews.co.ke/matiangi-gachagua-and-kalonzo-plot-shocking-2027-move-in-secret-nairobi-meeting/,2026-07-26,General,Abagere bu Egesa naki bosi boki otokore omogaka bu Gusii Stadium bochenda gutamba Fred Matiang'i ng'enda omogori ogekarera. Bwakire bwaki bwikire buiso.,K'inyas ka g'amba mar Gusii bende bende ogendgi chogo magi yien na Gusii Stadium e chanda kuom yakinyi Fred Matiang'i gi kromi. Nyasaye ma oting'o omondia.,Odayaasha bulshada Gusii ayaa qaban doona munaasabad weyn oo ka dhacaysa Gusii Stadium si ay u taageeraan Fred Matiang'i sidii shaqsi siyaasadeed muhiim ah. Dhammaan waa la soo dhaweynayaa inay yimaadaan.
EDU-00211,Education,PSA,The family of gospel artist Betty Bayo has announced her passing. Condolences can be directed to the family as arrangements are made for her funeral.,Familia ya msanii wa injili Betty Bayo imetangaza kifo chake. Rambirambi zinaweza kuelekezwa kwa familia wakati mipango ya mazishi inaandaliwa.,,KenyaNews_co_ke_Education,https://kenyanews.co.ke/gospel-singer-betty-bayo-dies-after-battle-with-leukemia/,2026-07-26,General,Itarate ya omotegisani ogosi Betty Bayo ekorese okebere. Tigi-naki naki ikibori kainnorie buya benaki buya oria omoyerogori.,Jamii ya mzungu gospel Betty Bayo yong’eyo nengo piny. Nyaka tich ni mamoko maduong’ ku jamii kendo nyise wachar yore.,Qoyska fannaanada gospel-ka ee Betty Bayo ayaa ku dhawaaqay geerideeda. Tacsiyadu waxaa lagu hagaajin karaa qoyska iyadoo loo sameynayo qabanqaabada aaska.
EDU-00212,Education,PSA,"Kenya is now offering 500 scholarships and 20 annual exchange programs for students in health-related fields, funded by China's $500 million support initiative. Interested applicants should apply now.","Kenya sasa inatoa ufadhili wa masomo 500 na mipango ya kubadilishana ya kila mwaka 20 kwa wanafunzi katika nyanja za afya, ikifadhiliwa na mpango wa msaada wa dola bilioni 500 kutoka China. Waombaji wanaovutiwa wanapaswa kuomba sasa.",,KenyaNews_co_ke_Education,https://kenyanews.co.ke/china-funds-kenya-with-500m-500-scholarships-20-exchange-programs/,2026-07-26,General,"Kenya ikorere 500 shirikisho na 20 misha ya kupitisha mwakilishi kwa wanafunzi bota buseki, ichoreri nakiya ya pesa 500 million ya China. Abaki bwanjogori naki ekunyarite.","Kenya en ka winj 500 scholarships gi 20 programs mar exchange mwaka duto ma ok gi somo ka health, kuom funding mar China $500 million. Wakenyani mohanya ma inyal keth.","Kiiniya waxay hadda bixineysaa 500 deeqo waxbarasho iyo 20 barnaamij isdhaafsiga sanadkiiba ah ardayda ku hawlan caafimaadka, oo ay maalgelinayso $500 milyan oo taageero ah oo ka timid Shiinaha. Codsadayaasha daneynaya waa inay hadda codsadaan."
EDU-00213,Education,PSA,"Diamond Platnumz has signed a $5 million deal with Warner Music Group, emphasizing the strong position of African artists in negotiating with international labels.","Diamond Platnumz ametia saini mkataba wa dola milioni 5 na Warner Music Group, akionyesha nguvu ya wasanii wa Afrika katika kufanya mazungumzo na lebo za kimataifa.",,KenyaNews_co_ke_Education,https://kenyanews.co.ke/diamond-reveals-turning-down-quarter%e2%80%91million%e2%80%91dollar-deal-with-jay%e2%80%91z/,2026-07-26,General,"Diamond Platnumz amekubali mkataba wa $5 million na Warner Music Group, akiashiria nguvu ya wasanii wa Afrika katika mazungumzo na lebo za kimataifa.","Diamond Platnumz asigned deal $5 million gi Warner Music Group, kendo ok in gi chalo mar jaluo Africa to chunya kelo ma ineno gi international labels.","Diamond Platnumz ayaa heshiis $5 million ah la saxiixday Warner Music Group, taasoo muujineysa awoodda xooggan ee fannaaniinta Afrikan ah marka ay la xiriiro calaamadaha caalamiga ah."
EDU-00214,Education,PSA,"The Government of Kenya invites qualified individual consultants to apply for the NYOTA Project consultancy roles by submitting Expressions of Interest (EOIs) by November 28, 2025, at 10:00 a.m. EAT.","Serikali ya Kenya inawakaribisha wakandarasi binafsi walio na ujuzi kuomba nafasi za ushauri wa Mradi wa NYOTA kwa kuwasilisha Maelekezo ya Interesse (EOIs) kabla ya Novemba 28, 2025, saa 4:00 asubuhi EAT.",,KenyaNews_co_ke_Education,https://kenyanews.co.ke/govt-reopens-nyota-consultancy-opportunities-how-to-apply/,2026-07-26,General,"Abagaitani ba Kenya batania abateganaki bakananga kugikora kwa NYOTA Project buse ogwanire Expressions of Interest (EOIs) ginyang'endi buse Novemba 28, 2025, buse 10:00 a.m. EAT.","Government of Kenya en owuok ji kinde ma oting'ocio kuor NYOTA Project kendo ng'eyo Expressions of Interest (EOIs) kuom November 28, 2025, nyaka 10:00 a.m. EAT.","Dowladda Kenya waxay ku martiqaadaysaa lataliyayaal gaar ah oo aqoon leh inay codsadaan doorarka latalinta ee Mashruuca NYOTA iyagoo soo gudbinaya Muujinta Danaha (EOIs) ilaa 28ka Nofembar 2025, saacadda 10:00 subaxnimo EAT."
EDU-00215,Education,PSA,The National Assembly has rejected Senate amendments to increase county allocations by Ksh65 billion. The bill will proceed to mediation to resolve the deadlock.,Bunge la Kitaifa limekataa marekebisho ya Seneti ya kuongeza mgao wa kaunti kwa Ksh65 bilioni. Muswada utaelekea kwenye usuluhishi ili kutatua mkwamo.,,KenyaNews_co_ke_Education,https://kenyanews.co.ke/mps-led-by-kimani-ichungwah-reject-senates-push-to-raise-county-funding/,2026-07-26,General,Abakire b'Engeri Bwakore buseere busiri bw'ibiro b'akiiru buwaki bwasageria sukiri bw'akatiga bw'amahe ne Ksh65 billion. Entebe eya busiri bweria ikangia buseere za kung'anya ogenda.,National Assembly amar eyo lathni ma oket gi bende ketho mag seneti mwonde pwodhi Ksh65 bilioni. Gik ndio ng'ato kendo chiegni mar ni ibiro konyo jen.,Golaha Qaranka ayaa diiday isbeddeladii Aqalka Sare ee kordhinta lacagaha deegaannada Ksh65 bilyan. Qaanuunka ayaa loo gudbin doonaa dhexdhexaadinta si loo xalliyo khilaafka.
EDU-00216,Education,PSA,"Lee Funeral Home in Nairobi provides customized funeral and cremation services, 24-hour body collection, and assistance with legal documentation for burials and international transfers.","Lee Funeral Home mjini Nairobi inatoa huduma za maziko na kuchoma mwili zilizo boreshwa, ukusanyaji wa miili masaa 24, na msaada katika nyaraka za kisheria za maziko na uhamisho wa kimataifa.",,KenyaNews_co_ke_Education,https://kenyanews.co.ke/lee-funeral-home-nairobi-history-services-and-charges/,2026-07-26,General,"Lee Funeral Home mu Nairobi inakora emokire ya naki, omokiri bwaki bu naki, naki nakiiga ekibuge bwaki bu burials na intaneti obokai.","Lee Funeral Home e Nairobi nyal paro jopiny ma oseyudo, okinyi duto e kar dho, kendo wan gi thuol mar jopiny kuom kendo yore mag duong' gi piny.","Lee Funeral Home ee Nairobi waxay bixisaa adeegyo gaarka ah oo aas iyo gubid ah, uruurinta meydka 24 saacadood, iyo caawimaad ku saabsan dukumintiyada sharci ee aaska iyo gudbinta caalamiga ah."
EDU-00217,Education,PSA,The Kenya Defence Forces (KDF) reaffirms its loyalty to the Commander-in-Chief and commitment to national security. Please report any unverified claims to ensure public trust in security institutions.,Jeshi la Ulinzi la Kenya (KDF) linathibitisha uaminifu wake kwa Kamanda Mkuu na kujitolea kwa usalama wa taifa. Tafadhali ripoti madai yeyote yasiyothibitishwa ili kuhakikisha uaminifu wa umma katika taasisi za usalama.,,KenyaNews_co_ke_Education,https://kenyanews.co.ke/kdf-dismisses-raila-odingas-claim-of-preventing-military-coup-against-ruto/,2026-07-26,General,Abagane b'Ekongoi ya Kenya (KDF) baisera obwakire bwabo ku Meya w'ekere na batarataria obwakire bwanakiri. Naki nakoreria anyi batisikirani b'ositikigori okusigana bwasiboria mu ekere.,Kenya Defence Forces (KDF) ichung' jowetimo mondo owinjore e Kiongozi-moko kendo ichung' gi chiko mar dhano. Ndakore piny chiegni omiyo ok we niyo otieno oganda mar jomoko e dhano.,Booqo ciidamada difaaca Kenya (KDF) waxay cadeynayaan daacadnimadooda taliyaha guud iyo ballanqaadyadooda ku aaddan amniga qaranka. Fadlan warbixini wixii sheegasho ah oo aan la xaqiijin si loo hubiyo kalsoonida bulshada ee hay’adaha amniga.
EDU-00218,Education,PSA,"The Junior Secondary School (JSS) placement portal will reopen for seven days, allowing learners to revise their school choices for the January 2026 term.","Portali ya kujiunga na Shule ya Sekondari ya Kati (JSS) itafunguliwa tena kwa siku saba, ikiwapa wanafunzi fursa ya kurekebisha chaguzi zao za shule kwa muhula wa Januari 2026.",,KenyaNews_co_ke_Education,https://kenyanews.co.ke/education-ministry-to-reopen-jss-placement-portal-allow-learners-to-revise-school-choices/,2026-07-26,General,"Iporitani ya Junior Secondary School (JSS) itang'ana ikiriani bw'ogotera oria ikibokiri, eweko bw'ana batora bosi obokigenoria oria busharita bwa January 2026.","Portal mar Junior Secondary School (JSS) ng'wonye chike mabor, joombiri e dho mwakoni 7, mana kyaw pote duto kuom gima wagaru kanyo chike mag shule mogik mondo oting'o mo January 2026.","Barta aqoonsiga ee Dugsiga Sare ee Hoose (JSS) ayaa dib u furi doonta toddobo maalmood, taasoo u oggolaaneysa ardayda inay dib u eegi karaan doorashada dugsiyadooda ee xilliga Janaayo 2026."
EDU-00219,Education,PSA,"The Universities' Academic Staff Union (UASU) will begin a strike at the Technical University of Kenya on October 20, 2025, if unresolved grievances are not addressed.","Chama cha Wafanyakazi wa Akili wa Vyuo Vikuu (UASU) kitaanza mgomo katika Chuo Kikuu cha Teknolojia cha Kenya mnamo Oktoba 20, 2025, ikiwa malalamiko ambayo hayajatatuliwa hayatashughulikiwa.",,KenyaNews_co_ke_Education,https://kenyanews.co.ke/uasu-issues-seven-day-strike-notice-to-technical-university-of-kenya-over-unpaid-salaries-and-cbas/,2026-07-26,General,"Abagambane bu ubugeni bw’amasomo bwa UASU bota buza kukire bw’abarabu bw’Technical University of Kenya mwakenya 20, 2025, naki bw’ose oreoba okwekenyego.","Luo Nyasaye Waluora (UASU) en gi owadgi chiegni e Technical University of Kenya chinywalo gima osetimo 20, 2025, ni bura mar owang' kendo ne en kosi.","Ururka Shaqaalaha Akadeemiga Jaamacadaha (UASU) ayaa bilaabi doona kacdoon iyo gacan ka hadal jaamacadda farsamada Kenya 20-ka Oktoobar, 2025, haddii aan la xalin cabashooyinka aan la qaadin."
EDU-00220,Education,PSA,The Teachers Service Commission (TSC) is developing a central database for unemployed Kenyan teachers seeking international teaching positions. Interested educators must resign from their current roles to apply.,Tume ya Huduma ya Walimu (TSC) inaunda hifadhidata kuu kwa walimu wa Kenya wasio na ajira wanaotafuta nafasi za ufundishaji kimataifa. Walimu wanaopenda kujiunga inabidi wajiuzulu kutoka nafasi zao za sasa ili kuomba.,,KenyaNews_co_ke_Education,https://kenyanews.co.ke/tsc-to-send-unemployed-teachers-overseas-under-new-employment-framework/,2026-07-26,General,"Nakiaro buya bw'ogenda, Abasomesi b'ogenda (TSC) buya bwakire eng'anya y'ekirondo maaro buya, abakiabire abanyegera abotetete b'ekisomo. Abasomesi bareta bwaki omorogori bw'abo bakania, nakiabire kaenga.",Teachers Service Commission (TSC) en okonyo database ma makare mondiuru ka kikach ni walimu timo ka Ang'wen. Walimu ma nyalo kayore ang'wen noloyo kendo obedo ni bende nyinge konyo.,Guddiga Adeegga Macallimiinta (TSC) wuxuu diyaarinayaa kayd dhexe oo loogu talagalay macallimiinta reer Kenya ee aan shaqaynayn oo raadinaya fursado caalami ah. Macallimiinta danaynaya waa inay ka tagaan shaqooyinkooda hadda si ay u codsadaan.
EDU-00221,Education,PSA,Parents of Litein Boys High School are legally challenging a Ksh69 million damage fee imposed after student unrest. Legal action has been initiated to seek accountability and a fair assessment of damages.,Wazazi wa Shule ya Sekondari ya Litein wanapinga kisheria ada ya fidia ya Ksh69 milioni iliyowekwa baada ya machafuko ya wanafunzi. Hatua za kisheria zimeanzishwa kutafuta uwajibikaji na tathmini haki ya madhara.,,KenyaNews_co_ke_Education,https://kenyanews.co.ke/parents-take-litein-boys-high-school-to-court-over-ksh69-million-unfair-damage-fee/,2026-07-26,General,Abakinyabaki ba Litein Boys High School baria bagenyaga omogaka ogw'ekibori Ksh69 million ogwakang'anya omosi ogw'a mwana. Abakinyabaki baria bagenye okwitanga omogaka bw'ekire achahorere omogaka ogwakabere amogenda.,Kanyakla of Litein Boys High School paseno ng’ato ng’ato mar ksh69 million mohon ng’ato gi yore mag luta. Yore mag konyo gima ginyalo chuli gi pi owuon e yo.,Waalidka iskuulka Litein Boys High School waxay sharciga ku jiheysanayaan lacag caymis ah oo ah Ksh69 milyan oo la saaray ka dib rabshad ka dhacday ardayda. Tallaabo sharci ah ayaa la bilaabay si loo raadiyo mas'uuliyadda iyo qiimeyn cadaalad ah oo ku saabsan khasaarihii dhacay.
EDU-00222,Education,PSA,"For academic inquiries at JKUAT, contact the Deputy Vice Chancellor of Academic Affairs at [email protected] or call 067-5870001-5.","Kwa maswali ya kisayansi katika JKUAT, wasiliana na Naibu Makamu wa Chuo wa Masuala ya Kizazi kupitia [email protected] au piga simu 067-5870001-5.",,KenyaNews_co_ke_Education,https://kenyanews.co.ke/top-10-universities-in-kenya-2025-best-ranked-institutions/,2026-07-26,General,"Maki nyang'anya maita buya kuri JKUAT, nyakinyagia Deputy Vice Chancellor wa Academic Affairs ku [email protected] kana ugendere 067-5870001-5.","Kawiyogo kuom piny waduong' kuom JKUAT, konyo Deputy Vice Chancellor of Academic Affairs e [email protected] to nying' 067-5870001-5.","Haddii aad qabtid su'aalo akademik ah oo ku saabsan JKUAT, la xiriir Ku-simaha Madaxda Jaamacadda ee Arrimaha Akademiga adigoo diraya iimayl [email protected] ama wac 067-5870001-5."
EDU-00223,Education,PSA,The Teachers Service Commission is ordered to pay a teacher 22 years of salary following an unlawful retirement. Affected individuals should contact TSC to ensure compliance.,Tume ya Huduma za Walimu inatakiwa kulipa mwalimu mshahara wa miaka 22 kufuatia uzeo usio halali. Watu walioguswa wanapaswa kuwasiliana na TSC kuhakikisha utekelezaji.,,KenyaNews_co_ke_Education,https://kenyanews.co.ke/tsc-ordered-to-pay-teacher-22-years-of-salary-after-unfair-retirement-on-mental-health-grounds/,2026-07-26,General,Naki omokirori bosi boti 22 buchokire bwaki omogosi buya kisi bwoketire. Abokisi baki bogenorie TSC mokeire bwaki buya bung’ene.,Teachers Service Commission owinjore kuchi mamoko mar teachers 22 mwaka gi chiegni to dhi nyaka ma dongo. Wuoth tauto gi nyasaye wach ni ke TSC to chako kijiji kendo mwandhe.,Guddiga Adeegga Macalimiinta ayaa amar lagu siiyay in ay bixiyaan mushaharka macalimiin 22 sano ah kadib markii la siiyay nasasho sharci darro ah. Shaqsiyaadka ay arrintani khusayso waa in ay la xiriiraan TSC si loo hubiyo u hoggaansanaanta.
EDU-00224,Education,PSA,Applications for the France Excellence Eiffel Scholarship 2026 are now open for Kenyan and international Master's and PhD students. Visit the Campus France website for more information.,Maombi ya Stipendi ya France Excellence Eiffel 2026 sasa yamefunguliwa kwa wanafunzi wa Master na PhD kutoka Kenya na kimataifa. Tembelea tovuti ya Campus France kwa maelezo zaidi.,,KenyaNews_co_ke_Education,https://kenyanews.co.ke/france-excellence-eiffel-scholarship-2026-opens-for-kenyan-and-global-applicants/,2026-07-26,General,Abakire buya bwa France Excellence Eiffel Scholarship 2026 bwaruguru. Bwakire buya bunyasa kosi abakiria kosi batoroa na PhD. Go na site ya Campus France bosibori oria.,Dhi nyaka kuom ituwore ma France Excellence Eiffel Scholarship 2026 maber nigi kuwe kanyakore mooyo mar Kenya kod kanyalo piny. Wacthie chalo website mar Campus France kuom ma wacho e odhiambo.,Codsiyada deeqda waxbarasho ee France Excellence Eiffel 2026 ayaa hadda furan ardayda Mastarka iyo PhD-da ee Soomaaliyeed iyo caalamka. Booqo bogga Campus France si aad u hesho macluumaad dheeri ah.
EDU-00225,Education,PSA,"The application window for Kenya Medical Training College (KMTC) programmes is open from October 1–14, 2025. Apply via the KUCCPS student portal and pay KSh 1,500 to complete your application.","Dirisha la maombi kwa programu za Chuo cha Mafunzo ya Tiba Kenya (KMTC) lipo wazi kuanzia Oktoba 1–14, 2025. Omba kupitia lango la wanafunzi la KUCCPS na lipa KSh 1,500 kukamilisha maombi yako.",,KenyaNews_co_ke_Education,https://kenyanews.co.ke/kuccps-opens-kmtc-applications-2025-courses-requirements-how-to-apply/,2026-07-26,General,"Omosasa nyanagoria ya Kenya Medical Training College (KMTC) ikorwagia buya buya 1–14, 2025. Naki egendi buya kya KUCCPS na uphi KSh 1,500 buya okorora omosasa nyanagoria.","Nono mar Kenya Medical Training College (KMTC) nyalo ur kodo tindo manok oting'o 1–14, 2025. Tindo e KUCCPS student portal, kendo chako KSh 1,500 monde oting'o tindo piny.","Fursadda codsiga barnaamijyada Kenya Medical Training College (KMTC) waxaa furan laga bilaabo Oktoobar 1–14, 2025. Ku codso bogga ardayda ee KUCCPS oo bixi KSh 1,500 si aad u dhammaystirto codsigaaga."
EDU-00226,Education,PSA,"Kenyan students can apply for international scholarships; identify the right scholarship, review specific requirements, and begin applications early to meet deadlines.","Wanafunzi wa Kenya wanaweza kuomba ruzuku za kimataifa; tambua ruzuku inayofaa, kagua mahitaji maalum, na anza maombi mapema ili kukutana na tarehe za mwisho.",,KenyaNews_co_ke_Education,https://kenyanews.co.ke/how-to-get-a-scholarship-to-study-abroad-from-kenya-a-step-by-step-guide/,2026-07-26,General,"Abanore buya bwakireri bwakire ichora kwaji, bonyanire ebyekarire, na bendechore bosi buya bwakireri buya bwakisoryori.","Wakenya waduong' man Atmosg ni watiwa mokanya nding' owuor; luwore komo nding' owuor, nyisore choch gi chunya, kendo nyal golo mokanya buo ka oyidio lelo.","Ardayda Kenya waxay codsan karaan deeqo waxbarasho caalami ah; hubi deeqda saxda ah, dib u eeg shuruudaha gaarka ah, oo bilaaw codsiyadaaga goor hore si aad u buuxiso waqtiga kama dambaysta ah."
EDU-00227,Education,PSA,"Kylian Mbappe faces a minimum ten-match ban following a red card incident, but will still be eligible to play against Arsenal in the Champions League on April 16.","Kylian Mbappe anatarajiwa kutengwa kwa mechi kumi baada ya kupata kadi nyekundu, lakini bado atakuwa na uwezo wa kucheza dhidi ya Arsenal katika Ligi ya Mabingwa tarehe 16 Aprili.",,KenyaNews_co_ke_Education,https://kenyanews.co.ke/exclusive-kylian-mbappe-faces-minimum-ten-match-ban-ahead-of-arsenal-showdown/,2026-07-26,General,"Kylian Mbappe agendire omokireri omosibori ogenda ikinyi ikumi, naki atarenda kuigana ne Arsenal mu Champions League mwaki wa 16, April.","Kylian Mbappe en kende ohim gi nyis mwandu mar ten ma en chalo, to okan e kar kamano omiyo ok nyasa e Arsenal ni mudho Champions League e Aprili 16.","Kylian Mbappe waxa uu wajahayaa ugu yaraan toban ciyaarood oo ganaax ah kadib markii uu qaatay kaar cas, laakiin wali wuu ka qayb qaadan karaa ciyaarta Arsenal ee Champions League 16ka Abriil."
EDU-00228,Education,PSA,No actionable content available.,Hakuna maelezo ya kuchukuliwa hatua.,,KenyaNews_co_ke_Education,https://kenyanews.co.ke/fabian-schar-should-have-been-punished-for-wrestling-ex-pgmol-chief-re-analyses-man-united-footage/,2026-07-26,General,Bwakire bunyire.,"Ekwanda diko kadi, e od ok anyal.",Ma jiraan wax talo ah oo la qaadi karo.
EDU-00229,Education,PSA,"To withdraw money from PayPal to M-Pesa, visit the official PayPal Mobile Money portal; ensure the names on both accounts match. Limits are Ksh150,000 per transaction and Ksh300,000 per day.","Ili kutoa pesa kutoka PayPal kwenda M-Pesa, tembelea portal rasmi ya PayPal Mobile Money; hakikisha majina kwenye akaunti zote yanashabihiana. Mipaka ni Ksh150,000 kwa kila muamala na Ksh300,000 kwa siku.",,KenyaNews_co_ke_Education,https://kenyanews.co.ke/how-to-withdraw-money-from-paypal-to-m-pesa-step-by-step-guide/,2026-07-26,General,"Omoseri omokogeti omonyaki ogokora oria PayPal na M-Pesa, ogokire mu portali ya PayPal Mobile Money; omogwati bwakondere buya bwese buya bwokire. Omokiri buya bwabaki ni Ksh150,000 buya bwekigori na Ksh300,000 buya bwokiri.","To giny jala kuom PayPal kendo ng'ado M-Pesa, naki portal ma ok nyal PayPal Mobile Money; naki gima ni chike kendo ochiko ma obet gi jatuo ma duok. Jotieno ne Ksh150,000 kuom transaction kendo Ksh300,000 ndalo.","Si aad lacag uga soo baxdo PayPal una dirto M-Pesa, boqo bogga rasmiga ah ee PayPal Mobile Money; hubi in magacyada labada akoonti ay is waafaqsan yihiin. Xadka waa Ksh150,000 halkii hawl-gal iyo Ksh300,000 maalintii."
EDU-00230,Education,PSA,Former Cabinet Secretary Raphael Tuju has been reported missing; his abandoned vehicle was found in Karen. Authorities are conducting a search and investigation.,Waziri mstaafu Raphael Tuju amepotea; gari lake lililotelekezwa limepatikana Karen. Mamlaka zinafanya uchunguzi na kutafuta.,,KenyaNews_co_ke_Education,https://kenyanews.co.ke/raphael-tuju-reported-missing-as-car-found-abandoned-in-karen/,2026-07-26,General,Mokiri wa Kowanyaboki Raphael Tuju aoraki chirekendo; ekekori yake emorosere chire mwaki Karen. Obokire bosi buya naki naki hia na andi.,Ong'eyo ma Odhiambo a golo rapa Raphael Tuju asechiko; chesto mag piny e Karen nyaluwore. Abwaki manono ne itho kelo gi nyithindo.,Wasiirkii hore ee Kabinetka Raphael Tuju ayaa la sheegay in uu waayay; baabuurkiisa la'aan ah ayaa lagu helay Karen. Authorities waxay wadaan baaritaan iyo raadinta.
EDU-00231,Education,PSA,"NCBA Bank is auctioning 70 cars online, starting from KSh 450,000. Submit your bids on the CarDuka platform by March 23 to participate.","Benki ya NCBA inauza magari 70 mtandaoni, kuanzia KSh 450,000. Wasilisha zabuni zako kwenye jukwaa la CarDuka kabla ya tarehe 23 Machi ili ushiriki.",,KenyaNews_co_ke_Education,https://kenyanews.co.ke/ncba-auctions-70-cars-in-kenya-from-ksh-450k/,2026-07-26,General,"NCBA Bank isere buya buya 70 motokari ku online, waki bwire KSh 450,000. Naki buya bwogikire ku CarDuka ki 23, Marìsi ogotigete.","NCBA Bank en gi jomoko 70 kanyakla online, man gi ng'ato KSh 450,000. Konyi bid nyaka bende e CarDuka platform by March 23 kuom owinj.","Bangiga NCBA wuxuu iibinayaa 70 baabuur oo khadka internetka ah, laga bilaabo KSh 450,000. Soo gudbi dalabkaaga madasha CarDuka ka hor 23-ka Maarso si aad uga qayb gasho."
EDU-00232,Education,PSA,No actionable content available.,Hakuna maudhui ya kuchukua hatua yaliyopo.,,KenyaNews_co_ke_Education,https://kenyanews.co.ke/cherargei-throws-bash-after-murkomens-critique-by-the-standard/,2026-07-26,General,Naki atogoti osibori buya.,Okwan gi kanyo.,Ma jiraan wax macluumaad oo la qaadi karo.
EDU-00233,Education,PSA,No actionable information for Kenyan education sector found in the provided article.,Hakuna taarifa inayoweza kutumika kwa sekta ya elimu ya Kenya iliyo patikana katika makala iliyotolewa.,,KenyaNews_co_ke_Education,https://kenyanews.co.ke/china-lifts-tariffs-on-us-goods-to-125pc-as-trade-war-escalates/,2026-07-26,General,Naki naki ore akoroti bwogori buya bwakireri buya buye buya bwakere buya bwokiri bwose.,Koro kanyo ni gin ma ok kelo ni modo kuom ndiko ma otieno e ndagruok mach.,Ma jirto macluumaad wax-qabad oo laga helay maqaalkan ku saabsan qaybta waxbarashada ee Kenya.
EDU-00234,Education,PSA,Kenya Airways has named its newest Boeing 737 aircraft after long-serving employee Caroline Ndonga to honor her contributions in the aviation sector.,Kenya Airways imeuita ndege yake mpya ya Boeing 737 kwa jina la mfanyakazi wa muda mrefu Caroline Ndonga ili kumheshimu kwa mchango wake katika sekta ya anga.,,KenyaNews_co_ke_Education,https://kenyanews.co.ke/caroline-ndonga-why-kenya-airways-named-a-plane-after-her/,2026-07-26,General,Kenya Airways omokore omokanya bwa Boeing 737 bwokiri bwaki ogenda Caroline Ndonga nke omokiri onchera ibwaki busembere bwakinyogori mu ng'ari.,Kenya Airways eneno ndege ma Boeing 737 mokwongo kuom jowete mago Caroline Ndonga to g'ikwayi godo e kwe.,"Kenya Airways waxay magacawday diyaaraddii ugu dambeysay ee Boeing 737 oo ah mid lagu xusay shaqaale dheer-joog ah, Caroline Ndonga, si loo ixtiraamo waxqabadkeeda dhinaca duulista."
EDU-00235,Education,PSA,Mike Sonko has been honored with three international awards at the GLISPA UK 2025 Summit in London for his contributions to peace and development.,Mike Sonko amepewa tuzo tatu za kimataifa katika Mkutano wa GLISPA UK 2025 huko London kwa mchango wake katika amani na maendeleo.,,KenyaNews_co_ke_Education,https://kenyanews.co.ke/mike-sonko-honoured-with-three-international-awards-in-london/,2026-07-26,General,Mike Sonko akore omokore chaki oria itatu buya mu GLISPA UK 2025 Summit mu London nokokiro bushokendo na obwakire.,Mike Sonko owinjore gi kadhi tati mar joma chwe mwakoro GLISPA UK 2025 Summit ku London nikech rwako pi dhok kana mwakoyo.,Mike Sonko ayaa lagu sharraxay saddex abaalmarin oo caalami ah oo la siiyay kulanka GLISPA UK 2025 ee London sababo la xiriira ka qaybqaadashadiisa nabadda iyo horumarka.
EDU-00236,Education,PSA,"Kenyan students can apply for the DAAD International Postgraduate Scholarship 2026 for Master's and MPhil programs in Germany, with specific deadlines per field. Confirm requirements and dates via DAAD before applying.","Wanafunzi wa Kenya wanaweza kuomba Scholarships ya DAAD ya Kimataifa ya Postgraduate 2026 kwa programu za Master's na MPhil nchini Ujerumani, kwa tarehe maalum kulingana na fani. Thibitisha masharti na tarehe kupitia DAAD kabla ya kuomba.",,KenyaNews_co_ke_Education,https://kenyanews.co.ke/daad-2026-how-kenyan-students-can-secure-a-fully-funded-postgraduate-place-in-germany/,2026-07-26,General,"Abanogenda baki batega kwa DAAD International Postgraduate Scholarship 2026 moki no Master's na MPhil bwakirimu Geremani, na ekenye oria buya buya bwaki bwakiri. Naki kaenda kwandu naki bonyerete na oria buya bwaki buya bwakiri buya DAAD mbere ikwaki.","D students duka e DAAD International Postgraduate Scholarship 2026 to Master’s kod MPhil programs e Germany, naye gi deadline mag piny. Tiyo gin kanyo gik ma owinjo kendo date e DAAD asenyo chalo.","Ardayda Kenya waxay dalban karaan deeqda waxbarasho ee DAAD ee Masterka iyo MPhil-ka 2026 oo loogu talagalay barnaamijyada Jarmalka, iyadoo la raacayo mudada gaarka ah ee beero kala duwan. Hubi shuruudaha iyo taariikhaha adigoo la xiriiraya DAAD kahor inta aanad dalban."
EDU-00237,Education,PSA,Teachers in Kenya will transition from Minet medical cover to the Social Health Authority by December 2025 for improved healthcare access.,"Teachers nchini Kenya watabadilisha kutoka bima ya afya ya Minet hadi Mamlaka ya Afya ya Kijamii ifikapo Desemba 2025, ili kupata huduma za afya bora.",,KenyaNews_co_ke_Education,https://kenyanews.co.ke/tsc-to-shift-teachers-from-minet-medical-cover-to-social-health-authority-by-december-2025/,2026-07-26,General,Abagere ba Kenya bategere inyaki ya Minet buya bosi mu Social Health Authority kiugendo kitakire omokiri wa 2025 buya buya bwenyanga bwaki.,Walimu ku Kenya bende aoro e Minet medical cover ku Social Health Authority mana latolo ku 2025 modhi mang'won.,Macallimiinta Kenya waxay u guuri doonaan daryeelka caafimaadka ee Hay'adda Caafimaadka Bulshada badhtamihii 2025 si ay u helaan daryeel caafimaad oo ka wanaagsan.
EDU-00238,Education,PSA,"The Teachers Service Commission proposes that each comprehensive school be led by a principal and two deputies, pending legal amendments to recognize this structure.","Tume ya Huduma za Walimu inapendekeza kwamba kila shule kamili iongozwe na mkuu na naibu wawili, huku mabadiliko ya kisheria yakisubiri kutambulisha muundo huu.",,KenyaNews_co_ke_Education,https://kenyanews.co.ke/tsc-proposes-principal-and-two-deputies-to-resolve-junior-school-leadership-row/,2026-07-26,General,"Abakire b’Emokigo ya Baraza bw’Abakirigori ba Nchire baisekania ngo ikomokire y’eyenge bwaninge buone buya na abatia burebwa, kire bwakire buseke mu kitokiri kire ekirongo.",Komisheni en gi Tichor e Nyasaye ohero ni chwe chalo chako dhi kasich bende gikcieng ma dhokwa wacho ni joma chako ma in kanyo.,"Guddiga Adeegga Macallimiinta ayaa soo jeedinaya in iskuul kasta oo dhammaystiran uu hogaaminayo maamule iyo laba kuxigeen, iyadoo laga sugayo isbeddelada sharciga si loo aqoonsado qaabdhismeedkan."
EDU-00239,Education,PSA,The Teachers Service Commission has permanently deregistered 69 teachers for learner abuse. Report any incidents within 24 hours via the new hotline or email for anonymous complaints.,Tume ya Huduma za Walimu imetatua kwa kudumu walimu 69 kwa unyanyasaji wa wanafunzi. Ripoti tukio lolote ndani ya saa 24 kupitia laini mpya ya msaada au barua pepe kwa malalamiko ya siri.,,KenyaNews_co_ke_Education,https://kenyanews.co.ke/tsc-deregisters-69-teachers-over-learner-abuse-cases-2025-update/,2026-07-26,General,Abakire ba Teachers Service Commission baerekere abarimu 69 moki abakiiga bengi. Ria boki bw'ekiore buya mu masaa 24 ore kiya kitigori cha omokireri kana email ekibakire ige.,Oganda magi Teachers Service Commission adhi gima 69 maen gima oserwati gi lempogi. Tiyogi every nyiso ma okat 24 awuor gi hotline nyakato kata email gi nyiso maber.,Guddiga Adeegyada Macallimiinta ayaa si joogto ah u ka saaray 69 macallin diiwaanka sababo la xiriira sixitaanka ardayda. Warbixi dhacdooyinka muddo 24 saacadood gudahood iyada oo la adeegsanayo khad cusub ama email si aad u gudbiso cabashooyin qarsoodi ah.
EDU-00240,Education,PSA,All boarding schools in Gatundu South are now closed for thorough investigations into recent arson incidents. Parents should ensure their children return home immediately.,Shule zote za bweni Gatundu Kusini zimefungwa kwa uchunguzi wa kina kuhusu matukio ya moto ya recently. Wazazi wanapaswa kuhakikisha watoto wao wanarudi nyumbani mara moja.,,KenyaNews_co_ke_Education,https://kenyanews.co.ke/govt-orders-closure-of-boarding-schools-in-gatundu-south-amid-arson-fears/,2026-07-26,General,Bwakire bwakire bwakire bwabandi bosi bu Gatundu South bwere buja buya bendi buya bwtigana bwagakanya. Abashoncho bokwogere bu bwaboka bwabo buya busibori bwi mwaki bwetegera.,Gikoni ng'ato mar boarding e Gatundu South gi kare gichak ka joma yie konyo. Jatelo ne gung'eyo chuno ma konyo maru.,Dhammaan dugsiyada khudradda ee Gatundu South hadda waa xiranyihiin si loo sameeyo baaritaano qoto dheer oo ku saabsan dhacdooyinka gubashada dhawaan. Waalidiinta waa inay xaqiijiyaan in carruurtooda ay si dhaqso ah u soo laabtaan guryaha.
EDU-00241,Education,PSA,"The Teachers Service Commission is inviting applications for 24,000 Junior School internship positions. Visit www.tsc.go.ke for job descriptions and application details.","Tume ya Huduma za Walimu inakaribisha maombi ya nafasi 24,000 za mafunzo ya shule ya msingi. Tembelea www.tsc.go.ke kwa maelezo ya kazi na maelezo ya maombi.",,KenyaNews_co_ke_Education,https://kenyanews.co.ke/how-to-apply-for-tscs-24000-junior-school-internship-vacancies/,2026-07-26,General,"Abagosi ba Bwakire buya bwa Teachers Service Commission bonyegere buya bwaki bwakire buya 24,000 bushikeya bwang’oto. Naki www.tsc.go.ke omokireri omogoti na buya bwaki.","Teachers Service Commission en ring' applications maler ma 24,000 Junior School internship. Konyo www.tsc.go.ke to kende ji ma in gima job kendo application.","Guddiga Adeegga Macalimiinta wuxuu soo dhaweynayaa codsiyada shaqo ee 24,000 boos oo khibrad ah oo Dugsiga Hoose ah. Booqo www.tsc.go.ke si aad u hesho sharaxaadaha shaqada iyo faahfaahinta codsiga."
EDU-00242,Education,PSA,The Nursing Council of Kenya mandates all nursing and midwifery schools to submit student lists electronically and ensure compliance with program prerequisites for indexing.,Baraza la Uuguzi la Kenya linaagiza shule zote za uuguzi na wakunga kuwasilisha orodha za wanafunzi kwa njia ya kielektroniki na kuhakikisha kwamba zinatimiza vigezo vya programu kwa ajili ya kuorodheshwa.,,KenyaNews_co_ke_Education,https://kenyanews.co.ke/nck-announces-fresh-requirements-for-nurses-and-midwives/,2026-07-26,General,Naki ikirukia ya Nursing Council of Kenya ibwaki bwakire mwachaki buya moshoni naki bende bwebwaki naki chiabaki biloshu chire komagiri buya.,Nursing Council of Kenya owuon golo ni dodothi nyaka wakuo gi yot e nenti kata mayom chuni nyaka ginyal goyo listo duto mar wakiwe gi ebono to nyaka ogend e duto mar joma owuoyo.,"Guddiga Kalkaalinta ee Kenya wuxuu waajibinayaa dhammaan dugsiyada kalkaalinta iyo ummuliserada inay si elektaroonik ah u gudbiyaan liisaska ardayda, iyo in la hubiyo inay raacaan shuruudaha barnaamijka ee loogu talagalay liisanka."
EDU-00243,Education,PSA,"The National Treasury will disburse Ksh23 billion for education, including Ksh17 billion for school capitation and Ksh5.9 billion for national exams.","Hazina ya Taifa itatoa Ksh23 bilioni kwa ajili ya elimu, ikiwa ni pamoja na Ksh17 bilioni kwa ajili ya ruzuku za shule na Ksh5.9 bilioni kwa ajili ya mitihani ya kitaifa.",,KenyaNews_co_ke_Education,https://kenyanews.co.ke/treasury-to-release-ksh23-billion-for-schools-and-exams-cs-mbadi/,2026-07-26,General,"Nasi ya Taifa ikorera kandi Ksh23 billion buya buuntu, na Ksh17 billion buya ibwaki bwokiri na Ksh5.9 billion buya buya nyang’anya.","Dala Mariongo ma Kager chako Ksh23 billion bakeng' kuom edhiga, owacho Ksh17 billion ma oket gi mwakano kod Ksh5.9 billion kuom japuonj kanyakla.","Q treasury-ga Qaranka ayaa bixindoona Ksh23 bilyan oo loogu talagalay waxbarashada, oo ay ku jiraan Ksh17 bilyan oo loogu talagalay capitation-ka dugsiyada iyo Ksh5.9 bilyan oo loogu talagalay imtixaanaadka qaran."
EDU-00244,Education,PSA,"HELB has awarded loans to 136,634 first-time applicants for the 2025/2026 academic year. Universities can access tuition loan allocations through the HELB institutional portal.","HELB imepewa mikopo kwa waombaji wapya 136,634 kwa mwaka wa masomo 2025/2026. Vyuo vya elimu vinaweza kupata mapato ya mikopo ya ada kupitia lango la HELB la taasisi.",,KenyaNews_co_ke_Education,https://kenyanews.co.ke/helb-awards-loans-to-136634-first-time-applicants-how-to-check-your-status/,2026-07-26,General,"HELB ekekorere abona 136,634 abere bori bwaki bwakire buya bwa 2025/2026. Masomo akang'ana obwana buya muboka bw'HELB.","HELB awama ndere kuom 136,634 joma ok nyal bura e mwakanyo 2025/2026. Yuniversiti golo konyo ginyalo ndere mag joma chiegni kuom portal ma HELB.","HELB waxay deyn siisay 136,634 codsadeyaal markii ugu horeysay sanadka tacliinta 2025/2026. Jaamacaduhu waxay ka heli karaan deynneradooyinka lacagta waxbarashada bogga rasmiga ah ee HELB."
EDU-00245,Education,PSA,Chelsea has climbed to fourth place in the Premier League after a 1-0 victory over Manchester United.,Chelsea imepanda nafasi ya nne kwenye Premier League baada ya ushindi wa 1-0 dhidi ya Manchester United.,,KenyaNews_co_ke_Education,https://kenyanews.co.ke/chelsea-1-0-manchester-united-reece-james-inspires-win-as-blues-go-fourth/,2026-07-26,General,Chelsea omoreri mokwendo wa naki ya nane mu Premier League buya bwakomoka 1-0 kutiriria Manchester United.,Chelsea en omiyo konyo gisuma chigo chaluok kanyadhi gi 1-0 nyaka yore ma Manchester United.,Chelsea waxay ku soo kacday booska afraad ee Premier League ka dib guul ay gaartay 1-0 ka dhan ah Manchester United.
EDU-00246,Education,PSA,The National Police Service is undertaking a nationwide crackdown on Public Service Vehicles (PSVs) due to a rise in fatal road accidents. All road users are urged to adhere to traffic regulations to ensure safety.,Huduma ya Polisi wa Kitaifa inatekeleza operesheni ya kitaifa dhidi ya Magari ya Huduma ya Umma (PSVs) kutokana na kuongezeka kwa ajali barabarani mbaya. Watumiaji wote wa barabara wanasisitizwa kufuata sheria za usafiri ili kuhakikisha usalama.,,KenyaNews_co_ke_Education,https://kenyanews.co.ke/nps-announces-crackdown-on-psvs-after-surge-in-fatal-road-accidents/,2026-07-26,General,Abanotekere baki ba National Police Service buya bwakirire obwakire omokorino bwokera bwokorera Public Service Vehicles (PSVs) buya bwokora omokirori bwakire omoka bwakitobori. Abanogori bochire bakenyegane abaki bwananduke omokirori bworanya.,National Police Service in gi chieg ni ng'ato mar nyaka ochung' ei Public Service Vehicles (PSVs) kendo muno ni jodak miyo piny motegno gi giwruok mar nyasaye. Nitswalo nyasa miyo nyi michiny ng'ato mar gi piny kendo obedo lweny.,Hay'adda Booliska Qaranka waxay waddaa olole qaadashada ah ee gaadiidka Dadweynaha (PSVs) sababo la xiriira kororka shilalka wadada oo dhimasho keena. Dhammaan dadka isticmaala waddooyinka waxaa lagu boorinayaa in ay raacaan xeerarka taraafikada si loo hubiyo badbaadada.
EDU-00247,Education,PSA,No actionable content found.,Hakuna yaliyohusika ya kuchukua hatua.,,KenyaNews_co_ke_Education,https://kenyanews.co.ke/tech-news-bnz-flips-switch-apple-pay-new-zealand/,2026-07-26,General,Naki ogogetere.,Piny adhi e yo ni to no trade.,Wax macluumaad sameyn kara lama helin.
EDU-00248,Education,PSA,"To all fans of Samidoh, if you are concerned about his recent emotional post, consider reaching out with words of support and encouragement during this time.","Kwa mashabiki wote wa Samidoh, ikiwa unahusishwa na ujumbe wake wa hivi karibuni wa hisia, fikiria kumfikia kwa maneno ya msaada na kutia nguvu katika kipindi hiki.",,KenyaNews_co_ke_Education,https://kenyanews.co.ke/why-did-samidoh-post-a-chilling-message-about-dying-young-on-facebook/,2026-07-26,General,"Abakire ba Samidoh, niba mugirango muganye ikirukano chaki, muimire buya bwenu n'ogutenda amagenge n'oguchakire koshoka bw'aki.","Kanye Somo Samidoh, to chalo mar ng'ato ma ok atimre koro, chuko ring'a maber e gima wok g'acho gi ji chalo kendo nyaka podhogi e this time.","Dhammaan taageerayaasha Samidoh, haddii aad ka walwalsan tahay qoraalkiisa cusub ee dareenkiisa, ka fiirso inaad la xiriirto erayo taageero iyo dhiirigelin waqtiyadan."
EDU-00249,Education,PSA,Authorities are investigating the discovery of 33 bodies in a mass grave in Kericho County. Residents are urged to remain calm as police and forensic experts work to identify the remains.,Mamlaka zinafanya uchunguzi kuhusu kupatikana kwa mwili 33 katika kaburi la pamoja katika Kaunti ya Kericho. Wananchi wanasisitizwa kubaki watulivu huku polisi na wataalamu wa kijinai wakifanya kazi ya kubaini utambulisho wa mabaki hayo.,,KenyaNews_co_ke_Education,https://kenyanews.co.ke/kericho-mass-grave-six-arrested-as-probe-into-33-bodies-intensifies/,2026-07-26,General,Abakinyuri baria kueng'ena omokorere 33 naki omosacha ogana Kericho. Abakire baire ogukora nyang'anya kutiriri ikire buya abapolisi naki abokorainia babande kukanya emonyeshe.,Ababichni mago kuom chandruok 33 kwom wuoth mar Kericho. Wagene wan gi chogo kola kuom ndalo owuon kendo lwenje mar keny tango oluwi nyaka idhi.,Madaxweynuhu wuxuu baaritaan ku hayaa helitaanka 33 meyd oo ku yaal qabriga guud ee Gobolka Kericho. Dadweynaha waxaa lagu boorinayaa inay degganadaan inta booliska iyo khubarada baaritaanka ay ka shaqeynayaan aqoonsiga meydadka.
EDU-00250,Education,PSA,"Idd Aziz is the first Kenyan artist to perform at both the Coachella and Burning Man festivals in 2025, showcasing Kenyan music on international stages.","Idd Aziz ni msanii wa kwanza wa Kenya kutumbuiza katika sherehe za Coachella na Burning Man mwaka wa 2025, akionyesha muziki wa Kenya katika majukwaa ya kimataifa.",,KenyaNews_co_ke_Education,https://kenyanews.co.ke/idd-azizkenyans-co-ke/,2026-07-26,General,"Idd Aziz naki omokinyanji omonchene oigana buse nabokiriba buse bu Coachella na Burning Man mwakire 2025, okwendia omonchene bw’Engabo ya Kenya kuvoga mwaki bu mesoketi enyamache.","Idd Aziz en kanyenya artist buye oho ni yene manadi e Coachella to e Burning Man festivals kuom 2025, orey owinj kata Kenyan e weche mar dunia.","Idd Aziz waa fanaan Soomaaliyeed oo ah kii ugu horeeyay ee Kenyan ah oo ka soo qayb galaya labadaba Coachella iyo Burning Man oo dhici doona 2025, isagoo muujinaya muusiggan Kenyan ah masraxyo caalami ah."
EDU-00251,Education,PSA,Individuals found guilty of espionage in Iran may face the death penalty. All citizens are urged to respect national security laws to avoid severe legal consequences.,Watu wanaopatikana na hatia ya ujasusi nchini Iran wanaweza kukabiliwa na adhabu ya kifo. Wananchi wote wanasisitizwa kuheshimu sheria za usalama wa kitaifa ili kuepuka madhara makubwa ya kisheria.,,KenyaNews_co_ke_Education,https://kenyanews.co.ke/iran-issues-death-penalty-warning-over-espionage-as-tensions-escalate/,2026-07-26,General,"Abaki bengi bataria omogori ogena naki Iran, baria bakenyete oborere, bakenyete naki naki ya die. Baki bengi batarukire kumokore omonene busania bwige obo naki bwetenda bwogena naki bwogekirwe.","Nitiere magi ne gin e piny Iran, golo jopiny yath jowuok. Jopiny onge jopiyo oyawore mar piny ngima kendo chako pero nyaka konyo ng'ato mar makmana.",Qof kasta oo lagu helo eedeymo basaasnimo xarunta Iiraan wuxuu wajihi karaa dil. Dhamaan muwaadiniinta waxaa lagu boorinayaa in ay ixtiraamaan shuruucda amniga qaranka si ay uga fogaadaan cawaaqib sharci oo culus.
EDU-00252,Education,PSA,"The Catholic Church has elected a new pope, following the papal conclave on May 8, 2025. The new leader will soon address the faithful and begin his mission.","Kanisa Katoliki limechagua papa mpya, baada ya mkutano wa kardinali tarehe 8 Mei 2025. Kiongozi mpya hivi karibuni atawazungumzia waumini na kuanza ujumbe wake.",,KenyaNews_co_ke_Education,https://kenyanews.co.ke/white-smoke-rises-new-pope-elected-in-historic-vatican-decision/,2026-07-26,General,"Abanogoro Abakatolike bakenyete omokogoto omosha, nyang’ete omogoo bwa papal conclave bwaki bwere mbochonge 8, 2025. Omokogoto omoshi bokenyete abakristu baabokinamikire buya buja bosi.","Kanisa Katolika nyalo tinye otemany, ka ng'ato ni pakalu papal on May 8, 2025. Koro nyaka, otemany olera en gi iye gima yath.","Kaniisada Katooliga ayaa dooratay pap cusub, ka dib shirkii papka ee May 8, 2025. Hogaamiyaha cusub wuxuu dhawaan ka hadli doonaa kuwa rumeysan wuxuuna bilaabi doonaa hawshiisa."
EDU-00253,Education,PSA,No actionable content available.,Hakuna maudhui ya kutekelezwa yanayopatikana.,,KenyaNews_co_ke_Education,https://kenyanews.co.ke/uk-defense-secretary-meets-family-of-murdered-kenyan-woman/,2026-07-26,General,Abakwe ne agietorani.,N/A,Ma jiro wax macluumaad ah oo hawlgal ah.
EDU-00254,Education,PSA,Newly employed teachers can now request transfers without the five-year minimum service rule through the Teachers Service Commission's digital transfer system. Apply on the official TSC portal.,Teacher wapya sasa wanaweza kuomba uhamisho bila sheria ya huduma ya chini ya miaka mitano kupitia mfumo wa dijitali wa uhamisho wa Tume ya Huduma za Walimu. Omba kwenye tovuti rasmi ya TSC.,,KenyaNews_co_ke_Education,https://kenyanews.co.ke/tsc-unveils-digital-transfer-system-newly-employed-teachers-can-request-transfers-before-5-years/,2026-07-26,General,Ab teachers abogoti ba na batariga busia bogenje ogotere oria bw'ekoreri buya bw'ezekeri bw'obora-nyaki mu sistema ya digital ya Teachers Service Commission. Gonge boke ku portal ya TSC.,Okwach nyaka owuon piny kendo nyise migweno chike gi tich luor nyaka golo duto. Dok tet TSC portal.,Macalimiinta cusub ayaa hadda codsan kara in lagu wareejiyo iyaga oo aan lahayn shuruudda ugu yaraan shanta sano ee adeegga iyadoo loo marayo nidaamka dijitaalka ah ee wareejinta ee Komishanka Adeegga Macalimiinta. Codso bogga rasmiga ah ee TSC.
EDU-00255,Education,PSA,Youth seeking internships in the private sector can apply through the NYOTA Project by dialing *254# and following the prompts. Applications are open from July 11 to August 15.,Vijana wanaotafuta mafunzo kwenye sekta binafsi wanaweza kuomba kupitia Mradi wa NYOTA kwa kupiga *254# na kufuata maelekezo. Maombi yamefunguliwa kuanzia Julai 11 hadi Agosti 15.,,KenyaNews_co_ke_Education,https://kenyanews.co.ke/cs-geoffrey-ruku-unveils-plan-to-place-50000-interns-in-private-sector-jobs-annually/,2026-07-26,General,Abakire b’engoro baria bakwangani bosi busekeria mu nyang’anya oria bwaki biroka NYOTA Project banuye *254# na bwango bemo. Abaki bwaki bosi bwandori bwengi busekeria bwaki buja mbiri 11 bwaki bwegere 15.,Ng'ato duto maruok kuom internship e sekta marprivat owinji chieng' NYOTA Project nyalo chayo kuom *254# kendo uborne e ndalo. Chayo gi nyaka omiyo manok from July 11 to August 15.,Dhalinyarada raadinaysa fursadaha internship-ka ee bulshada gaarka ah waxay ka dalban karaan Mashruuca NYOTA adoo wacaya *254# una raacaya tilmaamaha. Codsiyada waxaa furanyahay laga bilaabo Luulyo 11 ilaa Agoosto 15.
EDU-00256,Education,PSA,The government reaffirms that parents will not bear school fees as free education remains a priority. Stay informed on funding updates for secondary education.,Serikali inathibitisha kuwa wazazi hawatalipa ada za shule kwani elimu bure ni kipaumbele. Kuwa na ufahamu kuhusu updates za ufadhili wa elimu ya sekondari.,,KenyaNews_co_ke_Education,https://kenyanews.co.ke/mbadi-sets-the-record-straight-on-free-education-after-budget-remarks/,2026-07-26,General,Ombondu ogwankire oria abwaki banchang'ereka atuma omosibori buya buya. Naki buya buya obu oseria bwaki bwanene buseke.,"Chamo ng'ato duto, kuom iek ne dako e school fees, omiyo dhok e thuolo mar mopogore. Chik nyaka inwacho gambo ma okonyo e funding mar secondary education.",Dowladdu waxay mar kale xaqiijinaysaa in waalidiintu aysan bixin doonin kharashka dugsiga maadaama waxbarashada bilaashku ay ahmiyad mudan tahay. La soco wararka ku saabsan maalgelinta waxbarashada sare.
EDU-00257,Education,PSA,Nakuru Girls High School is closed indefinitely following student unrest. All learners must vacate the premises immediately.,Shule ya Sekondari ya Wasichana Nakuru imefungwa kwa muda usiojulikana kufuatia machafuko ya wanafunzi. Wanafunzi wote wanapaswa kuondoka kwenye majengo mara moja.,,KenyaNews_co_ke_Education,https://kenyanews.co.ke/nakuru-girls-high-school-closed-indefinitely-after-student-unrest/,2026-07-26,General,Nakuru Girls High School irekire buya buya magara oikwere omokiri. Abana boni bosi bategere buya bwere bwogotana.,Nakuru Girls High School a gichop gi sikhoyo chike. Neno duto odhi gi joma ranyisi kuom konyo.,Dugsiga Sare ee Gacanta Haweenka Nakuru waa xiranyahay muddo aan la cayimin sababo la xiriira rabshado arday. Dhammaan ardayda waa inay derbiyada ka baxaan deris ahaan.
EDU-00258,Education,PSA,"TECNO has launched the SPARK 40 Series, featuring advanced models with wireless charging and high-performance specs. These devices are now available for purchase.","TECNO imezindua Mfululizo wa SPARK 40, ukijumuisha mifano ya kisasa yenye kuchajiwa bila waya na vipengele vya juu vya utendaji. Vifaa hivi sasa vinapatikana kwa ununuzi.",,KenyaNews_co_ke_Education,https://kenyanews.co.ke/tecno-unveils-spark-40-series-with-sleek-design-and-wireless-charging/,2026-07-26,General,"TECNO emuriire SPARK 40 Series, ekirandori kireega wakiya na bosi buya. Ebisani bikire naki naki bw'ogekire.","TECNO abiro ka SPARK 40 Series, mane en gi mawuok bende mohero kanyo kod mago mar chiemo. Dhi nyalo mading' gi jibu.","TECNO waxa ay soo bandhigtay taxanaha SPARK 40, oo leh moodallo horumarineed oo leh dalacsiga aan xadhig lahayn iyo qeexitaanno waxqabad sare leh. Qalabkan hadda wuu diyaar yahay in lagu iibsado."
EDU-00259,Education,PSA,KUCCPS has released the 2025 placement results for 2024 KCSE candidates. Check your results and download admission letters from your institution's website.,KUCCPS imetangaza matokeo ya nafasi ya 2025 kwa wagombea wa KCSE 2024. Angalia matokeo yako na pakua barua za kupokelewa kutoka tovuti ya taasisi yako.,,KenyaNews_co_ke_Education,https://kenyanews.co.ke/how-to-check-2025-kuccps-placement-results/,2026-07-26,General,KUCCPS emireri omokiraka omogani 2025 omokiri 2024 KCSE. Ria mwaki naki omogani na oria naki embori yenu buya buya.,KUCCPS apenji timo ma 2025 mar placement nigi 2024 KCSE candidates. Tich gi chalo ma kanyo kendo yudo admission letters mai yudi e website mar inacho.,KUCCPS waxay soo saartay natiijada 2025 ee go'aan qaadashada ardayda 2024 KCSE. Fadlan hubi natiijadaada oo kala soo bax waraaqaha aqbalaadda bogga internetka ee hay'addaada.
EDU-00260,Education,PSA,The Murang'a County Assembly will proceed with the vetting of remaining nominees for the Public Service Board as Nancy Macharia has declined her nomination due to a World Bank consultancy.,Bunge la Kaunti ya Murang'a litaendelea na mchakato wa kuangalia wapendekezwa waliobaki kwa ajili ya Bodi ya Huduma za Umma baada ya Nancy Macharia kukataa uteuzi wake kutokana na kazi ya ushauri wa Benki ya Dunia.,,KenyaNews_co_ke_Education,https://kenyanews.co.ke/nancy-macharia-declines-muranga-county-job-cites-world-bank-offer/,2026-07-26,General,Abakora buya bwa Murang'a bwana bagere kugurania abakiingira buya bwa Public Service Board ka Nancy Macharia aborere kosi ching'ana cha World Bank.,"Murang'a County Assembly owinjore kendo gima ne oduogo e jomoko ma onge jodwaro e Public Service Board, kendo Nancy Macharia en ok jotegno ma jothoroe ni owuon e World Bank.",Assembley-ga Gobolka Murang'a wuxuu sii wadi doonaa baaritaanka xulashada hadhay ee Xisbiga Adeegga Dadweynaha maadaama Nancy Macharia ay diidday xulashadeeda sababo la xiriira latalin ka socda Bangiga Adduunka.
EDU-00261,Education,PSA,"The Kenya Union of Post-Primary Education Teachers (KUPPET) has issued a 7-day ultimatum for negotiations on a new Collective Bargaining Agreement (CBA). If unmet, a nationwide strike will commence on June 28.","Shirikisho la Walimu wa Elimu ya Juu Kenya (KUPPET) limetoa muda wa siku 7 kwa mazungumzo kuhusu Mkataba Mpya wa Mazungumzo ya Pamoja (CBA). Ikiwa hautatekelezwa, mgomo wa kitaifa utaanza tarehe 28 Juni.",,KenyaNews_co_ke_Education,https://kenyanews.co.ke/kuppet-threaten-nationwide-strike-over-cba-delays-issue-7-day-ultimatum/,2026-07-26,General,"Kenya Union of Post-Primary Education Teachers (KUPPET) omwaki naki egesibori ya miondori 7 buya oria bwakire buana mabo mokerenda ogekene bwakire bwakire bwakore. Naki osoromokire, bwakire buya bwekorire ohu buya kumokirongo oria Junu 28.","Kenya Union of Post-Primary Education Teachers (KUPPET) omedhi gi chike mar tande abich 7 kuon kanyakla kuom jo konyo ng'ato mar wan gi chike maber (CBA). Kendo nyaka kar, ng'ato mar kachieng' e Kenya remre kata jomanyal e June 28.","Ururka Macalimiinta Waxbarashada Casriga ah ee Kenya (KUPPET) wuxuu bixiyay amar 7 maalmood ah oo lagu gorgortamayo Heshiiska Isku-dhafka ee cusub (CBA). Haddii lafulin waayo, shaqo-joojin qaran ayaa bilaabmi doonta 28ka Juun."
EDU-00262,Education,PSA,"Moi University has undertaken retrenchment affecting 376 employees, with severance payouts of Ksh 167.4 million. A court ruling on this matter is expected soon.","Chuo Kikuu cha Moi kimefanya kupunguza wafanyakazi 376, na malipo ya kuachishwa kazi ni Ksh 167.4 milioni. Uamuzi wa mahakama kuhusu jambo hili unatarajiwa hivi karibuni.",,KenyaNews_co_ke_Education,https://kenyanews.co.ke/mps-question-viability-of-moi-university-courses-amid-retrenchment-process/,2026-07-26,General,"Moi University yakiore eng'era 376 emokiri, na omokong'ania obwakire bwomoka bwaki 167.4 million. Okokire buya bwomokiri buya bwakire kuri ing'ere.","Moi University abichie ka oketo kany niko 376 buya, kendo gadh nyaka Ksh 167.4 million. Kach mar ng'ato konyo ikwang' mamiya ongerso.","Jaamacadda Moi waxay qaaday tallaabo shaqo ka joojinta oo saameynaysa 376 shaqaale, iyadoo lacag celin ah ay tahay Ksh 167.4 milyan. Go'aan maxkamad arrintan ku saabsan ayaa la filayaa inay soo baxdo dhowaan."
EDU-00263,Education,PSA,The duration of diploma courses in Technical and Vocational Education and Training (TVET) has been reduced to 1.5 years. Applications can be made through the KUCCPS portal.,Muda wa kozi za diploma katika Elimu ya Ufundi na Mafunzo ya Ufundi (TVET) umepunguzwa hadi miaka 1.5. Maombi yanaweza kufanywa kupitia lango la KUCCPS.,,KenyaNews_co_ke_Education,https://kenyanews.co.ke/govt-cuts-tvet-diploma-course-duration-to-1-5-years/,2026-07-26,General,Obwakireri bwa masomo a diploma mu Technical and Vocational Education and Training (TVET) buyaigerere ogenda naki. Abaluya bonyekere kiretu ku KUCCPS portal.,Nyalo chunya gima diploma e Technical and Vocational Education and Training (TVET) nene ma 1.5 mwaka. Tich kuom tindi e portal ya KUCCPS.,Muddada koorsooyinka shahaadada ee Waxbarashada Farsamada iyo Tababarka Aqoonta (TVET) ayaa la dhimay ilaa 1.5 sano. Codsiyada waa la sameyn karaa iyada oo loo marayo bogga KUCCPS.
EDU-00264,Education,PSA,"Residents of Pumwani, Nairobi, are urged to remain calm and avoid protest areas following recent unrest after a fatal police shooting. Authorities are investigating the incident.","Wananchi wa Pumwani, Nairobi, wanahimizwa kubaki na utulivu na kuepuka maeneo ya maandamano kufuatia machafuko ya hivi karibuni baada ya kupigwa risasi kwa polisi. Mamlaka zinafanya uchunguzi juu ya tukio hilo.",,KenyaNews_co_ke_Education,https://kenyanews.co.ke/what-sparked-the-chaos-protests-erupt-in-pumwani-after-fatal-shooting-of-17-year-old-boy/,2026-07-26,General,"Ababere baki Pumwani, Nairobi, baria batoririe bwakire na bategere omoi bwaki omoshanga obwakoshwa. Abati buya bano bakienda omokigori bwaki.","Wang'ni Pumwani, Nairobi, nyal chako tich marach gi nyaka ok wete mabor githor marach ka gich tek gi ji maber lokruok. Ma oknyal tich kendo chalo tich.","Waxa bulshada Pumwani, Nairobi, lagu boorinayaa inay deggan yihiin oo ay ka fogaadaan meelaha mudaharaadka ka socda kadib rabshadihii dhacay ka dib markii boolisku toogtay. Hay'adaha ayaa baaritaan ku sameynaya dhacdadaas."
EDU-00265,Education,PSA,"Jackson Kuria Kihara, known as Cop Shakur, has officially left the Fighting Brutality and Impunity (FBI) movement.","Jackson Kuria Kihara, anayejulikana kama Cop Shakur, ametangaza rasmi kuondoka kwenye harakati za Fighting Brutality and Impunity (FBI).",,KenyaNews_co_ke_Education,https://kenyanews.co.ke/jackson-kuria-kihara-alias-cop-shakur-steps-away-from-fbi-movement/,2026-07-26,General,"Jackson Kuria Kihara, akireri naki Cop Shakur, asisye buya muhurere wa Fighting Brutality and Impunity (FBI).","Jackson Kuria Kihara, owinjore mag Cop Shakur, asetimi mane oting' i Fighting Brutality and Impunity (FBI) movement.","Jackson Kuria Kihara, oo loo yaqaan Cop Shakur, wuxuu si rasmi ah uga baxay dhaqdhaqaaqa Fighting Brutality and Impunity (FBI)."
EDU-00266,Education,PSA,This article does not contain relevant information for a Public Service Announcement concerning the Kenyan education sector.,Makala hii haina taarifa muhimu kwa Tangazo la Huduma ya Umma kuhusu sekta ya elimu nchini Kenya.,,KenyaNews_co_ke_Education,https://kenyanews.co.ke/india-central-bank-cuts-interest-rates-as-trump-tariffs-kick-in/,2026-07-26,General,Omosaraki ogokire obwakire bwakire bwaki bwakire bwetire buya bwakobori bwakinyang'ani bwaki bwakire bwaki na oboshonchori bwaki; ogokire ogonyang'a obwakire buya.,Article wik manok to kata wuoth otach mar Public Service Announcement ma gima ot noo gi weche mar sekondari e Kenya.,Maqaalkani ma contains macluumaad ku habboon oo ku saabsan Ogeysiiska Adeega Dadweynaha ee la xiriira waaxda waxbarashada Kenya.
EDU-00267,Education,PSA,No actionable information to provide.,Hakuna taarifa yoyote ya kuchukua hatua.,,KenyaNews_co_ke_Education,https://kenyanews.co.ke/drama-as-gachagua-escapes-police-net-is-he-hiding-in-the-bush/,2026-07-26,General,Amang'ana naki naki oigwanania.,Neno ni timo bura.,Ma jiraan xog waxqabad leh oo la bixiyo.
EDU-00268,Education,PSA,Kenyans can now use the Hustler Fund to pay Social Health Authority (SHA) premiums in installments. Ensure you have a clean loan repayment record and up-to-date SHA details to access this feature.,Wakenya sasa wanaweza kutumia Mfuko wa Hustler kulipia bima za Mamlaka ya Afya ya Jamii (SHA) katika vipande. Hakikisha una rekodi safi ya malipo ya mkopo na taarifa za SHA za kisasa ili kupata huduma hii.,,KenyaNews_co_ke_Education,https://kenyanews.co.ke/explained-how-to-pay-sha-premiums-using-hustler-fund-lipa-pole-pole/,2026-07-26,General,Abantu b’Kenya baryaki boki ekahereza Hustler Fund kobwaki gwera Social Health Authority (SHA) motu bwaki. Naki omokokiri abwakore ekiregesi kyekire naki obwakise bwa SHA bwakinyang'anya hakiri obwaki bwokora.,Kenyani ng'eyo kanyakni Hustler Fund kaka pek gi Social Health Authority (SHA) premiums kendo kaka jachugi. Nyis miyo young' kendo gonyo lucho mar loan kendo yo SHA marahuma to okonyo kendo chieng' weche.,Kenyaanka waxay hadda isticmaali karaan Hustler Fund si ay u bixiyaan lacagaha caafimaadka ee Hay'adda Caafimaadka Bulshada (SHA) qayb-qayb. Hubi inaad leedahay taariikh nadiif ah oo lacag celin ah iyo faahfaahinta SHA oo casri ah si aad u hesho adeeggan.
EDU-00269,Education,PSA,The ODM party is urged to convene a National Delegates Conference (NDC) to address concerns about the intimidation of dissenters.,Chama cha ODM kinashauriwa kuitisha Mkutano wa Kitaifa wa Wajumbe (NDC) kukabiliana na wasiwasi kuhusu kutishwa kwa wapinzani.,,KenyaNews_co_ke_Education,https://kenyanews.co.ke/winnie-odinga-claims-intimidation-of-dissenters-within-odm/,2026-07-26,General,"Ona ODM barabara, giana bwogogori bwakore Nnational Delegates Conference (NDC) okong'anya ebire naki omokiri naki akaibori.",ODM omedi konyo ka konyo National Delegates Conference (NDC) mamoko omiya dala kuom pier ema oting'o ni koro gi joma otera.,Xisbiga ODM waxaa lagu boorinayaa in uu qabto Shirweyne Qaran (NDC) si looga wada hadlo cabashooyinka ku acerca ah cabsi gelinta kasoo horjeeda.
EDU-00270,Education,PSA,"There will be new contract extensions for Mohamed Salah and Virgil van Dijk, ensuring their futures at Liverpool until the end of the 2026/27 season.","Kutakuwa na nyongeza za mkataba mpya kwa Mohamed Salah na Virgil van Dijk, kuhakikisha kwamba wanaendelea na Liverpool hadi mwisho wa msimu wa 2026/27.",,KenyaNews_co_ke_Education,https://kenyanews.co.ke/mohamed-salah-shares-liverpool-post-after-major-new-contract-update/,2026-07-26,General,"Makiro magwaki omogaka omokiriri Mohamed Salah na Virgil van Dijk, bwakire chichaki chao ku Liverpool omokigori buya 2026/27.","Naka konyo chik manie ng'ato makende gi Mohamed Salah kod Virgil van Dijk, kendo nandi ng'ato ma okonyo buo kendo maber e Liverpool ng'ato gi konyo manie kendo kutiek e 2026/27.","Mohamed Salah iyo Virgil van Dijk ayaa helaya heshiisyo cusub oo lagu kordhinayo, taasoo hubinaysa mustaqbalkooda Liverpool ilaa dhammaadka xilli ciyaareedka 2026/27."
EDU-00271,Education,PSA,HELB assures Kenyans that reports of freezing bank accounts of loan defaulters are false. Visit HELB's official page for verified updates.,HELB inawahakikishia Wakenya kwamba ripoti za kuf freezing akaunti za benki za wadai wasiokidhi masharti ni za uongo. Tembelea ukurasa rasmi wa HELB kwa habari zilizothibitishwa.,,KenyaNews_co_ke_Education,https://kenyanews.co.ke/helb-clarifies-freezing-bank-accounts-of-316000-loan-defaulters/,2026-07-26,General,HELB ikiranire Abakenya naki inyu nibaki abaki ibokiri bwaki bwa ba bwakoretani omogenderi. Naki milakire burokire bwa HELB buya buiringe.,HELB nind gi Kenyans ni chalo mar seche makelo e bank kuom banta mar loan defaulters adier. Konyi ku HELB's official page maduong' gi ng'ato kwayo.,HELB waxay xaqiijineysaa Kenyada in warbixinada ah in akoonnada bangiga ee lagu guuldareysto deyn bixinta la xayiray ay yihiin been. Booqo bogga rasmiga ah ee HELB si aad u hesho warar sax ah.
EDU-00272,Education,PSA,The Ministry of Education will launch the pilot phase of the Kenya Education Management Information System (KEMIS) in July 2025 to digitize student data from ECDE to universities.,Wizara ya Elimu itazindua awamu ya majaribio ya Mfumo wa Habari wa Usimamizi wa Elimu Kenya (KEMIS) mnamo Julai 2025 ili kubadilisha habari za wanafunzi kutoka ECDE hadi vyuo vikuu.,,KenyaNews_co_ke_Education,https://kenyanews.co.ke/kemis-to-nemis-a-new-era-in-education-system/,2026-07-26,General,Abareki baki bwakirori bw'Obwaki bw'Osienyi buya obwakokire omokoka bwi KEMIS omogoti ogwabaki buya July 2025 naki bu giang'ane obuchai bwebache buana bwi ECDE no binansia.,"Ministir gi Piny Pochi en gi pwodho eyo kod Kenya Education Management Information System (KEMIS) karieko e July 2025, kuom pinyjogo duto mar mwana chwe, chik gi univesiti.",Wasaaradda Waxbarashada waxay billaabi doontaa marxaladda tijaabada ee Nidaamka Macluumaadka Maareynta Waxbarashada Kenya (KEMIS) bisha Luulyo 2025 si ay u dijitoobaan xogta ardayda laga soo bilaabo ECDE ilaa jaamacadaha.
EDU-00273,Education,PSA,Eveleen Mitei has been appointed as the acting CEO of the Teachers Service Commission. Support her during this transition period.,Eveleen Mitei amepewa wadhifa wa kaimu Mkurugenzi Mtendaji wa Tume ya Huduma za Walimu. Msaada kwake katika kipindi hiki cha mpito.,,KenyaNews_co_ke_Education,https://kenyanews.co.ke/tsc-appoints-eveleen-mitei-as-nancy-macharia-proceeds-on-terminal-leave/,2026-07-26,General,Eveleen Mitei omogendi naki bwakire CEO omokorwa wa Abakereri. Mosiogotire naki omokorire ino obwakire.,Eveleen Mitei amedhi kama CEO wa wakati wa Teachers Service Commission. Wekni go kaka nderegi ni.,Eveleen Mitei ayaa loo magacaabay agaasimaha ku meel gaarka ah ee Guddiga Adeegga Macallimiinta. Ka caawi intaanu isbedelkan socon.
EDU-00274,Education,PSA,Enrollment is open at Rosslyn Academy for students from kindergarten to grade 12. Visit the official website for more information on applications and admissions.,Usajili umefunguliwa katika Chuo cha Rosslyn kwa wanafunzi kutoka chekechea hadi daraja la 12. Tembelea tovuti rasmi kwa maelezo zaidi kuhusu maombi na uandikishaji.,,KenyaNews_co_ke_Education,https://kenyanews.co.ke/rosslyn-academy-inside-nairobis-leading-international-christian-school/,2026-07-26,General,Ekereri naki buya ku Rosslyn Academy omokiri bwa kindergaten gosegrade 12. Omosera buya egwenda ebwebwaki eria oria oserori naki omoshanga.,Dhi nyaka uriru e Rosslyn Academy mar jo-kidogo to jo-kababu 12. Dhi visit weche maber ma ok oduogo kosebedo chike yie no ng'ato.,Diiwaangelinta ayaa furan xarunta Rosslyn Academy ardayda ka soo bilaabma dhigaalka caruurta ilaa fasalka 12. Booqo website-ka rasmi ah si aad u hesho macluumaad dheeri ah oo ku saabsan codsiyada iyo soo dhaweynta.
EDU-00275,Education,PSA,"The KUCCPS portal is open for the Second Revision of university and college placements until June 7, 2025. Eligible applicants should log in at students.kuccps.net to select their programs.",Poti ya KUCCPS iko wazi kwa Marekebisho ya Pili ya nafasi za vyuo na kadhalika hadi tarehe 7 Juni 2025. Waombaji wanaostahili wanapaswa kuingia kwenye students.kuccps.net ili kuchagua programu zao.,,KenyaNews_co_ke_Education,https://kenyanews.co.ke/kuccps-reopens-portal-for-second-revision-of-courses/,2026-07-26,General,"Portal ya KUCCPS ekererete buya busongore bwakire buya bwa kawi bobi 7, 2025. Abakiyaki batanano buya bokenye ogokiri bwaki ogotere.","Portal ya KUCCPS ne ogend gi siko machalo ma wuoth ang'wen ogend kendo ka puothe 7, 2025. Wuodhi mang'ere manadogo yiene to yalo login e students.kuccps.net to chako tho mar program.","Boorarka KUCCPS waa furan yahay oo loogu talagalay dib-u-eegista labaad ee deggista jaamacadaha iyo kollajyada ilaa Juun 7, 2025. Codsadeyaal u qalma waa inay galiyaan students.kuccps.net si ay u doortaan barnaamijyadooda."
EDU-00276,Education,PSA,"Kenyatta University is ordered to include Nyambura Kimani in its upcoming graduation ceremony and pay her Ksh850,000 in damages for the denial of her graduation rights.","Chuo Kikuu cha Kenyatta kimeamriwa kumuunga Nyambura Kimani katika sherehe yake ya kuhitimu inayokuja na kulipa Ksh850,000 kama fidia kwa kukataliwa haki yake ya kuhitimu.",,KenyaNews_co_ke_Education,https://kenyanews.co.ke/meet-nyambura-kimani-woman-who-sued-kenyatta-university-and-won-ksh850000/,2026-07-26,General,"Kenyatta University emechokere omokireri Nyambura Kimani mu buseku bwa getare yayo buya na oria omoka Ksh850,000 naki obori buya bwokire buya buseku bwaki.","Kenyatta University to konyo Nyambura Kimani kod yore niya okonyne e nyinge mar jopiny gi chiegni kendo wachni Ksh850,000 e nyime mar ng'ato mar jowinjore.","Jaamacadda Kenyatta waxaa lagu amray inay ku darto Nyambura Kimani xafladda qalinjinta ee soo socota oo ay siiso Ksh850,000 oo magdhow ah, maadaama ay diideen xuquuqdeeda qalinjinta."
EDU-00277,Education,PSA,"Attention prospective secondary school teachers: To qualify for teaching positions, you must have a minimum C+ mean grade at KCSE and C+ in two teaching subjects. Ensure your qualifications meet TSC requirements.","Tangazo kwa walimu wapya wa shule za sekondari: Ili kufuzu kwa nafasi za kufundisha, unahitaji kuwa na kiwango cha chini cha C+ katika mtihani wa KCSE na C+ katika masomo mawili ya kufundisha. Hakikisha ni sifa zako zinakidhi mahitaji ya TSC.",,KenyaNews_co_ke_Education,https://kenyanews.co.ke/tscs-strict-rules-why-your-degree-might-not-be-enough-to-teach-in-kenya/,2026-07-26,General,"Omosome omogoti oria ogotigana ogotende: Kugana naki omosome oria obokirire chuka, ogene orekenya C+ izia buya bwa KCSE na C+ migenyere mbiri erikinyani. Nakiire orekenya enkirooreri ya TSC.","Wang'ni nyaka moko ma okonyo gin masomo ma ng'ato ma sekondari: Moko kamano, obet ni itimore kanyis gi C+ ka pwodhi KCSE, kendo C+ ka masomo abiri ma iwinjo. Nyingi ni kwalifikeshon nyal sekedo ma TSC.","Dhiirigelin macallimiinta suurtagalka ah ee dugsiyada sare: Si aad u noqoto macallin, waa inaad haysataa C+ celcelis ah oo ka mid ah KCSE iyo C+ laba maaddo. Hubi in shahaadooyinkaagu ay la jaan qaadaan shuruudaha TSC."
EDU-00278,Education,PSA,"Attention 2024 KCSE candidates: Today, May 27, 2025, is the final day to revise your course choices on the KUCCPS portal, which closes at midnight. Act now to secure your placement!","Tahadhari wagombea wa KCSE 2024: Leo, Mei 27, 2025, ni siku ya mwisho kubadilisha uchaguzi wa kozi kwenye portali ya KUCCPS, ambayo inafungwa saa sita usiku. Chukua hatua sasa ili kuhakikisha nafasi yako!",,KenyaNews_co_ke_Education,https://kenyanews.co.ke/kuccps-issues-final-reminder-before-midnight-portal-closure/,2026-07-26,General,"Makiaro 2024 KCSE aibori: Naki, May 27, 2025, naki naki kyia mwigori okorenda naki kikere ku KUCCPS portal, ikarenda naki osorana. Kora naki kiiori nyaki!","Ngongʼ 2024 KCSE candidates: Lwedo, May 27, 2025, nʼeno nyaka chako rup mokwongo ma ok nyal kuom KUCCPS portal, ma ok okonyo ka midho. Tende ji kendo nyaka chuny gi isabi!","Digniin musharrixiinta KCSE 2024: Maanta, May 27, 2025, waa maalinta ugu dambeysa ee aad ka beddeli karto doorashooyinkaaga koorsada ee bogga KUCCPS, kaasoo xirmaya habeenki. Waxaad hadda sameyn kartaa tallaabo si aad u xaqiijiso booskaaga!"
EDU-00279,Education,PSA,The Kenya Women Teachers Association (KEWOTA) is organizing a nationwide walk to raise Ksh400 million for a mental health center for teachers. All educators are encouraged to participate and support this initiative.,Shirika la Walimu Wanawake Kenya (KEWOTA) linapanga matembezi ya kitaifa ili kukusanya Ksh400 milioni kwa ajili ya kituo cha afya ya akili kwa walimu. Walimu wote wanahimizwa kushiriki na kuunga mkono mpango huu.,,KenyaNews_co_ke_Education,https://kenyanews.co.ke/why-kepsha-is-backing-a-mental-health-mission-for-teachers/,2026-07-26,General,Omosokoti wa Abwaki Babere (KEWOTA) oria oregere omokiri gechiri kutenda omogenda buya buya bwakugendere Ksh400 miriyo ekilambo kosi naki buya. Abwaki boni bosi dituokere omokiri ogwaki.,"Kenya Women Teachers Association (KEWOTA) in gi wachar e saambili molol, guok kuom wachak Ksh400 million mohonye gi center mar mental health ma gicheng' ka pod ng'ato. Bende gisechuloni nyaka wa ni ng'ato duto to onge yo.",Ururka Haweenka Macallinada Kenya (KEWOTA) waxay qabanqaabineysaa socod qaran si loo ururiyo Ksh400 millón oo loogu talagalay xarun caafimaadka maskaxda ee macallimiinta. Dhammaan macallimiinta waxaa lagu dhiirrigelinayaa inay ka qaybqaataan oo ay taageeraan mashruucan.
EDU-00280,Education,PSA,"The High Court has suspended the police recruitment exercise scheduled for October 3, 2025. Aspiring recruits should monitor updates regarding the resolution of this legal matter.",Mahakama Kuu imeahirisha zoezi la kuajiri polisi lililopangwa kufanyika tarehe 3 Oktoba 2025. Wale wanaotaka kuajiriwa wanapaswa kufuatilia taarifa kuhusu ufumbuzi wa jambo hili la kisheria.,,KenyaNews_co_ke_Education,https://kenyanews.co.ke/police-recruitment-halted-by-high-court-ahead-of-2025-exercise/,2026-07-26,General,"Orua omogori buya bw'oyaki bw'ogenda omokori bw'akiire bwa October 3, 2025. Abagania gose bokere oria buya bw'ogenda kukiri okuhiirira omokiri omobororane.","Kuom joma wengi, High Court yawuoyo joma ong'ere to nyaka timo yore mar police, maodhi timo e timo maber gi juma ma okinyi 3, 2025. Joma towuok ng'eyo konyo jochung' gi wacho ma oduogo e nyaka seche.","Maxkamadda Sare ayaa hakisay hawsha qorista booliska oo la qorsheeyay in ay dhacdo Oktoobar 3, 2025. Ruqsadaha doonaya in ay ku biiraan waa inay la socdaan wararka ku saabsan xallinta arrintan sharciga ah."
EDU-00281,Education,PSA,No actionable information for the public is available at this time.,Hakuna taarifa ambayo inaweza kutekelezwa kwa umma kwa wakati huu.,,KenyaNews_co_ke_Education,https://kenyanews.co.ke/where-did-ndindi-nyoros-power-go-former-gachagua-ally-booted-from-key-committees/,2026-07-26,General,Ng'eno egesere buya buya buere emosi.,Nefwando gi chuny mokuongo ma okinyi e triang'ino ma ok nyalo chako.,"Waqtigan xaadirka ah, macluumaad wax ku ool ah oo bulshada loogu talagalay ma jiro."
EDU-00282,Education,PSA,The government will launch a new digital platform for managing external debt payments on February 2. This system aims to enhance efficiency and transparency in debt management.,Serikali itaanzisha jukwaa jipya la kidigitali la kusimamia malipo ya madeni ya nje tarehe 2 Februari. Mfumo huu unalenga kuboresha ufanisi na uwazi katika usimamizi wa madeni.,,KenyaNews_co_ke_Education,https://kenyanews.co.ke/govt-to-roll-out-new-digital-system-for-external-debt-payments-in-february/,2026-07-26,General,Omoige buya bw’ogenda buya bosi buru ogetere pima ya ng’ana bwebwaki naki 2. Ebwaki buya buya buya naki bw’ogena bukiire na busuguta mu bwaki bwegusiri.,Chomi osebedo ni govment ochandruo chuto chieko gi eyo ma okonyo ruothne pesa mar kieko koro chitho 2. Tich naneno ni omiyo nigo weng' mokuongo gi ngato mag kowe kare ruothne.,Dawladda ayaa bilaabi doonta madal cusub oo dijitaal ah oo loogu talagalay maareynta waxbixinta daymaha qalaad 2-da Febraayo. Nidaamkan wuxuu ujeedkiisu yahay inuu kordhiyo waxtarka iyo hufnaanta maareynta daymaha.
EDU-00283,Education,PSA,"Absa offers a variety of investment funds in Kenya, ideal for both short-term and long-term investors. Explore options for capital preservation, income generation, and capital growth.","Absa inatoa aina mbalimbali za mifuko ya uwekezaji nchini Kenya, inayofaa kwa wawekezaji wa muda mfupi na mrefu. Chunguza chaguzi za kuhifadhi mtaji, kuunda kipato, na ukuaji wa mtaji.",,KenyaNews_co_ke_Education,https://kenyanews.co.ke/best-absa-investment-funds-in-kenya-money-market-bond-equity-options-explained/,2026-07-26,General,"Absa inakora oboki bori bwaki bwokanya mu Kenya, bwaki bwekorane na abekanyebwa batanhuka na abekanyebwa bwerere. Kinyarire obokire bwi nyaranga, buya buya, naki naki.","Absa ok nyal nyiso chandruok dede mar investimenti e Kenya, ka en ng'wonyi gi nyim g'weny. Wathinyo ma en dendi, bayo mar ruk, gi chandruok mar gima kanyo.","Absa waxay bixisaa noocyo kala duwan oo fursadaha maalgashiga ah oo ku yaal Kenya, oo ku habboon maalgashadayaal gaaban iyo kuwa muddo dheer ah. Baadh fursadaha ilaalinta raasumaalka, dhalinta dakhliga, iyo korodhka raasumaalka."
EDU-00284,Education,PSA,No actionable content available.,Hakuna maudhui ya kutenda yaliyopo.,,KenyaNews_co_ke_Education,https://kenyanews.co.ke/farouk-kibet-is-a-co-president-of-this-country-rigathi-gachagua/,2026-07-26,General,Instructions not provided for translation.,N/A,Ma jiraan wax talaabo ah oo la qaadi karo.
EDU-00285,Education,PSA,"Learn how to remove the TikTok watermark for cleaner videos on other platforms by cropping, screen recording, or using professional editing software.","Jifunze jinsi ya kuondoa alama ya TikTok kwenye video zako ili ziwe safi kwenye majukwaa mengine kwa kukata, kurekoda skrini, au kutumia programu za kitaalamu za kuhariri.",,KenyaNews_co_ke_Education,https://kenyanews.co.ke/how-to-remove-tiktok-watermark-3-easy-tricks-you-should-try/,2026-07-26,General,"Naki omokireri inya igotuma naki kosiaga oTikTok okwaki omosibori oria itaheri enyabwa, kosiaga, kana naki oborori omokiri.","Chako gi ng’ato piny to dongo TikTok watermark gi nyaka bur chiemo duto kendo themo, keto dongo kuonde, to kod koro kaimedi to akar kuom gik ma okonyo.","Baro sida loo saaro calaamadda TikTok si aad u hesho fiidiyowyo nadiif ah oo ku saabsan madal duwan adigoo jaraya, duubaya shaashada, ama isticmaalaya barnaamijyo tafatir xirfad leh."
EDU-00286,Education,PSA,"The Ministry of Health is launching a nationwide immunization campaign against typhoid and measles-rubella from July 5 to July 14, 2025, targeting children aged 9 months to 14 years. Ensure your eligible child is vaccinated.","Wizara ya Afya inaanzisha kampeni ya kitaifa ya chanjo dhidi ya tifosi na surua-kuharisha kuanzia Julai 5 hadi Julai 14, 2025, ikilenga watoto wenye umri wa miezi 9 hadi miaka 14. Hakikisha mtoto wako anayestahili anapata chanjo.",,KenyaNews_co_ke_Education,https://kenyanews.co.ke/govt-launches-massive-immunization-drive-to-curb-typhoid-and-measles-spread/,2026-07-26,General,"Abwaki bw'ekaranga baffe bosi buliaja buya dampo bwokiri bw'ekamori bw'ekirori naki bw'ekitabu na mesasi-burubabari guoriti guse akina nyasa 5 naki 14, 2025, bosi buya bujori abaki abo naki bwosi 9 naki 14 miranya. Gekere abaki ba segori buya bakenyore.","Ministry ot Health oyamre kanyakla kweneno kanyakna ma nyaka wacho gi typhoid kod measles-rubella sigend gi July 5 to July 14, 2025, mag joma osero ndalo 9 to 14 ng’wech. Wacho ni joma osero niyueyo kat kemou.","Wasaaradda Caafimadka waxay bilawday olole tallaal oo qaran ka dhaceyso lidka dhoofar iyo jeermis-dhagaaga laga bilaabo 5-ta Luulyo ilaa 14-ka Luulyo 2025, iyadoo loo jeedo carruurta da'doodu tahay 9 bilood illaa 14 sano. Hubi in ilmahaaga u qalma la tallaalo."
EDU-00287,Education,PSA,"Kamene Goro, a successful media personality and law graduate, emphasizes the importance of pursuing passions and staying true to oneself in career choices.","Kamene Goro, mtu maarufu katika vyombo vya habari na mhitimu wa sheria, anasisitiza umuhimu wa kufuata shauku na kubaki mwaminifu kwa nafsi yako katika chaguzi za kazi.",,KenyaNews_co_ke_Education,https://kenyanews.co.ke/inside-kamene-goros-rise-from-law-graduate-to-kenyas-favorite-radio-queen/,2026-07-26,General,"Kamene Goro, omokang'ani bwakidiria na omokinyigi bw'ekere, akang'anya obwakire busekerere omonene nabw'ekere bwakinyogorere na busekerere obwakinyono mu bwakabiri.","Kamene Goro, jowang' mar media ne jomoko ma pod tich, owach ni nyamre konyo ng'ato nyaka to nene e buogo mar chier gi kare mang'we.","Kamene Goro, oo ah qof caan ah oo warbaahinta ah iyo qareen qalin-jabin, ayaa muujinaysa muhiimada ay leedahay in la raaco xiisaha iyo in la ahaado daacad naftaada marka la dooranayo xirfadaha."
EDU-00288,Education,PSA,This article does not contain any actionable public service information.,Makala hii haina taarifa za huduma za umma zinazoweza kutekelezwa.,,KenyaNews_co_ke_Education,https://kenyanews.co.ke/worlds-most-chaotic-funerals-in-history/,2026-07-26,General,Makonge siria mwaki oria ogendire buya obwaki.,Koyugi ni gima owala gi teko mar public service en bura.,Maqaalkani ma koobna wax macluumaad ah oo aan ficil ahaan loo qaadi karin.
EDU-00289,Education,PSA,"The government will cover national examination fees for the Kenya Primary School Education Assessment (KPSEA), Junior Secondary School (JSS), and Kenya Certificate of Secondary Education (KCSE) exams.","Serikali itagharamia ada za mitihani ya kitaifa kwa ajili ya Kenya Primary School Education Assessment (KPSEA), Shule ya Sekondari ya Kijuni (JSS), na Kenya Certificate of Secondary Education (KCSE).",,KenyaNews_co_ke_Education,https://kenyanews.co.ke/govt-reverses-plan-to-have-parents-pay-exam-fees/,2026-07-26,General,"Ong'endi buya buya nakira omotiriri ogotirebwe buya bw'egesarebu ya Kenya Primary School Education Assessment (KPSEA), Junior Secondary School (JSS), na Kenya Certificate of Secondary Education (KCSE).","Gavament konyo kuom mag kanyundo mar makelo kanyo ki ochako ma Kenya Primary School Education Assessment (KPSEA), Junior Secondary School (JSS), e joma Kenya Certificate of Secondary Education (KCSE).","Dowladdu waxay bixin doontaa khidmadaha imtixaanka qaran ee qiimeynta waxbarashada dugsiga hoose ee Kenya (KPSEA), dugsiga dhexe (JSS), iyo shahaadada dugsiga sare ee Kenya (KCSE)."
EDU-00290,Education,PSA,The Ministry of Education has disbursed over Ksh22 billion to public basic education institutions for Term Two. School administrators must manage these funds transparently and avoid illegal charges.,Wizara ya Elimu imepeleka zaidi ya bilioni 22 za Ksh kwa taasisi za elimu ya msingi za umma kwa kipindi cha Pili. Wasimamizi wa shule wanapaswa kudhibiti fedha hizi kwa uwazi na kuepuka ada zisizo halali.,,KenyaNews_co_ke_Education,https://kenyanews.co.ke/ogamba-sounds-alarm-on-misuse-as-ksh22b-hits-school-accounts/,2026-07-26,General,Miniistiri ya Edhesheni ikanga obwakiere eng'eno Ksh22 billion buisanga bu kosi za edhesheni bu kosi ya Abwaki. Abatwaki ba masomo baria baige fsibu ya bwaki ya bosi boki abaganya oboroti bwaki.,Ministri ma Katiso en gi chuth kanyakla Ksh22 billioni kuom gima oket gi public basic education institutions maber ma Term Two. Wachni ma kanyo nyaka timo temb e yo kendo nigi piny gi dhok maber.,Wasaaradda Waxbarashada ayaa deeq ka badan Ksh22 bilyan siisay hay’adaha waxbarashada aasaasiga ah ee dadweynaha muddada Labaad. Maamulayaasha iskuulada waa in ay maareeyaan lacagahan si hufan oo ay ka fogaadaan khidmadaha sharci-darrada ah.
EDU-00291,Education,PSA,"The KUCCPS portal for the second revision of courses for 2024 KCSE candidates is now open from May 18 to May 27, 2025. Eligible applicants are urged to revise their choices during this period.","Portali ya KUCCPS kwa marekebisho ya pili ya kozi za wagombea wa KCSE 2024 sasa imefunguliwa kuanzia Mei 18 hadi Mei 27, 2025. Wagombea wanaostahiki wanashauriwa kurekebisha uchaguzi wao wakati huu.",,KenyaNews_co_ke_Education,https://kenyanews.co.ke/kuccps-reopens-portal-for-course-revision-2024-kcse-candidates-guide/,2026-07-26,General,"Poritali ya KUCCPS ya kukoreka kwesibori ka ibarua ya 2024 KCSE irikori buya gucokire kuMay 18 nyanchani May 27, 2025. Ababere batogorijwe bano batarogori buya kugucokora ikagori yabo nyang'ana e ji.","Portal kuom KUCCPS mwach nigi mar tekwen gi sekondi mar joma okel 2024 KCSE en wuok to dari May 18 kendo May 27, 2025. Joma okel kuom joma manyalo jigol miyo kwom joma ema tich.","Khadadka KUCCPS ee dib-u-eegista labaad ee koorsooyinka ee musharixiinta 2024 KCSE ayaa hadda furan laga bilaabo May 18 ilaa May 27, 2025. Codsadeyaasha waaweyn waxaa lagu boorinayaa inay dib u eegaan dookhooda intaan la guda galin waqtigan."
EDU-00292,Education,PSA,The Teachers Service Commission (TSC) will appoint a new CEO. Educators are encouraged to advocate for leadership that prioritizes teacher welfare and classroom experiences.,Tume ya Huduma za Walimu (TSC) itateua Mkurugenzi Mtendaji mpya. Walimu wanahimizwa kutetea uongozi unaoweka kipaumbele kwa ustawi wa walimu na uzoefu wa darasani.,,KenyaNews_co_ke_Education,https://kenyanews.co.ke/teachers-rejoice-as-nancy-macharia-exits-tsc-she-was-a-tyrant/,2026-07-26,General,Abamere ba Teachers Service Commission (TSC) bamagana omokiri osibori. Abakinyani bakenyere ogogogetere okwitendereza ohoro bwakire bwabaki na ekigorie kija.,Komishini ma En-gi Kachieng’ (TSC) en ruoth nakuo. Wuoyo gi nondo kanyo nyaka ne nyakiwou ma en kanyo ber kuom piny gi nyaka koro yieng’ gi bungu.,Guddiga Adeegga Macalimiinta (TSC) wuxuu soo magacaabi doonaa maareeye cusub. Macalimiinta waxaa lagu dhiirigelinayaa inay taageeraan hogaamin mudnaanta siisa danta macalimiinta iyo khibradaha fasalka.
EDU-00293,Education,PSA,"Moi University has terminated the contracts of 800 employees due to financial challenges; affected staff must return university property by their last working day, 30 days from this notice.","Chuo Kikuu cha Moi kimet_terminal mikataba ya wafanyakazi 800 kutokana na changamoto za kifedha; wafanyakazi walioathirika wanatakiwa kurudisha mali za chuo kabla ya siku yao ya mwisho ya kazi, siku 30 kutoka tangazo hili.",,KenyaNews_co_ke_Education,https://kenyanews.co.ke/why-did-moi-university-fire-800-workers/,2026-07-26,General,Moi University abwaki mwaki omokiri bw’ogotire obwakire ba 800. Ababere bagerere bakurire omokiri bwanang'ana bokeria omogende buya naki mwaki wa 30 buya buidogo bw'oru.,Moi University obiro gi chaj mahoyo mar 800. Ndakorno oikoso nyaka gidhi gi chuma ma wacho; joma okonyo nyaka giyudhi chuma mar uni jasa 30 ndok.,"Jaamacadda Moi waxay joojisay heshiisyada 800 shaqaale ah sababo la xiriira caqabado dhaqaale; shaqaalaha ay saameysay waa inay soo celiyaan hantida jaamacadda maalintooda ugu dambeysa ee shaqada, 30 maalmood gudahood ka bilaabato ogeysiiskan."
EDU-00294,Education,PSA,"The Education Ministry has not allocated any funds for the upcoming 2025–2026 national exams, including KCSE and JSS. Stakeholders are urged to seek clarifications on exam funding.","Wizara ya Elimu haijatoa fedha kwa ajili ya mitihani ya kitaifa ya mwaka 2025-2026, ikijumuisha KCSE na JSS. Wadau wanahimizwa kutafuta ufafanuzi kuhusu ufadhili wa mitihani.",,KenyaNews_co_ke_Education,https://kenyanews.co.ke/mps-raise-concern-over-zero-budget-allocation-for-kcse-jss-exams/,2026-07-26,General,"Ministiria y'Emaraya ikwaki na mkirori ogana ogokire omokubuni bw'ana bw'ekalang'ani 2025–2026, buya KCSE na JSS. Abakiri bataragane bateganire ushikire boki bw'ekalang'ani.","Ministry of Education abiro kany maseno mar dongo maber kuom 2025–2026 national exams, omiye KCSE kod JSS. Nakiambo oting' gi diya kuom joma yoweyo mar dongo.","Wasaaradda Waxbarashada ma ay qoondeyn wax lacag ah imtixaannada qaran ee soo socda 2025–2026, oo ay ku jiraan KCSE iyo JSS. Dhamaan daneeyayaasha waxaa lagu boorinayaa inay raadsadaan faahfaahin ku saabsan maalgelinta imtixaannada."
EDU-00295,Education,PSA,There are no actionable public service announcements from the provided text.,Hakuna matangazo ya huduma kwa umma yanayoweza kuchukuliwa kutoka kwa maandiko yaliyopewa.,,KenyaNews_co_ke_Education,https://kenyanews.co.ke/the-best-ways-to-utilize-kitchen-designs/,2026-07-26,General,Naki obori bwakinyanaki buya bwose omoshonizi bwaki ogotete.,"Adhi ni pimo tiyo mag ndwongo, to piny kendo mapema ni gima dhako koro, iweyo ma aktuose?",Ma jiraan wax qeexitaan ah oo adeegga bulshada ee la qaadi karo oo ka socda qoraalka la bixiyay.
EDU-00296,Education,PSA,Report any suspected counterfeit currency operations to the authorities immediately. Stay vigilant and help combat financial crime.,Ripoti shughuli zozote za sarafu bandia zinazoshukiwa kwa mamlaka mara moja. Kuwa makini na saidia kupambana na uhalifu wa kifedha.,,KenyaNews_co_ke_Education,https://kenyanews.co.ke/dci-detectives-seize-fake-us-dollars-arrest-suspected-mastermind-in-nairobi/,2026-07-26,General,Rekebari egete obwakare bwakandori bwakigwamo mwaki owuche naki. Nakiore ogetabere na gende ogokire omokosi bwakare.,Rii kodh pinje yore gi chieko mar chuthwe nyaka otong' menyene. Nying' kanyal gi konyo mano kanyen.,Si degdeg ah u warbixi wax kasta oo ku saabsan lacagta been abuurka ah ee aad shaki ka qabto. U noqo feejigan oo ka qayb qaado la dagaallanka dhibaatooyinka maaliyadeed.
EDU-00297,Education,PSA,"Boxing Day is observed on December 26 as a day of generosity and charity, not fighting. Engage in family gatherings and charitable acts to honor its true meaning.","Siku ya Boxing Day inaadhimishwa tarehe 26 Desemba kama siku ya ukarimu na hisani, si kupigana. Shiriki katika mikusanyiko ya familia na matendo ya hisani kuheshimu maana yake halisi.",,KenyaNews_co_ke_Education,https://kenyanews.co.ke/what-boxing-day-really-means-the-history-behind-december-26-that-many-kenyans-misunderstand/,2026-07-26,General,"Omondi wa Boxing Day ore okwagana na December 26 buya naki ogenda naki abekirigana na ogenda, ogokibori. Kire omogosi naki buya buya na buya bwaki nobori obwakirangani obwakirigana.","Boxing Day chik gi December 26 nyaka nyal kisumu ikare gi dhano to osio, kendo nyal piny. Pwodhi gi piny kuom jowere kata mwandu mag dhano mondo timo tich ma ok oseted.","Maalinta Sanduuqa waxaa la xusaa December 26 maalin naxariis iyo deeqsinimo, ma ahan dagaal. Ku dhaqaaq kulamada qoyska iyo falalka deeqsinimo si aad u ixtiraamto macnaha dhabta ah ee maalintan."
EDU-00298,Education,PSA,No actionable information is present in this article.,Hakuna taarifa yoyote ya kuchukuliwa katika makala hii.,,KenyaNews_co_ke_Education,https://kenyanews.co.ke/whats-next-for-mp-ndindi-nyoro-he-holds-back-on-revealing-his-future/,2026-07-26,General,Naki buya osibori buya nyasa.,Nyiso duto giyou do amora.,Maqaalkan ma haysto macluumaad ficil ah.
EDU-00299,Education,PSA,"Residents are warned to remain vigilant as detectives are searching for Sebi Obonyo, a suspect who violently attacked his ex-lover in Nyakbong' village, Kisumu. Report any sightings to authorities.","Wakazi wanatahadharishwa kubaki makini wakati wachunguzi wakiendelea kumtafuta Sebi Obonyo, mtuhumiwa aliye mshambulia kwa nguvu mpenzi wake wa zamani katika kijiji cha Nyakbong', Kisumu. Ripoti kuhusu taarifa zozote za kuonekana kwake kwa mamlaka.",,KenyaNews_co_ke_Education,https://kenyanews.co.ke/she-moved-on-but-he-followed-her-with-a-knife/,2026-07-26,General,"Abakire baarekeria bakoja valiganti, omokirigani naki kimaabi, echonchaki Sebi Obonyo, okaraki omokoboi wegi ochorongi ngoya buya mu Nyakbong' omokinyang'ani, Kisumu. Borori buya buya ekia batoraiti.","Ng'o chogo, jitwan gi joma, chik to poro gima detective ne okong' kor oweri Sebi Obonyo, joma okelo kamano tinde yalo mag buya gi ochung' ma Nyakbong' village, Kisumu. Jotegno nyaka na nyik gi chiege mar joma yotweyo.","Waxa dadweynaha laga digayaa in ay feejignaan siiyaan maadaama boolisku raadinayaan Sebi Obonyo, oo ah qof lagu tuhmayo inuu si xun weeraray xaasaskiisa hore ee ku sugan tuulada Nyakbong' ee Kisumu. Warbixin kasta oo ku saabsan muuqaalada la xiriira ayaa la gaarsiinayaa hay'adaha."
EDU-00300,Education,PSA,All students and teachers are reminded that school plays should be directed by teachers and not involve political figures. Let artistic expression remain free from political interference.,Wanafunzi na waalimu wote wanakumbushwa kwamba michezo ya shule inapaswa kuelekezwa na waalimu na isitohusishe viongozi wa kisiasa. Acha kujieleza kwa sanaa kubaki bila kuingiliwa kisiasa.,,KenyaNews_co_ke_Education,https://kenyanews.co.ke/teargas-politics-and-a-school-play-whats-going-on/,2026-07-26,General,Abagoti naki abechi bamakireri nguokire ikire naki oduma baki giamande abambiri. Bwakire mwankireri buya bwanatitokiri okirikire omokirwa omagaki.,"Wang'ni kendo joge manonegi, wacho ni shule nyaka tich ni joge, kendo nikiye no newe. Nyasaye mamoko ogand mari kendo tich nyaka ni wan joma ne.",Dhammaan ardayda iyo macalimiinta waxaa lagu xasuusinayaa in cayaarta iskuulka ay macalimiintu hagaan oo aanay ku lug yeelan dadka siyaasadeed. U ogolow muujinta farshaxanku inay xor ka ahaato faragelinta siyaasadeed.
EDU-00301,Education,PSA,This text does not contain actionable information for the creation of a Public Service Announcement. Please provide a specific education-sector news article or relevant update for drafting a PSA.,Nakala hii haina taarifa zinazoweza kutekelezeka kwa ajili ya kuandaa Tanganizo la Huduma ya Umma. Tafadhali toa makala maalum kuhusu sekta ya elimu au taarifa husika kwa ajili ya kuandaa PSA.,,KenyaNews_co_ke_Education,https://kenyanews.co.ke/how-small-house-plans-are-making-the-world-a-better-place/,2026-07-26,General,"Naki akaire mang'anya omokirori bw'ekende naki naki naki, ondugo oria naobori gieng'ana!","Koro kit gi dhano maber. Ruoth, koro n’eng’eyo bur gi timo ma duto. Kayo ni, kamano awinjore gi pi lead kendo timo maber. Kik imiyo ni wange.",Fadlan keeni maqaal warar ama warbixin ku saabsan qaybta waxbarashada si aan u qoro PSA.
EDU-00302,Education,PSA,"The Directorate of Criminal Investigations (DCI) has identified businessman Philip Aroko as a person of interest in the murder of MP Charles Ong'ondo Were. Aroko is urged to cooperate with the investigation. Report tips confidentially to 999, 112, or #FichuaKwaDCI (0800 722 203).","Mkurugenzi wa Uchunguzi wa Makosa ya Jinai (DCI) amemtambua mfanyabiashara Philip Aroko kama mtu wa kuzingatiwa katika mauaji ya Mbunge Charles Ong'ondo Were. Aroko anasihiwa kushirikiana na uchunguzi. Ripoti za ushauri kwa siri zitumwe kwa 999, 112, au #FichuaKwaDCI (0800 722 203).",,KenyaNews_co_ke_Education,https://kenyanews.co.ke/philip-aroko-surrenders-to-police-denies-involvement-in-mp-weres-murder/,2026-07-26,General,"Omisekeri gw’ogusumba (DCI) omokore buya Philip Aroko ogenda oyaki bw’obi mwango ogukoranya MP Charles Ong'ondo Were. Aroko nikore ing'eno n’ogotuma omogano ogukoranya. Ria omogano nyakirimakire 999, 112, kana #FichuaKwaDCI (0800 722 203).","Directorate of Criminal Investigations (DCI) okonji bu frasi Philip Aroko ma oketi gi duto kuom wagor MP Charles Ong'ondo Were. Aroko en kwayo kuom ng'ato ma okanyore e duto. Gikonyo tips gi piny piny ma oketie to 999, 112, kata #FichuaKwaDCI (0800 722 203).","Hay'adda Dacwad-Ogaysiinta Dembiyada (DCI) waxay aqoonsatay ganacsade Philip Aroko inuu yahay qof laga danaynayo dilka xildhibaan Charles Ong'ondo Were. Waxaa lagu boorinayaa Aroko inuu la shaqeeyo baaritaanka. Talooyinka si qarsoodi ah ugu soo wargeli 999, 112, ama #FichuaKwaDCI (0800 722 203)."
EDU-00303,Education,PSA,No actionable information available.,Hakuna taarifa ya kufanya kazi inapatikana.,,KenyaNews_co_ke_Education,https://kenyanews.co.ke/farouk-kibet-runs-government-claims-gachagua/,2026-07-26,General,Omosore enyamunyekeri.,Nar apoya mar yien.,Macluumaad wax ka qabashada ma jirto.
EDU-00304,Education,PSA,"Busia County has launched the Lenacapavir injection for HIV prevention. Residents, especially those at higher risk, are encouraged to access this long-acting protection available at health facilities.","Kaunti ya Busia imezindua sindano ya Lenacapavir kwa ajili ya kuzuia UKIMWI. Wakazi, hasa wale walio katika hatari kubwa, wanahimizwa kufikia ulinzi huu wa muda mrefu unaopatikana katika vituo vya afya.",,KenyaNews_co_ke_Education,https://kenyanews.co.ke/busia-county-rolls-out-lenacapavir-injection-in-new-push-to-reduce-hiv-infections/,2026-07-26,General,"Busia County yong'anya injekesheni ya Lenacapavir omokiriri buya HIV. Abagere, osiana na abaki boi, baragire boke omogotire ochire buya ino chitenda chirebire naki chezia.","Kaunti ya Busia owinjore Lenacapavir injection mondo oyudhi HIV. Nigi, chao kendo ng'ato ma ochung' ma okonyo, negi nyal konyo inoni e dongo ma giwe chath kendo e kanyakla.","Degmada Busia ayaa bilawday qanjiradda Lenacapavir ee ka hortagga HIV. Dadka deggan, gaar ahaan kuwa halis ugu jira, waxaa lagu dhiirigelinayaa inay helaan difaacan waxtar leh oo laga heli karo xarumaha caafimaadka."
EDU-00305,Education,PSA,Ahmed Maalim Hassan has been declared the new Member of Parliament for Banissa Constituency following his victory in the by-election on November 27.,Ahmed Maalim Hassan ametangazwa kuwa Mbunge mpya wa Jimbo la Banissa baada ya kushinda uchaguzi mdogo mnamo Novemba 27.,,KenyaNews_co_ke_Education,https://kenyanews.co.ke/who-is-ahmed-maalim-hassan-uda-candidate-wins-banissa-parliamentary-seat/,2026-07-26,General,Ahmed Maalim Hassan omoshonjiaki omotere ogokire Member of Parliament buya bwa Banissa Constituency kianyake okororokire mukire buya owagore omokiriga 27.,"Ahmed Maalim Hassan omiyo owinyo ni Memba wa Parliament nyaka mar Banissa Constituency, kendo oter owino ma oket konyo ni by-election kuom Novemba 27.",Ahmed Maalim Xasan ayaa loo doortay Xildhibaan cusub oo ka tirsan deeganka Banissa ka dib guushiisii codbixinta ee 27ka Noofembar.
EDU-00306,Education,PSA,"There is no actionable information for students, teachers, parents, or the public from this article.","Hakuna taarifa inayoweza kutekelezwa kwa wanafunzi, walimu, wazazi, au umma katika makala hii.",,KenyaNews_co_ke_Education,https://kenyanews.co.ke/market-panic-deepens-as-trump-scolds-china/,2026-07-26,General,"Naki naki abere omokire ogendane buya buya omokire buya buya, chire, ogenda, toshoru, ore naki.","Ketik ma ok anyal ng'ato bedo ka dalgoyo, duong' ni chalo manie, ma ok osiemo chalo mwaki.","Maqaalkan ma siinayo macluumaad wax-qabasho ah ardayda, macalimiinta, waalidiinta, ama bulshada."
EDU-00307,Education,PSA,"Leonard ""Leo"" Wamuthende has won the Mbeere North parliamentary by-election with 15,802 votes, enhancing UDA's presence in Embu County ahead of the 2027 General Election.","Leonard ""Leo"" Wamuthende ameshinda uchaguzi mdogo wa ubunge wa Mbeere North kwa kura 15,802, akiimarisha uwepo wa UDA katika Kaunti ya Embu kabla ya Uchaguzi Mkuu wa 2027.",,KenyaNews_co_ke_Education,https://kenyanews.co.ke/leo-wamuthende-wins-mbeere-north-by-election-as-uda-tightens-grip-on-embu-politics/,2026-07-26,General,"Leonard ""Leo"" Wamuthende omogendi Mbeere North parliamentary by-election na 15,802 omokosi, ogogotanga UDA obwirane buya mu Embu County kibiaki 2027 General Election.","Leonard ""Leo"" Wamuthende en okonyo Mbeere North parliamentary by-election na 15,802 votes, okonyo UDA ng'eyo ka jowuoth Embu County kendo duto ma 2027 General Election.","Leonard ""Leo"" Wamuthende ayaa ku guuleystay doorashada dib u dhacday ee baarlamaanka Mbeere North isagoo helay 15,802 cod. Tani waxay xoojineysaa joogitaanka UDA ee degmada Embu ka hor doorashada guud ee 2027."
EDU-00308,Education,PSA,The public is advised to remain informed about media freedom issues following the recent incident involving GSU officers at the Standard Group headquarters.,Umma unashauriwa kuendelea kujua kuhusu masuala ya uhuru wa vyombo vya habari kufuatia tukio la hivi karibuni lilihusisha maafisa wa GSU katika makao makuu ya Standard Group.,,KenyaNews_co_ke_Education,https://kenyanews.co.ke/gsu-stormed-newsroom-over-dig-lagat-mafia-cop-headline/,2026-07-26,General,Abamare bonyang'ana bwakire bwanikana buya bwakire bworagani bwabana ba GSU omokiriri ku Standard Group.,Umoko wa jomoko to yien ni gima gikonyo mar media kuom chandruok mar joma ginu GSU e gjore mag Standard Group.,Dadweynaha waxaa lagu wargelinayaa inay sii wataan inay ka warqabaan arrimaha xoriyada warbaahinta kaddib dhacdadii dhawaan ka dhacday xarunta Standard Group ee la xidhiidha saraakiisha GSU.
EDU-00309,Education,PSA,The High Court will rule on April 23 regarding the renewed bail application for former Kiambu Governor Ferdinand Waititu. The hearing will be conducted virtually.,Mahakama Kuu itatoa uamuzi tarehe 23 Aprili kuhusu ombi mpya la dhamana la aliyekuwa Gavana wa Kiambu Ferdinand Waititu. Kusikilizwa kutafanywa kwa mtandao.,,KenyaNews_co_ke_Education,https://kenyanews.co.ke/waititu-denied-bail-again-court-to-decide-fresh-bid-in-april/,2026-07-26,General,Endakirori Ekiati ikorokoria on April 23 kera ogendori obwakire bwaki obokire buya bwe Nyamira owaki Ferdinand Waititu. Ogotigana bwakireri buya boki.,"Ong'ere ma Hignere oseti e kidi kod 23 Nyasaye kuom bende ng'ato chalo miyo joo Kiambu, Ferdinand Waititu. Ogo ma ng'ato chalo bende oseti e ndalo mar adwaro.",Maxkamadda Sare ayaa go’aan ka gaari doonta 23ka Abriil codsiga deyn dib loo soo cusbooneysiiyay ee madaxweynihii hore ee Kiambu Ferdinand Waititu. Dacwadda waxaa si khadka ah loo furi doonaa.
EDU-00310,Education,PSA,"All Kenyans are encouraged to learn and promote the national values and principles of governance outlined in the Constitution of Kenya 2010. Please embody and advocate for patriotism, unity, and social justice in your communities.","Wakenya wote wanatakiwa kujifunza na kuendeleza maadili na kanuni za utawala zilizoainishwa katika Katiba ya Kenya ya 2010. Tafadhali kuwa mfano na kutetea ujasiri wa kitaifa, umoja, na haki za kijamii katika jamii zenu.",,KenyaNewsAgency_Education_Cat,https://www.kenyanews.go.ke/submit-news/,2026-07-26,General,"Abagigi bosi boingia naki okiere ocherani omogamo na obwakire bw’osekenye buno buse gaki 2010. Makiwaki na bokera oserianyi, orienyaki, na busiakiri bu rekero mo chirechiri chenu.","Ang'wen ringo dhi nyaka wacho kendo omiyo gi neno mag nyamre kod ndiko ma okonyo e Kanyas 2010. Nyaka orumo kendo owang' pe ng'ato, gien kendo koro mar ng'ato e mamoko gi.","Dhammaan Kenyan-ka waxaa lagu dhiirrigelinayaa inay bartaan oo ay taageeraan qiyamka qaran iyo mabaa'diida maamul ee ku xusan Dastuurka Kenya 2010. Fadlan ka dheh oo u ololay patriotism, midnimo, iyo cadaalad bulsho bulshooyinkaaga."
EDU-00311,Education,PSA,Kiambu County has achieved a record Sh6.5 billion in own-source revenue for the 2025/2026 financial year through digitized collection methods.,Kaunti ya Kiambu imepata kiwango cha rekodi cha Sh6.5 bilioni katika mapato yake ya ndani kwa mwaka wa fedha 2025/2026 kupitia mbinu za ukusanyaji za kidijitali.,,KenyaNewsAgency_Education_Cat,https://www.kenyanews.go.ke/category/bf/,2026-07-26,General,Kaunti ya Kiambu ikwirete ore oria Sh6.5 bilioni muorere 2025/2026 omokeli oria ogendeti okorenda.,Kiambu County en kod tich buya Sh6.5 billion e dala mar owach machalre gi chuo chwiwruok maber.,Degmada Kiambu ayaa gaartay rikoor ah Sh6.5 bilyan oo dakhli ah oo ka soo xarooda ilaha gudaha sanadka maaliyadeed 2025/2026 iyada oo loo marayo hababka ururinta dijitaalka ah.
EDU-00312,Education,PSA,There are no actionable items or announcements present in the provided article.,Hakuna vitu vyovyote vya kutekeleza au matangazo katika makala iliyotolewa.,,KenyaNewsAgency_Education_Cat,https://www.kenyanews.go.ke/ge-francis-ogolla/,2026-07-26,General,Naki naki matendo naki oria joturi.,Dala to nyalo ka malo.,Maqaalka la bixiyay ma hayo wax talaabooyin lagu dhaqaaqo ama ogeysiisyo.
EDU-00313,Education,PSA,Public officers in Kericho County are urged to embrace the Social Health Authority (SHA) and familiarize themselves with healthcare benefits to ensure accurate information and service access.,Maafisa wa umma katika Kaunti ya Kericho wanahimizwa kukumbatia Mamlaka ya Afya ya Jamii (SHA) na kujifunza kuhusu faida za huduma za afya ili kuhakikisha upatikanaji wa habari sahihi na huduma.,,KenyaNewsAgency_Education_Cat,https://www.kenyanews.go.ke/category/hic/,2026-07-26,General,Abanyaki baki baki mu Kericho County barigorie kuchirechera Social Health Authority (SHA) na batarire buya buya bwakwenda bwendo buya bwaki buya bwanaki na buya bure buya bwamokiyango.,Abiro gima public Kuom Kericho County olose anyal ka konyo Social Health Authority (SHA) kendo ne ooyo kanyo to yiech malko gi jomoko mar yens.,Saraakiisha dadweynaha ee Gobolka Kericho waxaa lagu boorinayaa inay qaataan Maamulka Caafimaadka Bulshada (SHA) oo ay isku bartaan faa'iidooyinka caafimaadka si loo hubiyo in macluumaadka iyo helitaanka adeegga ay sax yihiin.
EDU-00314,Education,PSA,The French Government and Nakuru County are enhancing digital health services and supporting TVET institutions with digital equipment. Stay informed about new opportunities for training and employment.,Serikali ya Ufaransa na Kaunti ya Nakuru zinaboresha huduma za afya za kidijitali na kusaidia taasisi za TVET kwa vifaa vya kidijitali. Fuata taarifa za fursa mpya za mafunzo na ajira.,,KenyaNewsAgency_Education_Cat,https://www.kenyanews.go.ke/category/dce/,2026-07-26,General,Abagere ba Franse na Omosome wa Nakuru bakiiragania omogenda bw'esiari naki’omokere buya bw'andai bw'urimi. Ekanegere ikinyenye bwakire inyaki kera omotera no omoshwari.,Kagwenge mar France e Nakuru County nyaka udi ng'ato mag digital health services to odhiero TVET institutions gi digital equipment. Chuno yore maber matut mokuongo bedo e training kod employment.,Dowladda Faransiiska iyo Gobolka Nakuru waxay kor u qaadayaan adeegyada caafimaadka dijitaalka ah waxayna taageerayaan hay'adaha TVET qalabka dijitaalka ah. La soco fursadaha cusub ee tababarka iyo shaqooyinka.
EDU-00315,Education,PSA,The Affordable Housing Programme is now underway in Marsabit County with 220 housing units planned; local contractors are encouraged to ensure timely project delivery.,Mpango wa Nyumba za Kijamii umeanza sasa katika Kaunti ya Marsabit ukipanga nyumba 220; wajenzi wa hapa wanahimizwa kuhakikisha uwasilishaji wa mradi kwa wakati.,,KenyaNewsAgency_Education_Cat,https://www.kenyanews.go.ke/category/house/,2026-07-26,General,Ekitabo ki Nyasae ga Afya chibori hena Marsabit County na nyasa 220 chihindu; abasharti baki bware bosi bagenyire mwake buya.,"Programu mag Nyumba eyo Ng'eyo en kuom Marsabit County, kama 220 nyumba nyaka to yo; jokontrakta mar tindi duto wan gi joma okonyo chamgi chieng'.",Barnaamijka Guryaha La Lahaado ayaa hadda lagu fuliyaa Degmada Marsabit iyadoo 220 guri la qorsheeyay; qandaraaslayaasha deegaanka ayaa lagu dhiirigelinayaa inay hubiyaan in mashruucu si waqtigii loogu dhameeyo.
EDU-00316,Education,PSA,"State-of-the-art Mechanical and Masonry Workshops have been established at Sot Technical Training Institute in Bomet East Sub-County, funded by the Finlay Community Trust.","Warsha za kisasa za Mitambo na Ufundi wa Ujenzi zimeanzishwa katika Taasisi ya Mafunzo ya Kiufundi ya Sot katika Kaunti Ndogo ya Bomet Mashariki, zikiwa zimedhaminiwa na Walio katika Mfuko wa Jamii wa Finlay.",,KenyaNewsAgency_Education_Cat,https://www.kenyanews.go.ke/category/pppf/,2026-07-26,General,"Maonchori ekooreki na nakioreki mekaraki emaberenchori Sot Technical Training Institute bosi Bomet East Sub-County, handia buya Finlay Community Trust.","Kawanga ma nitie buya mag Mechanical gi Masonry oseri e Sot Technical Training Institute kod Bomet East Sub-County, to nyalo piny e Finlay Community Trust.","Alaabada mehanika iyo dhismaha casriga ah ayaa lagu dhisay Dugsiga Tababarka Farsamada ee Sot ee ku yaal Bomet East Sub-County, waxaana maalgeliyay Trust-ka Bulshada Finlay."
EDU-00317,Education,PSA,Entrepreneurs in Uasin Gishu County can benefit from policy awareness forums organized by the Micro and Small Enterprises Authority. Check with MSEA for upcoming events.,Wajasiriamali katika Kaunti ya Uasin Gishu wanaweza kufaidika na mikutano ya uhamasishaji wa sera inayoratibiwa na Mamlaka ya Micro na Biashara Ndogo. Wasiliana na MSEA kwa matukio yanayokuja.,,KenyaNewsAgency_Education_Cat,https://www.kenyanews.go.ke/category/msmes/,2026-07-26,General,Abanyaki bakorire Uasin Gishu bakenye omotetani bochene oreka bw'ogogoria bw'egikere naki yorokore bu Abwino na Kirombe (MSEA). Nyasa bu MSEA oria matorori omokiri.,"Ma entrepreneurs e Uasin Gishu County, in gi benefit kanyere madhi gi forums mar policy awareness ma en e Micro and Small Enterprises Authority. Timi ka MSEA kendo tich ni oserenye.",Ganacsatada ku sugan Degmada Uasin Gishu waxay ka faa'iideysan karaan kulamada ogawshaha siyaasadda ee ay qabanqaabiso hay'adda Micro and Small Enterprises. La xiriir MSEA si aad u ogaatid dhacdooyinka soo socda.
EDU-00318,Education,PSA,Residents of Kapsowar Ward received free healthcare services during a recent medical outreach. Stay informed about future healthcare initiatives in your area.,Wakaazi wa Kapsowar Ward walipokea huduma za afya bure kwenye kampeni ya hivi karibuni ya matibabu. Endelea kujua kuhusu mipango ya huduma za afya katika eneo lako.,,KenyaNewsAgency_Education_Cat,https://www.kenyanews.go.ke/category/county/wet/,2026-07-26,General,Abakireri baki Kapsowar Ward bagiakire inyigwa za ugore chire. Naki ikarori busebo bwaki bwakirorere buse buya bwaki bwaki bukiere.,Eyo mar Kapsowar Ward to nyaka winjruok piny ka ka e yo achiel gi wan gi gima. Konyruok yath e yo mar wan gima ma ok otiere e piny mane.,Degaanada Kapsowar Ward waxay heleen adeegyo caafimaad oo bilaash ah intii lagu jiray ololaha caafimaadka ee dhowaan. La soco howlgallada caafimaad ee mustaqbalka ku saabsan deegaankaaga.
EDU-00319,Education,PSA,No actionable public content available.,Hakuna maudhui ya umma yanayofaa yanayopatikana.,,KenyaNewsAgency_Education_Cat,https://www.kenyanews.go.ke/nyota-ya-magharibi/,2026-07-26,General,Ogorori buya bwaki.,An ni koro pubo mar konyo.,Ma jiro wax macluumaad ah oo la qaadi karo oo ku jira.
EDU-00320,Education,PSA,No actionable public announcement found in the provided text.,Hakuna tangazo la umma lenye hatua linalopatikana katika maandiko yaliyopewa.,,KenyaNewsAgency_Education_Cat,https://www.kenyanews.go.ke/sauti-ya-kericho/,2026-07-26,General,Naki naki naki yaki.,"Owang' dhak kendo bende, to koro jengi yo.",Ma jiraan ogaysiisyo dadweyne oo wax-qabad leh oo ku jira qoraalka la bixiyey.
EDU-00321,Education,PSA,"Presidential Portraits are available at KNA offices for Sh 300 (A2) and Sh 200 (A3). Purchase via E-Citizen: Dial *222#, select payment options, enter service code PPPT, and follow prompts.","Picha za Rais zinapatikana katika ofisi za KNA kwa Sh 300 (A2) na Sh 200 (A3). Nunua kupitia E-Citizen: Piga *222#, chagua chaguzi za malipo, ingiza nambari ya huduma PPPT, na fuata maelekezo.",,KenyaNewsAgency_Education_Cat,https://www.kenyanews.go.ke/purchase-of-presidential-portraits/,2026-07-26,General,"Ebenyabaki ya Mzee wa nchi ibwaki emokere marekenye ab KNA bw'oshwini Sh 300 (A2) na Sh 200 (A3). Kekenyere nyamokire kuboka E-Citizen: Nyang'anya *222#, ogore obwaki bwenyene, ing'anya kodhi ya serivisi PPPT, na omokere ibwakire.","Portrit mag Odhiambo nyaka chopo e KNA gi Sh 300 (A2) ne Sh 200 (A3). Ocheck e E-Citizen: Kony kende *222#, chuno kita makelo, nyal piny code PPPT, ochung’ ni bura.","Sawirrada Madaxweynaha waxaa laga heli karaa xafiisyada KNA qiimo ahaan Sh 300 (A2) iyo Sh 200 (A3). Iibso adoo adeegsanaya E-Citizen: Dhagsii *222#, dooro fursadaha lacag bixinta, geli koodhka adeegga PPPT, oo raac tilmaamaha."
EDU-00322,Education,PSA,Office space is available for leasing at Kenya News Agency premises in various counties. Visit the local KNA office to view available spaces and follow the leasing steps.,Ofisi zinapatikana kwa ajili ya kukodishwa katika ofisi za Kenya News Agency katika kaunti mbalimbali. Tembelea ofisi za KNA za eneo lako ili kuona ofisi zinazo patikana na ufuate hatua za kukodisha.,,KenyaNewsAgency_Education_Cat,https://www.kenyanews.go.ke/leasing-of-office-space/,2026-07-26,General,Eka na nyamware naki omoryoreri omoka mategana ku Kenya News Agency hamwe na buya buya. Genda ku ofisi ya KNA ya hena omokore nyamware naki omokiriri naki obokkore buya naki.,Ndege manyien nyaka gin magi oko e Kenya News Agency ka joramo duto a ng'wane. Konyo ku KNA kucung' gi dala ng'ato mondo uteme manyien kendo undu ka ng'ama otok e leasing.,Xafiisyada ayaa laga heli karaa kiraynta xarunta Warbaahinta Kenya ee gobollada kala duwan. Booqo xafiiska KNA ee deegaankaaga si aad u aragto xafiisyada la heli karo oo raac tillaabooyinka kiraynta.
EDU-00323,Education,PSA,"Subscribe to Kenya News Agency products for news, photos, and videos. Options: Yearly - Sh 100,000, Half-Yearly - Sh 50,000, Quarterly - Sh 25,000. Follow payment steps via E-Citizen.","Jisajili kwa huduma za Shirika la Habari la Kenya kwa ajili ya habari, picha, na video. Chaguo: Mwaka mzima - Sh 100,000, Miezi Sita - Sh 50,000, Robo Mwaka - Sh 25,000. Fuata hatua za malipo kupitia E-Citizen.",,KenyaNewsAgency_Education_Cat,https://www.kenyanews.go.ke/instructions-for-subscription-for-news-and-information-services/,2026-07-26,General,"Tegera ku Kenya News Agency buya buya bwete, oria, na vidiyo. Omocho: Mwaka - Sh 100,000, Ogendani - Sh 50,000, Ogereri - Sh 25,000. Itonyi ingira obokire okwenda E-Citizen.","Wachung' neno mar Kenya News Agency kuom neno, picha, e video. Ngero: Chieng' - Sh 100,000, Piny ma higa - Sh 50,000, Konyruok - Sh 25,000. Timo chiegni mar weche kendo timo joma E-Citizen.","Isku qor alaabada Hay’adda Wararka Kenya si aad u hesho warar, sawirro, iyo fiidiyowyo. Xulashada: Sanadlaha - Sh 100,000, Laba Sano - Sh 50,000, Rubuc - Sh 25,000. Raac tillaabooyinka lacag bixinta ee E-Citizen."
EDU-00324,Education,PSA,"Interested in purchasing historical or current photographs? Visit KNA offices at Uchumi House 5th floor in Nairobi, or pay via E-Citizen for quick access. Prices are Sh 2,500 for historical and Sh 1,000 for current photos.","Unataka kununua picha za kihistoria au za sasa? Tembelea ofisi za KNA katika Jengo la Uchumi ghorofa ya 5 katika Nairobi, au lipa kupitia E-Citizen kwa upatikanaji wa haraka. Bei ni Sh 2,500 kwa picha za kihistoria na Sh 1,000 kwa picha za sasa.",,KenyaNewsAgency_Education_Cat,https://www.kenyanews.go.ke/purchase-historical-and-current-photos/,2026-07-26,General,"Naki omokigo oria na buya bwaki? Naki ogenda KNA naki buya buya buya buya, Uchumi House, oria oria ore o 5 naki Nairobi, buya bosi ogenda E-Citizen. Bwakire buya naki Sh 2,500 ebuya bwaki omogoya na Sh 1,000 ebuya bwaki buya.","Ingi tiyo buwot ma okinyi kata ma rangi? Konyo KNA ka ranyisi e Uchumi House, nyaka 5th floor e Nairobi, kata wacho tuk e E-Citizen ma yeso buwot. Bura ni Sh 2,500 nokal ma okinyi to Sh 1,000 nokal ma rangi.","Haddii aad xiisaynayso iibsashada sawirro taariikhi ah ama kuwo hadda jira, booqo xafiisyada KNA ee Uchumi House dabaq 5aad ee Nairobi, ama lacag bixi adigoo adeegsanaya E-Citizen si aad u hesho adeeg degdeg ah. Qiimaha waa Sh 2,500 sawirrada taariikhiga ah iyo Sh 1,000 sawirrada hadda jira."
EDU-00325,Education,PSA,"Foreign journalists must obtain a clearance letter from the Director of Information at Uchumi House, Nairobi, to apply for work permits or special passes. Ensure you have a valid passport, professional certificate, and an introduction letter from your media organization.","Waandishi wa habari wa kigeni lazima wapate barua ya kibali kutoka kwa Mkurugenzi wa Taarifa katika Uchumi House, Nairobi, ili kuomba vibali vya kazi au ruhusa maalum. Hakikisha una pasipoti halali, cheti cha kitaaluma, na barua ya utambulisho kutoka shirika lako la habari.",,KenyaNewsAgency_Education_Cat,https://www.kenyanews.go.ke/foreign-journalists-clearance-letter/,2026-07-26,General,"Abanyaburori b'amasoko bakenyere ekisikanya buya omokiriri ogwa Makarani w'Abasibori e Uchumi House, Nairobi, bw'oshotiye omanyire okwenda bibori ky'ose okobwaki bw'ogokororenye. Naki echire buya oserenge, erewaki ikiranjore, na buya ekisikanya buya buseki bw'oshindire mu buya bwo buya.","Jurnaliste nang'eto nyak gin ka en ur kelo ceri maler e Director of Information e Uchumi House, Nairobi, to timo work permits kata special passes. Namirokuo ka okonyo passport maa, ceri maler mar oher, to kod urwe ceri maler e kanyiko mago.","Saxafiyiinta ajaanibka ah waa in ay helaan warqadda oggolaanshaha ka socota Agaasimaha Warfaafinta ee Uchumi House, Nairobi, si ay u codsadaan ogolaansho shaqo ama baasaboorka gaarka ah. Hubi inaad haysato baasaboorka saxda ah, shahaadada xirfadeed, iyo warqad soo dhaweyn ah oo ka socota ururkaaga warbaahinta."
EDU-00326,Education,PSA,"Students seeking industrial attachment with Kenya News Agency must apply in person at Uchumi House, Nairobi, and ensure accreditation by the Media Council of Kenya before reporting.","Wanafunzi wanaotafuta ufunguo wa viwanda na Kenya News Agency wanapaswa kufika mara moja katika ofisi za Uchumi House, Nairobi, na kuhakikisha wamepata ithibati kutoka Baraza la Vyombo vya Habari la Kenya kabla ya kuwasilisha.",,KenyaNewsAgency_Education_Cat,https://www.kenyanews.go.ke/student-attachment/,2026-07-26,General,"Abasi bendi abaki bakiere indiani na Kenya News Agency nakiabere gotang'ane buya kucha Uchumi House, Nairobi, nakiobere mwendo wakiabere gonyagia na Media Council of Kenya buya kouse.","Abal bende gima ok nyal konyo industrial attachment gi Kenya News Agency, nyal konyo ka owang' kod mano ma ok nyal nyaka e Uchumi House, Nairobi, nayie konyo accreditation e Media Council of Kenya mbere ng'ato chuny.","Ardayda raadinaya xidhiidh warshadeed ee Kenya News Agency waa inay si shakhsi ah u codsadaan Uchumi House, Nairobi, iyo inay hubiyaan aqoonsiga Ururka Warbaahinta Kenya ka hor intaanay soo sheegin."
EDU-00327,Education,PSA,"Attention students in Murang'a County: Over 300 students who scored C+ and above in the 2025 KCSE have received a bursary of Sh10,000 each under the Inua Masomo programme to aid university transition.","Tafadhali wanafunzi wa Kaunti ya Murang'a: Wanafunzi zaidi ya 300 waliofaulu kwa C+ na zaidi katika KCSE ya mwaka 2025 wametunukiwa bursari ya Sh10,000 kila mmoja kupitia mpango wa Inua Masomo ili kusaidia mpito wa chuo kikuu.",,KenyaNewsAgency_Education_Cat,https://www.kenyanews.go.ke/muranga-county-awards-bursaries-to-boost-university-transition-for-top-students/,2026-07-26,General,"Abaki baki bori chuchu Murang'a: Abaki 300 baria bamoso C+ na naki mu 2025 KCSE bakenye omogori buya Sh10,000 buya bwakire Inua Masomo mokubwakiriria bwendo bakanisha buya.","Wang'ni nyasaye e Murang'a: Neko midhoga 300 ma oket C+ kendo oser ower e 2025 KCSE ne en bursa ya Sh10,000 nyaka kendo e inua Masomo, mabuok gi tich mar univesiti.","Dardaaran ardayda ku sugan Gobolka Murang'a: In ka badan 300 arday oo helay darajada C+ iyo wax ka sarreeya sannadka 2025 KCSE ayaa helay deeq waxbarasho oo ah Sh10,000 qof kasta oo ka tirsan barnaamijka Inua Masomo si loo caawiyo kala-guurka jaamacadeed."
EDU-00328,Education,PSA,Over Sh30 million has been raised for the Nairo/Lorokusho Education Fund to support education for children in pastoralist communities in Marsabit. Community leaders and well-wishers are encouraged to continue supporting this initiative.,Zaidi ya Sh30 milioni zimeshakusanywa kwa ajili ya Mfuko wa Elimu wa Nairo/Lorokusho kusaidia elimu ya watoto katika jamii za wafugaji huko Marsabit. Viongozi wa jamii na wapenda mema wanahimizwa kuendelea kuunga mkono juhudi hizi.,,KenyaNewsAgency_Education_Cat,https://www.kenyanews.go.ke/over-sh30-million-raised-for-bursary-kitty-in-marsabit/,2026-07-26,General,Ebwaki bwa Sh30 milioni buya wigana buya Nyikina/Narokokushio Ekegusii buya bwaki bwaki rose buya buya buya chicha bwaki bwaki buya muakurano boke buya Marsabit. Abakioria baki omogaka na aborai boke boki bwakire buya bwaki buya nyekenya buya bwaki.,Nango Sh30 milioni agone e Nairo/Lorokusho Education Fund ka ngeye gi educasione moro e gichung' gi nyaka kuom pastoralist gi Marsabit. Lwaki maber gi jodak achiel ok onyalo tindo gi this initiative.,In ka badan Sh30 million ayaa la uruuriyay si loogu taageero Sanduuqa Waxbarashada Nairo/Lorokusho ee waxbarashada carruurta ku nool bulshooyinka xoolo-dhaqatada ee Marsabit. Hoggaamiyeyaasha bulshada iyo kuwii kale ee doonaya inay gacan qabtaan ayaa lagu dhiirigelinayaa inay sii wadaan taageerida hindisahan.
EDU-00329,Education,PSA,All public primary schools in Machakos County will receive water storage tanks to improve hygiene and learning conditions. School heads should prepare for deliveries in phases across the county.,Shuleni zote za msingi za umma katika Kaunti ya Machakos zitapokea matangi ya kuhifadhia maji ili kuboresha usafi na hali ya kujifunza. Wakuu wa shule wanapaswa kujiandaa kwa mgao wa vifaa kwa awamu katika kaunti nzima.,,KenyaNewsAgency_Education_Cat,https://www.kenyanews.go.ke/machakos-women-rep-distributes-120-water-tanks-to-schools-in-machakos/,2026-07-26,General,Mashuleni osekeria buwaki bwaki mu Machakos County boti bosi boma buya bwa kuhigitia ubugeni na oboki bwaki. Abakire bakanisa bosi omokanya buya mwandani bwaki bwaki bwigire kenyakie.,Okwanyruok gi ginyim alando mag piny Machakos nyalo tawne mago ma okinyi gi mabuoye mag chon. Wuon shule osedhe opar nyaka toye mago kendo e chako chieng' piny.,Dhammaan dugsiyada hoose ee dadweynaha ee Gobolka Machakos waxay heli doonaan haamaha kaydinta biyaha si loo hagaajiyo nadaafadda iyo xaaladaha waxbarashada. Madaxyada dugsiyada waa inay u diyaar garoobaan keenista qaybaha kala duwan ee gobolka.
EDU-00330,Education,PSA,Students are urged to protect their schools and focus on their studies to ensure academic excellence. Parents should speak positively about their children to influence their futures positively.,Wanafunzi wanahimizwa kulinda shule zao na kuzingatia masomo yao ili kufikia ubora wa kitaaluma. Wazazi wanapaswa kusema mambo mazuri kuhusu watoto wao ili kuathiri maisha yao ya baadaye kwa njia chanya.,,KenyaNewsAgency_Education_Cat,https://www.kenyanews.go.ke/ps-ololtuaa-calls-on-students-to-protect-their-learning-institutions/,2026-07-26,General,Abakinyi baria buya bakiere ekere na naki bokiere buya obwakire buya. Abere bakenye buya nyaraki bano kosi bakiere bwaki buya.,Jaluo duto ne ng’ato ni gimet korach kendo gichang' to odhiambo nying' kuom lweny. Wabala ogendini kuom wana maladhe ma gichako chwande.,Ardayda waxaa lagu boorinayaa inay ilaaliyaan dugsiyadooda oo ay diiradda saaraan waxbarashadooda si ay u gaaraan heer akademi oo wanaagsan. Waalidku waa in ay si wanaagsan uga hadlaan carruurtooda si ay mustaqbalkooda si togan u saameeyaan.
EDU-00331,Education,PSA,Ronald Ngala Utalii College will begin admitting students in September 2026. Prospective students should prepare for enrollment through the KUCCPS.,Chuo cha Utalii Ronald Ngala kitaanza kupokea wanafunzi mwezi Septemba mwaka 2026. Wanafunzi wanaotarajia kujiunga wanapaswa kujiandaa kwa ajili ya usajili kupitia KUCCPS.,,KenyaNewsAgency_Education_Cat,https://www.kenyanews.go.ke/ronald-ngala-utalii-college-set-to-admit-first-students-in-september/,2026-07-26,General,Ronald Ngala Utalii College naaki omokogendo cha buya bwakiri mwesang'ano 2026. Abakire bosi bategere buya buwaki ekibori cha KUCCPS.,Ronald Ngala Utalii College oremo adhi gi ohingo mag Odhiambo 2026. Ng'ato miluor konyo gi weche mag enrollments through KUCCPS.,Koleejka Ronald Ngala Utalii wuxuu bilaabi doonaa qaadashada ardayda bisha Sebtembar 2026. Ardayda danaynaysa waa inay is diyaariyaan si ay ugu qoraan KUCCPS.
EDU-00332,Education,PSA,Voters are urged to remain vigilant against influence from money and religion in the democratic process ahead of the 2027 elections. Prioritize leadership qualities and public interest in your electoral choices.,Wapiga kura wanasisitizwa kubaki makini dhidi ya ushawishi wa pesa na dini katika mchakato wa kidemokrasia kabla ya uchaguzi wa 2027. Tathmini sifa za uongozi na maslahi ya umma katika uchaguzi wenu.,,KenyaNewsAgency_Education_Cat,https://www.kenyanews.go.ke/money-religion-threatens-democratic-process-ahead-of-2027-polls-warns-ncck/,2026-07-26,General,Abagani barangire bakiire omokirisa obwakirenge buya abori bwaki bwanetere emaisi na ore abwaki bwanetere omokirisa mu naki ogenda 2027. Gikirana abukire bwabaki naki omogeno muno naki obwaki bwekire okorukira.,Abiro nyaka owach ni voters nochi wacho ka gima nitie money kata chiehuok muoneso ma jomoko ma konyo gwenyo 2027. Timo gima oseth mar uwombo kata gima juma dhokruok e piny.,Codbixiyeyaasha waxaa lagu boorinayaa inay ka taxadaraan saameynta lacagta iyo diinta ee habka dimuqraadiga ah ka hor doorashada 2027. Muhiimad sii hogaaminta iyo danaha bulshada xulashada codkiinna.
EDU-00333,Education,PSA,All leaders are urged to reject violence and tribal politics as Kenya approaches the General Election. Embrace responsible leadership for national unity and peace.,Viongozi wote wanahimizwa kukataa vurugu na siasa za kikabila tunapokaribia Uchaguzi Mkuu wa Kenya. Kumbatia uongozi wenye uwajibikaji kwa ajili ya umoja wa kitaifa na amani.,,KenyaNewsAgency_Education_Cat,https://www.kenyanews.go.ke/aic-bishop-warns-against-goon-culture-tribal-politics-before-elections/,2026-07-26,General,Abak领导 baabaki bokuyaenge omogendo naki omoko mwaki naki kuomogiriri. Nyakokire omogendo mwaki ogenda bwakire naki enkiro.,"Kaka chiegni onge to nyaka kwang' ketho ng'ato mar dhok gi miyo, ka Kenya kik beri kuno e ketho mar kit gi. Weche tiyeni chiegni makare kuom ogend gi piny kod dhoho.",Dhammaan hoggaamiyeyaasha waxaa lagu boorinayaa inay diidaan rabshadaha iyo siyaasadda qabiilka marka Soomaaliya ay u dhawaaneyso Doorashada Guud. Ku soo dhowaada hoggaamin mas'uul ah si loo helo midnimo qaran iyo nabad.
EDU-00334,Education,PSA,"The new Jamia Mosque in Isebania, Kuria West Sub County is now open and will serve the local Muslim community and those across the Kenya-Tanzania border.","Msikiti mpya wa Jamia katika Isebania, Wilaya ya Kuria Magharibi sasa umefunguliwa na utatoa huduma kwa jamii ya Waislamu wa eneo hilo na wale wanaoishi mipakani kati ya Kenya na Tanzania.",,KenyaNewsAgency_Education_Cat,https://www.kenyanews.go.ke/new-mosque-for-muslim-community-in-isebania-kuria/,2026-07-26,General,"Mosque ya Jamia emosi Isebania, Kuria West Sub County irigana na iyebaki, ikirorere buya omogaka motenya na abaki barchs in Kenya na Tanzania.","Jamia Mosque nyakonyo e Isebania, Kuria West Sub County onge to, kendo oket mooji kendo ne odhi e jamii musulmani mar lweny gi ja Kenya-Tanzania.","Masjidka cusub ee Jamia ee Isebania, Degmada Kuria West ayaa hadda furan waxaana u adeegaya bulshada Muslimiinta ee deegaanka iyo kuwa ka soo jeeda xadka Kenya-Tanzania."
EDU-00335,Education,PSA,"Students at St. John Kanunga Senior School are reminded to uphold discipline, integrity, and hard work to ensure sustainable academic success.","Wanafunzi wa Shule ya Upili ya St. John Kanunga wanakumbushwa kuzingatia nidhamu, uaminifu, na kazi ngumu ili kuhakikisha mafanikio ya kitaaluma yanayodumu.",,KenyaNewsAgency_Education_Cat,https://www.kenyanews.go.ke/archbishop-anyolo-calls-for-discipline-as-st-john-kanunga-honours-academic-excellence/,2026-07-26,General,"Abanyeshuri b'iri St. John Kanunga Senior School barikunyaki chibori, omokuboori, na obwakirori buya, buya bosi buya omong'anya ekibanja kiria.","Boka ma St. John Kanunga Senior School nyalo konyo ng’ato mokwongo, to, luor, kendo weche mag gi timbe mboch moyuma.","Ardayda dugsiga sare ee St. John Kanunga waxaa lagu wargelinayaa in ay ilaaliyaan anshaxa, daacadnimada, iyo shaqada adag si ay u gaaraan guul waxbarasho oo waarta."
EDU-00336,Education,PSA,Youth are urged to resist manipulation by politicians for violent acts. Embrace peace and unity as the country approaches the General Election in 2027.,Vijana wanahimizwa kujizuia na udanganyifu wa wanasiasa wa vitendo vya vurugu. Kukumbatia amani na umoja nchi inapokaribia Uchaguzi Mkuu wa 2027.,,KenyaNewsAgency_Education_Cat,https://www.kenyanews.go.ke/religious-leaders-condemn-political-violence-2/,2026-07-26,General,Bwakire buya bosi bwaki iteire gaki bikore baki bwong'ore buya bwenda bwu election buya bwa 2027. Naki bwakire buya bosi bwaki ogerere omogori naki omogori naki buya.,Wang'na kachuon godo ka wa konyo ni joge ma ok nyueyo gi thum marich. Koro ng'eya piny gi nyuata ka piny ginyal gi General Election 2027.,Dhalinyarada waxaa lagu boorinayaa inay iska caabiyaan qabqablayaasha siyaasadeed ee ku dhaqaaqaya falal rabshad. Qabso nabad iyo midnimo iyadoo dalka uu u dhowaanayo Doorashada Guud ee 2027.
EDU-00337,Education,PSA,Nandi community members are urged to preserve their cultural heritage and support the Nandi Kaburwo Council of Elders in promoting peace and unity amid modernization challenges.,Wanajamii wa Nandi wanahimizwa kuhifadhi urithi wao wa kitamaduni na kuunga mkono Baraza la Wazee la Nandi Kaburwo katika kukuza amani na umoja katikati ya changamoto za maendeleo.,,KenyaNewsAgency_Education_Cat,https://www.kenyanews.go.ke/nandi-elders-urged-to-preserve-cultural-heritage-amid-modernization-challenges/,2026-07-26,General,Abanyankore ba Nandi baria bakanakire okusibaria obori bwabo bwokwenda na busongoria Nandi Kaburwo Council of Elders mu gashia bwogenda na umogaka.,"Ng'ama Nandi wanyaluoch ka wathoge kuom chalo gi dhako dudo, kendo konyo Nandi Kaburwo Council of Elders ka ɨdhi ne karwagi kod rwakoro ni konyo ng'ama yore.",Bulshada Nandi waxaa lagu boorinayaa inay ilaashadaan dhaqankooda iyo inay taageeraan Golaha Odayaasha Nandi Kaburwo si loo dhiirrigeliyo nabadda iyo midnimada xilliyada casriyeynta.
EDU-00338,Education,PSA,Tharaka Nithi County Government will establish small museums in each constituency to preserve cultural heritage. Residents are encouraged to participate and learn about their traditions.,Serikali ya Kaunti ya Tharaka Nithi itajenga makumbusho madogo katika kila jimbo ili kuhifadhi urithi wa kitamaduni. Wananchi wanahimizwa kushiriki na kujifunza kuhusu desturi zao.,,KenyaNewsAgency_Education_Cat,https://www.kenyanews.go.ke/tharaka-nithi-plans-constituency-museums-to-preserve-culture-for-future-generations/,2026-07-26,General,Ekiikosi ya Tharaka Nithi ichakora makiami matogoria mu itariria naki saki mwandira gora mwaki buya. Abaki bataramokere obwaki na okobori oria buya bwabo.,Kawawar thuku Tharaka Nithi kuom to kod okinyi piny mondo bende wacho sigand kendo jopiny wacho ni waduong' ni ma ok gima omiyo ahinya. Okwachni weche gi nyathi eyo bende nigi koro ne gigoko gik osiepe.,Dowladda Gobolka Tharaka Nithi waxay dhisi doontaa museums yar yar oo ku yaal degmo kasta si loo ilaaliyo dhaxalka dhaqanka. Waxaa lagu dhiirigelinayaa dadka deggan inay ka qeyb qaataan oo ay bartaan dhaqankooda.
EDU-00339,Education,PSA,Residents of Tharaka Nithi County are encouraged to attend the Chuka Igambang'ombe Cultural Festival on July 17-18 at Kaanwa Chief's Camp to celebrate local heritage and culture.,Wananchi wa Kaunti ya Tharaka Nithi wanahimizwa kuhudhuria Tamasha la Utamaduni la Chuka Igambang'ombe tarehe 17-18 Julai katika Kambi ya Mkuu wa Kaanwa ili kusherehekea urithi na utamaduni wa eneo hilo.,,KenyaNewsAgency_Education_Cat,https://www.kenyanews.go.ke/tharaka-nithi-gears-up-for-chuka-igambangombe-cultural-festival/,2026-07-26,General,Ababere ba Tharaka Nithi baria bakanirire kujia ku Chuka Igambang'ombe Cultural Festival ku July 17-18 kanyaki Kaanwa Chief's Camp bw'okerebete omokere naki omokiri.,"Geng' Tharaka Nithi, in bende ng'ama piny mwakalu Chuka Igambang'ombe Cultural Festival machon gogo Julai 17-18 k'Ombu Kaanwa, e yo piny mar heritagero ni ulambo.",Deegaanka Tharaka Nithi waxaa lagu dhiirrigelinayaa inay ka soo qayb galaan Xafladda Dhaqanka Chuka Igambang'ombe ee soconaysa 17-18ka Luulyo ee Kambiis Kaanwa si loo dabaaldego dhaxalka iyo dhaqanka deegaanka.
EDU-00340,Education,PSA,"The Eastern Region Music Festivals are taking place from June 29 to July 3 at ACK St. Luke's Wote Township Primary School, showcasing learners' talents in various artistic performances. Top performers may qualify for the National Music Festivals on July 10, 2026, at Kibabii University.","Mashindano ya Muziki ya Mkoa wa Mashariki yanatekelezwa kuanzia Juni 29 hadi Julai 3 katika Shule ya Msingi ya ACK St. Luke's Wote Township, yakionyesha vipaji vya wanafunzi katika maonyesho mbalimbali ya sanaa. Wasanii bora wanaweza kufuzu kwa Mashindano ya Muziki ya Kitaifa mnamo Julai 10, 2026, katika Chuo Kikuu cha Kibabii.",,KenyaNewsAgency_Education_Cat,https://www.kenyanews.go.ke/makueni-hosts-eastern-region-music-festivals-to-showcase-learners-creative-talents/,2026-07-26,General,"Omochani wa Maisha Omosia hataisibori chireka chicheng'ana June 29 kugeza July 3 e ACK St. Luke's Wote Township Primary School, omogore buya bwaki buya nakiijogori bwerere. Bakigana buya bacha bakiere kuchenda Omochani wa Maisha Nnationa chireka July 10, 2026, e Kibabii University.","Mise ni Eastern Region Music Festivals itiyogo odhiambo kuom June 29 kuting' July 3 e ACK St. Luke's Wote Township Primary School, moko ne tielo nyasaye mag ler kendo joma e piny dhok. Joma nene e dongo ma okonyi to nind gi ng'ato ga National Music Festivals e July 10, 2026, e Kibabii University.","Festival-yada Musiikada Gobolka Bari waxay dhici doonaan laga bilaabo Juun 29 illaa Luulyo 3, xarunta dugsiga hoose ee ACK St. Luke's Wote Township, iyada oo lagu soo bandhigayo hibada ardayda ee bandhigyada farshaxanka. Qofka ku guuleysta bandhigyada ugu sarreeya waxaa laga yaabaa inuu ka qabsado Festival-ka Musiikada Qaranka ee Luulyo 10, 2026, jaamacadda Kibabii."
EDU-00341,Education,PSA,Residents are encouraged to attend the Tharaka Cultural Festival on June 25 at Nkondi and the Chuka Cultural Festival in July to celebrate and preserve indigenous languages and cultural heritage.,Wananchi wanahimizwa kuhudhuria Tamasha la Utamaduni la Tharaka tarehe 25 Juni mjini Nkondi na Tamasha la Utamaduni la Chuka mwezi Julai ili kusherehekea na kuhifadhi lugha za asili na urithi wa kitamaduni.,,KenyaNewsAgency_Education_Cat,https://www.kenyanews.go.ke/%e2%80%8e%e2%80%8egovernor-njuki-calls-for-preservation-of-indigenous-languages-and-cultural-heritage-%e2%80%8e/,2026-07-26,General,Abakire baigana omokanga omokosi ogwirane na Tharaka Cultural Festival nyamokiri 25 gwa Nkondi na Chuka Cultural Festival mwakire omogori nyanogakire okorera na okorora ekegusii naki omotenda.,"Kak konyo ji kuom tawere Tharaka Cultural Festival nyaka June 25 e Nkondi gi Chuka Cultural Festival e July, kendo jiyang' koding' kod nyalo ruoth mar luo mar ich.",Degaano waxaa lagu dhiirigelinayaa inay ka qeybgalaan Xafladda Dhaqanka Tharaka 25-ka Juun ee Nkondi iyo Xafladda Dhaqanka Chuka bisha Luulyo si ay uga dabaal degaan oo ay u ilaashadaan luqadaha asaliga ah iyo dhaxalka dhaqanka.
EDU-00342,Education,PSA,"The construction of the Raila Odinga Mausoleum in Bondo, Siaya County will begin this August and is expected to be completed by September 30.","Ujenzi wa Makaburi ya Raila Odinga huko Bondo, Kaunti ya Siaya utaanza Agosti hii na unatarajiwa kukamilika ifikapo Septemba 30.",,KenyaNewsAgency_Education_Cat,https://www.kenyanews.go.ke/government-to-build-raila-odinga-mausoleum-to-preserve-national-legacy/,2026-07-26,General,"Igenyi eguri ya Raila Odinga mu Bondo, Siaya, ikarengire buya kukanganya iugendere chinkana chio ching'anya naki chichokire mu Sempteba 30.","Pacho ma nyalo ka Raila Odinga Mausoleum e Bondo, Siaya County nyalo timo ma this August kendo nyalo weyo chik ni September 30.","Dhismaha Qabriga Raila Odinga ee Bondo, Gobolka Siaya wuxuu bilaabanayaa bisha Agoosto, waxaana la filayaa in la dhammeeyo 30-ka Sebtember."
EDU-00343,Education,PSA,"Residents of Kilgoris Sub-County are encouraged to remain calm and strong during the mourning period for former MP Gideon Konchellah, who passed away.","Wakazi wa Kilgoris Sub-County wanahimizwa kubaki watulivu na wenye nguvu wakati wa kipindi cha maombolezo ya mbunge wa zamani Gideon Konchellah, aliefariki.",,KenyaNewsAgency_Education_Cat,https://www.kenyanews.go.ke/more-tributes-for-the-late-gideon-konchellah/,2026-07-26,General,"Abakire baki Kisii batarerwe kugira ugogore n'okore bworia bwaki mugore bwaki Gideon Konchellah, naki akaore.","Dholuo mar Kilgoris Sub-County ngʼat marach ka wuodhi kitiyo kendo nyaka ulembe gi piny mamit, ka wachonore gi Gideon Konchellah, mane oduogo.","Dadweynaha Kilgoris Sub-County waxaa la faray in ay deggan yihiin oo ay noqdaan kuwo xoog leh xilliga muujinta qaslayaasha ah ee Guddoomihii hore ee Baarlamaanka Gideon Konchellah, oo geeriyooday."
EDU-00344,Education,PSA,"Senator Richard Onyonka's family is in mourning following the death of his mother, Mama Teresia Nyaboke Omoke, at 81.","Familia ya Senator Richard Onyonka inahangaika kufuatia kifo cha mama yake, Mama Teresia Nyaboke Omoke, akiwa na umri wa miaka 81.",,KenyaNewsAgency_Education_Cat,https://www.kenyanews.go.ke/leaders-condole-with-senator-onyonka-following-his-mothers-demise/,2026-07-26,General,"Mokosi wa Senator Richard Onyonka oria ore mwagoka oboya omokiri yaki moshoke, Mama Teresia Nyaboke Omoke, omokireri omoka 81.","Seneta Richard Onyonka ng'ato ma konyruok ka weche mar mama eye, Mama Teresia Nyaboke Omoke, ka okonyo 81.","Qoyska senator Richard Onyonka ayaa ka murugoonaya geeridii hooyadiis, Mama Teresia Nyaboke Omoke, oo ku geeriyootay 81 jir."
EDU-00345,Education,PSA,"The late Senior Superintendent of Police Peter Kazungu Charo will be laid to rest on Saturday, April 25, at Mavueni in Kilifi North Sub-County, Kilifi County.","Marehemu Mkurugenzi Msaidizi wa Polisi Peter Kazungu Charo atazikwa siku ya Jumamosi, Aprili 25, katika Mavueni, eneo la Kilifi Kaskazini, Kaunti ya Kilifi.",,KenyaNewsAgency_Education_Cat,https://www.kenyanews.go.ke/nyanchwa-sub-county-police-commander-kazungu-charo-eulogized/,2026-07-26,General,"Omoigwa omonene wa abarakwa Peter Kazungu Charo ogechoka omokigori bwa Chabire, ku Mavueni naki Kilifi North Sub-County, Kilifi County.","Omiyo Senior Superintendent of Police Peter Kazungu Charo oseth gi in at Mawueny, Kilifi North Sub-County, Kilifi County, kuonde piny, Abich 25.","Taliyaha sare ee booliiska ee dhintay, Peter Kazungu Charo, ayaa lagu aasayaa Sabtida, Abriil 25, Mavueni, degmada Kilifi North ee gobolka Kilifi."
EDU-00346,Education,PSA,The Kenya News Agency is seeking qualified individuals for various management positions. Interested candidates should apply as per the application guidelines posted by the Ministry of Information.,Shirika la Habari la Kenya linatafuta watu walio na sifa kwa nafasi mbalimbali za usimamizi. Wagombea waliovutiwa wanapaswa kuomba kulingana na mwongozo wa maombi uliowekwa na Wizara ya Habari.,,KenyaNewsAgency_Education_Cat,https://www.kenyanews.go.ke/management-staff/,2026-07-26,General,Amashauri ya Nhasi ya Kenya arikomoka abere buya abarikure mwakireri ogwaki. Abakire bano bategere bangania kulinda Kagwaki ka Abashauri buya abashiare na Ministry of Information.,"Kenya News Agency ospok gi wuoth kendo moko ma okwongo e yo mar management. Konyruok ma okinyi, chike ma onge chonruok ma oser kendo piny e gige mar Ministry of Information.",Hay'adda Wararka Kenya waxay raadinaysaa shaqsiyaad aqoon leh oo u qalma xilal maamul oo kala duwan. Dadka xiiseynaya waa inay codsadaan sida ku xusan hageyaasha codsiga ee ay soo bandhigtay Wasaaradda Macluumaadka.
EDU-00347,Education,PSA,"Citizens are encouraged to understand and embody the National Values and Principles of Governance as outlined in the Kenyan Constitution. Embrace patriotism, unity, and participatory democracy.","Wananchi wanahimizwa kuelewa na kuishi kulingana na Thamani na Misingi ya Kitaifa ya Utawala kama ilivyoainishwa katika Katiba ya Kenya. Kubali uzalendo, umoja, na demokrasia inayoshiriki.",,KenyaNewsAgency_Education_Cat,https://www.kenyanews.go.ke/national-values-and-principles/,2026-07-26,General,"Abagere bakiembire kubwaki na emonyakire na ekekaranya ya Divai naki Nyasae ya Abaki Kenya. Nyang'anya ogete, bwogoti, na ogetang’ania omong'ango.","Ng'ato machiegni nyalo romo nyan gima idhi kata chiel mar Kanyal, ka weche e Kanyawadogo. Nyonje patriotism, dhok, to buok mag tich.","Citizenska waxaa lagu dhiirrigelinayaa inay fahmaan oo ay ku dhaqmaan Qiyamka iyo Mabaadii'da Qaranka sida ku xusan Dastuurka Kenya. Ku dhaqma waddaniyadda, midnimada, iyo dimuqraadiyadda ka qaybgalka."
EDU-00348,Education,PSA,"For detailed instructions on making payments for news services, purchasing portraits, obtaining photographs, foreign journalist clearances, leasing office space, and student attachments, visit the Directorate of Information's official website.","Kwa maelekezo ya kina kuhusu jinsi ya kufanya malipo kwa huduma za habari, kununua picha, kupata picha, vibali vya waandishi wa habari wa kigeni, kukodisha ofisi, na uhusiano wa wanafunzi, tembelea tovuti rasmi ya Kikosi cha Taarifa.",,KenyaNewsAgency_Education_Cat,https://www.kenyanews.go.ke/e-services/,2026-07-26,General,"Ore okegana omogendo ogenda omonene okuji chenda forori, ore okumanya atana, ore okusora atana, ore gukioria abatari bende, ore kukore omokiri, na ore okuyia ogenda omokiri bwogenda ka oremokiania obwakire, ikia okotore okwo omogendo ogenda obwakire bw'Obwaki.","Ng'eyo magyenge kod jarok wacho e yo maler kuom ombulu, tindo poro, jaluo chike, aoro kwany wadhou ma iyo, konyo od zinga, kod wan okwongo, ur gima toshini e website mar Directorate of Information.","Si aad u hesho tilmaamo faahfaahsan oo ku saabsan sida lacagaha loogu shubo adeegyada wararka, iibsashada sawirada, helitaanka sawirrada, oggolaanshaha warbaahinta ajaanibta, kireynta xafiisyada, iyo xirfadleyda ardayda, booqo website-ka rasmiga ah ee Waaxda Macluumaadka."
EDU-00349,Education,PSA,Parents and students affected by the Uasin Gishu Finland and Canada overseas education program are urged to report their grievances to the Ethics and Anti-Corruption Commission for assistance.,Wazazi na wanafunzi walioathirika na mpango wa elimu ya ng'ambo wa Uasin Gishu Finland na Kanada wanahimizwa kuripoti malalamiko yao kwa Tume ya Maadili na Kupambana na Ufisadi kwa msaada.,,KenyaNewsAgency_Education_Cat,https://www.kenyanews.go.ke/parents-students-demand-justice-after-scholarship-case-acquittal/,2026-07-26,General,"Ababere na abagitanga bagakire mwong’ene wa Uasin Gishu Finland na Canada bure busechi bufungi busekoragira, bakenyere kuorania ibirekire okogotigana na Commission y’Amashengo na Anti-Corruption bu oni ogotigana.","Jokonyo kod dalan chiegni ma ok nyal jomoko Uasin Gishu Finland riek Canada e chuo mar hiwgi ni gima owuon, omiya gik osimbo gi Luo Ethics kod Anti-Corruption Commission ma gin jothurwa e yo.",Waalidka iyo ardayda ay saameeyeen barnaamijka waxbarashada dibadda ee Uasin Gishu ee Finland iyo Kanada waxaa lagu boorinayaa inay cabashooyinkooda ka diraan Komishanka Anshaxa iyo La-dagaallanka Musuqmaasuqa si ay caawimaad uga helaan.
EDU-00350,Education,PSA,Construction of a Sh10 million multipurpose hall at Oloolaiser High School has begun and is expected to be completed by the end of the year.,Ujenzi wa ukumbi wa matumizi mengi wa Sh10 milioni katika Shule ya Upili ya Oloolaiser umeanza na unatarajiwa kukamilika mwishoni mwa mwaka.,,KenyaNewsAgency_Education_Cat,https://www.kenyanews.go.ke/kajiado-launches-construction-of-sh10-million-multipurpose-hall-at-oloolaiser-high-school/,2026-07-26,General,Bwakire bwaki ogwina ku Sh10 million buya gosego bwaki Oloolaiser High School buya bwaki naki naki buya noorio bwaki omokiriri.,Konyo gi Sh10 million multipurpose hall e Oloolaiser High School donjre ni mangu kochopo ni itimore keth.,Dhismaha hoolka badan ujeedooyinka ah ee lacagta Sh10 milyan ah ayaa ka bilowday Dugsiga Sare ee Oloolaiser waxaana la filayaa in la dhammeeyo dhammaadka sanadka.
EDU-00351,Education,PSA,"Landlords around Chuka University must improve student welfare and security by enhancing living conditions, ensuring proper lighting, waste management, and fair tenancy practices.","Wapangaji wa nyumba karibu na Chuka University wanapaswa kuboresha ustawi na usalama wa wanafunzi kwa kuboresha hali za maisha, kuhakikisha mwangaza mzuri, usimamizi wa taka, na taratibu za upangaji za haki.",,KenyaNewsAgency_Education_Cat,https://www.kenyanews.go.ke/landlords-urged-to-improve-student-welfare-and-security-around-chuka-university/,2026-07-26,General,"Abanyaki batarakire Chuka University bosi tekanyire oria bwakire omokiri bwanoru, bwakire oburi, bwakire miyo, bwakire ngaki bwakire bwanoru na bwakire bokeri bwakire.","Malaika e Chuka University nyalo divo yieng' kuom nyasachgi mag chike, kuom koni tond, nyathiny mara, kendo miyo ng'ato nyaka mwacheni kaka e mag nachra.","Milkiilayaasha ku hareeraysan Jaamacadda Chuka waa inay kor u qaadaan daryeelka ardayda iyo ammaanka iyagoo hagaajinaya xaaladaha deggenaanshaha, xaqiijinta nalal ku filan, maaraynta qashinka, iyo dhaqamada kirada oo cadaalad ah."
EDU-00352,Education,PSA,"Muslim community members in Homa Bay are urged to support needy students enrolling in universities and colleges. A fundraising event will be held on July 31, 2026, at Governors Park.","Wajumbe wa jamii ya Waislamu Homa Bay wanahimizwa kusaidia wanafunzi wahitaji wanaojiandikisha katika vyuo vikuu na vyuo. Tukio la kuchangia fedha litafanyika tarehe 31 Julai, 2026, katika Governors Park.",,KenyaNewsAgency_Education_Cat,https://www.kenyanews.go.ke/homa-bay-muslim-leaders-appeal-for-support-for-university-students/,2026-07-26,General,"Ababera b'ekikuyu bagenyere Homa Bay barungi kudhakana abere b'ekiruo batarikane mu masomo ga vyuo na makoro. Ikang'ana y'ekukanya inyorogori egendi ebuya ku ng'endo ya Julai 31, 2026, abu Governors Park.","Abiro manyien gi komiti ma ok nyiso kuom joma nyalo ȯng'eyo e Homa Bay chieng' kony. Nakiendo mar nyiso ma ok nyiso chalo ka kendo jitimbo osetne ka 31, mwaka 2026 e Governors Park.","Dhalinyarada Muslimiinta ee Homa Bay waxaa lagu boorinayaa inay taageeraan ardayda baahida leh ee jaamacadaha iyo kulliyadaha gala. dhacdo dhaqaalaha ayaa la qaban doonaa 31ka Luulyo, 2026, park-ka Guddiga."
EDU-00353,Education,PSA,St. Joseph's Sino Secondary School now has a new school bus and renovated classrooms thanks to NG-CDF funding. This initiative aims to enhance educational infrastructure in the community.,"Shule ya Sekondari ya St. Joseph's Sino sasa ina basi jipya la shule na madarasa yaliyo rehabelitated, shukrani kwa ufadhili wa NG-CDF. Mpango huu unalenga kuboresha miundombinu ya elimu katika jamii.",,KenyaNewsAgency_Education_Cat,https://www.kenyanews.go.ke/legislator-launches-projects-funded-through-ng-cdf/,2026-07-26,General,Shule ya Sekondari ya St. Joseph's Sino inarora ing’ela enonikiri bus mpya na masomo miriiri buka buya naki NG-CDF. Naki inioti ikore omokiyaki oria okiregotho omogoti bw'ami.,St. Joseph's Sino Secondary School nyalo kuom bus nyakare motegno gi klasomabende kendo mane oyier kendo moro ng'ato mar NG-CDF. Gino ni maokse ni en miyo neno biro tich.,"Dugsi Sare ee St. Joseph's Sino hadda wuxuu helay bus cusub iyo fasallo dib loo habeeyey, taasoo ay maalgaliyeen NG-CDF. Mashruucan wuxuu ujeedadiisu tahay in la hagaajiyo kaabayaasha waxbarashada ee bulshooyinka."
EDU-00354,Education,PSA,The County Government of Kericho has advertised 210 vacancies for ECDE teachers. Qualified applicants are encouraged to apply.,Serikali ya Kaunti ya Kericho imetangaza nafasi 210 za walimu wa ECDE. Wanahitajiwa waombaji wenye sifa kuwatuma maombi.,,KenyaNewsAgency_Education_Cat,https://www.kenyanews.go.ke/kericho-opens-210-ecde-teaching-vacancies-to-address-staffing-gaps/,2026-07-26,General,Abakirebu bwa Kericho bamenye omokirito 210 ogokwigana ogende ECDE. Abakire buya bakenyori babiri bagenye bakere.,Gavana wa Kaunti ya Kericho abiro kendo oter gi 210 bende magwang' mang'eyo mochung' gi ECDE. Abiro chwe gi chier maler ne okonyori ji.,Dowladda Qarbada ee Kericho waxay shaacisay 210 fursadood oo macallimiin ECDE ah. Codsadaha u qalma waxaa lagu dhiirigelinayaa inay codsadaan.
EDU-00355,Education,PSA,All education stakeholders are urged to strengthen collaboration to improve education standards and ensure learners are equipped with essential skills.,Wahusika wote katika elimu wanahimizwa kuimarisha ushirikiano ili kuboresha viwango vya elimu na kuhakikisha wanafunzi wanapata ujuzi muhimu.,,KenyaNewsAgency_Education_Cat,https://www.kenyanews.go.ke/collaboration-key-to-improving-education-standards-stakeholders-told/,2026-07-26,General,Abakire naki batega mboge omokiri bategana omokiriri bushindani bwendo bwere nyasa naki buya bwiibori bwana bakorasa omokiri buya.,Mokinyi ma okang'ni nyasa jomoko yogo nag'eng' eyo wuok to golo majo mogenda dhin nyim mwaki to joma chula nigi kucha ma ok pe rang' kanyo kendo ng'ato ohinga.,Dhammaan daneeyayaasha waxbarashada waxaa lagu boorinayaa inay xoojiyaan iskaashiga si loo hagaajiyo heerarka waxbarashada iyo in ardayda la siiyo xirfadaha lagama maarmaanka ah.
EDU-00356,Education,PSA,Residents of Tinderet Sub-county can now access expanded Technical and Vocational Education and Training (TVET) programs at the newly completed tuition block and upcoming Electrical and Electronics Workshop.,Wakazi wa Kata ya Tinderet sasa wanaweza kufaidika na programu zilizoimarishwa za Elimu na Mafunzo ya Ufundi na Stadi (TVET) katika jengo jipya la masomo na warsha ya Umeme na Elektroniki inayokuja.,,KenyaNewsAgency_Education_Cat,https://www.kenyanews.go.ke/legislator-prioritizes-technical-training-for-tinderet-residents/,2026-07-26,General,Abakire b’aTinderet Sub-county baria batigana okoboka wanang'ani waki Technologia ne Vocational Education and Training (TVET) ki ikirori buya bwaki omokiri bwotsia na bukhokire buya bwa Electrical ne Electronics.,Jodongo motegno Tinderet Sub-county nyal wachoni ma nyal oket gi Technical and Vocational Education and Training (TVET) nyinge ka piny mogo nyal olok gi tuition block nyalo marach ahinya kendo Electrical and Electronics Workshop ma tet.,"Sharci-yaqaannada degmada Tinderet waxay hadda heli karaan barnaamijyo farsamo iyo xirfadeed (TVET) oo la ballaariyay, kadib dhismaha cusub ee xarunta kharashka iyo aqoon-is-weydaarsiga korontada iyo elektarooniga ah ee soo socda."
EDU-00357,Education,PSA,"The Government will expedite the completion of stalled education projects in Chebara, Elgeyo Marakwet County. Affected facilities include Chebara Vocational Training Centre and several schools.","Serikali itakamilisha haraka miradi ya elimu iliyokwama katika Chebara, Kaunti ya Elgeyo Marakwet. Vifaa vilivyoathirika ni pamoja na Kituo cha Mikutano ya Ufundi cha Chebara na shule kadhaa.",,KenyaNewsAgency_Education_Cat,https://www.kenyanews.go.ke/government-to-fast-track-completion-of-chebara-education-projects/,2026-07-26,General,"Abagi be Govamenti boki omorori buya buya bwaki ikoiche buya omokiri bwomoka ogenda Chebara, Elgeyo Marakwet. Omoifunyi bwaki buya bwokamono bwaki bwoka Chebara Vocational Training Centre na masomo mang'ima.","Govt. en godo to nind gi yueyo nyathi ng'ato ma itimre e nind bura to ber gi nyasach e Chebara, Elgeyo Marakwet County. Zawadi ma itimre e kit ma yudho e Chebara Vocational Training Centre kendo waduong' mang'wen.","Dawladda ayaa dedejin doonta dhamaystirka mashaariicda waxbarasho ee hakad galay ee Chebara, Gobolka Elgeyo Marakwet. Goobaha ay saameeyeen waxaa ka mid ah Xarunta Tababarka Xirfadeed ee Chebara iyo dhowr iskuul."
EDU-00358,Education,PSA,All Technical and Vocational Education and Training (TVET) institutions in Kenya are urged to adopt modern training methods and collaborate with industries to equip students with skills for the Fourth Industrial Revolution.,Taasis zote za Teknolojia na Mafunzo ya Ufundi (TVET) nchini Kenya zinahimizwa kupitisha mbinu za kisasa za mafunzo na kushirikiana na viwanda ili kuwapatia wanafunzi ujuzi wa Mapinduzi ya Nne ya Viwanda.,,KenyaNewsAgency_Education_Cat,https://www.kenyanews.go.ke/tvets-urged-to-embrace-emerging-technologies-for-industrial-revolution-skills/,2026-07-26,General,Amaklima o Nyamachaki na Ogotire Okwang'ani (TVET) mo Kenya mosetegere enyisero ya naki na omotorokie naki naki chimbutu naki omoakire amaki omotenya mwaki owagire to kosi motetegere mwaki ogendi obokore bige.,Ka TVET nyaka kanyakore gi institution ahinya e Kenya ng'e yudore konyo mag piny motegno kendo ologo gi ma oting'o mondo wate kanyaluok kendo notimo manyien kuom Fourth Industrial Revolution.,Dhammaan hay'adaha Waxbarashada Farsamada iyo Tababarka ee Kenya waxay ku boorinayaan inay qaataan habab tababar casri ah iyo inay la shaqeeyaan warshadaha si ay ardayda u siiyaan xirfadaha Kacaanka Warshadaha Afaraad.
EDU-00359,Education,PSA,Young people in Murang'a County can access free vocational training at the 360 Climate Institute. Enroll now to gain practical skills for employment or self-employment.,Vijana katika Kaunti ya Murang'a wanaweza kupata mafunzo ya ufundi bure katika Taasisi ya 360 Climate. Jiandikishe sasa ili upate ujuzi wa vitendo kwa ajili ya ajira au kujitegemea.,,KenyaNewsAgency_Education_Cat,https://www.kenyanews.go.ke/free-skills-training-transforms-lives-of-muranga-youth/,2026-07-26,General,Abaki bosi mu Murang'a County bakanogetia oborori bwiire bwokwikonyia ku 360 Climate Institute. Iraore mwaki to kora oria obokire buya bwabaki.,Dudi gi nne mar Murang'a kuom ne ok nyal gitchako modhiero maler e 360 Climate Institute. Nyuol ka gichalo chunyi no nyaka timo cholar keng' kendo nyaka timo mogik.,Dhallinyarada ku nool Degmada Murang'a waxay heli karaan tababar xirfadeed oo bilaash ah iyo hay’adda 360 Climate Institute. Isdiiwaangeli hadda si aad u hesho xirfado wax ku ool ah oo shaqo ama shaqo madax-bannaani.
EDU-00360,Education,PSA,"Teachers will receive salary increases starting July 20, following the implementation of the second phase of the Collective Bargaining Agreement.","Walimu watapokea nyongeza ya mishahara kuanzia Julai 20, kufuatia utekelezaji wa awamu ya pili ya Makubaliano ya Kampuni yenye Wafanyakazi wengi.",,KenyaNewsAgency_Education_Cat,https://www.kenyanews.go.ke/teachers-set-for-salary-boost-as-government-implements-cba-phase-two/,2026-07-26,General,"Abere omokireri bokiya bendo bende gesi July 20, naki bokeria chire chenda omosera chire oria bw'ekirang'ana.","Mwalimu maduong' goyogi e mburi gi tich mar Joly 20, nyaka wuongo gi naki mar chika mwakanyo mar konyo mar chalo.","Macallimiinta ayaa heli doona koror mushahar ah laga bilaabo Luulyo 20, kadib hirgelinta saddexaad ee Heshiiska Iskaashiga."
EDU-00361,Education,PSA,"Mr. Augustine Nzuki from Tala Township Primary School will represent Kenya in a UNESCO AI training program in Shenzhen, China from July 19 to 26, 2026.","Bwana Augustine Nzuki kutoka Shule ya Msingi ya Tala Township atawakilisha Kenya katika programu ya mafunzo ya AI ya UNESCO huko Shenzhen, Uchina kuanzia Julai 19 hadi 26, 2026.",,KenyaNewsAgency_Education_Cat,https://www.kenyanews.go.ke/tala-township-teacher-set-for-unesco-ai-training-in-china/,2026-07-26,General,"Mzee Augustine Nzuki abana Tala Township Primary School oigana Kenya bw’ogwaki itorori ya UNESCO k’eng’achi ya AI buya Shenzhen, China buya nyaki 19 kage 26, ng’enda 2026.","Mr. Augustine Nzuki kutoka Tala Township Primary School orepresent Kenya e UNESCO AI training program e Shenzhen, China kuhang' 19 ku 26, 2026.","Mudane Augustine Nzuki oo ka tirsan Dugsiga Hoose ee Tala Township ayaa Kenya u matali doona barnaamij tababarka AI ee UNESCO oo ka dhici doona Shenzhen, Shiinaha laga billaabo 19-ka ilaa 26-ka Luulyo, 2026."
EDU-00362,Education,PSA,Students who did not apply for university programs in previous years can now apply for placements through the new KUCCPS product. Visit the KUCCPS platform to apply and receive your placement letter.,Wanafunzi ambao hawakuomba nafasi za chuo kikuu katika miaka iliyopita sasa wanaweza kuomba nafasi kupitia bidhaa mpya ya KUCCPS. Tembelea jukwaa la KUCCPS kuomba na kupokea barua yako ya nafasi.,,KenyaNewsAgency_Education_Cat,https://www.kenyanews.go.ke/kuccps-revives-hopes-of-former-students-to-get-varsity-placements/,2026-07-26,General,"Abanchari baki bataraburire mabori enyuema egesogori ya yunivesity oria omoragiare, ng'eyo babonire baki ogenda biria buya ku KUCCPS. Kegendere buya ku platform ya KUCCPS kugira ugendere aborere baki na egesogori yanyu.","Kaware ka gimon'gi kuom university, nyaka konyo gima oseria to konyo sigandogo moca. Jogi KUCCPS, ng'weny gi joma konyo ngeyo sigandogo.",Ardayda aan codsan barnaamijyada jaamacadda sanadoodii hore hadda waxay codsan karaan boosaska iyada oo loo marayo alaabta cusub ee KUCCPS. Booqo madasha KUCCPS si aad u codsato oo aad u hesho warqaddaada booska.
EDU-00363,Education,PSA,"Mung'ala Secondary School now has new dining facilities, providing a better environment for students during meal times. Enjoy the improved dining experience!","Shule ya Upili ya Mung'ala sasa ina vituo vipya vya kulia, vinavyotoa mazingira bora kwa wanafunzi wakati wa chakula. Furahia uzoefu bora wa kula!",,KenyaNewsAgency_Education_Cat,https://www.kenyanews.go.ke/mungala-secondary-school-get-new-dining-facilities/,2026-07-26,General,"Mung'ala Secondary School nakiigana na bwakire bushya bwakugira, buya biria bushasa buya bune bwokore bwokinyekera! Nakiiga bwaki bwakugira!","Mung'ala Secondary School en gima ng'wonyo e yo mar dhoch, oma nyal chopo yore ma ok nyalo chopo mar dende. Gambira e yo mar dhoch ombulu!","Mung'ala Secondary School waxay hada leedahay goobo cusub oo casho ah, taasoo bixineysa deegaan ka wanaagsan ardayda xiliga cuntada. Ka faa’iidayso waayo-aragnimada cashada ee la hagaajiyay!"
EDU-00364,Education,PSA,"The education sector has received a record Sh784.5 billion allocation for the 2026/27 Financial Year, benefiting schools, students, and universities across Kenya.","Sekta ya elimu imepata allocation ya rekodi ya Sh784.5 bilioni kwa mwaka wa fedha 2026/27, ikinufaisha shule, wanafunzi, na vyuo kote Kenya.",,KenyaNewsAgency_Education_Cat,https://www.kenyanews.go.ke/education-sector-receives-record-sh784-5-billion-in-budget/,2026-07-26,General,"Ekegusii ekoi saki ya masomo eya Sh784.5 bilioni omokiri buya bwa 2026/27, okaki ekoreng'ano bw' mashule, abere, naki univesite buya bw' Kenya.","Sekta mag tich en yore gi Sh784.5 bilyoni maromoe mogik kuom chako 2026/27, nikech itimere shule, wanyasaye, gi yunivesiti chalo Kenya.","Saqaaradda waxbarashadu waxay heshay miisaaniyad taariikhi ah oo ah Sh784.5 bilyan sanadka maaliyadeed 2026/27, taasoo ka faa'iideysaneysa dugsiyada, ardayda, iyo jaamacadaha guud ahaan Kenya."
EDU-00365,Education,PSA,Private sector stakeholders in Bondo subcounty are encouraged to partner with the Ministry of Education to support Curriculum Based Education (CBE). Contributions of resources and assistance are needed to ensure no learner is left behind.,Wajumuisha sekta binafsi katika kaunti ndogo ya Bondo wanahimizwa kushirikiana na Wizara ya Elimu kusaidia Elimu Inayoegemea Mtaala (CBE). Msaada wa rasilimali na usaidizi unahitajika kuhakikisha kwamba mwanafunzi yeyote hakosi fursa.,,KenyaNewsAgency_Education_Cat,https://www.kenyanews.go.ke/stakeholders-seek-partnerships-in-curriculum-based-education/,2026-07-26,General,Abagusi b’ekirugendo b’akere nyachira ku Bondo subcounty baraiya kuhuria na Ministry of Education mu gusubira na Curriculum Based Education (CBE). Abaki b’iri na buya buya bakenyerewe kugira omokinyanya nyang’eni soria.,"Gik ma odhiambo e Bondo, nyaka chung' e piny rasmi gi Ministry of Education gima oinuhere Curriculum Based Education (CBE). Koro no genda mar gi resources kod nyiso, to chiwre kak gima chuo en nyinga.",Waxaa lagu dhiirrigelinayaa daneeyayaasha qaybta gaarka ah ee degmada Bondo inay iskaashadaan Wasaaradda Waxbarashada si ay u taageeraan Waxbarashada Ku Saleysan Manhajka (CBE). Kaalmo iyo agab ayaa loo baahan yahay si loo hubiyo in arday walba ay helaan fursad.
EDU-00366,Education,PSA,The County Government of Kakamega is constructing over 61 modern Early Childhood Development Education (ECDE) centres to improve access to quality education in the region. Parents are encouraged to enroll their children in these newly enhanced public ECDE centres.,Serikali ya Kaunti ya Kakamega inajenga zaidi ya vituo 61 vya kisasa vya Elimu ya Maendeleo ya Utotoni (ECDE) kuboresha upatikanaji wa elimu bora katika eneo hili. Wazazi wanahimizwa kuwaj enrolling watoto wao katika vituo hivi vya umma vya ECDE vilivyoboreshwa.,,KenyaNewsAgency_Education_Cat,https://www.kenyanews.go.ke/modern-ecde-centres-transform-learning-in-lugari/,2026-07-26,General,Abasoresori bwakagoni buKakamega boti naki nyancha 61 buabere bu naki obwakiri bwogokong’ere buessia bwosi bwosi bwokire obwakirigori. Abatiri bakesebogori baria buchebete buori bwakirigori obwakiri bwenje bworong’i bwakira abate naki.,Govenor wa Kakamega en gima okel mondo owacho over 61 ECDE majomain eyo mone osiepe mar joma nyalo nyal e wiye. Wazir rung'ni mondo obedi kanyo jomadak matut e yore ma okel gi.,Dowladda Qaaradda Kakamega waxay dhisayso in ka badan 61 xarumood oo casri ah oo waxbarashada Hore ee Carruurta (ECDE) si loo hagaajiyo helitaanka waxbarasho tayo leh gobolka. Waalidka waxaa lagu dhiirigelinayaa inay ku diiwaangeliyaan carruurtooda xarumahan cusub ee la hagaajiyay ee ECDEda dadweynaha.
EDU-00367,Education,PSA,"The National Government Constituencies Development Fund is enhancing school infrastructure, including classrooms and laboratories, to improve student learning environments.","Mfuko wa Maendeleo ya Jimbo la Serikali ya Kitaifa unaboresha miundombinu ya shule, ikijumuisha madarasa na maabara, ili kuboresha mazingira ya kujifunzia kwa wanafunzi.",,KenyaNewsAgency_Education_Cat,https://www.kenyanews.go.ke/legislator-pledges-to-develop-school-infrastructure/,2026-07-26,General,"Ekigwachi chogori cha Omoja kinyancha Omokiriri chikere omokiriri bwakire, ekikumi naki omokiriri, naki ebwaki busechara bwaki bwaki bosi.","Geverno ng’ama marach kanyakla gi fund mar Constituent Development ng’eyo jumba mar masomo, ka ji nyaka chako ka gi laburatori, kuom to konyo environment mar masomo.","Hay’adda Horumarinta Deegaanka Degaanka Dowladda Qaranka waxay kor u qaadaysaa kaabayaasha dugsiyada, oo ay ku jiraan fasallada iyo shaybaarka, si loo hagaajiyo deegaanada waxbarasho ee ardayda."
EDU-00368,Education,PSA,"Needy students in Kiambu County are receiving financial support through bursary cheques of KSh 5,000 for day scholars and KSh 10,000 for boarders. Ensure to collect your bursary before school reopens.","Wanafunzi wanahitaji katika Kaunti ya Kiambu wanapata msaada wa kifedha kupitia cheki za bursary za KSh 5,000 kwa wanafunzi wa siku na KSh 10,000 kwa wanafunzi wa bweni. Hakikisha unakusanya bursary yako kabla ya shule kufunguliwa tena.",,KenyaNewsAgency_Education_Cat,https://www.kenyanews.go.ke/kiambu-students-receive-bursaries-ahead-of-school-reopening/,2026-07-26,General,"Abanyere oria buya mu Kiambu County baria bosianga egesomogori busembi bu KSh 5,000 bu ogendori na KSh 10,000 bu abarori. Naki ohigani busembi bwako omokema oria.","Kano students manyien e Kiambu County okinyi pesa mar bursary gi cheke KSh 5,000 ma day scholars nikech KSh 10,000 ma boarders. Jiwaka uko to ka ng'ato bura buru mag bursary piny to school otere.","Ardayda u baahan ee ka tirsan Kiambu County waxay helayaan taageero lacag ah iyada oo loo marayo jeegag bursary ah oo ah KSh 5,000 ardayda maalinimada iyo KSh 10,000 ardayda jiifka ah. Hubi inaad soo qaadato bursary-gaaga kahor intaan dugsiga dib u furan."
EDU-00369,Education,PSA,ICS Technical College is offering a free three-month Russian language training program for students in technical and vocational training. Classes start soon; register now to enhance your global employment opportunities.,Chuo cha Kiufundi cha ICS kinatoa program ya mafunzo ya lugha ya Kirusi bure kwa muda wa miezi mitatu kwa wanafunzi wa mafunzo ya kiufundi na ufundi. Madarasa yananza hivi karibuni; jisajili sasa kuboresha fursa zako za ajira duniani.,,KenyaNewsAgency_Education_Cat,https://www.kenyanews.go.ke/college-introduces-russian-language-course/,2026-07-26,General,ICS Technical College ikorengii ore obwaki bwogenge bujokire bwaki bwabwakire bataraka bataraki bwiita bujokire bwogenge bwokiri. Maki chaburi; ohikire nyake omokiraki bwokire bwokiri.,ICS Technical College oting' gi chuech mar Russian ma oketh tich kendo e tich maler mag thum tinde. Wadh joma kwayo; register duto nigi to gin kanyalo konyo ngamoro kanyo gi joma mar duniya.,Koleejka Farsamada ICS wuxuu bixinayaa barnaamij lacag la’aan ah oo tababarka luuqadda Ruushka ah muddo seddex bilood ah ardayda ku jirta tababarka farsamada iyo xirfadaha. Fasalladu waxay bilaabmayaan dhawaan; isdiiwaangeli hadda si aad u kordhiso fursadahaaga shaqo ee caalamiga ah.
EDU-00370,Education,PSA,Students interested in physics can benefit from STEM outreach programs organized by CEMASTEA and partners. Engage with hands-on experiences to ignite your passion for science.,Wanafunzi wanaovutiwa na fizikia wanaweza kufaidika na mipango ya utoaji wa STEM iliyoandaliwa na CEMASTEA na washirika. Shiriki katika uzoefu wa vitendo ili kuwasha shauku yako ya sayansi.,,KenyaNewsAgency_Education_Cat,https://www.kenyanews.go.ke/stem-outreach-inspires-physics-students-in-kiambu/,2026-07-26,General,Abana baki ogendete mu physics bakizang'anya na STEM outreach programs eziri omokinyi CEMASTEA na abaranga. Terenda omanga omokinyanaki ogotenderira okiresi tirimo.,"Wachopo ma okel physics, inyal konyo e programe ma nyal STEM ma CEMASTEA kod ma duto. Nying' e wach mar konyo kod nyim maler kuom sayansi.",Ardayda xiiseynaysa fiisikiska waxay ka faa'iideysan karaan barnaamijyada STEM ee ay abaabushay CEMASTEA iyo shuraakadeeda. Ka qeybgala waayo-aragnimooyin gacanta ah si aad u dhagaxdhigto xiisahaaga sayniska.
EDU-00371,Education,PSA,"Machakos University is constructing a Smart TVET building to enhance technical and vocational education, with completion expected in 12 months. Stay informed for enrollment and training opportunities.","Chuo Kikuu cha Machakos kinajenga jengo la Smart TVET ili kuboresha elimu ya kitaaluma na ufundi, likitarajiwa kukamilika ndani ya miezi 12. Fuata habari za kujisajili na fursa za mafunzo.",,KenyaNewsAgency_Education_Cat,https://www.kenyanews.go.ke/safaricom-partners-with-machakos-university-to-build-smart-tvet-college/,2026-07-26,General,"Machakos University inogangia ekorongori ya Smart TVET bugeayo buya enki'kore y'abateki n'amosendekii, na orokore emokore 12. Naki nakiore omoi omogenda nakiabireyaki.","Machakos University nochako gi building mar Smart TVET to yie ji joma neno machal, kendo ng'eyo ka gima tho ngeyo e yo mwak 12. Chok gi ng'ato ngaphu machalo kendo joma neno.","Jaamacadda Machakos waxay dhisaysaa dhismo Smart TVET ah si loo xoojiyo waxbarashada farsamada iyo xirfadaha, wuxuuna dhamaadkiisu la filayaa in uu dhamaado 12 bilood gudahood. Kula soco fursadaha diiwaangelinta iyo tababarka."
EDU-00372,Education,PSA,The Ministry of Education is urged to introduce Artificial Intelligence (AI) as a formal subject in secondary schools to enhance students' skills for future careers.,Wizarati ya Elimu inasihi kuanzisha Akili Bandia (AI) kama somo rasmi katika shule za sekondari ili kuboresha ujuzi wa wanafunzi kwa ajili ya ajira za baadaye.,,KenyaNewsAgency_Education_Cat,https://www.kenyanews.go.ke/push-to-have-ai-in-senior-school-curriculum/,2026-07-26,General,Abagere b'Oborere b'Abantu bakunyora mugambi omogoti naki naki ya Artificial Intelligence (AI) ekinyanaka omokireri oria shange chibari cha masomo chire motigere.,"Kachok ma tich mag education okonyre e chuny ariyo to itiyo Artificial Intelligence (AI) kamano mar tich maber e shule mar sekondari, chike mondo wanyore thuolo gi chalo mag nyaka.",Wasaaradda Waxbarashada waxaa lagu boorinayaa inay keento Sirdoonka Artifishalka (AI) sidii maaddo rasmi ah oo dugsiyada sare lagu bixiyo si loo xoojiyo xirfadaha ardayda ee shaqooyinka mustaqbalka.
EDU-00373,Education,PSA,Young learners in Machakos County had the opportunity to interact with global scientists during a STEM outreach program at Machakos Girls High School.,Wanafunzi vijana katika Kaunti ya Machakos walipata fursa ya kuzungumza na waprofesa wa sayansi kutoka duniani kote wakati wa mpango wa msaada wa STEM katika Shule ya Upili ya Wasichana ya Machakos.,,KenyaNewsAgency_Education_Cat,https://www.kenyanews.go.ke/cemastea-brings-global-scientists-to-inspire-future-stem-leaders/,2026-07-26,General,Abato bano bakiire mu Machakos County bakiire namiriri nakiigwa na okerebuo nakiere bunene baaba nakiigwa gwenyeki mu STEM mu Machakos Girls High School.,Weche gi kendo e Machakos County nyathin gi chike magok kuom gi scientists piny ma mondegi e nyime STEM e Machakos Girls High School.,Ardayda yar ee gobolka Machakos waxay fursad u heleen inay la xiriiraan saynisyahanno caalami ah intii ay socotay barnaamijka STEM ee ka dhacay Dugsiga Sare ee Gwrang Mchackos.
EDU-00374,Education,PSA,Needy students from Muhoroni and Nyakach Sub-Counties in Kisumu can apply for Sh4.2 million in bursaries to help with school fees. Check with the Senator's Office for application details.,Wanafunzi wenye uhitaji kutoka Muhoroni na Nyakach katika Kaunti ya Kisumu wanaweza kuomba ufadhili wa Sh4.2 milioni kusaidia katika ada za shule. Angalia ofisi ya Seneta kwa maelezo ya maombi.,,KenyaNewsAgency_Education_Cat,https://www.kenyanews.go.ke/senator-offers-sh4-2-million-bursaries-to-needy-students-in-kisumu/,2026-07-26,General,Abanyabaki batarorere buya naki Muhoroni na Nyakach Sub-Counties mu Kisumu barangire kubirkenya Sh4.2 million buya emokiriri bwakoreri emokwa. Vergeja na Ofisi ya Senator buya obwakire bwakoreri.,Wang’ni kendo nyaka lweny ma ni kuoch goyo lokruok kuom Sh4.2 milioni ma okelo bursing to ang’weny ki jaluo. Konyruok e Ofis ma Senator niya gi nyiso ma kanyo.,Ardayda u baahan ee ka socota Gobolka Muhoroni iyo Nyakach ee Kisumu waxay codsan karaan Sh4.2 milyan oo deeqo waxbarasho si ay uga caawiyaan kharashaadka iskuulka. La xiriir Xafiiska Senator-ka si aad u hesho faahfaahinta codsiga.
EDU-00375,Education,PSA,"Six new school buses have been procured for Nyakach schools through NG-CDF, to be distributed before the end of the financial year 2026/2027, enhancing transport for learning.","Basi sita mpya za shule zimepatikana kwa shule za Nyakach kupitia NG-CDF, zitakazopewa kabla ya kumalizika kwa mwaka wa fedha 2026/2027, kuboresha usafiri wa kujifunza.",,KenyaNewsAgency_Education_Cat,https://www.kenyanews.go.ke/aduma-procures-six-school-buses-through-ng-cdf/,2026-07-26,General,"Basi naki nane buya bwakoretswe buya bwokire Nyakach buzi bwi NG-CDF, bujengani bwera buya bwabwakire buya bwahaki buya buya buryo bwokire bworori ya 2026/2027, bujengani bwahaki bwokwikore buya bwokwigana.","Bonde mar adhi 6 nyakach mag njira yoye ng'ato kuom NG-CDF, to be diro bei koro gi jina mar chuo 2026/2027, to g'iyore transport mar nying' gima.","Lix bas cusub ayaa loo iibiyey dugsiyada Nyakach iyada oo loo marayo NG-CDF, si ay loo qaybiyo ka hor dhamaadka sanadka maaliyadeed ee 2026/2027, korna u qaadi doonta gaadiidka waxbarashada."
EDU-00376,Education,PSA,"Jomo Kenyatta University of Agriculture and Technology hosted the International Kids' Conference, providing a platform for secondary school students to pitch innovative projects and ideas.","Chuo Kikuu cha Jomo Kenyatta cha Kilimo na Teknolojia kilihost maadhimisho ya Kimataifa ya Watoto, kikitoa fursa kwa wanafunzi wa shule za sekondari kuwasilisha miradi na mawazo ya ubunifu.",,KenyaNewsAgency_Education_Cat,https://www.kenyanews.go.ke/youth-innovation-championed-at-global-childrens-conference/,2026-07-26,General,"Jomo Kenyatta University of Agriculture and Technology yakioma Intaneti ya Banabere buya, buya abatega bosi abaidaka kitemo chochiri na bosi obwakire bwaboki.","Jomo Kenyatta University of Agriculture and Technology ne neno gi International Kids' Conference, oherie piny kuom joma secondary ma okonyo tich mar yore mag nyaka.","Jaamacadda Jomo Kenyatta ee Beeraha iyo Teknolojiyada ayaa martigalisay Shirweynaha Caalamiga ah ee Carruurta, iyada oo fursad u siisay ardayda dugsiyada sare inay soo bandhigaan mashaariic iyo fikrado cusub."
EDU-00377,Education,PSA,Students are urged to prioritize discipline and academic excellence to achieve their goals and positively impact their future.,Wanafunzi wanasisitizwa kuweka kipaumbele nidhamu na uf Excellence wa kitaaluma ili kufikia malengo yao na kuathiri kwa njia chanya wakati wao ujao.,,KenyaNewsAgency_Education_Cat,https://www.kenyanews.go.ke/cherorot-calls-on-students-to-prioritise-discipline-and-academic-excellence/,2026-07-26,General,Abakire batirwe kugirango babere bandidi na buya bw’amasomo kugira batuhiye ibango na busani bw’ebiogori bwabo.,"Wang'ni majeru kendo to gi chalo chalo maber, ng'ato chimbe ni to nyalo yudhi mokwongo gi chamo chuo.",Ardayda waxaa lagu boorinayaa inay mudnaanta siiyaan anshaxa iyo heerka waxbarashada si ay u gaaran yoolalkooda una saameeyaan mustaqbalkooda si togan.
EDU-00378,Education,PSA,Students in Kajiado County are urged to embrace Physics and STEM subjects to prepare for careers in science and innovation. Engage in practical learning and seek resources to explore these fields.,Wanafunzi katika Kaunti ya Kajiado wanah encouraged kuchukua Fizikia na masomo ya STEM ili kujiandaa kwa kazi katika sayansi na uvumbuzi. Shiriki katika kujifunza kwa vitendo na tafuteni rasilimali za kuchunguza nyanja hizi.,,KenyaNewsAgency_Education_Cat,https://www.kenyanews.go.ke/students-in-kajiado-urged-to-embrace-physics-as-pathway-to-stem-careers/,2026-07-26,General,Abana baki Kajiado County naki ogenda buya bu Physics na masomo ma STEM buya boki orekerere buya naki kariari mu bilimbe na obwakiire. Waki kodhi omokireri omotende na oki omokinyani nyaki ekegusii.,"Odhi gi kuom students e Kajiado County, nene onge gi Physics kod STEM ma oket nyaka timo joma e science kod innovation. Keth gi nyandwatruok e piny kod jong'eyo kuom ini kaya.",Ardayda Gobolka Kajiado waxaa la dhiirigelinayaa inay qaataan Fiisigis iyo maadooyinka STEM si ay u diyaariyaan xirfado cilmiga iyo hal-abuurka. Ka qayb qaado barashada gacanta ah oo raadi ilaha si aad u sahamiso goobahan.
EDU-00379,Education,PSA,Construction of a new classroom at Emmabwi Senior School has begun with Sh 1 million funding. Emuhaya residents can expect further educational infrastructure improvements.,Ujenzi wa darasa jipya katika Shule ya Upili ya Emmabwi umeanza kwa ufadhili wa Sh milioni 1. Wakazi wa Emuhaya wanaweza kutarajia maboresho zaidi ya miundombinu ya elimu.,,KenyaNewsAgency_Education_Cat,https://www.kenyanews.go.ke/milemba-intensifies-education-and-infrastructure-development-in-vihiga/,2026-07-26,General,Ekitabu kisasa ekire ekiri na Emmabwi Senior School kinyang'ana ekibuni na mali ya Sh 1 milioni. Abakere b'Emuhaya baria buya bwentsikire bwere bweng'ana bwakiagania bwesi.,Ige ok nyaka tiyo klas motegno e Emmabwi Senior School nigi Sh 1 million. Wuod Emuhaya ochiko kuom weche duto ma ok nyal chako mar education.,Dhismayaasha fasalka cusub ee iskuulka Emmabwi Senior School ayaa bilaabmay iyadoo la helay maalgelin gaareysa Sh 1 million. Muwaadiniinta Emuhaya waxay filan karaan horumarro kale oo kaabayaasha waxbarashada ah.
EDU-00380,Education,PSA,"Parents of Kapenguria Boys High School are required to clear remaining school fees and pay an additional Sh11,270 per student before learning resumes.","Wazazi wa Shule ya Upili ya Kapenguria Boys wanahitajika kulipa madeni ya shule yaliyosalia na kuongeza Sh11,270 kwa mwanafunzi kabla ya masomo kuanza tena.",,KenyaNewsAgency_Education_Cat,https://www.kenyanews.go.ke/dci-probe-kapenguria-boys-fire-as-parents-seek-answers/,2026-07-26,General,"Ababere baki Kapenguria Boys High School baria batararire baisia bosi bwaki bwaki ne barekire Sh11,270 buya bwaki bwokoto baji banya bataria bosi bwaki bwekire.","Ababani mag Kapenguria Boys High School nyal gi kuom pok kaka anyal jochung' ma olosemo kod okonyo Sh11,270 kwa mwana nyaka wang'ni maaro.","Waalidiinta dugsiga sare ee Kapenguria waxaa loo baahan yahay inay bixiyaan lacagta dugsiga ee haray iyo 11,270 Shillings dheeraad ah arday kasta ka hor inta aysan waxbarashadu dib u bilaaban."
EDU-00381,Education,PSA,"The County Licensing (Uniform Procedures) Act, 2024 is being implemented to standardize business licensing across all 47 counties, benefiting traders with easier operations.","Sheria ya Leseni za Kaunti (Taratibu za Kawaida), 2024 inatekelezwa ili kuimarisha utoaji wa leseni za biashara kote katika kaunti 47, ikiwafaidisha wafanyabiashara kwa kufanya shughuli zao kuwa rahisi.",,KenyaNewsAgency_Education_Cat,https://www.kenyanews.go.ke/state-says-new-act-to-ease-business-operations-across-counties/,2026-07-26,General,"Shughuli ya Sharia ya Leseni ya Kaunti (Miko ya Mara) ya mwaka wa 2024 inatekelezwa kuleta uratibu wa leseni za biashara katika kaunti 47, ikiwafaidisha wafanyabiashara kwa kufanya kazi kwa urahisi.","Shule mar County Licensing (Uniform Procedures) Act, 2024 nyalo ber kanyakore ineno gi buya masira ma okok gini e piny 47, ma okonyo puonj kager mar abiro.","Sharciga Shati-siinta Gobolka (Hannaanka Isku Midka ah), 2024 ayaa lagu dhaqangelinayaa si loo mideeyo shatiyeynta ganacsiga dhammaan 47-ka gobol, taasoo ka faa’iidaysanaysa ganacsatada hawlaha sahlan."
EDU-00382,Education,PSA,"Over 10,000 Junior Secondary Schools will receive interactive smart boards to enhance digital learning; 10,382 schools are included in the first phase.","Shule za Sekondari za Kiwango cha chini zaidi ya 10,000 zitapokea bodi za kijifundo za kisasa ili kuboresha ujifunzaji wa kidijitali; shule 10,382 zimo katika awamu ya kwanza.",,KenyaNewsAgency_Education_Cat,https://www.kenyanews.go.ke/10382-jsss-to-receive-smart-boards-in-first-phase/,2026-07-26,General,"Shule 10,382 dya Junior Secondary zigaigwa naki bwogori togharia bushambo bweng'ori bujana; ng'ano 10,000 dya shule zigaigwa mu naki buya.","Dala 10,000 Junior Secondary Schools ng'eyo be muchi interactive smart boards gi dongo gokuom jatiyo; 10,382 schools ne en taiygi kendo chike ni.","In ka badan 10,000 dugsiyo hoose oo dhexe ayaa heli doona guddiyada casriga ah ee isdhexgalka si loo xoojiyo waxbarashada dijitaalka ah; 10,382 dugsi ayaa ku jira marxaladdii ugu horeysay."
EDU-00383,Education,PSA,The government is strengthening healthcare services in schools to improve access for students registered under the Social Health Authority (SHA). Parents are encouraged to ensure their children are registered for medical services.,Serikali inaimarisha huduma za afya shuleni ili kuboresha upatikanaji kwa wanafunzi walioandikishwa chini ya Mamlaka ya Afya ya Kijamii (SHA). Wazazi wanahimizwa kuhakikisha watoto wao wameandikishwa kwa huduma za matibabu.,,KenyaNewsAgency_Education_Cat,https://www.kenyanews.go.ke/government-strengthens-healthcare-in-schools/,2026-07-26,General,Abariki bwakirori bakiabwiria bwakire buya mu burokore bu mokiraki bwakiabwaki mbini bugetere oigari bwareka ba Social Health Authority (SHA). Abatendo bataraki bategorie okuora entakiri yabo baabokirori.,Chayo magentoo e lwakni n gibuok maromi yogo oganda ka okanyo dhako duto ma nyalo chogo e Social Health Authority (SHA). Kaka ningo chikea gikwayi wuon nyaka timo kaluwore gi kit.,Dowladdu waxay xoojinaysaa adeegyada caafimaadka dugsiyada si ay u hagaajiso helitaanka ardayda ku diiwaangasan Hay'adda Caafimaadka Bulshada (SHA). Waalidiinta waxaa lagu dhiirigelinayaa inay xaqiijiyaan in carruurtooda lagu diiwaangaliyo adeegyada caafimaadka.
EDU-00384,Education,PSA,"The Kenya Defence Force is constructing classrooms in ten primary schools in Laikipia County, aiming to provide a conducive learning environment. Facilities will be ready in two months.","Jeshi la Ulinzi la Kenya linajenga madarasa katika shule za msingi kumi katika Kaunti ya Laikipia, lengo likiwa kutoa mazingira bora ya kujifunzia. Miundombinu itakuwa tayari katika miezi miwili.",,KenyaNewsAgency_Education_Cat,https://www.kenyanews.go.ke/government-constructing-classrooms-in-mukogodo-as-strategy-to-restore-peace/,2026-07-26,General,"Kenya Defence Force ikoranga amang'anya a nyansiongo mu nyang'ina ikiri mwaki ikikumu e Laikipia, ekirebaki kukiria oria bwogori bweng'ano. Bwakire bwarerano mu naki ikibue.","Kenya Defence Force omechango klaseni e diko mar dongo golo e Laikipia County, kanyalo ung'ere piny mar neno. Tich nobed ready e piny abich chunyi.","Ciidanka Difaaca Kenya waxa uu dhisaya fasallo dugsiyada hoose ee tobanka ah ee ka jira Laikipia, isagoo hiigsanaya in la siiyo deegaan waxbarasho oo habboon. Goobaha waxaa la dhamaystiri doonaa laba bilood gudahood."
EDU-00385,Education,PSA,Teachers are encouraged to engage in continuous professional development to enhance their skills in STEM education and meet current technological demands.,Walimu wanahimizwa kujihusisha na maendeleo ya kitaaluma yanayodumu ili kuboresha ujuzi wao katika elimu ya STEM na kukidhi mahitaji ya kiteknolojia ya sasa.,,KenyaNewsAgency_Education_Cat,https://www.kenyanews.go.ke/cemastea-advocates-for-strengthening-of-stem-education/,2026-07-26,General,Abakere bategwirire obwakire mu giyegendekere bwokubiri bwogendane buya bwanatiga banyang'ere kukweta bwanani mu STEM naki amagego amaturaka.,Dhi nyaka tembe ka obed gima mar tich e wanya mar STEM kendo konyo joma wach ekuom gi tich mamoko.,Macallimiinta waxaa lagu dhiirrigelinayaa inay ka qaybqaataan horumarinta xirfadeed ee joogtada ah si ay u kordhiyaan xirfadooda waxbarashada STEM iyo inay la kulmaan baahiyaha tiknoolajiyada ee hadda.
EDU-00386,Education,PSA,Education stakeholders are urged to support the establishment of well-equipped physical school libraries and provide up-to-date Competency-Based Education (CBE) books to enhance students' reading skills.,Wadau wa elimu wanahimizwa kusaidia kuanzishwa kwa maktaba za shule zilizo na vifaa vya kisasa na kutoa vitabu vya Elimu Inayozingatia Uwezo (CBE) ili kuboresha ujuzi wa kusoma wa wanafunzi.,,KenyaNewsAgency_Education_Cat,https://www.kenyanews.go.ke/call-for-physical-school-libraries-cbe-books-as-learners-join-national-read-aloud/,2026-07-26,General,"Abaki bwakiriosere bwereke omokirori bwaki buno bwakiurire bukirori bwa mashule naki biafra bwaki mboya, na buse omogendo woekire obokire bwa CBE buya buse buya nubwakire oria ogenda abanya bwaki oria.",Nige goyo wek kothni ma oknji nyaka bende yotore gema mag gima cama kendo timbe gima mekwando ni joma nigi godo gima gi dongruok.,Dhammaan daneeyayaashu waxa lagu boorinayaa inay taageeraan aasaaska maktabadaha iskuulka ee qalabaysan iyo inay bixiyaan buugaagta Waxbarashada Ku Salaysan Aqoonta (CBE) ee casriga ah si loo koriyo xirfadaha akhriska ardayda.
EDU-00387,Education,PSA,School fees hikes must follow legal procedures and cannot be implemented unilaterally by principals. All changes require discussions with parents and approval from the Ministry of Education.,Kuongeza ada za shule lazima kufuate taratibu za kisheria na haiwezi kufanywa kwa upande mmoja na wakuu wa shule. Mabadiliko yoyote yanahitaji kujadiliwa na wazazi na kupata kibali kutoka Wizara ya Elimu.,,KenyaNewsAgency_Education_Cat,https://www.kenyanews.go.ke/increasing-of-school-fees-must-be-procedural-cs-ogamba-insists/,2026-07-26,General,Ong'anya buya bw'ogusuma buya bwi'ekondu bwagenyigwa na emoshonari buya bwi'ekondu naki kirusia. Ososaini oria orerekyeraki konyoraki bw'otie buya bwi'ogubwaki na obw'osiprari bw'ekondu.,"Mizaa mar shule nikan kuom kanyakla e yo mag mite e dhak, to ok nyalo temo mende mag jodongo. Konyruok wacho osetter gi jopiny kod dengo mar Ministry of Education.","Kordhinta lacagta dugsiga waa in ay raacdaa nidaamka sharciga ah, mana lagu dhaqmi karo si kaligii ah madaxda dugsiyada. Isbedel kasta wuxuu u baahan yahay in la yeesho wadahadal la waalidiinta iyo in ay hesho ogolaansho Wasaaradda Waxbarashada."
EDU-00388,Education,PSA,PCEA Mama Ngina Primary School in Kinoo Ward is undergoing construction of a new nine-classroom block to enhance learning facilities. Expect improved access to quality education soon.,Shule ya Msingi ya PCEA Mama Ngina katika Kata ya Kinoo inajengwa jengo jipya la madarasa tisa ili kuboresha vifaa vya kujifunzia. Tarajia ufikiaji bora wa elimu ya kiwango cha juu hivi karibuni.,,KenyaNewsAgency_Education_Cat,https://www.kenyanews.go.ke/kinoo-school-gets-an-upgrade/,2026-07-26,General,PCEA Mama Ngina Primary School mu Kinoo Ward nakiere kubanga bw'enge na bwenyuni bende maguma mageria ibokiri atang'ani egyurire. Kinyongera obwang'ere bw'ekigendera mu abakiigani.,PCEA Mama Ngina Primary School e Kinoo Ward nema chako mar nyasa ikuru nine ma jathogruok to en ng'ato ma okonyo ringo mag ilim. Eyo ogendini e joma okel chike koro bende.,PCEA Mama Ngina Dugsiga Hoose ee Kinoo Ward waxaa ka socota dhismaha dhisme cusub oo ka kooban sagaal fasal si loo hagaajiyo qalabka waxbarashada. Ka filan helitaanka waxbarasho tayo leh oo korodhay dhawaan.
EDU-00389,Education,PSA,Skilled Kenyans interested in job opportunities in Russia can enroll in a free three-month online Russian language course starting July 13 at ICS Technical College.,Wakenya wenye ujuzi wanaovutiwa na fursa za kazi nchini Urusi wanaweza kujiandikisha katika kozi ya mtandaoni ya lugha ya Kirusi isiyolipishwa kwa muda wa miezi mitatu inayanza Julai 13 kwenye Chuo cha Ufundi cha ICS.,,KenyaNewsAgency_Education_Cat,https://www.kenyanews.go.ke/russian-ngo-partners-with-kenyan-college-to-offer-free-russian-language-course/,2026-07-26,General,Abakinyaki bakiagori bw’ogendi buya bu watoto bw’ogochenyera mu Russia bategane bendera kubanduka mu kikhwenda kiongochiaki ky’ekekata ekigana naki ky’egwakuria ekisoka muthuri ya Juli 13 na ICS Technical College.,"Ong'ere Kenyani ma wuon job mwand kanyo e Russia, nedi ka enrol e kachieng' kusingo mar luo okeyo manok e mwakiyo mar tati, manok magi July 13 e ICS Technical College.","Somalida xirfadlayaasha ah ee xiiseynaya fursadaha shaqo ee Ruushka waxay isdiiwaangeli karaan koorso af Ruushka oo lacag la'aan ah oo soconaysa saddex bilood, oo bilaabanaysa July 13, Jaamacadda Farsamada ICS."
EDU-00390,Education,PSA,Youth are encouraged to enroll in Technical and Vocational Education and Training (TVET) programs for employable skills. Parents and guardians in Nyandarua County should support this initiative.,Vijana wanahamasishwa kujiunga na programu za Elimu na Mafunzo ya Ufundi na Kitaalamu (TVET) kwa ajili ya kupata ujuzi wa kufanya kazi. Wazazi na walezi katika Kaunti ya Nyandarua wanapaswa kuunga mkono juhudi hii.,,KenyaNewsAgency_Education_Cat,https://www.kenyanews.go.ke/ngao-team-challenged-to-boost-tvet-enrollment-among-youth/,2026-07-26,General,Abakomokiri baria biyaki baki omokiroria mu Technical and Vocational Education and Training (TVET) buya obokire. Ababere na abekaki mu Nyandarua County naki baki omokirori buya.,Dholet mar jopiny nyal wachone kuom Technical and Vocational Education and Training (TVET) mar joma manyalo golo. Jotegno no nyaka ing'eyo ni ginyal dhok ji e Nyandarua County.,Dhalinyarada waxaa la dhiirigelinayaa inay iska diiwaangeliyaan barnaamijyada Waxbarashada Farsamada iyo Jilitaanka (TVET) si ay u helaan xirfadaha shaqo. Waaliddiinta iyo masuuliyiinta gobolka Nyandarua waa inay taageeraan hindisahan.
EDU-00391,Education,PSA,Girls in Mombasa County are encouraged to enroll in TVET institutions and pursue blue economy courses to empower their careers.,Wasichana katika Kaunti ya Mombasa wanahimizwa kujiandikisha katika taasisi za TVET na kufuata kozi za uchumi wa buluu ili kuimarisha ajira zao.,,KenyaNewsAgency_Education_Cat,https://www.kenyanews.go.ke/girls-urged-to-enroll-in-tvet-and-blue-economy-courses-to-bridge-gender-gap/,2026-07-26,General,Abakobwa baki Mombasa County barakwandikire mu mashule ya TVET kendo batarangire mashoko a blue economy ogukongera buya bwabo.,"Dhi nyar kanyal Mombasa tunyIs gi konyo konyo ma TVET, kendo ibed gi chihor mar blue economy kuom puodho duto.",Gabaraha ka soo jeeda Gobolka Mombasa waxaa lagu boorinayaa inay iska diiwaan galiyaan hay'adaha TVET oo ay bartaan koorsooyinka dhaqaalayaasha buluugga ah si ay u xoojiyaan xirfadahooda.
EDU-00392,Education,PSA,Migori County vocational instructors are urged to submit their promotion requests to the County Department of Education as overdue promotions are being addressed.,Walimu wa fani wa Kaunti ya Migori wanashauriwa kuwasilisha maombi yao ya mwezi wa ongezeko la cheo kwa Idara ya Elimu ya Kaunti kwani kukuza cheo ambayo imechelewa inashughulikiwa.,,KenyaNewsAgency_Education_Cat,https://www.kenyanews.go.ke/migori-vtcs-instructors-demand-action-following-overdue-promotions-2/,2026-07-26,General,Ab instructors baki Migori konchire buya bimise batosi chimbokire buya bwa chire chire buya osibori buya buya buya boke bategonye.,"Instructors maruok Migori County ne okwiye nyasa chike mar ka nyaka timbe to County Department of Education, ka chike mar timbe owang' kod chike mar timbe oserere.","Macallimiinta xirfadaha ee Gobolka Migori waxaa lagu boorinayaa inay keenaan codsiyadooda koritaanka oo ay u gudbiyaan Waaxda Waxbarashada ee Gobolka, maadaama koritaanka daahawday la xalinayo."
EDU-00393,Education,PSA,"The Rift Valley Regional Secondary Schools Term Two Games are ongoing until July 11, 2026, at William Ole Ntimama Stadium and Narok High School. Teams are competing for spots in the national championships.","Michezo ya Shule za Sekondari za Mkoa wa Rift Valley ya Kipindi cha Pili inaendelea hadi Julai 11, 2026, katika Uwanja wa William Ole Ntimama na Shule ya Sekondari ya Narok. Timu zinashiriki kwa ajili ya nafasi katika mashindano ya kitaifa.",,KenyaNewsAgency_Education_Cat,https://www.kenyanews.go.ke/rift-valley-regional-secondary-schools-term-two-games-kick-off/,2026-07-26,General,"Matoo maraki evireka ya Rift Valley Regional Secondary Schools Term Two Games ekirogoire kugeza July 11, 2026, ku William Ole Ntimama Stadium na Narok High School. Abaki bakiiria ibuku jia kandori mu national championships.","Ng'ato mar Rafu Valley Regional Secondary Schools Term Two Games ne okonyo kuom July 11, 2026, e William Ole Ntimama Stadium to Narok High School. Timbe ne gin nind Luriburu mar inyoji.","Ciyaaraha Term Two ee Dugsiyada Sare ee Gobolka Rift Valley waxay socdaan ilaa Luulyo 11, 2026, garoonka William Ole Ntimama iyo Dugsiga Sare ee Narok. Kooxuhu waxay tartamayaan si ay u helaan meelaha tartanka qaran."
EDU-00394,Education,PSA,"Mombasa County is launching the ""Skills Mitaani"" vocational programme to train 10,000 youths in blue economy skills. Enroll now if you are a Form Four leaver awaiting university placement.","Kaunti ya Mombasa inaanzisha mpango wa ufundi wa ""Skills Mitaani"" kuwafundisha vijana 10,000 juu ya ujuzi wa uchumi wa buluu. Jisajili sasa ikiwa umemaliza kidato cha nne na unasubiri nafasi ya chuo kikuu.",,KenyaNewsAgency_Education_Cat,https://www.kenyanews.go.ke/mombasa-targets-10000-youth-in-blue-economy-skills-drive/,2026-07-26,General,"Omochenda wa Mombasa oria ""Skills Mitaani"" ekikoro kisuma nakiabaki 10,000 bunge buya mu ugoro omoka. Nyasa nibokienne oweyeye Form Four ogaki zia uchinga buya.","Mombasa County en ginyalo ""Skills Mitaani"" mana ma okel kido 10,000 nyaka konyo chike mag blue economy. Bunyisawa kar kendo en Form Four leaver ma oket kanyalo university.","Degmada Mombasa waxay bilawday barnaamijka xirfadaha ""Skills Mitaani"" si ay u tababarto 10,000 dhalinyaro ah xirfadaha dhaqaale buluug. Isdiiwaangeli hadda haddii aad tahay qof ka qalinjebiyey fasalka 4-aad oo sugaya in jaamacad lagu geliyo."
EDU-00395,Education,PSA,"Ndumberi Primary School has launched modern learning facilities, including additional classrooms and a new JSS laboratory. Students are encouraged to utilize these upgrades for enhanced learning.","Shule ya Msingi ya Ndumberi imeanzisha vifaa vya kisasa vya kujifunzia, ikiwa ni pamoja na madarasa mapya na maabara ya JSS mpya. Wanafunzi wanahimizwa kutumia maboresho haya kwa ajili ya kujifunza bora.",,KenyaNewsAgency_Education_Cat,https://www.kenyanews.go.ke/waithaka-commissions-modern-learning-facilities-at-ndumberi-primary-school/,2026-07-26,General,"Ndumberi Primary School omokire obwakire buya, bwakire bwakunya bwakakire obokiriri buya na ofisi ya JSS. Abana banekwerekire naki omokire obwakire buya buya obokiriri.","Ndumberi Primary School en ni wach kuom kite mag nyasa, keto kanyo klas nyingi kod labu achiel JSS. Teno niez ga lweny kendo gibed nyiso mokuongo e piny.","Dugsiga Hoose ee Ndumberi waxa uu hirgeliyay goobaha waxbarashada casriga ah, oo ay ka mid yihiin fasallo dheeri ah iyo maktabad cusub oo JSS ah. Ardayda waxaa ka dhiirrigelinaya inay ka faa'iidaystaan horumaradan si ay u helaan waxbarasho fiican."
EDU-00396,Education,PSA,KUPPET urges political leaders to refrain from interfering in school management to preserve the integrity of the education sector and ensure effective administration.,KUPPET inawasihi viongozi wa kisiasa wasihusishe katika uendeshaji wa shule ili kuhifadhi uaminifu wa sekta ya elimu na kuhakikisha usimamizi mzuri.,,KenyaNewsAgency_Education_Cat,https://www.kenyanews.go.ke/kuppet-warns-politicians-against-meddling-in-school-management/,2026-07-26,General,KUPPET echoborere abaki ba chimboko enga baborere mu mirongo ya shuleni omokire ore okomokire kugira omosi chicha bwa sekta ya edutioni na obokire bwetegere.,KUPPET oikuru viongozi wa siasa ka insore kuchoko kwach ni machiegni chike to gin gima yawuoro ma en kit duka mar elimu kendo ji tetekwa gi nindo.,KUPPET waxay ku boorrineysaa hoggaamiyayaasha siyaasadda inay ka fogaadaan ku dhex-jiritaanka maamulka iskuulada si loo ilaaliyo sharafka qaybta waxbarashada iyo in la hubiyo maamulka waxtarka leh.
EDU-00397,Education,PSA,Invest in teacher training and research to promote Physics and STEM education. Join efforts to nurture the next generation of innovators for national development.,wekeza katika mafunzo ya walimu na utafiti ili kuhamasisha elimu ya Fizikia na STEM. Jiunge na juhudi za kulea kizazi kijacho cha wabunifu kwa ajili ya maendeleo ya kitaifa.,,KenyaNewsAgency_Education_Cat,https://www.kenyanews.go.ke/cemastea-champions-physics-education-to-accelerate-scientific-innovation/,2026-07-26,General,Tegana ogete magori naki na oandu omokiri omogori orenge Physics na STEM. Naki na oronto ogenda ogokire ekere bw'osubori bw'oguera.,Nyiso kuom wacho mar wathore mag piny gi nyasaye kendo ne okinyi kuom physics kata STEM. Konyo chiw jidho mar iye nyasaye ma onge e weche mag piny.,Maalgashi ku samee tababarka macallimiinta iyo cilmi-baarista si aad u horumariso waxbarashada Fiisigga iyo STEM. Ku biir dadaallada lagu kalsooni gelinayo jiilka xiga ee hal-abuurayaasha horumarinta qaranka.
EDU-00398,Education,PSA,"The Kenya School of Agriculture at Kamutune, Meru County, will be completed by December 2026, providing a center for agricultural training and innovation.","Shule ya Kilimo ya Kenya katika Kamutune, Kaunti ya Meru, itakamilika mwezi Disemba 2026, ikitoa kituo cha mafunzo na uvumbuzi katika kilimo.",,KenyaNewsAgency_Education_Cat,https://www.kenyanews.go.ke/%e2%80%8e-kamutune-agricultural-college-meru-to-be-ready-by-december/,2026-07-26,General,"Ishule ya Kegosasa ya Kenya kwi Kamutune, Kaunti ya Meru, ichokire buya mwaki December 2026, ikiting'ana buya itegero naki ikigwe.","Kenya School of Agriculture ku Kamutune, Meru County, ok wang' e ndalo kuom December 2026, nikech okonyo chunyruok ahinya mag tich gi nyadinda.","Iskuulka Beeraha ee Kenya ee Kamutune, Degmada Meru, waxaa la dhameystirayaa December 2026, isagoo bixiya xarun loogu talagalay tababarka iyo hal-abuurka beeraha."
EDU-00399,Education,PSA,A sanitation programme is launching to build modern flush toilets and improve hygiene in primary schools in Teso South. Schools will be selected for the pilot phase; details will follow.,Mpango wa usafi unazinduliwa kuijenga vyoo vya kisasa na kuboresha usafi kwenye shule za msingi katika Teso Kusini. Shule zitachaguliwa kwa hatua ya majaribio; taarifa zaidi zitafuatia.,,KenyaNewsAgency_Education_Cat,https://www.kenyanews.go.ke/mp-unveils-sanitation-programme-in-teso-south-schools/,2026-07-26,General,Omochi bw’ogusukari bw’ogenda kumina matigori ma bayo na bw’ogogotana mwagano mu masoko g’abasibori abaki. Masoko beku gwetwaki bwegana bw’otogotani; ekereri naki ekerania.,Otime kanyenje owinjre ni to ng’ato kanyal e ng’iyo maber kuom tich mar tich mag Teso South. Tich iwuok otimre kod nidi ma okonyo e tich; nyiri neno ang’wen.,Barnaamij nadaafadeed ayaa la bilaabayaa si loo dhiso musqulo casri ah oo biyaha dhacaya iyo in la hagaajiyo nadaafadda iskuullada hoose ee Teso South. Iskuullada waxaa lagu dooran doonaa marxaladda tijaabada; faahfaahinta waxay daba socon doontaa.
EDU-00400,Education,PSA,All boarding schools in Tharaka Nithi must address identified safety and infrastructural gaps as per the recent county assessment. Compliance is required within the agreed timelines to ensure student safety.,Shule za bweni zote katika Tharaka Nithi zinapaswa kushughulikia upungufu ulioanishwa wa usalama na miundombinu kulingana na tathmini ya hivi karibuni ya kaunti. Utii ni wa lazima ndani ya muda uliokubaliwa ili kuhakikisha usalama wa wanafunzi.,,KenyaNewsAgency_Education_Cat,https://www.kenyanews.go.ke/%e2%80%8etharaka-nithi-moves-to-address-safety-gaps-in-boarding-schools/,2026-07-26,General,Makiendo ya shule zose za bweni mu Tharaka Nithi agakiri okoraga obwakire bwokigembe na obwakire bwokiranga buya iti okoragire mwigano omoshusiya. Ria ikia naki omokiri oria chire chire.,"Nyasaye diko ma oganda bende chike gi gima oting'o ni e Tharaka Nithi mamiyo chako chiegni ka bedo gi chike mag nyasi. Ji aoro tinde, in gi kamano to bende buku lweny mag nyasi.",Dhammaan dugsiyada sare ee Tharaka Nithi waa in ay ka jawaabaan khilaafaadka amniga iyo kaabayaasha ee la ogaaday sida ku xusan qiimeynta cusub ee gobolka. Waa lagama maarmaan in la raaco waqtiyada la isku afgartay si loo hubiyo amniga ardayda.
EDU-00401,Education,PSA,The Communications Authority of Kenya has donated computers to schools in Embu County to enhance digital learning. Schools are encouraged to integrate these resources into their curriculum.,Mamlaka ya Mawasiliano ya Kenya imetolea shule katika Kaunti ya Embu kompyuta ili kuimarisha mfunzo ya kidijitali. Shule zinahimizwa kuziunganisha rasilimali hizi katika mtaala wao.,,KenyaNewsAgency_Education_Cat,https://www.kenyanews.go.ke/ca-boosts-digital-learning-in-embu-schools/,2026-07-26,General,Omoige buya ya Ongorori bw'Omokiri buya emikoro buya na buya shule buya ku Embu County okuore buya fundi bw'ekigwanania bw'ene. Boshule buya ogokire okole ekoro buya aya omoka ibwaki.,Communications Authority of Kenya oretie computers kuzi joma ku Embu County mano to yore dhokre digital. Joma ku piny nyaka gend kanyakla kendo yiengni dhokre ni okonyo gi curriculumu.,Hay'adda Isgaadhsiinta ee Kenya ayaa deeq ku siisay iskuulada ka tirsan Gobolka Embu kumbiyuutaro si loo xoojiyo barashada dijitaalka ah. Iskuulada ayaa lagu dhiirrigelinayaa inay agabkan ku daraan manhajkooda.
EDU-00402,Education,PSA,Mioro Senior Day School has received its first school bus to enhance student transport for activities and reduce hiring costs. Four additional schools will also receive buses soon.,Shule ya Mioro Senior Day imepokea basi lake la kwanza ili kuboresha usafiri wa wanafunzi kwa shughuli na kupunguza gharama za kukodia. Shule nne zaidi pia zitapata mabasi hivi karibuni.,,KenyaNewsAgency_Education_Cat,https://www.kenyanews.go.ke/mioro-senior-day-school-mathioya-receives-bus/,2026-07-26,General,Mioro Senior Day School ekirankore eng'anya ya mbere eyakiiri abekuruma kuogenda okuchekire amategi nakiisiye kweria ohiki bwogena busira. Es sekolah nakiingina nekenyaki ari omokinyanya ogokore abekuruma osibori.,Mioro Senior Day School nigi bunde ma wuoyo mar bus mako yiero konyo duto ma nyaka timo gi jodongo ma jachanda e gendo. Kaka oyudi ma sekete e bus gino bende mondo giyou.,Mioro Senior Day School waxay heshay baska koowaad ee iskuulka si loo hagaajiyo gaadiidka ardayda ee hawlaha loona dhimo kharashaadka kirada. Afar iskuul oo dheeraad ah ayaa sidoo kale dhowaan heli doona basas.
EDU-00403,Education,PSA,Learners at Muruguru Junior Secondary School now have access to a new modern science laboratory equipped with solar power and lab equipment for practical lessons.,Wanafunzi wa Shule ya Upili ya Muruguru sasa wanayo vifaa vya kisasa vya maabara ya sayansi inayotumia nishati ya jua na vifaa vya maabara kwa ajili ya masomo ya vitendo.,,KenyaNewsAgency_Education_Cat,https://www.kenyanews.go.ke/mugururu-junior-school-gets-new-lab/,2026-07-26,General,Abakinyiri baki Muruguru Junior Secondary School basoma ibwakiire naki labo naki magesa egesagwo gwenyemo na obwakire bwa nyasaita bwokere omogaka.,Wanafunzi e Muruguru Junior Secondary School owuok kuom ghwero machielo mag Luo mane okinyi gi solar power kod ng’ato ma nyalo fok yore.,Dhalinyarada dugsiga hoose dhexe ee Muruguru ayaa hadda helay maktabad saynis casri ah oo lagu qalabeeyey tamarta qorraxda iyo qalab laboratoori oo loogu talagalay casharada praktika.
EDU-00404,Education,PSA,The Kenya Union of Post Primary Education Teachers (KUPPET) stresses the need for stricter disciplinary measures against students who assault teachers; schools must address this growing indiscipline trend.,Shirikisho la Walimu wa Elimu ya Juu Kenya (KUPPET) linaongeza mkazo kuhusu umuhimu wa kuimarisha hatua za kinidhamu dhidi ya wanafunzi wanaowashambulia walimu; shule lazima zikabiliane na mwelekeo huu unaokua wa ukosefu wa nidhamu.,,KenyaNewsAgency_Education_Cat,https://www.kenyanews.go.ke/kuppet-sounds-alarm-over-rising-assaults-on-teachers-in-muranga/,2026-07-26,General,Ikireri chaki Kenya chiretu chaki KUPPET kiana buya bwogore buya bwonamu buya buya bwente bubanegere bwakirori; masomo eria ng'ogere bwiuno kiana ogenda ige buya bwokinyara.,Kenya Union of Post Primary Education Teachers (KUPPET) oyie chandru matek gi jomatindo ma ginyal ng'ato ma ok owuoyo jomatindo; shule manach jochung' gi joma owuoyo kata ma ginyal ratiro mabor.,Ururka Macallimiinta Waxbarashada Dhexe ee Kenya (KUPPET) ayaa adkeysanaya baahida loo qabo in la adkeeyo tallaabooyinka xukunka ah ee lagula dagaallamayo ardayda gumaada macallimiinta; iskuulladu waa inay ka jawaabaan isbeddelkan sii kordhaya ee anshax-xumida.
EDU-00405,Education,PSA,Adults who missed out on formal schooling are encouraged to enroll in adult education programs for literacy and skills development. Visit the adult education desk at Kakamega Huduma Centre for assistance.,Watu wazima waliokosa elimu rasmi wanashauriwa kujiunga na programu za elimu ya watu wazima kwa ajili ya ujuzi na ujifunzaji. Tembelea dawati la elimu ya watu wazima katika Kituo cha Huduma cha Kakamega kwa msaada.,,KenyaNewsAgency_Education_Cat,https://www.kenyanews.go.ke/it-is-never-too-late-to-learn-adult-learners-told/,2026-07-26,General,"Bwakire buya buya, abere basubirie bosi buya buya ne buya bwakiri buya nyansabori bwege naki akenye bwaki. Naki bwegana na desk buya buya bwaki buya Kakamega Huduma Centre buya buya naki omogenda.",Ng'ato ma owuon gi wendo ka oting'o konyo joma giyogo madhi ni enkela manou yie ka ineno. Koro tiyo kendo nyaka en ma giyogo madhi kod higa manebogi e Kakamega Huduma Centre kuom notindgi.,Dadka waaweyn ee ka maqnaa waxbarashada rasmi ah waxaa lagu dhiirrigelinayaa inay isqoraan barnaamijyada waxbarashada dadka waaweyn si loogu helo akhris iyo horumarinta xirfadaha. Booqo miiska waxbarashada dadka waaweyn ee Xarunta Huduma ee Kakamega si aad uga hesho caawimaad.
EDU-00406,Education,PSA,The County Government of Vihiga is conducting a week-long capacity building programme on Competency-Based Education and Training (CBET) for TVET officers and VTC trainers.,Serikali ya Kaunti ya Vihiga inafanywa programu ya kuimarisha uwezo ya muda wa wiki moja kuhusu Elimu na Mafunzo Yanayopangwa kwa Ujuzi (CBET) kwa maafisa wa TVET na wafundishaji wa VTC.,,KenyaNewsAgency_Education_Cat,https://www.kenyanews.go.ke/vihiga-strengthens-tvet-training-through-cbet-capacity-building-programme/,2026-07-26,General,Omoige buya bw'Vihiga obokwa bwanama obwakorera emegori ekiri naki oria mong'ania itegero ebire bye Competency-Based Education and Training (CBET) buya abaki b'TVET na abarimu b'VTC.,"Chandruok ma Vihiga en owuon e ndalo ng’ama, mondo odhi nyaka gi joma ng’ato kanyo madhi e Competency-Based Education and Training (CBET) ma jopiny gi VTC.",Dowladda Qaaradda Vihiga waxay qabanqaabinaysaa barnaamij kor loogu qaadayo awoodda oo soconaya todobaad ku saabsan Waxbarashada iyo Tababarka ku Saleysan Aqoonta (CBET) ee shaqaalaha TVET iyo tababarayaasha VTC.
EDU-00407,Education,PSA,Junior Secondary School learners at Ochunyno Junior Secondary School showcased their project on the human skin as part of the Competency-Based Curriculum.,Wanafunzi wa Shule ya Sekondari ya Kijiji cha Ochunyno walionyesha mradi wao kuhusu ngozi ya binadamu kama sehemu ya Msingi wa Mtaala wa Uwezo.,,KenyaNewsAgency_Education_Cat,https://www.kenyanews.go.ke/jss-learners-showcase-human-skin-project-under-cbc-curriculum/,2026-07-26,General,Abana bakiiyaki Junior Secondary School bakesiire projekiti yabo kwandaki omogori ogwakire ogwakabere buya bwaki Competency-Based Curriculum.,"Eweregi kuom junior, Ochunyno Junior Secondary School, ne okinyi projekti ma okel gi guwruok mar inji.",Ardayda Dugsiga Sare ee Ochunyno waxay soo bandhigeen mashruucooda ku saabsan maqaarka aadanaha oo ka mid ah manhajka ku saleysan kartida.
EDU-00408,Education,PSA,The National Government is urged to release full capitation funds to public schools promptly to support free education. Parents and students should remain informed on any developments.,Serikali ya Taifa inasihiwa kutoa fedha za ufadhili kwa shule za umma mara moja ili kusaidia elimu bure. Wazazi na wanafunzi wanapaswa kuweka habari kuhusu matukio yoyote.,,KenyaNewsAgency_Education_Cat,https://www.kenyanews.go.ke/nyoro-demands-timely-school-capitation-warns-against-undermining-free-education/,2026-07-26,General,Abagusia bâ naki buya naki shia rwabaki rwamwaki omogori omogorokire omogende buire oria buya. Ababere na abaki naki buya beka buya kweri omokiri buya bwatembokire.,Gavana ka yien gi jomok en konyo kapetison daka nigi chike to okwaya chike ma oket nyaka bunde mar dhano. Tichnego kod wasichien okonyo ni we gi cheng' mar kendo.,Dowladda Qaranka waxa lagu boorinayaa inay si degdeg ah u bixiso lacagaha buuxa ee dugsiyada dowliga ah si ay u taageerto waxbarashada bilaashka ah. Waalidiinta iyo ardayda waa in ay sii wadaan inay ka war hayaan wax kasta oo dhaca.
EDU-00409,Education,PSA,Over 150 Junior School teachers in Kisumu County have been trained to use virtual laboratories for STEM subjects. This initiative aims to improve science education where physical labs are unavailable.,Walimu zaidi ya 150 wa Shule ya Msingi katika Kaunti ya Kisumu wamepewa mafunzo ya kutumia maabara za virtual kwa masomo ya STEM. Mpango huu unalenga kuboresha elimu ya sayansi ambapo maabara za mwili hazipo.,,KenyaNewsAgency_Education_Cat,https://www.kenyanews.go.ke/virtual-labs-to-bridge-science-equipment-gap-in-kisumu-schools/,2026-07-26,General,Abakire 150 abateka bungee bomeke mu Kisumu County bakenyere kugendesia virtual laboratories bwakire STEM. Naki siagano yesi omogori bwokirire nyanjorera omokirinu bwokiri bwang'ori.,Abawinje 150 maabara Junior ku Kisumu County wadhonje gi tich kuom labu weche-ma. Ini oser timo nyaka diro duto ka gi labu mag piny nyaka to.,In ka badan 150 macallin oo iskuul hoose ah ayaa lagu tababaray Kisumu County si ay u isticmaalaan labaratoorada khadka tooska ah ee maadooyinka STEM. Hindisahan wuxuu ujeedkiisu yahay in la hagaajiyo waxbarashada sayniska meelaha aan lahayn labaratoorooyin jireed.
EDU-00410,Education,PSA,A Sh67 million bursary programme is available for vulnerable learners in Kapenguria Constituency. Parents are encouraged to apply to ensure their children remain in school.,Mpango wa kutoa udhamini wa Sh67 milioni upo kwa wanafunzi wanyonge katika Jimbo la Kapenguria. Wazazi wanahimizwa kuomba ili watoto wao wabaki shuleni.,,KenyaNewsAgency_Education_Cat,https://www.kenyanews.go.ke/moroto-launches-sh67-million-bursary-programme-at-aic-karas-senior-school/,2026-07-26,General,Ekarumi ya Sh67 mirioni ikorane buya buya bosi abaki naki abaki bwakire mu Kapenguria Constituency. Abaki baria bategereere buya nyang'ia kugitire omaina bwokiriri.,Bursary moko Sh67 million en owaya mar thuoch mag jopiny ma ok oanore e Kapenguria Constituency. Jogo nyaka ng'eyo kuom itie ma ok oyie ninde e sukulu.,Barnaamij deeq waxbarasho oo qiimo ahaan Sh67 milyan ah ayaa loo heli karaa ardayda nugul ee ku sugan Kapenguria. Waalidiinta waxaa lagu dhiirigelinayaa inay codsadaan si carruurtooda ay ugu sii jiraan dugsiga.
EDU-00411,Education,PSA,Wajir County residents are invited to a two-day financial literacy programme to learn about investment opportunities in Kenya's capital markets. Don't miss out on this chance to diversify your wealth creation strategies.,Wakaazi wa Kaunti ya Wajir wanaalikwa kwenye mpango wa siku mbili wa ufahamu wa kifedha ili kujifunza kuhusu fursa za uwekezaji katika masoko ya mtaji ya Kenya. Usikose nafasi hii ya kuboresha mbinu zako za kujenga utajiri.,,KenyaNewsAgency_Education_Cat,https://www.kenyanews.go.ke/cma-empowers-wajir-residents-through-financial-literacy-and-investment-training/,2026-07-26,General,Abakire Wajir baria ekere buya buya bwakire buya ebirebire bwokorere nyarakiiri bwakire buya buya kosiiraki akirogo bwaki. Maki waki bwokore buya bwokogiraki kwomaki bwaki buya naki.,Abiero ka Wajir bang' yiengi konyo tinye mo bwech kuom kanyag' mar thuran mar shaury. Neko nindo kuom ji mang'ongo ni bende nong'ere piny wuoth.,Dadka ku sugan Wajir County waxaa laga codsanayaa inay ka qayb galaan barnaamij laba maalmood ah oo ku saabsan aqoonta maaliyadeed si ay u bartaan fursadaha maalgashiga ee suuqyada maalgelinta ee Kenya. Ha seegin fursadan si aad u kala duwanayso istaraatijiyadaada dhismaha hanti.
EDU-00412,Education,PSA,All Primary School heads in Baringo County must surrender unused Digital Literacy Program (DLP) devices to Junior Secondary School teachers for lesson delivery.,Makanisa yote ya Shule za Msingi katika Kaunti ya Baringo yanapaswa kurejesha vifaa visivyotumika vya Mpango wa Ujuzi wa Kidijitali (DLP) kwa walimu wa Shule za Sekondari za Kijuni kwa ajili ya ufundishaji.,,KenyaNewsAgency_Education_Cat,https://www.kenyanews.go.ke/idle-dlp-gadgets-in-baringo-reassigned-to-junior-secondary-teachers/,2026-07-26,General,Amaganga gose ng’eno buya bwirire banye boki buno bu Baringo baria bwereka iboki isiogore bu DLP buya nyakwere a Junior Secondary School omogoti omoita okere bwere.,"Baringo County, gima gini kido, nyaka kitegi kaluwore DLP mabende to Junior Secondary School ma’kenda manyaka chikege.",Dhammaan madaxda dugsiyada hoose ee gobolka Baringo waa inay soo dhiibaan qalabka barashada dijitaalka ah (DLP) ee aan la isticmaalin macallimiinta dugsiga hoose dhexe si ay u bixiyaan casharrada.
EDU-00413,Education,PSA,Junior Secondary School teachers in Busia County have been trained to use virtual laboratories for science and mathematics. These resources enhance practical learning despite limited physical labs.,Walimu wa Shule ya Sekondari ya Kwanza katika Kaunti ya Busia wamepatiwa mafunzo ya kutumia laboratori za mtandaoni kwa ajili ya sayansi na hisabati. Rasilimali hizi zinaongeza mafunzo ya vitendo licha ya kupungua kwa maabara za kawaida.,,KenyaNewsAgency_Education_Cat,https://www.kenyanews.go.ke/virtual-labs-to-bridge-science-practical-gap-in-busia-jss-schools/,2026-07-26,General,"Abekirori bakeshura baiso bosi bataraki bataria mwaki gwekire bure, Busia County, batoragwa obwakirori bwochirimbi buhendi bwaki bosi na masomo. Obwakirori buno buwenda buya busekeria obwakorere obwahenzire buya buya buobora.",Teachers ma okonyo Junior Secondary School e Busia County ne okind nyoro kuom yieng' ma nyalo konyo nyaka wacho e bende gi makete. Nigi injo duto mag nyiri e tinene ma oketh e konyruok.,Macallimiinta Dugsiga Sare ee Júnior ee Gobolka Busia ayaa tababar lagu siiyay sida loo isticmaalo maktabadaha dhijitaalka ah ee cilmiga iyo xisaabta. Kheyraadkan waxay xoojinayaan barashada waxyaabaha gacanta ah inkastoo ay jiraan maktabado jireed oo kooban.
EDU-00414,Education,PSA,Teachers of Mathematics and Integrated Sciences in Vihiga County are encouraged to implement lesson plans developed during the recent SMASSE training on virtual labs and to mentor at least three other teachers.,Walimu wa Hesabu na Sayansi Jumuishi katika Kaunti ya Vihiga wanahimizwa kutekeleza mipango ya masomo waliyotengeneza wakati wa mafunzo ya hivi karibuni ya SMASSE kuhusu maabara mtandaoni na kuwafundisha angalau walimu wengine watatu.,,KenyaNewsAgency_Education_Cat,https://www.kenyanews.go.ke/vihiga-teachers-undergo-smasse-training-on-virtual-labs/,2026-07-26,General,Abareka b'egesare na Integrated Sciences mubwaki bw'Vihiga barotebwaki batorerere emahanya bonyene bwanene bw'ekibori omorokio buya bwa SMASSE na batorere abareka atatu banga.,"Nang'ere mag Math na Integrated Sciences e Vihiga County wan g'eyo kuom kade molo ma yore gi SMASSE oyudi piny kuom virtual labs, kendo wan g'eyo gi chike mar ng'ato abich.",Macalimiinta Xisaabta iyo Sayniska Isku Dhafan ee Gobolka Vihiga waxaa lagu dhiirrigelinayaa inay fuliyaan qorshayaasha casharada ee lagu sameeyey tababarka SMASSE ee dhawaan ka dhacay oo ku saabsan maktabadaha muuqaalka ah iyo inay tababaraan ugu yaraan saddex macalim oo kale.
EDU-00415,Education,PSA,"Over 7000 junior secondary school teachers are being trained to implement virtual laboratories in the CBC system, improving STEM education. Schools should participate in this program for enhanced learning.","Zaidi ya walimu 7000 wa shule za sekondari za chini wanapatiwa mafunzo ya kutekeleza maabara za mtandao katika mfumo wa CBC, kuboresha elimu ya STEM. Shule zinapaswa kushiriki katika programu hii kwa ajili ya kujifunza bora.",,KenyaNewsAgency_Education_Cat,https://www.kenyanews.go.ke/virtual-laboratories-offer-reprieve-for-cbc-system/,2026-07-26,General,"Aborania 7000 abeng'ana banchiengo bwakinye buya bwogogoria bakanisibori buya bwenyabaki bwa CBC, bwokwierere buya buya bwa STEM. Masomo naki goko bagenegia buya buno buya bwanigonere.","Teachers ang'wen 7000 ka oseriembe gi kuom asole ji thuran, kendo ohinga STEM. Sukulu ng'ato nyaka onge gi piny maler gi program ng'eno chibedo mayom.","In ka badan 7000 macallin oo dugsiga hoose dhexe ah ayaa lagu tababarayaa sidii ay u hirgelin lahaayeen shaybaarro lagu shaqeeyo khadka tooska ah ee nidaamka CBC, si loo hagaajiyo waxbarashada STEM. Dugsiyadu waa inay ka qaybqaataan barnaamijkan si loo xoojiyo barashada."
EDU-00416,Education,PSA,Graduates from technical institutions are encouraged to utilize their skills to create enterprises and solve community problems rather than waiting for employment.,Mahariri kutoka taasisi za kiufundi wanahamasishwa kutumia ujuzi wao kuanzisha biashara na kutatua matatizo ya jamii badala ya kusubiri ajira.,,KenyaNewsAgency_Education_Cat,https://www.kenyanews.go.ke/graduates-challenged-to-turn-skills-into-enterprises-and-jobs/,2026-07-26,General,Abakire bakiengera bosi bosi babwakire bwihe buya bujange buse omokiri obwakirangire omokinyani naki bwihe buya buria okore obwakirire.,"Abira kadhi ka chalo gi dhok, itigo nadi e thuolo manie ni kanyakla ng'ato nyaka tich e higni kod ng'ato.",Dhalinyarada ka qalin-jabisa machadyada farsamada waxaa lagu dhiirigelinayaa inay isticmaalaan xirfadahooda si ay u abuuraan ganacsi iyo xal u helaan dhibaatooyinka bulshadooda halkii ay ka sugi lahaayeen shaqo.
EDU-00417,Education,PSA,The Elimu Yetu Coalition highlights that student unrest reflects deeper issues in Kenya's education system; stakeholders are urged to implement supportive policies and address governance challenges.,Muungano wa Elimu Yetu unasisitiza kwamba machafuko ya wanafunzi yanaakisi matatizo ya kina katika mfumo wa elimu wa Kenya; wadau wanahimizwa kutekeleza sera zinazounga mkono na kutatua changamoto za uongozi.,,KenyaNewsAgency_Education_Cat,https://www.kenyanews.go.ke/school-unrest-symptom-of-deeper-malaise-in-education-cso/,2026-07-26,General,Elimu Yetu Coalition ekorogori naki utagere bw'ogenda nyegoti bweteng'ere bw'eduari naki bwakirete buse. Abakire bosi baragoriwa baki batarogore obw'eregi naki etebere buse.,Elimu Yetu Coalition oyo chwe ni wendo ma ok nyalo mondo oting' gi chalo mar suom ki Kenya; abich manadhi owuon ni nyiso ni yoregi koro nyaka apar wath jomoko kendo nigi kar buok.,Isbahaysiga Elimu Yetu waxa uu iftiiminayaa in kacdoonka ardaydu uu muujinayo dhibaatooyin qoto dheer oo ku jira nidaamka waxbarashada Kenya; dhinacyada la saameeyay waxaa lagu boorinayaa inay hirgeliyaan siyaasado taageero leh iyo inay ka jawaabaan caqabadaha maamul.
EDU-00418,Education,PSA,Students in Migori are urged to remain disciplined and focused on their studies amid rising school unrest. Parents are encouraged to counsel their children during the half-term recess.,Wanafunzi wa Migori wanashauriwa kubaki watiifu na kuzingatia masomo yao wakati hali ya vurugu shuleni inaongezeka. Wazazi wanahimizwa kuwashauri watoto wao wakati wa mapumziko ya nusu muhula.,,KenyaNewsAgency_Education_Cat,https://www.kenyanews.go.ke/local-cbo-counsels-students-amid-rising-school-unrest/,2026-07-26,General,Abasomi baki Migori baria busi bwiendete omokinyanchani na buya busekerere bwi banyosokore. Ababere baria bagandigana buseke bwagakiyanja abane bwaki boti buya bwakisi bwi omogoti.,Wang' yiengi e Migori ne ong'ere ka kwang' joma ne odhi e pinje yath. Rod which alwore gi joma magi kuom wendo to.,Ardayda Migori waxaa lagu boorinayaa inay joogteeyaan anshaxa iyo diiradda barashadooda iyadoo ay kordhayaan khilaafaadka iskuulka. Waalidiinta waxaa lagu dhiirigelinayaa inay talo siiyaan carruurtooda inta lagu jiro fasaxa baroorduubka.
EDU-00419,Education,PSA,The government will ensure timely disbursement of school capitation funds to facilitate effective planning by principals.,Serikali itahakikisha utoaji wa fedha za uendeshaji shule kwa wakati ili kurahisisha mipango mzuri na wakuu wa shule.,,KenyaNewsAgency_Education_Cat,https://www.kenyanews.go.ke/govt-promises-timely-disbursement-of-school-capitation/,2026-07-26,General,Omoige bargi bwakireri buya bwokiragania oboge buya bwokigana bwanikie bwakere buya bwanarimu.,"Chuo chadhi ng'ayo chalo matek gi chanda marit kuom sukulu, manok atimre ni wamech tindo ji.",Dowladdu waxay xaqiijin doontaa in lacagaha taageerada iskuullada si waqtigooda ah loo qaybiyo si ay madaxda iskuulladu u fududeysan karaan qorshayntooda.
EDU-00420,Education,PSA,Universities are preparing for the 2029 admission of Grade 10 learners under the Competency-Based Education system by reforming curricula and enhancing infrastructures.,Chuo kikuu kinaandaa kuwapokea wanafunzi wa Kidato cha 10 mwaka 2029 chini ya mfumo wa Elimu ya Uwezo kwa kuboresha mitaala na kuboresha miundombinu.,,KenyaNewsAgency_Education_Cat,https://www.kenyanews.go.ke/universities-step-up-preparations-for-grade-10-learners-ahead-of-2029-transition/,2026-07-26,General,Masomo mebagecha bw'ogendana ogokore buya 2029 bw'abaire bujenge bw'engene buya bw'ogori bw'echakire amafundi na bw'ogererana bw'avyenga.,Wang' niyou daktari nyaka okonya ng'ato 2029 ma okonyo Grade 10 kuom yore mag Competency-Based Education nyaka onyis londo kendo yore kodgi.,Jaamacadaha waxay diyaarinayaan qaabilaadda ardayda darajada 10aad sanadka 2029 iyagoo dib u habeynaya manhajyada iyo awoodsiinaya kaabayaasha.
EDU-00421,Education,PSA,459 Junior Secondary School teachers in Marsabit County are undergoing a three-day ICT integration training to enhance digital competencies. Participation is mandatory for all selected teachers.,Walimu 459 wa Shule za Sekondari Zaidi katika Kaunti ya Marsabit wanapata mafunzo ya siku tatu ya uunganishaji wa ICT ili kuboresha ujuzi wa kidijitali. Ushiriki ni lazima kwa walimu wote waliochaguliwa.,,KenyaNewsAgency_Education_Cat,https://www.kenyanews.go.ke/marsabit-jss-teachers-undergo-ict-integration-training/,2026-07-26,General,Abere 459 abere a Junior Secondary School mu Marsabit County naki gikire genda gichibori tati igege ku genge ya ICT matega obokibori mujumbi. Gekire bwakirori bwaki bui abere abogogoti.,459 ji kuom jodongo maler e Marsabit County ne ok mwandu joma ji joluongo ICT kwayo e piny mar kanyo kendo to gima mar dongo. Wori e tich moloyo joma ji bende ginyal.,459 macallimiin dugsiga dhexe ee Marsabit waxay ku jiraan tababar saddex maalmood ah oo ku saabsan is dhexgalka ICT si loo kordhiyo xirfadaha dijitaalka ah. Ka qaybgalka waa waajib dhammaan macallimiinta la doortay.
EDU-00422,Education,PSA,The Ministry of Education is reviewing school fees due to rising operational costs; all school heads are urged to participate in this review process.,Wizara ya Elimu inakagua ada za shule kutokana na kuongezeka kwa gharama za uendeshaji; wakuu wote wa shule wanasisitizwa kushiriki katika mchakato huu wa ukaguzi.,,KenyaNewsAgency_Education_Cat,https://www.kenyanews.go.ke/school-heads-push-for-review-of-fees/,2026-07-26,General,Omosoko buya buse ogokire ogokire bw’eshule ogokie naki oria bwakire buya bwaki; abere bemo nyansogori buya bwi boki oria buse wi bwaki.,"Minisiti mar Dala Owere oyweyo kaka wan gige mag dalu, kwayo oyier ruk gi unyasi; gima higa duto nyaka gin otimo podo oketo e wiye owuon ogend.",Wasaaradda Waxbarashada ayaa dib u eegaysa lacagaha dugsiyada sababtoo ah kororka kharashka howlgalka; dhammaan madaxda dugsiyada waxaa lagu boorinayaa inay ka qaybqaataan habkan dib u eegista.
EDU-00423,Education,PSA,Teachers are encouraged to advocate for a review of school punishment laws to ensure they can administer appropriate disciplinary actions. Parents should ensure tuition fees are paid upon school reopening.,Walimu wanahimizwa kuunga mkono mapitio ya sheria za adhabu shuleni ili kuhakikisha wanaweza kutoa hatua za nidhamu zinazofaa. Wazazi wanapaswa kuhakikisha ada za shule zinalipwa punde tu shule zinapofunguliwa.,,KenyaNewsAgency_Education_Cat,https://www.kenyanews.go.ke/kuppet-advisory-on-punishment-in-schools-reviewed/,2026-07-26,General,Abagiri batorere omogori batishe omoshanga buya bw’eng'oche busekeire buya bw’ekigo buya bw’oge. Ababere babere kosi omogori baberete animoka ema shana omosongo.,"Walimu wang'iyo pod ng'eyo kuom jopiny ma oketh eyo law mar punishe mar shule, ka ng'eyo gigenduny kadi e yo momiyo. Joma en manyalso gima duong' kuom pok dhak shule.",Macallimiinta waxaa lagu dhiirigelinayaa inay taageeraan dib-u-eegid ku saabsan shuruucda ciqaabta dugsiga si loo hubiyo inay awoodaan inay qaadaan talaabooyin xakameed oo ku haboon. Waalidku waa inay xaqiijiyaan in lacagta dugsiga la bixiyo marka dugsigu dib u furmo.
EDU-00424,Education,PSA,Virtual laboratories for Mathematics and Integrated Science are now available for junior schools to enhance the Competency-Based Education curriculum. Schools are encouraged to utilize these resources.,Maabara za mtandaoni za Hisabati na Sayansi Mchanganyiko sasa zipo kwa shule za msingi ili kuboresha mtaala wa Elimu Inayozingatia Ujuzi. Shule zinahimizwa kutumia rasilimali hizi.,,KenyaNewsAgency_Education_Cat,https://www.kenyanews.go.ke/virtual-labs-enhance-cbe-implementation-efforts/,2026-07-26,General,Maabara ya mtandao ya Hesabu na Sayansi Mchanganyiko inapatikana sasa kwa shule za msingi ili kuimarisha mtaala wa Elimu Inayolenga Uwezo. Shule zinashauriwa kutumia rasilimali hizi.,Malaika ma virtual mag miyo gi Mathematics kod Integrated Science nyakodi kama ji mang'enyere kachieng' mar Competency-Based Education. Waduong' wate kaluwore kijo kendo udi ma.,Laboratooriyada kaalmada ee Xisaabta iyo Sayniska Isku Dhafka ah ayaa hadda laga heli karaa iskuulada hoose si loo xoojiyo manhajka Waxbarashada ku Salaysan Aqoonta. Iskuulada waxaa lagu dhiirrigelinayaa inay ka faa'iideystaan agabkan.
EDU-00425,Education,PSA,Parents are urged to engage their children in meaningful conversations during the half-term break to promote discipline and address grievances without resorting to violence.,Wazazi wanashauriwa kuwashirikisha watoto wao katika mazungumzo ya maana wakati wa likizo ya katikati ya muhula ili kukuza nidhamu na kushughulikia malalamiko bila kutumia vurugu.,,KenyaNewsAgency_Education_Cat,https://www.kenyanews.go.ke/calls-for-moral-reflection-at-the-family-level/,2026-07-26,General,"Ababere banyorire baki abaki bw'ogenda menye naki bunyerere buya bu hamwe naki owire bwanaki mu ndori y'ogenda inyangani bushengori, omokang'ani naki buya oisabaki bw'ogenda bwanaki pisi.","Kokuhola ma ok omer chiango mar nyaka gi chiegni, kendo ni gichunguru mar joma en e lowo chiegni, kendo o winjigo e nyasaye kuom iwuon.",Waalidiinta waxaa lagu boorinayaa inay carruurtooda la yeeshaan wada hadallo muhiim ah wakhtiga fasaxa barwaaqada si loo xoojiyo anshaxa iyo in laga hadlo cabashooyinka iyada oo aan loo baahnayn rabshad.
EDU-00426,Education,PSA,The partnership between KASNEB and TVET institutions will integrate professional accounting certifications with technical training to improve youth employability. Students are encouraged to enroll in these updated programs.,Ushirikiano kati ya KASNEB na taasisi za TVET utaunganisha vyeti vya uhasibu wa kitaalamu na mafunzo ya kiufundi ili kuboresha ajira ya vijana. Wanafunzi wanahamasishwa kujiandikisha katika programu hizi zilizopitwa na wakati.,,KenyaNewsAgency_Education_Cat,https://www.kenyanews.go.ke/kasneb-tvets-in-partnership-to-boost-youth-employability/,2026-07-26,General,Shirikiano hagati ya KASNEB na taasisi za TVET litaungana mafunzo ya kitaaluma ya uhasibu na mafunzo ya kiufundi ili kuboresha ajira za vijana. Wanafunzi wanashauriwa kujiandikisha katika mipango hii iliyoandaliwa upya.,KASNEB gi TVET yien jooko ni awinjo konyo yore ma okonyo gi k maseche maricho ka weche ma okonyo mondo nyaka gitim yore. Wuon abich en ng'ato owang' kare timo nyaka en.,Iskaashiga u dhexeeya KASNEB iyo hay'adaha TVET waxay isku dari doonaan shahaadooyinka xisaabeed ee xirfadeed iyo tababarka farsamada si loo kordhiyo shaqo helida dhalinyarada. Ardayda waxaa lagu dhiirigelinayaa inay iska diiwaangeliyaan barnaamijyadan la cusboonaysiiyay.
EDU-00427,Education,PSA,School heads are urged to consider transferring students uncomfortable in boarding schools to day schools for better supervision.,Mashauri yanawasisitiza wakuu wa shule kuzingatia kuwahamisha wanafunzi wanaohisi kutokuwa na raha katika shule za bweni kwenda shule za siku kwa usimamizi bora.,,KenyaNewsAgency_Education_Cat,https://www.kenyanews.go.ke/school-principals-gather-in-mombasa-student-unrest-tops-agenda/,2026-07-26,General,Abanene bosi bakurugania obokire buya bwosi bwabanigana mu masomo ya bording buya buya borana kosi mu masomo ya bukorori buya kubwa buya bwotenda.,"Bwakni bende ng'ato ma ok nyalo ng'anyo kuom wacho dhako, ng'ato e bende e kuom tich ka ok nyalo nyiso wacho ma opogol ng'ato.",Maamulayaasha dugsiyada waxaa lagu dhiirrigelinayaa inay tixgeliyaan in ay ardayda aan ku raaxaysanayn dugsiyada jiifka ay u gudbiyaan dugsiyada maalinle ah si loo helo kormeer wanaagsan.
EDU-00428,Education,PSA,All schools and colleges are urged to align their programs with global labor market demands by introducing courses and foreign languages to prepare learners for overseas employment opportunities.,Shule zote na vyuo vinashauriwa kuoanisha programu zao na mahitaji ya soko la ajira duniani kwa kuanzisha kozi na lugha za kigeni ili kuwanda wanafunzi kwa fursa za ajira za kigeni.,,KenyaNewsAgency_Education_Cat,https://www.kenyanews.go.ke/chirchir-urges-schools-to-prepare-learners-for-diaspora-jobs/,2026-07-26,General,Naki chigori na masomo naki bendi ogete omokosi bwakire buse naki chire chire na mwaki emochi buya obwaki bwokire omoranga no aborere abogokinyegori.,Bende nyaka seche mag shule mondo gi college dhi kwach nyaka inyal maber ni ng'ato to dhok nind godo e piny. Nyaka idhi lweny mag joma omiyo kwach ndalo gi limo kod nyaka kony dhi nyaka piny.,Dhammaan iskuulada iyo jaamacadaha waxaa lagu boorinayaa in ay barnaamijkooda la jaanqaadaan baahiyaha suuqa shaqada caalamiga ah iyagoo soo bandhigaya koorsooyin iyo luqadaha shisheeyaha si ardayda loogu diyaariyo fursadaha shaqo ee dibadda.
EDU-00429,Education,PSA,"Nyali School is under new leadership focused on restoring its academic reputation; parents, students, and stakeholders are encouraged to support this revitalization effort.","Shule ya Nyali iko chini ya uongozi mpya unaolenga kurejesha sifa yake ya kitaaluma; wazazi, wanafunzi, na wadau wanatakiwa kuunga mkono juhudi hizi za kufufua.",,KenyaNewsAgency_Education_Cat,https://www.kenyanews.go.ke/new-nyali-school-board-pledges-revival-after-years-of-wrangles/,2026-07-26,General,"Shule ya Nyali iri naki nyasa omokore busibori bwaki; aboki, abanyananye, na abashirikie bano nyaki batigane na omokore bwendo bu.","Nyali School en buodu mar womoko man chit gi dhoge mag kanyakla; mama, wasichana, kod joma jomaach wakiwuok kuom ywaye nyaka wiyu.","Dugsiga Nyali ayaa hogaamin cusub ku jira oo diiradda saaraya sidii loo soo celin lahaa sumcaddiisa waxbarasho; waalidiinta, ardayda, iyo daneeyayaasha waxaa lagu boorinayaa inay taageeraan dadaalkan dib-u-soo-celinta."
EDU-00430,Education,PSA,"Junior Secondary School learners in Nyamira County are encouraged to pursue Science, Technology, Engineering, and Mathematics (STEM) pathways as they transition to senior school.","Wanafunzi wa Shule za Sekondari za Kwanza katika Kaunti ya Nyamira wanahimizwa kufuata mwelekeo wa Sayansi, Teknolojia, Uhandisi, na Hisabati (STEM) wanapohamia shule za sekondari.",,KenyaNewsAgency_Education_Cat,https://www.kenyanews.go.ke/learners-in-nyamira-encouraged-to-pursue-stem-pathways-for-careers/,2026-07-26,General,"Abakizi b’abasomeri b’igae Junior Secondary School mu Nyamira County baria batorera kwang’ania maato ya Science, Technology, Engineering, na Mathematics (STEM) ari na bosiye batoroka buya b’igae senia.","Kanyamfuna e Nyamira County nochok gi weche kuom ninde mag nake, Technology, Engineering, kod Mathematics (STEM) nyaka dongo kuom ranyisi senior school.","Ardayda dugsiga sare ee Nyamira County waxaa lagu boorinayaa inay raadiyaan waddooyinka Cilmiga, Teknoolajiyadda, Injineernimada, iyo Xisaabta (STEM) marka ay u gudbaan dugsiga sare."
EDU-00431,Education,PSA,"CEMASTEA is launching a virtual labs training program for 7,000 junior school teachers to enhance STEM education. Teachers will receive training on digital simulation tools for practical lessons.","CEMASTEA inazindua programu ya mafunzo ya maabara mtandaoni kwa walimu 7,000 wa shule za msingi ili kuboresha elimu ya STEM. Walimu watapata mafunzo kuhusu zana za kuunda mifano ya kidijitali kwa ajili ya masomo ya vitendo.",,KenyaNewsAgency_Education_Cat,https://www.kenyanews.go.ke/cemastea-virtual-labs-training-programme-targets-7000-junior-school-teachers/,2026-07-26,General,"CEMASTEA ikirorirete omogigo wa masweta ogokire buya 7,000 buya bwakoreri bujunior buya bwasemyekeri bwas STEM. Bwakoreri buya batoria omogigo omokirigori ogokire bwanene bwakinyasa bwabwirane.","CEMASTEA ikwero program mar chon gi wacho labu ma okel 7,000 jofunji mang'eny kuom nyiso STEM. Jofunji bende ni wapok wacho konyo digital kuom buo ma okel.","CEMASTEA ayaa bilaabay barnaamij tababar oo labo-dhisan ah oo loogu talagalay 7,000 macallin oo dugsiga hoose ah si kor loogu qaado waxbarashada STEM. Macallimiinta waxay heli doonaan tababar ku saabsan qalabka shabakad-dijital ah ee casharro falanqayn ah."
EDU-00432,Education,PSA,Bandari Maritime Academy is offering structured French language training for maritime cadets in partnership with Alliance Française de Mombasa to improve job competitiveness.,Bandari Maritime Academy inatoa mafunzo ya lugha ya Kifaransa yaliyoandaliwa kwa wahitimu wa baharini kwa ushirikiano na Alliance Française de Mombasa ili kuboresha ushindani wa ajira.,,KenyaNewsAgency_Education_Cat,https://www.kenyanews.go.ke/bma-partners-with-alliance-francaise-for-cadet-french-training/,2026-07-26,General,Bandari Maritime Academy ikerere bwogori bwa ekegero bwekirigana na Alliance Française de Mombasa buya mwabwaki tugia buya na obwatekeri bwomoni.,Bandari Maritime Academy noyiero ka French ma nyalo gi kinde duto mar maritime cadets kod Alliance Française de Mombasa ka oterere ka ikwongo mar joma otingo.,"Akadeemiyada Badda Bandari waxay bixineysaa tababar habaysan oo ku saabsan luqadda Faransiiska ee ardayda badda, iyadoo la kaashaneysa Alliance Française de Mombasa si loo kordhiyo tartanka shaqada."
EDU-00433,Education,PSA,Bogesaka D.O.K. Primary and Junior Secondary School in Kisii County is set to undergo a Sh62 million digital upgrade to enhance learning facilities.,Shule ya Msingi na Sekondari ya Kijamii ya Bogesaka D.O.K. katika Kaunti ya Kisii itapata maboresho ya kidijitali ya Sh62 milioni kuboresha vifaa vya kujifunzia.,,KenyaNewsAgency_Education_Cat,https://www.kenyanews.go.ke/ps-isaboke-launches-sh62-million-bogesaka-school-digital-upgrade/,2026-07-26,General,Bogesaka D.O.K. Primary na Junior Secondary School mugirango Kisii County igena omogori ogotagete wa Sh62 million okoragania obokore buse.,Bogesaka D.O.K. Primary ne Junior Secondary School e Kisii County timo kuom shr62 million moyo mar digital ma okonyo nyaka muthuri gi joma ler.,Iskuulka D.O.K. ee Bogesaka ee Gobolka Kisii ayaa lagu wadaa inuu qaato horumar dijital ah oo lagu kicinayo 62 milyan shilin si loo xoojiyo fursadaha waxbarashada.
EDU-00434,Education,PSA,"The government is forming a multi-sectoral team to address school unrest. Parents, teachers, students, and other stakeholders are urged to participate actively in this initiative.","Serikali inaunda timu ya sekta nyingi kushughulikia machafuko shuleni. Wazazi, walimu, wanafunzi, na washikadau wengine wanahimizwa kushiriki kwa shughuli hii.",,KenyaNewsAgency_Education_Cat,https://www.kenyanews.go.ke/government-committed-to-ending-school-unrests/,2026-07-26,General,"Abarekire chire naki omokireri mosi ogenda kukirekia oborori bwachire bu chikoro. Ababere, abarimu, abaki, naki abashinde bosi barigana koborere omogoti ogwiki omosomi onyo.","Gavumenti nyal ochiemo grupo mag muthurwa to no ng'ato ni gidhi kuom gigni ode. Pacho, teachers, students, kod joma nyalo chuth ghi omer to gigo iye to ok nyal marach kanyoni.","Dowladdu waxay samaynaysaa koox ka badan hal waax si ay u xalliso xasilooni darro dugsiyada. Waalidiinta, macalimiinta, ardayda, iyo dhinacyada kale ayaa lagu boorinayaa inay si firfircoon uga qayb qaataan dadaalkan."
EDU-00435,Education,PSA,"The government has allocated Sh 784 billion to the education sector for the 2026/2027 Financial Year, ensuring enhanced quality education across all counties.","Serikali imetenga Sh 784 bilioni kwa sekta ya elimu kwa Mwaka wa Fedha wa 2026/2027, kuhakikisha ubora wa elimu unaboreshwa katika kaunti zote.",,KenyaNewsAgency_Education_Cat,https://www.kenyanews.go.ke/ps-omollo-defends-enhanced-budgetary-funding-for-education-sector/,2026-07-26,General,"Abagere bobi na Sh 784 billion bwi gotoreka omogori buya bu soronchori 2026/2027, bwana bobi naki bantu naki chire bw'ekegusii.","Government owinjore Sh 784 billion to sekondari mar dudi ng'ato ma 2026/2027, kuom miyo ma okelo to jopuonj gwan gi nyaka.","Dowladdu waxay qoondeysay 784 bilyan oo shillin ah qaybta waxbarashada sanadka maaliyadeed 2026/2027, si loo hubiyo tayada waxbarashada oo la hagaajiyo dhammaan degmooyinka."
EDU-00436,Education,PSA,"New classrooms, an administration block, and a dormitory have been commissioned in Marakwet West to improve educational infrastructure. Students and schools are encouraged to utilize these facilities.","Madarasa mapya, jengo la utawala, na hostel zimeanzishwa Marakwet West kuboresha miundombinu ya elimu. Wanafunzi na shule wanahimizwa kutumia vifaa hivi.",,KenyaNewsAgency_Education_Cat,https://www.kenyanews.go.ke/marakwet-west-boosts-education-through-infrastructure-governance-and-mentorship-programs/,2026-07-26,General,"Akaandori atiri, kiihati chiri, na oganda buya borwa bwenyige Marakwet West kugana tichaki kwomokiriri. Abana na masonga banchiriri bokiakia boti.","Tich mar imbongo, block mar pinje, gi dormitory ne en jowadgi e Marakwet West kuom nyiso chike mang'eny mar thuolo. Jomoko gi shule nyal duto nyaka golo kachok e dhi.","Fasal cusub, xafiiska maamulka, iyo hoy ayaa lagu daahfuray Marakwet West si loo hagaajiyo kaabayaasha waxbarashada. Ardayda iyo dugsiyada waxaa lagu dhiirrigelinayaa inay ka faa'iidaystaan fursadahaan."
EDU-00437,Education,PSA,"The Homa Bay County program promotes menstrual hygiene and supports girls' education, reducing dropout rates. Parents and community members are encouraged to support this initiative.","Mpango wa Kaunti ya Homa Bay unakuza usafi wa hedhi na kusaidia elimu ya wasichana, ukipunguza kiwango cha wanafunzi wanaoacha shule. Wazazi na wanajamii wanahimizwa kuunga mkono juhudi hii.",,KenyaNewsAgency_Education_Cat,https://www.kenyanews.go.ke/girls-sanitation-programme-gives-hope-to-learners-in-homa-bay/,2026-07-26,General,"Purogiramu y'Obwaki Homa Bay inagaisa obwakire bw'amasalu na ikire nakiya bwaki bw'abarori, ikirang'a oria ikwania omogaka. Ababere hamwe n'abakura bakore na nibwaki bu rurimi uru.","Program mar Homa Bay County en kod nyiso miyo magi, kendo ogendini gi chiegni mar wasich. Tich gi gima ji ochung' yie ni timbe di ahero.","Barnaamijka Gobolka Homa Bay wuxuu dhiirrigelinayaa nadaafadda caadada wuxuuna taageeraa waxbarashada gabdhaha, isagoo yareynaya heerarka ka bixitaanka. Waalidiinta iyo xubnaha bulshada waxaa lagu boorinayaa inay taageeraan hindisahan."
EDU-00438,Education,PSA,The government will deliver five school buses to Busia County schools before the end of the financial year to alleviate transport challenges.,Serikali itatoa mabasi matano ya shule kwa shule za Kaunti ya Busia kabla ya kumalizika kwa mwaka wa fedha ili kupunguza changamoto za usafiri.,,KenyaNewsAgency_Education_Cat,https://www.kenyanews.go.ke/government-reaffirms-commitment-to-strengthen-education-sector/,2026-07-26,General,Omelekera ogwenda iria itano y'ogokore buseke naki Busia buseke busembe kera omokosi omokire bw'ekibungirwa.,Government owuon kendo bende chieng' go sibu kendo chombori manie Busia County ng'we chon e yo ma ok nyal mor.,Dowladda waxay bixin doontaa shan bas oo iskuul ah oo loogu talagalay dugsiyada Gobolka Busia ka hor dhammaadka sanadka maaliyadeed si loo fududeeyo caqabadaha gaadiidka.
EDU-00439,Education,PSA,"Kirinyaga County is providing free learning materials, furniture, and uniforms to all 201 ECDE centres. Parents are encouraged to ensure their children benefit from this initiative.","Kaunti ya Kirinyaga inatoa vifaa vya kujifunzia bure, samani, na mavazi kwa vituo vyote 201 vya ECDE. Wazazi wanahimizwa kuhakikisha watoto wao wanapata faida kutokana na mpango huu.",,KenyaNewsAgency_Education_Cat,https://www.kenyanews.go.ke/kirinyaga-intensifies-support-for-ecde/,2026-07-26,General,"Ekerinyaga County ikinyang'ana ibukiso buya, bwenyere, naki naki bwaki buya ematwere ya 201 ECDE. Ababire bateganjo batariri inyang'ora abana babo baria boki naki buya.","Kirinyaga County oting'ore nyasa matek, piny, gi mawuon kendo konyo duto kuom 201 ECDE centres. Wuon mag gi duto ng'ato otemore koro chike ng'ato pod lwenye owuon eyo.","Degmada Kirinyaga ayaa bixineysa agab waxbarasho, alaab guri, iyo dhar iskuul oo bilaash ah dhammaan 201 xarumood ee ECDE. Waalidka waxaa lagu dhiirigelinayaa inay xaqiijiyaan in carruurtooda ka faa'iidaystaan fursaddan."
EDU-00440,Education,PSA,Bursary application forms for tertiary institutions will be available after funds are released. Secondary school bursary funds of Sh35 million for 2025/2026 are now ready for disbursement.,Fomu za maombi ya bursari kwa vyuo vikuu zitapatikana baada ya fedha kutolewa. Fedha za bursari za shule za sekondari za Sh35 milioni kwa mwaka wa masomo 2025/2026 sasa ziko tayari kutolewa.,,KenyaNewsAgency_Education_Cat,https://www.kenyanews.go.ke/vihiga-mp-hands-over-bus-and-launches-sh35-million-bursary/,2026-07-26,General,Fomu z'ekirang'o z'ubugene bwa bwengi ziri mooki bw'ose omokeri bw'inyang'ori. Ebirang'o b'ekirang'o bwa bwengi bwegana Sh35 million buhoya bw'2025/2026 zishenye bw'ogokore.,Fomu ma wachung' giriyu moro kendo ok owinjore mag nyiombo piny e kendo binga godo. Fund mag bursary ma yore kama Sh35 million mar mwaka 2025/2026 nigi eyo mar konyo.,Foomamka codsiga deeqda waxbarasho ee jaamacadaha ayaa diyaar noqon doona markii funds la sii daayo. Deeqda waxbarasho ee iskuulada dhexe oo ah Sh35 milyan sanadka 2025/2026 ayaa hadda diyaar ah in la qaybiyo.
EDU-00441,Education,PSA,"The NextGen.Ke Youth Employment Programme is launching a pilot phase from July to December 2026, targeting 500 graduates for internship placements with private sector companies.","Mpango wa Ajira wa NextGen.Ke unanza kipindi cha majaribio kuanzia Julai hadi Desemba 2026, ukilenga wahitimu 500 kwa nafasi za mafunzo katika kampuni za sekta binafsi.",,KenyaNewsAgency_Education_Cat,https://www.kenyanews.go.ke/kepsa-undp-launch-youth-employment-programme-to-tackle-joblessness/,2026-07-26,General,"NextGen.Ke Omoigwa Oria Okwomwaki ikinyobwa omogori buya buya buya 2026, gookiane 500 oria bosi bwagashana mbochani naki bosi buja bweri.","NextGen.Ke Nyaka Maki Program ikwong' gi pilot phase mula chamo July to December 2026, oket gi 500 graduatu kuom internship kod pi joma okel.","Barnaamijka Shaqaaleynta Dhallinyarada NextGen.Ke waxa uu bilaabayaa wajigiisii tijaabada bilowga ahayd laga bilaabo July ilaa December 2026, isagoo bartilmaameedsanaya 500 arday oo jaamacadeed ah si loogu meeleeyo tababar nololeed shirkadaha gaarka ah."
EDU-00442,Education,PSA,The Vihiga County Assembly is advocating for increased budgetary support and policy reforms for ECDE teachers and Vocational Training Centres. Stakeholders are encouraged to engage in these discussions.,Bunge la Kaunti ya Vihiga linahimiza kuongezwa kwa msaada wa bajeti na mabadiliko ya sera kwa walimu wa ECDE na Makarabati ya Ufundi. Wadau wanahimiza kushiriki katika majadiliano haya.,,KenyaNewsAgency_Education_Cat,https://www.kenyanews.go.ke/vihiga-county-assembly-pushes-for-reforms-in-ecde-and-vocational-training-sectors/,2026-07-26,General,Abagaka b'amasani b'County ya Vihiga baragirira kutegereja buya bw'emikoro n'ekikere ky'emacende ya barimu ba ECDE na masomabere eg'egoti. Abakiongosi barakoraneka mu nashilanga aya.,Vihiga County Assembly en nyal gi ombulu mar budget kendo pinyik angi gi ma ne ECDE teachers kod Vocational Training Centres. Kanyalo gima omiyo gima en chuny gi piny mar iweyo.,Golaha Degmada Vihiga wuxuu ku baaqayaa in la kordhiyo taageerada miisaaniyadda iyo isbeddelada siyaasadda ee macalimiinta ECDE iyo Xarumaha Tababbarka Farsamada. Dulqaadayaasha waxaa lagu dhiirigelinayaa inay ka qaybqaataan doodahan.
EDU-00443,Education,PSA,Trans Nzoia County is advocating for the integration of disaster preparedness and emergency response training into the Competency Based Education curriculum. Schools are encouraged to prepare learners with these essential skills.,Kaunti ya Trans Nzoia inasisitiza kuingizwa kwa mafunzo ya maandalizi ya majanga na majibu ya dharura katika mtaala wa Elimu Inayolengwa na Uwezo. Shule zinahamasishwa kuandaa wanafunzi na ujuzi huu muhimu.,,KenyaNewsAgency_Education_Cat,https://www.kenyanews.go.ke/trans-nzoia-pushes-for-first-aid-in-competency-based-education-curriculum/,2026-07-26,General,Trans Nzoia Nakiere ikirekania omokiriri bw’ogori bw’ekomokire na bendera buya buoria bw’ogori bw’ekomokire mu bwogirori bw’egikoro. Abakiri bateganire abaki bano hamwe na eng’eri iri nyaboke.,Trans Nzoia County en gi neno kuom nyaka ber thum mar yieny mar yieny kuom njiedhi mag to. Masomo en ng'ato ema ochung' gi nyaka alana kata ma neno ni.,Dowladda Degmada Trans Nzoia waxay taageeraysaa in isku dhafka diyaarinta masiibooyinka iyo tababarka ka jawaabidda degdega ah lagu daro manhajka Waxbarashada Ku Salaysan Aqoonta. Dugsiyada waxaa lagu boorinayaa in ay ardayda ku diyaariyan xirfadaha muhiimka ah ee tan.
EDU-00444,Education,PSA,Uzima University remains accredited and recognized by relevant authorities. The institution has undergone major reforms and now meets the current medical training standards.,Chuo Kikuu cha Uzima kinaendelea kuthibitishwa na kutambuliwa na mamlaka husika. Taasisi imepitia mabadiliko makubwa na sasa inakidhi viwango vya sasa vya mafunzo ya udaktari.,,KenyaNewsAgency_Education_Cat,https://www.kenyanews.go.ke/uzima-university-demands-retraction-over-medical-school-standards-report/,2026-07-26,General,Uzima University ikiri ogendekere na naki ite borori naki agorori. Obwakire bwakire bwang'endi naki bwaki ikinyanja bwanene na buya naki buya daki otirenda bwaki.,"Uzima University awon gi accreditation kod ngeyo koro ma okel gi tugo mag jomoko. Kanyalo mago ni inyonni e piny gitalo, si timo pupo gi chike mag inye kanyeny.",Jaamacadda Uzima weli waa la aqoonsan yahay oo ay ansixiyeen hay'adaha khuseeya. Hay'adda ayaa samaysay dib-u-habeyn weyn waxayna hadda buuxisaa heerarka tababarka caafimaadka ee maanta.
EDU-00445,Education,PSA,Kwale County has disbursed Sh400 million in bursaries to support students from vulnerable backgrounds. Parents and students are encouraged to apply for these funds to enhance educational opportunities.,Kaunti ya Kwale imepewa Sh400 milioni kwa ajili ya ufadhili wa masomo kusaidia wanafunzi kutoka katika familia zenye hali ngumu. Wazazi na wanafunzi wanahimizwa kuomba fedha hizi ili kuboresha fursa za elimu.,,KenyaNewsAgency_Education_Cat,https://www.kenyanews.go.ke/mvurya-defends-rutos-education-record-as-kwale-county-strengthens-bursary-support/,2026-07-26,General,Kaunti ya Kwale ikwanga marokero Sh400 miriondori mu bursa zosiore buya buera buigire aborere bwakirori. Abakire na aborere baryetie nyarenda bwena burchangwaki bwokwanzi buya bwigire bwosiboki.,"Kwale County nyalo yore Sh400 million kuom bursary kueny dho bura ma tolak. Piny magi yotore gi dhoo ma ok nyalo tich, to puodhi no ng'eyo kuom golo ma dudi.",Degmada Kwale waxay bixisay Sh400 milyan oo lacag bursi ah si ay u taageeraan ardayda ka soo jeeda asalka danyarta ah. Waalidiinta iyo ardayda waxaa lagu dhiirigelinayaa inay codsadaan lacagahan si ay u korodhsadaan fursadaha waxbarasho.
EDU-00446,Education,PSA,All scholars and stakeholders are urged to implement research findings from the 14th TVET and Interdisciplinary International Conference to drive innovation and improve living standards.,Wanasayansi na wadau wote wanashauriwa kutekeleza matokeo ya utafiti kutoka Mkutano wa 14 wa TVET na Utafiti wa Kiraia wa Kimataifa ili kuhamasisha ubunifu na kuboresha viwango vya maisha.,,KenyaNewsAgency_Education_Cat,https://www.kenyanews.go.ke/ps-muoria-challenges-scholars-to-implement-research-findings/,2026-07-26,General,Abakinyaki nakiere baabogoti batorire boberi naki baki nkienda yaki 14th TVET na Interdisciplinary International Conference buya na ogotirie yani okogorie obokiri naki boti.,Wang'ni nding' yie koro ng'iyo kaka chako gibiro wach e 14th TVET gi Interdisciplinary International Conference piny e tich mar wahiga gi nigi gi tich mokuongo gi tich mar tho.,Dhammaan aqoonyahannada iyo daneeyayaasha waxaa lagu boorinayaa inay hirgeliyaan natiijooyinka cilmi-baarista ee shirka 14-aad ee TVET iyo Kulanka Caalamiga ah ee Ka-Xirfadaha si kor loogu qaado hal-abuurka iyo tayaynta heerarka nolosha.
EDU-00447,Education,PSA,"School principals in Makueni County are urged to remain vigilant and release students to go home if they request, to prevent unrest and property destruction.","Makaribu wa shule katika Kaunti ya Makueni wanatakiwa kuwa makini na kuwaachilia wanafunzi waondoke nyumbani wanapohitaji, ili kuzuia machafuko na uharibifu wa mali.",,KenyaNewsAgency_Education_Cat,https://www.kenyanews.go.ke/principals-urged-to-remain-vigilant-following-recent-school-unrest/,2026-07-26,General,"Abaniani bategati b'eshule mw'ogoti Makueni barengere okabere ogendi na batware abana kw'ibaki bw'ogenda, nta bwaku bwekegere okorere naki k'eshatu na buwkire bw'echienyi.","Omundhori kanyakulala e Makueni County wan gi bando, mitz quch ng'ato gi ng'ato ka waliyo, mana not, koro udi gi chula ma ok wacho ka ogend.","Madaxda dugsiyada ee Gobolka Makueni waxaa lagu boorinayaa inay taxaddar muujiyaan oo ay ardayda oggolaadaan inay guryahooda tagaan haddii ay codsadaan, si loo xakameeyo kacdoon iyo burbur hantiyeed."
EDU-00448,Education,PSA,"The strike by Early Childhood Development Education (ECDE) teachers in Murang'a County is called off following an agreement on a new salary and benefits package, effective July 2026.","Mgomo wa walimu wa Elimu ya Maendeleo ya Utoto wa Awali (ECDE) katika Kaunti ya Murang'a umesitishwa baada ya makubaliano kuhusu pakiti mpya ya mshahara na manufaa, itakayoanza kutumika Julai 2026.",,KenyaNewsAgency_Education_Cat,https://www.kenyanews.go.ke/muranga-reaches-a-deal-with-ecde-teachers-strike-called-off/,2026-07-26,General,"Ateka omokigori buse na abarigori aborori buse mu Murang'a omogeni bosi nakiagwa bwigana bu bendi bwakire, ogwena kuijonge mwakiri 2026.","Kenyang' e kech gi tich mar Early Childhood Development Education (ECDE) ma Murang'a County ni nigi piny, to iliekgi maler mar piny gi ng'ato ma ok wacho, nikech piny nochung' July 2026.","Burburinta macallimiinta Waxbarashada Hore ee Carruurta (ECDE) ee Gobolka Murang'a ayaa la joojiyay kaddib markii la gaaray heshiis ku saabsan mushahar cusub iyo xirmooyin faa'iidooyin, oo dhaqangalaya bishii July 2026."
EDU-00449,Education,PSA,"Over 2,500 students from needy families in Thika have received Sh17.7 million in bursaries for university, college, and TVET studies. Ensure your application for support is submitted on time.","Zaidi ya wanafunzi 2,500 kutoka kwa familia zenye mahitaji Thika wameshiriki kwenye ufadhili wa Sh17.7 milioni kwa masomo ya chuo kikuu, chuo, na masomo ya ufundi. Hakikisha maombi yako ya msaada yanawasilishwa kwa wakati.",,KenyaNewsAgency_Education_Cat,https://www.kenyanews.go.ke/thika-students-benefit-from-sh17-7-million-ng-cdf-bursary-boost/,2026-07-26,General,"Abana 2,500 b’aki omong’era b’ogekore omogega mu Thika baria bagogori 17.7 milioni bukiriri bw’akiboria, esera, naki TVET. Naki okuengi omokoro bwobokiri bwogokore bukhana.","Kak 2,500 maono nyaka kuom ji tinde ka Thika en yamo Sh17.7 triệu mondo abiro teko kwom bursaries e chiegni, koleji, kendo TVET. Jegu nyaka goyo joma wacho ma en ng'ato joma ruto makwongo gi chunyu.","In ka badan 2,500 arday oo ka soo jeeda qoysaska dakhligoodu hooseeyo ee Thika ayaa helay Sh17.7 milyan oo buundooyin ah oo loogu talagalay waxbarashada jaamacadaha, koleyga, iyo TVET. Hubi in codsigaaga taageero la soo gudbiyo waqti."
EDU-00450,Education,PSA,"All secondary schools in Murang'a County that suspended learning due to unrest must reopen and ensure students report back by Monday, June 15.","Shule za sekondari zote katika Kaunti ya Murang'a zilizositisha masomo kwa sababu ya machafuko lazima zifunguliwe na kuhakikisha wanafunzi wanaripoti tarehe Jumatatu, Juni 15.",,KenyaNewsAgency_Education_Cat,https://www.kenyanews.go.ke/muranga-schools-that-suspended-learning-due-to-student-unrests-ordered-to-reopen/,2026-07-26,General,"Masomo menye oria atenge ikireri buya buya mu Murang'a County naki buya babatende buya buya omokireri abaki naki Bung'ia, Yuni 15.","Dhi nyaka sekondari onywolo e Murang'a konyu no duto ma otimie ka lweny, nyaka omiyo ma students wachwe konyo ng'weny, Juma, Kony 15.","Dhammaan dugsiyada sare ee ka jira Gobolka Murang’a oo joojiyay waxbarashada sababo la xiriira xasilooni darrada waa in ay dib u furmaan oo ay xaqiijiyaan in ardaydu ka soo noqonayaan Isniinta, Juun 15."
EDU-00451,Education,PSA,"The government has proposed an allocation of Sh784.5 billion to the education sector for the 2026/27 national budget, impacting schools, teachers, and students across Kenya.","Serikali imependekeza kutenga Sh784.5 bilioni kwa sekta ya elimu katika bajeti ya kitaifa ya 2026/27, ikihusisha shule, walimu, na wanafunzi kote Kenya.",,KenyaNewsAgency_Education_Cat,https://www.kenyanews.go.ke/kuppet-hails-increased-funding-for-the-education-sector/,2026-07-26,General,"Abangenyi ba serikali bakiigwa eng'ere Sh784.5 billion buya buseke bugevwaki mu chenda chibwaki cha 2026/27, bacheka bakenye, baria, na abaki bwaki mu Kenya.","Kagwa owuon piny awinjo kachoko Sh784.5 bilioni kuok education, ma ok nyalo wacho yore chike mag 2026/27. Okwang' pacho e shule, walimu, kod jaluo piny Kenya.","Dowladdu waxay soo jeedisay in Sh784.5 bilyan loo qoondeeyo qaybta waxbarashada ee miisaaniyadda qaranka sanadka 2026/27, taasoo saameyn doonta dugsiyada, macalimiinta, iyo ardayda guud ahaan Kenya."
EDU-00452,Education,PSA,Students from 17 schools in Murang'a East showcased their talents in music and performance during the Kenya Music Festival at Technology Primary School.,Wanafunzi kutoka shule 17 katika Murang'a Mashariki walionyesha talanta zao katika muziki na uchezaji wakati wa Tamasha la Muziki la Kenya katika Shule ya Msingi ya Technology.,,KenyaNewsAgency_Education_Cat,https://www.kenyanews.go.ke/young-voices-cultural-rhythms-dominate-muranga-east-music-festival/,2026-07-26,General,Abagaka baki 17 buuri bu Murang'a East bavamirire obori bwabo mubwakire bwomwaki naki obwakire mwaki bw'ekegusii ku Technology Primary School.,Makaranda 17 kuom Wuodhi Murang'a East muonji twak osiepna e piny mar musik kod jendruok e Kenya Music Festival ka Technology Primary School.,Ardayda 17 dugsiyada ee Murang'a East ayaa muujiyay kartidooda muusikada iyo bandhigga waqtiga Fanka Muusiga Kenya ee Dugsiga Hoose ee Teknoolojiyadda.
EDU-00453,Education,PSA,"Seventeen schools from Murang'a East Sub-County participated in the Kenya Music Festival at Technology Primary School, showcasing talents in various categories.","Shule kumi na saba kutoka Kaunti Ndogo ya Murang'a Mashariki zilihudhuria Tamasha la Muziki la Kenya katika Shule ya Msingi ya Technology, zikionyesha talanta katika makundi mbalimbali.",,KenyaNewsAgency_Education_Cat,https://www.kenyanews.go.ke/schools-showcase-talent-during-music-festival-competitions/,2026-07-26,General,"Masomo abiri na mwaki naki Murang'a East Sub-County bagana na Kenya Music Festival ikidoka Technology Primary School, buria bwokire ebichandori bwokarire.","Wagolol maber oromo goyo ahinya watimo piny Murang'a East Sub-County nyaka nigi Kenya Music Festival e Technology Primary School, wacho ma nyalo nyalieng' e kuon kategori marach.","Seventeen iskuul oo ka tirsan Degmada Murang'a Bari ayaa ka qeyb galay Xafladda Muusiga Kenya ee ka dhacday Iskuulka Hore ee Teknoolojiyadda, iyagoo soo bandhigay kartidooda qeybaha kala duwan."
EDU-00454,Education,PSA,Eighty-seven Grade Four learners from Kaimosi Junior School visited Vihiga County offices to enhance their understanding of governance and leadership.,Wanafunzi arobaini na saba wa darasa la nne kutoka Shule ya Msingi ya Kaimosi walitembelea ofisi za Kaunti ya Vihiga ili kuboresha uelewa wao kuhusu utawala na uongozi.,,KenyaNewsAgency_Education_Cat,https://www.kenyanews.go.ke/kaimosi-learners-visit-vihiga-county-to-learn-about-governance-leadership/,2026-07-26,General,Abakane abaki 87 b'abarabaki n'echikoro cha Kaimosi Junior baretete bw'amasoko g'ekati ya Vihiga ki'ogotagani oreka naki obonchesabaki.,Abich 87 lerner ma okinyi Grade Four man Moko ka Kaimosi Junior School nyalor Vihiga County offices mondo nyal gi tich mahonjo kuom governance and leadership.,87 arday oo ka tirsan fasalka afaraad ee Dugsiga Kaimosi Junior ayaa booqday xafiisyada gobolka Vihiga si ay u kordhiyaan fahamkooda ku saabsan maamulka iyo hogaaminta.
EDU-00455,Education,PSA,The Technical and Vocational Education and Training Authority (TVETA) has conducted a quality audit of 354 TVET institutions; stakeholders are urged to address identified gaps in trainer licensing and infrastructure.,Mamlaka ya Elimu ya Ufundi na Mafunzo ya Kitaalamu (TVETA) imefanya ukaguzi wa ubora katika Taasisi 354 za TVET; wadau wanashauriwa kushughulikia mapengo yaliyoainishwa katika upatikanaji wa leseni za wakufunzi na miundombinu.,,KenyaNewsAgency_Education_Cat,https://www.kenyanews.go.ke/tvet-institutions-perform-strongly-in-survey/,2026-07-26,General,Abwaki buya bwogori bwakageria bwakabere 354 oria TBETA; abanya businda barigho batarakire ebikoro ebikiri bwokiri bwasubani ne bwokire bwokwereka.,Technical ne Vocational Education and Training Authority (TVETA) orekidie sayans maler mag 354 TVET institutions; gi chwero ni magwi chieko ng'ato konyruok wohere kod kanyal.,Hay'adda Qiimaynta Tacliinta Farsamada iyo Tababarka (TVETA) waxay samaysay kormeer tayadeed oo ku saabsan 354 hay'adood oo TVET ah; dhinacyada danaynaya waxaa lagu boorinayaa inay wax ka qabtaan farqiyada la ogaaday ee ku saabsan ruqsadaha macalimiinta iyo kaabayaasha.
EDU-00456,Education,PSA,Quality Assurance and Standards Officers (QASOs) are urged to enhance STEM education and effectively implement the Competency-Based Curriculum (CBC) in schools.,Maafisa wa Uthibitisho wa Ubora na Viwango (QASOs) wanashauriwa kuboresha elimu ya STEM na kutekeleza kwa ufanisi Mtaala wa Kulingana na Uwezo (CBC) shuleni.,,KenyaNewsAgency_Education_Cat,https://www.kenyanews.go.ke/quality-assurance-officers-urged-to-strengthen-stem-support/,2026-07-26,General,"Abateka batarabwanire buya bwetenda STEM na biongereye okore oseria ogwendo ogukang'ana (Competency-Based Curriculum, CBC) mu makenga.",Okwach gi mago ma ohero Quality Assurance and Standards Officers (QASOs) to ofeche STEM education ka to implement Curriculum otemo-gi (CBC) buo.,Shaqaalaha Hubinta Tayada iyo Heerarka (QASOs) waxaa lagu boorinayaa inay kor u qaadaan waxbarashada STEM oo si wax ku ool ah ugu fuliyaan Manhajka Ku Saleysan Aqoonta (CBC) dugsiyada.
EDU-00457,Education,PSA,Kisii University encourages students and faculty to adopt a borderless model of education and utilize artificial intelligence as a collaborative tool for meaningful solutions to global challenges.,Chuo Kikuu cha Kisii kina himiza wanafunzi na wahadhiri kutumia mfano wa elimu usio na mipaka na kutumia akili bandia kama chombo cha ushirikiano kutafuta suluhisho za maana kwa changamoto za kimataifa.,,KenyaNewsAgency_Education_Cat,https://www.kenyanews.go.ke/kisii-university-chancellor-pushes-for-borderless-education-ai-driven-research/,2026-07-26,General,Kisii University inagwantia abanyamaka na abere buse ogendene bwaki obwakirorere buurogana na buse ogendene bwaki obwakirorere bwokigori bwabere kwa gisomo naki ataka bwokutibori miana buse bwanorere bwaki bwenyene obashindani na kisukuma.,"Kisii University nyal koro wanyalo timo korizo mar thuolo gi wath, kuom itiyo artificial intelligence lokore mag pondo nyaka opogore chiwruok mar dunia.",Jaamacadda Kisii waxay ku dhiirigelinaysaa ardayda iyo macallimiinta inay qaataan qaab waxbarasho aan xuduud lahayn oo ay isticmaalaan sirdoonka macmalka ah sidii aalad iskaashi ah oo lagu heli karo xalal micno leh oo waajahaya caqabadaha aduunka.
EDU-00458,Education,PSA,"The Centre for Mathematics, Science and Technology Education in Africa (CEMASTEA) has trained teachers in using AI for lesson planning and enhancing classroom instruction. All educators are encouraged to integrate AI into their teaching practices for improved learning outcomes.","Kituo cha Elimu ya Hisabati, Sayansi na Teknolojia barani Afrika (CEMASTEA) kimewafundisha walimu kutumia AI katika kupanga masomo na kuboresha ufundishaji darasani. Walimu wote wanahimizwa kuingiza AI katika mbinu zao za ufundishaji ili kuboresha matokeo ya kujifunza.",,KenyaNewsAgency_Education_Cat,https://www.kenyanews.go.ke/ai-improving-lesson-planning-curriculum-delivery-in-schools/,2026-07-26,General,CEMASTEA oikorei aborere buya bwire buya buya na AI okoboka aborere bamporwa na oregeti. Ogoteganga aborere bose bendo banye AI mu naki bosia buya buya.,CEMASTEA eyo nyinge ni itieno mawuon nyasaye ka lweny e yoreyo kuom AI mar mambo matindo kendo kumando. Wakati wane yo jachien mwandu ok inuok AI ka tich e nyaguma mar dimbe ma gira.,"Xarunta Waxbarashada Xisaabta, Sayniska iyo Teknoolojiyada Afrika (CEMASTEA) waxay tababartay macallimiinta sida loo isticmaalo AI qorsheynta casharada iyo kor u qaadida waxbarashada fasalka. Dhamaan macallimiinta waxaa lagu dhiirigelinayaa in ay ku darayaan AI hababkooda waxbarasho si kor loogu qaado natiijooyinka waxbarasho."
EDU-00459,Education,PSA,All youth in Elgeyo Marakwet and Uasin Gishu Counties are encouraged to enroll in nearby vocational training centers. Chiefs and Assistant Chiefs will assist in identifying eligible candidates.,Vijana wote katika Kaunti za Elgeyo Marakwet na Uasin Gishu wanahimizwa kujiandikisha katika vituo vya mafunzo ya ufundi vya karibu. Wajumbe wa kata na Wasaidizi wa Wajumbe wa kata watasaidia katika kutambua wagombea wanaofaa.,,KenyaNewsAgency_Education_Cat,https://www.kenyanews.go.ke/northrift-counties-push-to-increase-tvet-intake/,2026-07-26,General,Abagaka bosi baki Elgeyo Marakwet na Uasin Gishu barianyekire kuchenda mushene burokia bwaki buitu. Abakere na Abakere batarai baria batarikire banchimbaki burokia.,Ng'ato gi romo kod nyisigeg mar Elgeyo Marakwet kod Uasin Gishu owachoni kuom nyaka bende en tieke mar joma to joge konyo. Jochiek ne ok nyiso ni nyasach nigi joma owa.,Dhallinyarada ku nool Elgeyo Marakwet iyo Uasin Gishu waxa lagu boorinayaa inay Iskuulada Tababarka Xirfadeed ee ku dhow iska diiwaangeliyaan. Maayirrada iyo Kaaliyayaasha Maayirrada ayaa ka caawin doona in la helo dadka u qalma.
EDU-00460,Education,PSA,"The education sector has been allocated Sh784.5 billion in the 2026/27 budget to support teachers, learners, and education infrastructure.","Sekta ya elimu imepewa shilingi bilioni 784.5 katika bajeti ya mwaka 2026/27 kusaidia walimu, wanafunzi, na miundombinu ya elimu.",,KenyaNewsAgency_Education_Cat,https://www.kenyanews.go.ke/education-gets-sh784-5-billion-from-budget/,2026-07-26,General,"Makiango yamagani omokore omosangu Sh784.5 bilioni mu budget ya 2026/27 gochamokirenda aborangi, abenge, na oboranya bwakianga.","Kagendo ma elimu omer kuome Sh784.5 bilioni e 2026/27 budget mana otieno jende, jochiemo, kod ng'ato mar elimu.","Wasaaradda waxbarashada waxaa loogu talagalay 784.5 bilyan Shillings miisaaniyadda 2026/27 si ay u taageerto macallimiinta, ardayda, iyo kaabayaasha waxbarashada."
EDU-00461,Education,PSA,All county health facilities must secure valid licenses from the Kenya Medical Practitioners and Dentists Council by July 31 to maintain eligibility for Social Health Authority funding.,Vituo vyote vya afya vya kaunti lazima vipate leseni halali kutoka kwa Baraza la Madaktari na Wanafunzi wa Kinyago la Kenya kabla ya Julai 31 ili kuendelea kupata ufadhili kutoka Mamlaka ya Afya ya Jamii.,,KenyaNewsAgency_Education_Cat,https://www.kenyanews.go.ke/819-county-health-facilities-risk-losing-sha-funds-over-licensing-lapses/,2026-07-26,General,Bwakire buzera bw’abakoma na bwere buya bwebaki ekibanja kyenyi buya buore buya buuganda kera bw'ekega Kenya Medical Practitioners and Dentists Council omokiri wa Nyanya 31 ore buya bw’ogotegera kutegania mfekincho ya Social Health Authority.,"Ng’ato chiegni machon e chiemo mar chieng' ochiek gima weche to bedo ni wachit gi ndari mar Kenya Medical Practitioners and Dentists Council nyaka ok Nyasaye 31, ng’ato piny ok nyalo yore gi funding mar Social Health Authority.",Dhammaan xarumaha caafimaadka ee gobolka waa inay helaan rukhsadaha saxda ah ee ka yimaada Golaha Dhaqtarada iyo Ilkaha Kenya kahor July 31 si ay u sii haystaan xaqa maalgelinta Hay'adda Caafimaadka Bulshada.
EDU-00462,Education,PSA,"All stakeholders in Kenya's education and innovation sectors are encouraged to invest in research, technical skills, and entrepreneurship to support the nation's economic growth and development.","Wadau wote katika sekta za elimu na ubunifu nchini Kenya wanakaribishwa kuwekeza katika utafiti, ujuzi wa kifundi, na ujasiriamali ili kusaidia ukuaji na maendeleo ya uchumi wa taifa.",,KenyaNewsAgency_Education_Cat,https://www.kenyanews.go.ke/ps-call-for-investment-in-research-and-innovation/,2026-07-26,General,"Abakire baria bano wakwe ghana buya bwokire obokiri, nakiobori, na bwakire buya mu Kenya betera oborishekirane mu bushongotoni, obwaki bwananiro na bwokiri orokiri bwabere bwomogori bwai.","Ng'wech jopiny nyaka yien e kañg' g'ogo gi tich, buche, gi joma okonyo nyaka nyaka chopo maler, kod mamoko nyaka lende chike e kor kanyan gi tich ma g'weyo.","Dhammaan daneeyayaasha qaybaha waxbarashada iyo hal-abuurka ee Kenya waxaa lagu dhiirigelinayaa inay maal gashadaan cilmi baaris, xirfadaha farsamada, iyo ganacsiga si ay u taageeraan koritaanka iyo horumarka dhaqaalaha dalka."
EDU-00463,Education,PSA,"Murang'a County ECDE teachers are urged to sign a new employment contract for salary increments beginning July 1, 2026. Accept the agreement to resume normal learning activities.","Walimu wa ECDE wa Kaunti ya Murang'a wanahimizwa kusaini mkataba mpya wa ajira kwa ajili ya kuongezeka kwa mishahara kuanzia Julai 1, 2026. Kubali makubaliano ili urejeleze shughuli za kujifunza kama kawaida.",,KenyaNewsAgency_Education_Cat,https://www.kenyanews.go.ke/muranga-urges-ecde-teachers-to-accept-new-pay-deal/,2026-07-26,General,"Abarete buya bwa ECDE bw'egena Murang'a batarakire ikireona chire gaki ikiroriore buya k'abaragati buya bwabw'oma gucokere Kogori oria 1, 2026. Naki ikireona buya bwanike gucokere buya bukiogotire oria bwokire buya bucheki.","Abiria mbela ji ECDE e Murang'a County ni giyo yore kanyo yego mar jochung' e ng'ato ma okinyi ji e ndalo 1, nyakwar 2026. Konyo chalo ma okinyi ji nyime chalo ka madiro.","Macalimiinta ECDE ee Gobolka Murang'a waxaa lagu boorinayaa inay saxiixaan heshiis shaqo cusub oo ku saabsan kordhinta mushaharka oo bilaabanaysa Luulyo 1, 2026. Aqbal heshiiska si waxbarashada caadiga ah dib loogu bilaabo."
EDU-00464,Education,PSA,Congratulations to Dr. Tabitha Awuor Amollo of Egerton University for winning the OWSD-Elsevier Foundation Award for her groundbreaking research in STEM. Her work on solar energy conversion and thin-film technology exemplifies innovation in addressing global challenges.,Hongera kwa Dkt. Tabitha Awuor Amollo wa Chuo Kikuu cha Egerton kwa kushinda Tuzo ya OWSD-Elsevier Foundation kwa utafiti wake wa kipekee katika STEM. Kazi yake juu ya ubadilishaji wa nishati ya jua na teknolojia ya filamu nyembamba inadhihirisha ubunifu katika kushughulikia changamoto za kimataifa.,,KenyaNewsAgency_Education_Cat,https://www.kenyanews.go.ke/egerton-lecturer-wins-prestigious-global-women-scientists-award/,2026-07-26,General,Naki ebwaki ore Dr. Tabitha Awuor Amollo omogena wa Egerton University omokirere omosiba buya bwaki OWSD-Elsevier Foundation Award kubwakire enyansioneki ya STEM. Omokirigho weye kusiigana enkarori ya mwaki omwaki hamwe naki techinology ya thin-film ikwenda gucuchanda omonene mananire.,Wang'ni Dr. Tabitha Awuor Amollo wuon Egerton University kuom oringo OWSD-Elsevier Foundation Award noyudo mag daloko gi wendo mopogore e STEM. Kundi nigi mondo koro gingo kendo ng'ato ang'wen gi kido mar joma nyaka abiro oduong' e vyalo mar dhano masinde.,Hambalyo Dr. Tabitha Awuor Amollo ee Jaamacadda Egerton oo ku guuleysatay abaalmarinta OWSD-Elsevier Foundation ee cilmi-baaristeeda cusub ee STEM. Shaqadeeda ku saabsan beddelka tamarta qoraxda iyo farsamada filimka dhuuban ayaa tusaale u ah hal-abuurka wax ka qabashada caqabadaha caalamiga ah.
EDU-00465,Education,PSA,CEMASTEA is conducting a three-day training for Quality Assurance and Standards Officers on improving STEM education under the Competency-Based Education system from June 10 to 12.,CEMASTEA inafanya mafunzo ya siku tatu kwa Maafisa wa Uhakikisho wa Ubora na Viwango juu ya kuboresha elimu ya STEM chini ya mfumo wa Elimu ya Kulingana na Uwezo kuanzia tarehe 10 hadi 12 Juni.,,KenyaNewsAgency_Education_Cat,https://www.kenyanews.go.ke/cemastea-trains-quality-assurance-officers/,2026-07-26,General,CEMASTEA oreka omokiri oria itatu buya for Quality Assurance ne Standards Officers buya bwoikire STEM ekegusii nyansabaki ye Competency-Based Education omagaka June 10 nyake 12.,CEMASTEA ochunge thum oriti niya chienge kuru mar Quality Assurance and Standards Officers kuom gendere STEM edukeshin maler pesa Competency-Based Education system nigi chike 10 mpaka 12.,CEMASTEA waxay qabanqaabinaysaa tababar saddex maalmood ah oo loogu talagalay Saraakiisha Hubinta Tayada iyo heerarka si kor loogu qaado waxbarashada STEM iyada oo la adeegsanayo nidaamka Waxbarashada Ku Salaysan Aqoonta laga bilaabo Juun 10 ilaa 12.
EDU-00466,Education,PSA,"Grade 10 learners show strong interest in continuing STEM education beyond secondary school, with over 95% intending to pursue this pathway. Parents and educators are encouraged to support this trend.","Wanafunzi wa darasa la kumi wana hamu kubwa ya kuendelea na masomo ya STEM baada ya shule ya sekondari, ambapo zaidi ya asilimia 95 wanakusudia kufuata njia hii. Wazazi na waalimu wanahimizwa kuunga mkono mwenendo huu.",,KenyaNewsAgency_Education_Cat,https://www.kenyanews.go.ke/findings-show-grade-10-learners-increasingly-embrace-stem-education/,2026-07-26,General,"Abakiruka baye bagenjere 10 baria nabere nakiere matokari ya STEM emorogoti bweri abere borenyiri, na 95% nakiere saponi eria bakanona. Ababere nakiere ndoni ne abatia baci buya emoshuri bobi.","Abal grade 10 nyaka gi chamo buo kuon STEM keyo gi chike, nyaka 95% ni bende nyaka gitimere lowo. Ougo, bachi mang'ere gi jowadho nyaka gidhoyo mano.","Ardayda fasalka 10aad waxay muujinayaan xiiso xooggan oo ku aaddan inay sii wataan waxbarashada STEM ka dib dugsiga sare, in ka badan 95% waxay qorsheynayaan inay raacaan waddadan. Waalidiinta iyo macalimiinta waxaa lagu dhiirigelinayaa inay taageeraan isbeddelkani."
EDU-00467,Education,PSA,"Parents and communities are urged to enhance vigilance and cooperation to protect children, monitor their movements, and report any suspicious activities promptly to local authorities.","Wazazi na jamii wanahimizwa kuimarisha uangalizi na ushirikiano ili kulinda watoto, kufuatilia harakati zao, na kuripoti shughuli zozote za kutia shaka kwa mamlaka za eneo.",,KenyaNewsAgency_Education_Cat,https://www.kenyanews.go.ke/ngirici-calls-for-urgent-action-to-curb-cases-of-missing-children/,2026-07-26,General,"Abakire na obokire buya batorire omokiri nyanje na obokire okorere oria, banarere mwena baana, na bazirere obokire buya bwaki bogenye bosi obaki buya ku masengo.","Nek piny, iyaboya mondo idhi rogho gi neno, kendo olokni kuom nyaka mapiggi, kendo nyisogi alworo chalo koro kendo amiyou gi piny ma ok nyaka gi gik ma ok ochak moloyo.","Waalidiinta iyo bulshadu waxa lagu boorinayaa inay kor u qaadaan feejignaanta iyo iskaashiga si ay u ilaaliyaan carruurta, u kormeeraan dhaqdhaqaaqeeda, isla markaana ay si dhakhso ah u soo sheegeen waxyaabaha shaki gelinaya ee ay la kulmaan hay'adaha maxalliga ah."
EDU-00468,Education,PSA,KCSE graduates from 2020 to 2025 can access the KUCCPS guide listing universities offering Bachelor of Education courses for new CBE subjects to aid in course selection.,Waliohitimu KCSE kuanzia mwaka 2020 hadi 2025 wanaweza kupata mwongozo wa KUCCPS unaoonyesha vyuo vinavyotoa kozi za Shahada ya Elimu kwa ajili ya masomo mapya ya CBE ili kuwasaidia kuchagua kozi.,,EducationNews_co_ke,https://educationnews.co.ke/kuccps-guide-lists-universities-offering-bachelor-of-education-courses-for-cbe-senior-school-subjects/,2026-07-26,General,Abasorori ba KCSE abaki 2020 saba 2025 baria bategana kubona buya bwa KUCCPS buarorere miano ya masomoni boki Bakarori ba Egesero boki CBE buorere buya bwokore bwategana.,Ab gdzie KCSE man gi 2020 to 2025 no en gima ne odugni KUCCPS ma nyal chuth universities kendo ma owinjore Bachelor of Education kuom chiko CBE ma nyal tinde gi nyalo konyo chike.,Ardayda ka qalin-jabisa KCSE intii u dhexeysay 2020 ilaa 2025 waxay heli karaan hagaha KUCCPS ee liiska jaamacadaha bixiya koorsooyinka Bachelor of Education ee maadooyinka cusub ee CBE si ay u fududeeyaan doorashada koorsada.
EDU-00469,Education,PSA,The Teachers Service Commission (TSC) has published transparent promotion guidelines and a marking scheme for the 2026/2027 financial year to ensure fairness in teacher promotions.,Tume ya Huduma za Walimu (TSC) imetoa mwongozo wazi wa kuhamasisha na mfumo wa kukadiria kwa mwaka wa fedha 2026/2027 ili kuhakikisha haki katika kuhamasisha walimu.,,EducationNews_co_ke,https://educationnews.co.ke/former-kuppet-official-praises-tsc-over-2026-2027-promotion-guidelines-marking-scheme/,2026-07-26,General,Abwaki buya ya Teachers Service Commission (TSC) etareje ogenda buya bwa ongekire na ochakarari bwogoya bwokibuke cha 2026/2027 buya buya buya bwega kworere buya bwenye ogenda buya bwakinyancha.,Komishen ma Tich (TSC) osetie madinda mar promo ni nyathi e yo 2026/2027 ka ei gisege dal ni ariyo ma tik.,Guddiga Adeegga Macallimiinta (TSC) ayaa soo saaray hage cad oo kor u qaadista iyo qorshe qiimeyn ah sanadka maaliyadeed 2026/2027 si loo hubiyo cadaalad macallimiinta kor loogu qaadayo.
EDU-00470,Education,PSA,"All stakeholders in education must respect their roles to ensure a safe and productive learning environment. Collaboration is key, but it must not lead to interference.","Wadau wote katika elimu wanapaswa kuheshimu majukumu yao ili kuhakikisha mazingira salama na yenye tija ya kujifunza. Ushirikiano ni muhimu, lakini haupaswi kupelekea kuingilia kati.",,EducationNews_co_ke,https://educationnews.co.ke/boundaries-build-strong-schools-why-every-stakeholder-must-respect-their-role/,2026-07-26,General,"Abegasai bante boke mu ekerebu bure busekwere egesambu naki bwaki omogori obwakinyang'ani. Kegasikenyeki nikiruge, lakini kire omotigo obwaki.","Wangʼeye oro duto kuom nengo gin mag Ngʼato ma nidi to ginyal e gige duto. Kuom konyo mag ndalo, to ok nyal ji nyalo timo.","Dhammaan daneeyayaasha waxbarashada waa inay ixtiraamaan doorkooda si loo xaqiijiyo deegaan waxbarasho oo ammaan ah oo wax soo saar leh. Iskaashigu waa muhiimada, laakiin maaha in uu keeno faragelin."
EDU-00471,Education,PSA,There are no actionable announcements in this article.,Hakuna matangazo ya kutekelezeka katika makala hii.,,EducationNews_co_ke,https://educationnews.co.ke/how-differently-would-jesus-have-handled-obado-in-the-sharon-otieno-case/,2026-07-26,General,Naki gochokire kosi omokiriri bw'ogendenda buya.,Konyi neno mar no ng'ato koro miyo.,Maqaalkani ma laha wax qoraal ah oo la qaadi karo.
EDU-00472,Education,PSA,Parents and educators are urged to encourage students to read complete books to enhance concentration and critical thinking skills. Deep reading is essential for academic success.,Wazazi na walimu wanashauriwa kuhamasisha wanafunzi kusoma vitabu kamili ili kuboresha uelekeo na ujuzi wa kufikiri kwa kina. Kusoma kwa undani ni muhimu kwa mafanikio ya kitaaluma.,,EducationNews_co_ke,https://educationnews.co.ke/if-students-stop-reading-books-the-future-of-education-is-at-risk/,2026-07-26,General,Abanyangi na abarimu banekere okorora emosi baana bushindu busukari bworukoyie buya matega bwomoraganja naki. Omosoreri obwakire buya mwagahi buya bworaki bworugendo bwakosibori.,Dhok ma ji kuom iweyo gima nyaka kuom ng'ato konyo ng'ato gi tich mamoko kuom kuoth gima giya chiegni kanyo gi yore. Nying' kod owabi e nyiri chalo yo.,Waalidku iyo macalimiintu waxaa lagu dhiirigelinayaa inay ardayda ku boorinayaan inay akhriyaan buugaag dhammaystiran si ay u xoojiyaan feejignaanta iyo kartida fekerka. Akhriska qoto dheer waa lagama maarmaan guusha waxbarashada.
EDU-00473,Education,PSA,"Schools are encouraged to activate their alumni networks to provide mentorship, support scholarships, and enhance educational resources. Engage former students to strengthen your institution's future.","Shule zinahimizwa kuanzisha mitandao ya wahitimu zao kutoa ushauri, kusaidia ufadhili wa masomo, na kuboresha rasilimali za kielimu. Washirikishe wanafunzi wa zamani ili kuimarisha mustakabali wa taasisi yenu.",,EducationNews_co_ke,https://educationnews.co.ke/beyond-nostalgia-why-every-school-needs-a-strong-alumni-movement/,2026-07-26,General,"Masomo emonani orete buya bwabaki bwarebu naki buya bwakora, bwanang'ana gose, naki buya bwachire. Nyasa buya osete buya bwere buya bwabaki, buya wakiore.","Kola ma gimae, wan joo ma wuondo gi jodongo omiya nyaka buo yore, makelo sayans, to nyal gi nyamunjigi. Kony gi jochunge ma gi yo chiego duto e nyumi.","Dugsiyada waxaa lagu dhiirigelinayaa inay furaan shabakadaha alumnigooda si ay u bixiyaan hagitaan, taageero deeqo waxbarasho, iyo inay kororsadaan agabka waxbarasho. La xidhiidh ardaydii hore si aad u xoojisaan mustaqbalka hay'addaada."
EDU-00474,Education,PSA,Teachers are encouraged to prioritize financial literacy as it directly impacts their well-being and effectiveness in the classroom. Invest in your financial education for better professional health.,Walimu wanahimizwa kuzingatia uelewa wa kifedha kwa sababu unaathiri moja kwa moja ustawi wao na ufanisi darasani. Wekeza katika elimu yako ya kifedha kwa afya bora ya kitaaluma.,,EducationNews_co_ke,https://educationnews.co.ke/why-financial-literacy-must-become-a-pillar-of-teacher-wellness-and-educational-excellence/,2026-07-26,General,Abagereki baria batararire kukang'ana buya bwenga bw'ekegusii naki bw'otebere buya bwabo na madalimo gogekarire mu bubi bw'ekibari. Koshonte mwaki gwanone mu buya bwa buya bw'ekebirori.,"Wang'ni nyaka terere ka watiyore konyo yieng' mar pesa, nitie ka ine konyo wachni gi ohinga mar duhongo. Ndalo kuom joma mar pesa mondo ubed gi yie.",Macallimiinta waxaa lagu dhiirigelinayaa inay mudnaanta siiyaan aqoonta maaliyadeed maadaama ay saameyn toos ah ku leedahay caafimaadkooda iyo waxqabadkooda fasalka. Maal gal aqoontaada maaliyadeed si aad u hesho caafimaad xirfadeed oo wanaagsan.
EDU-00475,Education,PSA,"Mitua Girls Senior School successfully conducted a Student Council election through secret ballot, promoting student leadership and participation in school governance.","Shule ya Upili ya Wasichana Mitua imetekeleza uchaguzi wa Baraza la Wanafunzi kwa njia ya kura za siri, ikisisitiza uongozi wa wanafunzi na ushiriki katika usimamizi wa shule.",,EducationNews_co_ke,https://educationnews.co.ke/bungomas-mitua-girls-holds-historic-student-council-election-through-secret-ballot/,2026-07-26,General,"Mitua Girls Senior School yabwakere ogenda buya bwa Student Council buse kera, itagore omokireri buya buya naki omosi kera mu buya bwitiga.","Mitua Girls Senior School obed kanyo ni yore maber gi chunyogo mar Students Council ka wacho ni chalo chike, kendo en gi itung' chwech maber kuom jomatindo.","Mitua Girls Senior School waxa ay si guul leh u qabatay doorasho Guddiga Ardayda iyadoo la isticmaalayo cod qarsoodi ah, taas oo dhiirigelinaysa hogaaminta ardayda iyo ka qaybqaadashada maamulka dugsiga."
EDU-00476,Education,PSA,Learners in Vihiga County are urged to prioritize their education for a better future. Parents and guardians are encouraged to provide supportive environments for academic success.,Wanafunzi katika Kaunti ya Vihiga wanashauriwa kuzingatia masomo yao kwa ajili ya maisha bora ya baadaye. Wazazi na walezi wanahimizwa kusaidia mazingira ambayo yatasaidia mafanikio ya kitaaluma.,,EducationNews_co_ke,https://educationnews.co.ke/ps-inyangala-praises-bunyore-girls-for-ranking-14th-nationally-in-2025-kcse/,2026-07-26,General,Abaki bansonye Vihiga batigire omokirigori bw'aki bw'omi. Baki bakanjaa naki bonyigori banteka emorori abaria abaki bw'aki bonyaki.,"Daleni ku Vihiga, mwathgi kachien duto gi weche mag chieng' mar piny kendo. Bwakni gi ng'ato oyie kaka wandu kendo piny duong' mar tich.",Ardayda ku sugan degmada Vihiga waxaa lagu dhiirigelinayaa inay mudnaanta siiyaan waxbarashadooda si ay mustaqbalka uga fogaadaan dhibaato. Waalidiinta iyo mas'uuliyiin waxaa lagula talinayaa inay abuuraan jawi taageero leh si ay ardaydu ugu guuleystaan waxbarashada.
EDU-00477,Education,PSA,Residents of Bomet County are urged to report gender-based violence incidents to the police immediately. Do not settle cases privately; support efforts to protect victims and ensure offenders face justice.,Wakazi wa Kaunti ya Bomet wanashauriwa kuripoti matukio ya unyanyasaji wa kijinsia kwa polisi mara moja. Usitatue kesi kibinafsi;unga mkono juhudi za kulinda waathiriwa na kuhakikisha waliotenda makosa wanakabiliwa na haki.,,EducationNews_co_ke,https://educationnews.co.ke/murkomen-raises-alarm-over-gbv-cases-in-bomet-warns-against-shielding-offenders/,2026-07-26,General,Abakire b’Bomet bakenye buya kosi nyasa ya nyaka bosi omokang’ori kw’ogotegeri buya. Naki biforori bw’egera bwi bosi; bakanie buya buseki bategori buseka omorimania na mwamori bosi bota omongima.,"Omondo Bomet County nawo, nwa kwach ni awachung’ gi ng'ato miyo g’ontie piny mangeny gi chodo. Koro ok nyal konyo konyo; nyalo konyo pum ne okonyori to ochiko chiek.",Dadka ku nool Gobolka Bomet waxaa lagu boorinayaa inay si degdeg ah ugu warbixiyaan ciqaabta ku saleysan jinsiga booliska. Ha soo afjoojin kiiska si gaar ah; taageer dadaallada lagu badbaadinayo dhibanayaasha iyo xaqiijinta in dambiilayaasha la horkeeno cadaaladda.
EDU-00478,Education,PSA,"Tenwek High School will participate in the KSSSA national Term Two games from August 2–6 in Thika, Kiambu County. Prepare accordingly for this important competition.","Shuleni Tenwek itashiriki michezo ya kitaifa ya KSSSA ya Kipindi cha Pili kuanzia Agosti 2–6 huko Thika, Kaunti ya Kiambu. Jiandikishe ipasavyo kwa ajili ya mashindano haya muhimu.",,EducationNews_co_ke,https://educationnews.co.ke/mara-sugar-beat-tenwek-high-in-friendly-ahead-of-ksssa-national-games/,2026-07-26,General,"Tenwek High School ikwenda kuteurwa mu KSSSA national Term Two games buya August 2–6 oria Thika, Kiambu County. Tegere buya kosi oria naki naki ikikore buya.","Tenwek High School bende y jong' golo ma KSSSA mar Term Two k’oloo August 2–6 e Thika, Kiambu County. Nakiu nyaka ni iwek ni bende ok nyaka kuom gik ma wacho.","Dugsiga Sare ee Tenwek ayaa ka qayb qaadan doona ciyaaraha KSSSA ee heer qaran ee Term Two laga bilaabo August 2–6 ee Thika, Kiambu County. Si haboon u diyaar garoobid tartankan muhiimka ah."
EDU-00479,Education,PSA,"Kakamega School Green Commandos have departed for Kiambu for the KSSSA National Secondary Schools Ball Games. All qualified schools must report to M-PESA Academy by July 31, 2026.","Kikundi cha Green Commandos cha Shule ya Kakamega kimeondoka kwenda Kiambu kwa Michezo ya Mpira ya KSSSA ya Shule za Sekondari Kitaifa. Shule zote zilizostahiki zinatakiwa kuripoti katika Akademia ya M-PESA kufikia Julai 31, 2026.",,EducationNews_co_ke,https://educationnews.co.ke/kakamega-school-green-commandos-depart-for-kiambu-ahead-of-ksssa-national-games/,2026-07-26,General,"Kakamega School Green Commandos omokire buya Kiambu kw'ekisomo ky'ekikoro kya KSSSA. Masomo matuhaine omogenda bosi bwenyige buya M-PESA Academy buya Ogot 31, 2026.","Kakamega School Green Commandos abichne gi Kiambu for KSSSA National Secondary Schools Ball Games. Sukulu ng'ato ma ok nyalo konyi gi joma M-PESA Academy nyaka yudo raporo kanyogo nyukonyo July 31, 2026.","Dugsiga Kakamega Green Commandos ayaa u baxay Kiambu si ay uga qaybgalaan Ciyaaraha Kubadda Kolayga ee KSSSA ee dugsiyada sare ee qaranka. Dhammaan dugsiyaadka u qalma waa in ay soo xreportiyaan M-PESA Academy ka hor July 31, 2026."
EDU-00480,Education,PSA,"Parents and guardians are urged to actively engage in mentoring their children during the August holiday to reinforce moral values, discipline, and faith at home.","Wazazi na walezi wanashauriwa kushiriki kwa karibu katika kuwasaidia watoto wao wakati wa likizo ya Agosti ili kuimarisha maadili, nidhamu, na imani nyumbani.",,EducationNews_co_ke,https://educationnews.co.ke/kitale-catholic-diocese-unveils-new-strategies-to-boost-academic-standards-faith-formation/,2026-07-26,General,"Ababere na abanikire bagamie gusomeka ngo’oti babaire buya bu iheka buya, omogaka bu naki, na omokoyaki bw'egesabandi.","Gi omer e odhiambo mamoko gi kamano ng'ato nyaka oser e gima chiegni gi chike ma okelo gi ng'ato ma awinjo; iwacho kuom onyiso, chiegni, kendo dik.","Waalidiinta iyo mas'uuliyiinta waxaa lagu boorinayaa inay si firfircoon uga qayb qaataan hagidda caruurtooda inta ay cuntadan August, si loo xoojiyo qiyamka anshaxa, nidaamka, iyo iimaanka guriga."
EDU-00481,Education,PSA,Wilson Sossion has been appointed as a commissioner of the Teachers Service Commission (TSC) and pledges to enhance teacher welfare and education reforms.,Wilson Sossion ameteuliwa kuwa kamishna wa Tume ya Huduma za Walimu (TSC) na ahadi yake ni kuboresha ustawi wa walimu na mabadiliko ya elimu.,,EducationNews_co_ke,https://educationnews.co.ke/former-knut-sg-sossion-thanks-ruto-for-tsc-appointment-pledges-to-champion-teacher-welfare-reforms/,2026-07-26,General,Wilson Sossion omokire buya kamoko omonyagaka gee Teachers Service Commission (TSC) na osorori ekirori omogirango chakariga naki naki ekere ne eng'enda.,Wilson Sossion wachari oko ka commissioner mar Teachers Service Commission (TSC) kendo odiso kuom gima oyie chike mar walimu kendo maber ma nyalo tich e kanyero.,Wilson Sossion waxaa loo magacaabay komishinere ka tirsan Hay'adda Adeegga Macallimiinta (TSC) wuxuuna ballanqaaday inuu kor u qaadi doono daryeelka macallimiinta iyo isbeddelada waxbarashada.
EDU-00482,Education,PSA,"Seven teachers have been deregistered by the Teachers Service Commission effective February 25, 2026. Individuals cannot teach unless registered; reinstatement requires Commission approval.","Walimu saba wameondolewa katika orodha ya Walimu na Tume ya Huduma za Walimu, hii ikianza tarehe 25 Februari, 2026. Watu hawawezi kufundisha isipokuwa wapo kwenye orodha; kurejea katika orodha kunahitaji idhini ya Tume.",,EducationNews_co_ke,https://educationnews.co.ke/tsc-deregisters-seven-teachers-after-disciplinary-proceedings/,2026-07-26,General,"Abagore baria nane bayabere omogaka buya buya bwi' Teachers Service Commission mwakire Obwakabarori 25, 2026. Ababere bataria bashite omogaka buya buya; kugarukire omogaka bwi' Commission kunye.","Baker teachers onge gichako gi Teachers Service Commission to manok kuom February 25, 2026. Kido kadinda to hodu kanyakla; gige gi ng'ato ni Commission moro.","Todoba macallin ayaa laga tiray diiwaanka machadka adeegga macallimiinta tan iyo 25-ka Febraayo, 2026. Shaqsiyaadka ma wada baran karaan haddii aanay diiwaangashanayn; dib u soo celinta waxay u baahan tahay ogolaansho ka timaadda machadka."
EDU-00483,Education,PSA,Motorists are reminded to exercise caution and adhere to traffic regulations to prevent road accidents and fatalities.,Madereva wanakumbushwa kuchukua tahadhari na kufuata kanuni za barabarani ili kuzuia ajali za barabarani na vifo.,,EducationNews_co_ke,https://educationnews.co.ke/kericho-tvet-student-killed-in-duka-moja-road-crash-laid-to-rest/,2026-07-26,General,"Abashurubu bosi, musabire omokire na mosi chirebaki okure mwaki buya bwabokire naki bimenyereri.","Wanyalo e yo bende wathor gi kare, kendo goyo ng'ato ne konyo ka unyalo konyo chike kuom yie kod kar gich.",Dadka gaadiidka wata waxaa lagu xasuusinayaa inay taxaddar sameeyaan oo ay raacaan xeerarka taraafikada si looga fogaado shilalka wadada iyo dhimashada.
EDU-00484,Education,PSA,"Nyabisase Secondary School has reopened under new acting principal Sambora. All students must pay KSh8,000 for damaged property and return with a parent/guardian to clear outstanding fees before re-admission.","Shule ya Sekondari ya Nyabisase imerejea chini ya kiongozi mpya anayesimamia, Sambora. Wanafunzi wote lazima walipie KSh8,000 kwa mali iliyoaribika na return na mzazi/mlezi ili kulipa ada zilizobaki kabla ya kurudi shuleni.",,EducationNews_co_ke,https://educationnews.co.ke/troubled-nyabisase-high-gets-acting-principal-as-parents-react-with-mixed-feelings/,2026-07-26,General,"Nyabisase Secondary School ekorire buya na omokyenyi omogende Sambora. Abanyamokiri bose bakenye KSh8,000 buya bwakire buya na bosi naki oria bwaki baekunyekirire omokye oria bosi bwaki bagenyi bwaki antesi omonokie.","Nyabisase Secondary School ok nyal nyako moko machielo e yo, ang'ado Sambora. Wana masomo nyaka pimo KSh8,000 gi chayo kod ni watiyo gi mamoko/owuor manok gi ji wee yo chuth koro omako nyaka okany kaluwore.","Dugsiga Sare ee Nyabisase wuu furmay oo waxaa maamula maamul cusub, Sambora. Dhamaan ardayda waa inay bixiyaan KSh8,000 oo lacag ah oo lagu hagaajiyo hantida dhaawacmay, sidoo kalena waa inay la yimaadaan waalid/mas'uul si ay u bixiyaan lacagaha ka maqan ka hor dib u aqbalaadda."
EDU-00485,Education,PSA,Kisii School Old Boys are constructing an ICT hub to equip students with digital skills. This initiative aims to enhance learners' computer proficiency for their studies and careers.,Wanaume wa Shule ya Kisii wanajenga kituo cha ICT ili kuwapa wanafunzi ujuzi wa kidijitali. Mpango huu unalenga kuboresha ujuzi wa wanafunzi katika matumizi ya kompyuta kwa masomo na kazi zao.,,EducationNews_co_ke,https://educationnews.co.ke/kisii-school-old-boys-to-build-ict-hub-to-equip-learners-with-digital-skills/,2026-07-26,General,Abagosi baki Kisii School bagenyora ICT hub buya bwogokoge bwesibori. Omogoti owi bwokwagia abaki bateganeri bwogogendia buseke bwabaki natii bosi.,Kisii School Old Boys buo ng'ato ICT hub konyo kuom nindigi mag dala. Njenje manono ni iwach ne jo konyo kompyuta mar nyigoro kendo ng'ato e yiero ma okinyi.,Kisii School Old Boys waxay dhisayaan xarun ICT ah si ay ardayda ugu qalabeeyaan xirfadaha dijitaalka ah. Ujeedada mashruucan waa in la koriyo aqoonta kombiyuutarka ee ardayda si ay uga faa'iideystaan waxbarashadooda iyo mustaqbalkooda.
EDU-00486,Education,PSA,KUCCPS has opened instant university placement for KCSE candidates who missed earlier admission. Eligible students can apply through the KUCCPS Student Portal for available degree programmes immediately.,KUCCPS imefungua usajili wa papo hapo wa vyuo vikuu kwa wanafunzi wa KCSE walioshindwa kujiunga awali. Wanafunzi wanaoafiki wanaweza kuomba kupitia Portal ya Wanafunzi ya KUCCPS kwa programu za digrii zilizopo mara moja.,,EducationNews_co_ke,https://educationnews.co.ke/kuccps-opens-instant-university-placement-for-kcse-candidates-who-missed-earlier-admission/,2026-07-26,General,KUCCPS emogori oria bw'igo buya bw'ogori baci banya KCSE bature chaki oria bw'anda. Abandu babereka batania banang'iane oria bw'iga mu KUCCPS Student Portal ku oria bw'iga bware buya.,KUCCPS oyudhi manyien kuot gi ugenje makelo kwom KCSE giwacho to puon gi adhi. Wuond ni ng'ato ma ok eluo ang'wen kuom KUCCPS Student Portal kata wach e kanyakla ma iwach.,KUCCPS waxay furtey goob degdeg ah oo jaamacad loogu talagalay ardayda KCSE ee waayay gelitaanka hore. Ardayda ku habboon waxay si degdeg ah uga codsan karaan barnaamijyada darajada ku saabsan goobta ardayda ee KUCCPS.
EDU-00487,Education,PSA,"Murang'a County Government is offering Sh10,000 bursaries to day secondary school graduates with a C+ and above to support their transition to higher education. Eligible students should check for application details.","Serikali ya Kaunti ya Murang'a inatoa ufadhili wa Sh10,000 kwa wahitimu wa shule za sekondari za siku wenye alama ya C+ na juu ili kusaidia mpito wao kwenda elimu ya juu. Wanafunzi wanaostahili wanapaswa kuangalia maelezo ya jinsi ya kuomba.",,EducationNews_co_ke,https://educationnews.co.ke/governer-kangata-gives-sh10000-bursaries-to-day-school-graduates-joining-universities-colleges/,2026-07-26,General,"Abantu baki Murang'a bong'ere Sh10,000 emokiri omokireri ogenda ogenderera bw'ogenda egere okulanda kireko C+ na buya kuteke omogori buya oria nakiemete omogori obwakire. Abakire oya kugaruka okorora oria ogetogogere.","Ochokere Murang'a County Government owinjore burasari joo Sh10,000 ma nyaka konyo kuom mboyi ma aduok C+ e kendo marach kuom ji tich ma okel gige. Kanyere ma huiyo res nyaka jolo-omiyo mabor.","Dowladda degmada Murang'a waxay bixineysaa deeqo waxbarasho oo dhan Sh10,000 oo loogu talagalay ardayda dugsiga sare ee maalinle ah ee dhammaystay waxbarashada C+ iyo wixii ka sarreeya si ay uga caawiyaan inay u gudbaan waxbarashada sare. Ardayda u qalma waa iney ka fiirsadaan faahfaahinta codsiga."
EDU-00488,Education,PSA,"The Teachers Service Commission has withdrawn the advertisement for 34,016 teacher promotion vacancies due to errors. Wait for the corrected version before taking any action.","Tume ya Huduma za Walimu imeondoa tangazo la nafasi 34,016 za kuongeza cheo kwa walimu kutokana na makosa. Subiri toleo lililosahihishwa kabla ya kuchukua hatua yoyote.",,EducationNews_co_ke,https://educationnews.co.ke/tsc-withdraws-34016-teacher-promotion-vacancies-advert-over-errors/,2026-07-26,General,"Komisheni ya Abanyagati ikorori naki gaki naki 34,016 aibe nyamuka ya abanyagati buya buya bwaki. Para na kiana buya bwaki oria uria omokiriri.","Teachers Service Commission imedhi e jomokore mag 34,016 ma ok bende e nyathi mar koro. Wachone konyo mag jokwothe kendo maler kendo omiyou.","Guddiga Adeegga Macallimiinta ayaa ka laabtay xayaysiisa 34,016 fursado korodhsi macallimiin ah sababo la xiriira khaladaad. Sug nooca saxda ah ka hor intaadan qaadin wax tallaabo ah."
EDU-00489,Education,PSA,Teachers are encouraged to recognize and harness their diverse talents beyond their assigned subjects for the benefit of student development. Embrace all your skills to enhance the school community.,Walimu wanahimizwa kutambua na kutumia talanta zao tofauti zaidi ya masomo waliyopewa kwa ajili ya maendeleo ya wanafunzi. Tumieni ujuzi wenu wote kuimarisha jamii ya shule.,,EducationNews_co_ke,https://educationnews.co.ke/beyond-ecde-classroom-west-pokot-teacher-who-coaches-counsels-and-mentors-and-proves-deployment-isnt-destiny/,2026-07-26,General,Abagikosi baraboriwe okucherekeria na ogotenda eng’eno yakiogori nakiemookire obwaki bwamaki. Bokire omokiriri bwosi bwenyige okugeza omorenge buya.,"Nyarugni echo ni okanyore kod gima itiye kendo okel matek, yo chike mojiheka to edhi e gige ma nyaka ni. Koso e yo chike duto to golo matunga e school.",Macallimiinta waxaa lagu dhiirigelinayaa inay aqoonsadaan oo ka faa’iidaystaan xirfadooda kala duwan marka laga reebo maadooyinka ay u xilsaaran yihiin si kor loogu qaado horumarka ardayda. Qaado dhammaan xirfadahaaga si aad u xoojiso bulshada dugsiga.
EDU-00490,Education,PSA,Teachers are required to complete their self-appraisal for the Teacher Performance Appraisal and Development (TPAD) process by the end of Term Two. Ensure your evaluation reflects your professional growth.,Walimu wanatakiwa kukamilisha tathmini zao za kibinafsi kwa ajili ya Mchakato wa Tathmini na Maendeleo ya Utendaji wa Walimu (TPAD) kabla ya kumalizika kwa Kipindi cha Pili. Hakikisha tathmini yako inaonyesha ukuaji wako wa kitaaluma.,,EducationNews_co_ke,https://educationnews.co.ke/tpad-self-appraisal-its-about-growth-not-just-ticking-boxes-a-teachers-guide-to-meaningful-reflection/,2026-07-26,General,Abagere bategere omogori batarire bataria buya bwokirorere bwamokiri bwana Omotigena Wechisomo nakiendo koshiriri ekegera mbeere ya Term Iburi. Ria moshie bwogere bwokirorere bwokibori.,Wath joma adiera nigi ka okonyo gogo luor ego mar Teacher Performance Appraisal and Development (TPAD) mawacho gi nyaka omiyo konyo owang' e ng'ato gi e odhiambo mar Term Two. Naki gi gima owuon gi ng'ato meyo cham kendo gi tich.,Macallimiintu waa in ay dhammaystiraan is-dhexgalka naftooda ee habka Qiimaynta iyo Horumarinta Macallinka (TPAD) dhamaadka Term Two. Hubi in qiimayntu ay muujinayso korriinkaaga xirfadeed.
EDU-00491,Education,PSA,Schools are reopening for the new term; parents are encouraged to support school policies and maintain respectful communication for a positive learning environment.,Shule zinafunguliwa kwa muhula mpya; wazazi wanahimizwa kuunga mkono sera za shule na kudumisha mawasiliano ya heshima ili kuweka mazingira mazuri ya kujifunza.,,EducationNews_co_ke,https://educationnews.co.ke/the-parent-who-wants-to-run-the-school-the-hidden-threat-every-school-leader-must-watch/,2026-07-26,General,Masomo aragya kubokireriya; abaki banyasa baswaki mwaki obueng'ana na bueng'ana bwaki bakanogori bwaki buya bw'amasomo.,Wasukulu ginyalo konyo mar term mokwongo; magol kiwuon to okwayo kuom waluongo ng'ato kendo nindo mar modhi nopiny.,Dugsiyadu waxay dib u furayaan term cusub; waalidiinta waxaa lagu dhiirrigelinayaa in ay taageeraan siyaasadaha dugsiga iyo in ay ilaaliyaan isgaadhsiin ixtiraam leh si loo helo deegaan waxbarasho oo wanaagsan.
EDU-00492,Education,PSA,The 'Cockroach' movement protests in India have concluded following the resignation of India's education minister.,Harakati za 'Mpanzi' za kugomea nchini India zimeisha kufuatia kujiuzulu kwa waziri wa elimu wa India.,,EducationNews_co_ke,https://educationnews.co.ke/?p=522514,2026-07-26,General,Omogaka 'Cockroach' omokinyera bwakire mu India oria bwakere naki oria itiri moseri waki omokigori omogenda.,"Mabano mar 'Cockroach' okeleng' kendo en India naki ng'ato gigni, ka waduong' mar masomo en India apak iweyo.",Dhaqdhaqaaqa 'Dhidid' ee Hindiya ayaa dhamaaday kaddib markii wasiirka waxbarashada Hindiya is casilay.
EDU-00493,Education,PSA,St. Anne's Sega Girls Senior School has launched a book club where students have written and published their own books. Encourage your children to participate in such literacy initiatives.,Shule ya Sekondari ya Wasichana ya St. Anne's Sega imeanzisha klabu ya vitabu ambapo wanafunzi wameandika na kuchapisha vitabu vyao wenyewe. Himiza watoto wako kushiriki katika mipango kama hii ya kujifunza kusoma na kuandika.,,EducationNews_co_ke,https://educationnews.co.ke/sega-girls-book-club-defies-poor-reading-culture-as-learners-publish-own-books/,2026-07-26,General,Shule ya Msichana ya St. Anne's Sega imetangaza klabu ya vitabu ambapo wanafunzi wameandika na kuchapisha vitabu vyao. Himiza watoto wenu kushiriki katika mipango hii ya uandishi.,St. Anne's Sega Girls Senior School oyudhi buku club ma ng'ato piny orwako kendo nitel gi buku dwi. Rendors ng'wono kuom abor to nyaka nyalo nyikiny kar chuny.,Dugsiga Sare ee Gacanta St. Anne's Sega waxay sameysay koox buugaag ah oo ardaydu ay qoreen oo daabaceen buugaagtooda. Ku dhiirigeli carruurtaada inay ka qaybqaataan howlahaan akhriska.
EDU-00494,Education,PSA,"Parents and educators are encouraged to support students in their educational journeys, as mentorship plays a crucial role in overcoming obstacles and achieving success.","Wazazi na walimu wanahimizwa kusaidia wanafunzi katika safari zao za elimu, kwani ushauri ni muhimu katika kushinda vikwazo na kufanikiwa.",,EducationNews_co_ke,https://educationnews.co.ke/running-with-lions-why-every-child-deserves-someone-who-believes-in-them/,2026-07-26,General,"Ababere na abarori bataraki bambarire abaki batarire naki, buse engochori bw'ekigagano buzi bunta na bwana omotere buse oria batobo bwaremi buya.","Wuodhi ne walimu ohipi mwathoroni ka gini oying’ gi thum, tawi kanyoni puonj nyaka gichung’ gi piny mokuoch ne dendi.","Waalidiinta iyo macallimiinta waxaa lagu dhiirigelinayaa inay taageeraan ardayda safarkooda waxbarasho, maadaama hagiddu ay door muhiim ah ka ciyaarayo ka adkaanshaha caqabadaha iyo gaarista guusha."
EDU-00495,Education,PSA,Students at JKUAT on industrial attachment must clear outstanding household fee balances immediately or risk failing and having to repeat the program. Ensure payment to avoid consequences.,Wanafunzi wa JKUAT kwenye mafunzo ya vitendo wanapaswa kulipa salio la ada za nyumba lililobaki mara moja au wanaweza kukabiliwa na hatari ya kufeli na kulazimika kurudia programu. Hakikisha unalipa ili kuepuka madhara.,,EducationNews_co_ke,https://educationnews.co.ke/jkuat-orders-students-on-attachment-to-clear-fee-arrears-or-risk-repeating-programme/,2026-07-26,General,Abakire bu JKUAT bari mugambo bu industri batarianira bosi bosi bu emaki bwana ikigango batarianire buira ora bakuzire bosi nende bu mweng'ere. Naki aboraganya bukoragano bu bori iremokirano.,Wanafunzi ku JKUAT ma industrial attachment nyalo wajibika kwach ni eche kanyakwayo ma nyalu omong'ongo chiye nyaka omiyoni kata joge gi nyaka nyiso to. Kelo kanyakwayo to lare mar kendo!,"Ardayda JKUAT ku sugan ee ku jira tababarka warshadaha waa in ay si degdeg ah u xaliyaan deynta khidmadaha guryaha, haddii kale waxay khatar ugu jiraan inay ku guuldareystaan ​​iyo inay qasab ku noqdaan barnaamijka. Hubi in lacagta la bixiyo si looga fogaado cawaaqib xumo."
EDU-00496,Education,PSA,Teachers are encouraged to apply Maslow's Hierarchy of Needs in their teaching methods to enhance Curriculum-Based Education (CBE) learning outcomes.,Walimu wanahimizwa kutumia Ngazi ya Mahitaji ya Maslow katika mbinu zao za kufundisha ili kuboresha matokeo ya ujifunzaji wa Elimu Inayotokana na Mtaala (CBE).,,EducationNews_co_ke,https://educationnews.co.ke/teachers-urged-to-embrace-maslows-principles-to-strengthen-cbe-learning/,2026-07-26,General,Abere bochera bosi bori muchege Maslow's Hierarchy of Needs naki boki bwana bwaki boki bwogetenge Curriculum-Based Education (CBE) buya busibari.,"Makarand nyaka ji aimo Maslow's Hierarchy of Needs e ng'ato ma nyaka miyo okinyi, kuom gindo ma okinyi e Curriculum-Based Education (CBE).",Macallimiinta waxaa lagu dhiirigelinayaa inay isticmaalaan Hierarchy of Needs ee Maslow si ay u hagaajiyaan hababka waxbarashada una kordhiyaan natiijooyinka waxbarashada ee ku saleysan manhajka (CBE).
EDU-00497,Education,PSA,The Government is developing a 30-year Public Sector Transformation Policy to increase opportunities for young Kenyans in government employment.,Serikali inaandaa Sera ya Maboresho ya Sekta ya Umma ya miaka 30 ili kuongeza fursa za kazi kwa vijana wa Kenya katika ajira za serikali.,,EducationNews_co_ke,https://educationnews.co.ke/govt-unveils-30-year-plan-to-gen-z-ify-public-service-create-opportunities-for-young-kenyans/,2026-07-26,General,Obwaki bw'osibori bwahiga bw'otware 30 naki Okenye buya bw'ogendeshere bw'osema ore nouria omokiri buya bwakire bw'obaire bw'ogotora.,"Gavana owinjo chalo mar Public Sector Transformation Policy ma ok nyaka 30, kuom wacho mar yiembe ma ok nyal ilgongo kendo chuo nyaka ninde.",Dowladdu waxay horumarineysaa Siyaasadda Isbeddelka Qaybta Dadweynaha oo ah 30 sano si loo kordhiyo fursadaha dhalinyarada Kenyan-ka ah ee shaqada dowladda.
EDU-00498,Education,PSA,Young people are encouraged to actively engage with their local Church and participate in discussions about their needs and concerns. Your voice matters—join the conversation for a better future.,Vijana wanahimizwa kujiunga na Kanisa lao la eneo na kushiriki katika mijadala kuhusu mahitaji na wasiwasi wao. Sauti yako ina maana—jiunge na mazungumzo kwa ajili ya majukumu bora ya baadaye.,,EducationNews_co_ke,https://educationnews.co.ke/africas-youth-are-not-leaving-the-church-they-want-a-church-that-walks-with-them/,2026-07-26,General,Abakere bakiomokiri batiane neza na ekereke buya na baturia buya bwa kwomaka mwaki oria buya bwokere abaki. Enka bwaki bwerere—nengo uria bwoyoka ore buya bwang'ana.,Ng'ato nyaka okonyo e chokruok gi oying' molo e yiero mar chike gi nyamin duong' ka nyiri e golo gi chalo. Nying' wach nyaka goyo—timo chalo ng'ato mar buo.,Dhalinyarada waxaa loo dhiirrigelinayaa in ay si firfircoon ula socdaan kaniisadahooda deegaanka ayna ka qayb qaataan doodaha ku saabsan baahiyahooda iyo welwelkooda. Codkaaga waa muhiim—ku soo biir wada hadalka mustaqbal wanaagsan.
EDU-00499,Education,PSA,All institutions in Africa are urged to engage with young people as vital contributors to society. Organizations must listen to their needs to remain relevant and effective.,Taasisi zote barani Afrika zinahimizwa kuungana na vijana kama washiriki muhimu katika jamii. Mashirika yanapaswa kusikiliza mahitaji yao ili kuendelea kuwa muhimu na yenye ufanisi.,,EducationNews_co_ke,https://educationnews.co.ke/lessons-for-africa-from-the-nairobi-amecea-conference-on-empowering-youth/,2026-07-26,General,Díosibori zose mu Africa naki abarori baki akina naki abaki omogari oria. Mahepe naki kosi omokwa ogendaki bana baki okubokere omokire naki omokiri.,"Gik ma ok nyalo chako e Africa nyaka oying' ma young people nyalo timo kendo nyalo mano e chike. Moka ma odhi ni in gi wacho ma nyinge duto, miyo wachone gi adiera.",Dhammaan hay'adaha Afrika waxaa lagu boorinayaa inay la shaqeeyaan dhallinyarada sida wax ku ool ah ee bulshada. Ururada waa inay dhegeystaan baahiyahooda si ay u sii ahaadaan mid khuseeya oo wax ku ool ah.
EDU-00500,Education,PSA,"Chuka University and the National Biosafety Authority have partnered to enhance biosafety education and research, offering opportunities for students and staff in internships and training.","Chuo Kikuu cha Chuka na Mamlaka ya Kitaifa ya Usalama wa Biolojia wametafuta ushirikiano ili kuboresha elimu na utafiti wa usalama wa biolojia, wakitoa fursa kwa wanafunzi na wahitimu katika mafunzo na utafiti.",,EducationNews_co_ke,https://educationnews.co.ke/nba-chuka-university-seal-strategic-pact-to-advance-biosafety-education-and-research/,2026-07-26,General,"Chuka University na National Biosafety Authority batarane okuja osikere buya na bwaki, naki abokire emokere ekiendo na emokere oria.","Chuka University ne National Biosafety Authority omedh mochung' ka nyiso chike ma okel gi biosafety, mirando piny gi chandruok ma okel gi internships kendo chike.","Jaamacadda Chuka iyo Hay'adda Qaranka ee Badbaadinta Bay'ada ayaa iska kaashanaya sidii kor loogu qaadi lahaa waxbarashada iyo cilmi-baarista badbaadada bay'ada, iyagoo bixiya fursado ardayda iyo shaqaalaha tababaro iyo waayo-aragnimo."
EDU-00501,Education,PSA,The National Transport and Safety Authority (NTSA) has launched 'Operation Watoto Wafike Salama' to ensure safe transport for students during the upcoming August holiday. Parents and school administrators must ensure vehicles are roadworthy and drivers are qualified.,Mamlaka ya Usafiri na Usalama wa Barabarani (NTSA) imeanzisha 'Operation Watoto Wafike Salama' kuhakikisha usafiri salama wa wanafunzi wakati wa likizo ya Agosti inayokuja. Wazazi na wasimamizi wa shule wanapaswa kuhakikisha magari yanafaa kwa barabara na madereva wanastahili.,,EducationNews_co_ke,https://educationnews.co.ke/ntsa-rolls-out-watoto-wafike-salama-crackdown-on-school-transport-ahead-of-august-holiday/,2026-07-26,General,Abwaki bw'Abwaki n'Itagari (NTSA) batarani 'Operation Watoto Wafike Salama' buya bwi kufwanana ne mwendo mwa bange bwanande naki chochoro. Ababere na abagitura bakenye bukwanjane baserari bukihe bui zihangiri za omokari naki abochokari babaine buya.,National Transport and Safety Authority (NTSA) omiye 'Operation Watoto Wafike Salama' kuon gima ok othe ni nyaka nitsiye nyithindo gi dhako makare kendo gi tich mar August. K'Ong' adhi jodi nyaka un ng'ato kendo kwaya dhako ok ang'wen.,Hay'adda Qaranka ee Gaadiidka iyo Badbaadada (NTSA) waxay bilawday 'Hawlgalka Watoto Wafike Salama' si loo xaqiijiyo in ardayda si ammaan ah loogu safro inta lagu jiro fasaxa bisha Agoosto. Waalida iyo maamulayaasha dugsiyada waa inay hubiyaan in gaadiidka ay yihiin kuwo ammaan ah isla markaana darawalladu yihiin kuwo xirfad leh.
EDU-00502,Education,PSA,Police in Bomet are investigating the deaths of a teacher and a prison officer suspected to be linked to a love triangle. Residents are urged to avoid speculation and allow authorities to conduct their investigation.,Polisi wa Bomet wanachunguza vifo vya mwalimu na afisa wa gereza wanaoshukiwa kuwa na uhusiano na mkataba wa kimapenzi. Wananchi wanatakiwa kuepuka uvumi na kuwapa mamlaka nafasi ya kufanya uchunguzi wao.,,EducationNews_co_ke,https://educationnews.co.ke/police-probe-suspected-love-triangle-after-teacher-and-prison-officer-found-dead-in-bomet/,2026-07-26,General,Abakire bu Bomet baria bakiogoti bwogoya bwabaki bwabere bworoguru omokire na bokiibere bwakirigo omoshonire. Abakire barakiriigana baturia bujorori na babaki bategane omotendere bu bakiore.,Polisi e Bomet aroko kuom diech mar teacher kod diech mar prison kuom konyo rito mar chalo. Waduogo nyaluongo ka ichieng to oting' mag konyo gi yore mar gima polisi ok oting' konyo.,Boliska Bomet waxay baarayaan dhimashada macallin iyo sarkaal xabsi oo la tuhunsan yahay in ay ku xiran yihiin xariir jacayl. Dadweynaha waxaa lagu boorinayaa in ay ka fogaadaan hadalka aan salka lahayn iyo in ay oggolaadaan hay’adaha inay fuliyaan baaritaankooda.
EDU-00503,Education,PSA,"The latest Collective Bargaining Agreement has awarded teachers salary increases ranging from KSh693 to KSh2,055.","Mkataba wa Pamoja wa Majadiliano wa hivi karibuni umeongeza mishahara ya walimu kati ya KSh693 hadi KSh2,055.",,EducationNews_co_ke,https://educationnews.co.ke/category/opinions_commentaries/,2026-07-26,General,"Ekirogo gendagwa hersia yaki tigai omokireri baba iriarwe makanga KSh693 na KSh2,055.","Kakibagi kode mag tich e chicha pok aneno inye piny, obedi te tich kanyakla kanyakla e KSh693 kendo KSh2,055.","Heshiiska heshiiska wadajirka ah ee ugu dambeeyey wuxuu macallimiinta siiyay koror mushaar oo u dhaxeeya KSh693 ilaa KSh2,055."
EDU-00504,Education,PSA,"Teachers are encouraged to voice their concerns regarding the latest Collective Bargaining Agreement, as many feel it does not adequately meet their economic needs.","Walimu wanahimizwa kueleza wasiwasi wao kuhusu Makubaliano ya Pamoja ya Kazi ya hivi karibuni, kwani wengi wanaona kuwa haya meetings mahitaji yao ya kiuchumi.",,EducationNews_co_ke,https://educationnews.co.ke/latest-cba-falls-short-of-teachers-real-needs-as-living-costs-cbe-demands-rise/,2026-07-26,General,"Abagori batariri batega buya nyanzvi buseere buseki bwakomeza bwabwanana, naki bingi baba batega buya bujagano bosi bwaki bagenye oboranya bwokanyaboki bweng'ene.","Abweni gie eyo ret ngeyo chike mar dondo gi chuo, to chalo manyien an gi kakaok gima ne gieyo mar withi.","Macallimiinta waxaa laga dhiirrigelinayaa inay muujiyaan welwelkooda ku saabsan Heshiiska Iskaashiga Casriga ah, maadaama ay badan yihiin kuwa dareemaya in uusan si ku filan u qancinayn baahiyahooda dhaqaale."
EDU-00505,Education,PSA,The High Court has ordered the transfer of Gatoto Comprehensive School to the Mukuru community; immediate enforcement by the National Police Service is required.,Mahakama Kuu imeamuru kuhamasishwa kwa Shule ya Msingi ya Gatoto kwa jamii ya Mukuru; huduma ya polisi wa kitaifa inahitajika kutekeleza mara moja.,,EducationNews_co_ke,https://educationnews.co.ke/high-court-orders-immediate-transfer-of-gatoto-school-to-mukuru-community/,2026-07-26,General,Ong'anya mkong'o amogori akirenda Gatoto Comprehensive School buya Mukuru; naki omose oria bw'egesera bw'ikorwa bwi chiremo.,Kachieng' gi High Court oseti to ge Gatoto Comprehensive School e Mukuru; kido piny mos teko ng'ato mar National Police Service ne ok nyal duto.,Maxkamadda Sare waxay amartay in Gatoto Comprehensive School loo wareejiyo bulshada Mukuru; ciidamada booliiska qaranka waxay ku baahan yihiin in ay si degdeg ah u fuliyaan.
EDU-00506,Education,PSA,"Learning in Oldonyiro Ward, Isiolo County, has stalled indefinitely as the Kenya National Union of Teachers withdraws 59 teachers from four primary schools due to rising insecurity.","Mafunzo katika Kata ya Oldonyiro, Kaunti ya Isiolo, yamekwama bila mwisho baada ya Chama cha Walimu wa Kenya kuondoa walimu 59 kutoka shule nne za msingi kutokana na kuongezeka kwa ukosefu wa usalama.",,EducationNews_co_ke,https://educationnews.co.ke/knut-withdraws-59-teachers-from-isiolo-schools-over-rising-insecurity/,2026-07-26,General,"Obwaki bwaki bworeri mu Oldonyiro Ward, Isiolo County, bwarigenye buya naki Kenya National Union of Teachers bugete 59 abaki bori mu masomo anane ore itabere bori naki oria kiogoti.","Kanya maghiny ku Oldonyiro Ward, Isiolo County, ochung' gi wendo ni Kenya National Union of Teachers opo 59 nyaka zeyoni ku e sekondari nigi kamano chalo kwaya.","Waxbarashada degaanka Oldonyiro, Gobolka Isiolo, ayaa hakad gashay si aan waqti go'an lahayn ka dib markii Ururka Qaranka Macallimiinta Kenya uu ka baneeyay 59 macallin afarta dugsiga hoose ee deegaanka sababo la xiriira amni xumo soo kordhay."
EDU-00507,Education,PSA,"Students in ICT and software development at Kiambu National Polytechnic will benefit from a new dual training program, blending classroom learning with real-world industry experience.","Wanafunzi katika ICT na maendeleo ya programu katika Chuo Kikuu cha Kiambu watafaidika na programu mpya ya mafunzo ya pamoja, ikichanganya masomo darasani na uzoefu wa kweli wa viwandani.",,EducationNews_co_ke,https://educationnews.co.ke/huduma-kenya-kiambu-national-poly-advance-dual-training-partnership-to-advance-ict-skills/,2026-07-26,General,"Abana baki ICT na biuminya busema ku Kiambu National Polytechnic bokechakaririe mwaki owekire, bonyaki naki bwatire obwakire naki mwaki kosiya.","Dawu Manyuongi k'Okwan Gi ICT kod software development e Kiambu National Polytechnic, iwuok chiemo program machal. Kaka, ng'ama iwinjore e chike kod wendo mar joma imar gi nyithindo.","Ardayda ICT iyo horumarinta software-ka ee Kiambu National Polytechnic waxay ka faa'iidaysan doonaan barnaamij cusub oo laba-jibbaaran, kaasoo isugu jira waxbarasho fasalka iyo khibrad warshadeed oo dhab ah."
EDU-00508,Education,PSA,"The Educating Linda Programme offers annual scholarships to 47 academically gifted, financially disadvantaged Kenyan schoolgirls. Apply now to support girls' education in Kenya.",Mpango wa Kuelimisha Linda unatoa ufadhili wa kila mwaka kwa wasichana 47 wa Kikenya wenye uwezo wa kiakademia lakini wanakabiliwa na changamoto za kifedha. Omba sasa ili kusaidia elimu ya wasichana nchini Kenya.,,EducationNews_co_ke,https://educationnews.co.ke/first-lady-merck-foundation-launch-girls-education-programme-as-328-kenyans-benefit-from-medical-scholarships/,2026-07-26,General,"Pogramu ya Kwigisha Linda inagashotia majaribu ekiboko 47 abaki bategauria, naki ekibere eria bwaki omogori kiijia ke Kenyanya. Naki omokanya nyaraki goabaki mwene egesang'oti buye.",Programme educa Linda owinjore tich ma okinyi chike mar 47 ma chike kod piero mag tich gi otieno. Abiro in gi karuok ma ineno gi edhika mar kadi gi goyo ma tich Kenya.,"Barnaamijka Waxbarashada Linda wuxuu bixiya deeqo sanadle ah oo loogu talagalay 47 gabdhood oo Soomaaliyeed oo leh xirfado tacliimeed wanaagsan, laakiin ka maqan taageero dhaqaale. Codso hadda si aad u taageerto waxbarashada gabdhaha Kenya."
EDU-00509,Education,PSA,"The NextGen.Ke Youth Employment Programme is now available for 15,000 university and TVET graduates, offering 12-month stipend-supported workplace placements. Apply for the pilot phase starting now.","Mpango wa Ajira wa NextGen.Ke sasa upo kwa wahitimu 15,000 wa vyuo vikuu na TVET, ukitoa nafasi za kazi za miezi 12 zenye udhamini wa posho. Omba kwa awamu ya jaribio inayanzia sasa.",,EducationNews_co_ke,https://educationnews.co.ke/ruto-undp-private-sector-launch-historic-nextgen-programme-targeting-15000-university-tvet-graduates/,2026-07-26,General,"NextGen.Ke Buya bwaki bwaki bosi bw'oshure na 15,000 abaki b'ekiserani na TVET, baki na okiri b'ekegondo b'akiyorie obwakire bw'iboka bw'etabukire busi. Haki duka buya bwakire bw'ogosi.","NextGen.Ke Youth Employment Programme nyalo gimare mo 15,000 kuom chalo kod TVET, ichiko ng'ato maler mar 12 miyo. Konyi mar pilot kuom nango.","Barnaamijka Hubinta Shaqooyinka Dhallinyarada NextGen.Ke ayaa hadda la heli karaa 15,000 oo ka qalinjabisay jaamacadaha iyo xarumaha TVET, isagoo bixinaya meel shaqo oo lagu taageerayo mushaar 12 bilood ah. Codso wakiilada horumarinta hadda."
EDU-00510,Education,PSA,"Teachers, remember that your words have the power to shape a learner's future. Use them wisely to inspire confidence and ambition in every student.","Walimu, kumbukeni kwamba maneno yenu yana nguvu ya kubadilisha maisha ya mwanafunzi. Tumia maneno hayo kwa hekima ili kuhamasisha ujasiri na malengo katika kila mwanafunzi.",,EducationNews_co_ke,https://educationnews.co.ke/teachers-your-words-can-build-or-destroy-a-learners-future/,2026-07-26,General,"Abakiriri, mwakire buya naki chire chinu ching'anya omokiri. Makiere buya buya kuchireka naki ikirori na obororere mumaki.","Walimu, chier duto tuchuno kata godi chikeyo tinde. Konyo tinde ma ok wacho mar wahinya kuom jowuok duto.","Macallimiinta, xasuusta in erayadiinnu ay awood u leeyihiin inay qaabeeyaan mustaqbalka ardayga. Si xikmad leh u isticmaal si aad u dhiirrigeliso kalsoonida iyo hiyi arday kasta."
EDU-00511,Education,PSA,Graduates are reminded to wear their official gowns and caps during the graduation ceremony to uphold tradition and signify their academic achievements.,Wahitimu wanakumbushwa kuvaa mavazi rasmi na kofia zao wakati wa sherehe ya kuhitimu ili kudumisha desturi na kuashiria mafanikio yao ya kitaaluma.,,EducationNews_co_ke,https://educationnews.co.ke/why-graduates-wear-gowns-caps-and-toss-mortarboards-during-graduation/,2026-07-26,General,"Abagurani batarige kugana amaguru na masabo yabo oria bategereire buya bu granduashoni, omokinyanirire omokong’ena na buya bwokire bu mang’ana.",Matiro nyaka gichongo gi ng'ama duto kendo dende magi kuom yoho mar graduu kendo kuom ng'ama e bende otemo e piny.,Dhalinyarada qalinjabisay ayaa lagu wargelinayaa inay xirtaan goonnada iyo koofiyadaha rasmiga ah inta lagu jiro xafladda qalinjebinta si loo ilaaliyo caadooyinka iyo muujinta guulahooda waxbarasho.
EDU-00512,Education,PSA,"Community members are urged to support students in Homa Bay who qualified for higher education but lack funding. Donations of financial contributions and learning materials are needed. A fundraising event will take place on July 31, 2026, at Governors Park in Homa Bay Town.","Wanajamii wanahimizwa kuwasaidia wanafunzi wa Homa Bay ambao wamestahiki kujiunga na elimu ya juu lakini hawana ufadhili. Mchango wa fedha na vifaa vya kujifunzia unahitajika. Tukio la kukusanya fedha litaandaliwa tarehe 31 Julai 2026, katika Governors Park katika Mji wa Homa Bay.",,EducationNews_co_ke,https://educationnews.co.ke/homa-bay-muslim-leaders-rally-support-for-students-joining-universities-colleges/,2026-07-26,General,"Abanegere bakang'ana batariania banchere babo chabi bw’aki anake mokwenyegire kwomotibori bwanomwe bu Homa Bay bengine aseria oria bagenge emwaki. Naki bwaki ba biogire, eng'ono, na ebirori bwaki buarima. Oboragabani bwaki bungi bujengire ku Julai 31, 2026, bu Governors Park bu Homa Bay Town.","Dhokange dede toiyore gi wasomaji e Homa Bay ma ok nyal duok e chako. Tiyo madhi dondo gi joma nyaluok gi yore duto. Kaka nyise ochiemo madhi e yo 31, 2026, e Governors Park e Homa Bay Town.","Bulshada waxaa lagu boorinayaa inay taageeraan ardayda Homa Bay ee ka qaybqaadatay waxbarashada sare laakiin aan haysan maalgelin. Lacagaha deeqda ah iyo agabka waxbarashada ayaa loo baahan yahay. Dhacdo ururinta lacagta ayaa lagu qaban doonaa July 31, 2026, ee Governors Park ee Homa Bay Town."
EDU-00513,Education,PSA,Healthcare workers in Migori are invited to participate in continuing medical education and mentorship programs funded by the TramutoPorter Foundation at Lwala Community Hospital.,Wafanyakazi wa afya katika Migori wanakaribishwa kuhudhuria mafunzo ya kuendelea ya matibabu na programu za uongozi zilizofadhiliwa na Msingi wa TramutoPorter katika Hospitali ya Jamii ya Lwala.,,EducationNews_co_ke,https://educationnews.co.ke/lwala-community-hospital-in-migori-secures-funding-to-strengthen-healthcare-workers-training/,2026-07-26,General,Abanyakuri boko Migori barekera kuingia mu edugusi mosugu na oria bwire boki oria mwena TramutoPorter Foundation bueri Lwala Community Hospital.,Bwakher mwaki ku Migori nyaka ka gweno konyo kaka dhok magi keto vyoma kor koth ralruok kod masenene mar TramutoPorter Foundation ka Lwala Community Hospital.,Shaqaalaha caafimaadka ee Migori waxaa lagu casuumay inay ka qeybqaataan barnaamijyada waxbarashada caafimaadka joogtada ah iyo barnaamijyada hagidda ee ay maalgeliso Hay'adda TramutoPorter oo ka socda Isbitaalka Bulshada ee Lwala.
EDU-00514,Education,PSA,The Senate Committee on Education urges urgent investment in ECDE centres and vocational institutions in Bomet County to improve infrastructure and learning conditions.,Kamati ya Seneti kuhusu Elimu inaomba uwekezaji wa haraka katika vituo vya ECDE na taasisi za ufundi katika Kaunti ya Bomet ili kuboresha miundombinu na hali ya kujifunzia.,,EducationNews_co_ke,https://educationnews.co.ke/senate-raises-alarm-over-poor-state-of-ecde-centres-vocational-institutions-in-bomet/,2026-07-26,General,Omochokire bw'abe Bunge buya bw'amasomo boria bwanera ikikire omotirimbia omokiriri mu masomo ne ohaki bwanera mu Bomet County kuga bw'aki naki oria bw'egonde.,Komiti ya Seneti kuom Uthiego bor gi chongo nyaka pesa mwak oro ECDE machalo e Bomet County to yende mingo nyaka gi dhako magu e giko duto.,Guddiga Senate-ka ee Waxbarashada ayaa ku baaqaya in si degdeg ah loo maalgeliyo xarumaha ECDE iyo machadyada xirfadaha ee Bomet si loo hagaajiyo kaabayaasha iyo xaaladaha waxbarasho.
EDU-00515,Education,PSA,"The official handover of the Vice-Chancellor's office from Prof. Ipara to Prof. Makhanu Sibilikhe will take place on July 28, 2026, at 10:00 a.m. in the University Senate Boardroom.","Kukabidhi rasmi ofisi ya Makao Makuu ya Naibu Chansela kutoka Prof. Ipara kwa Prof. Makhanu Sibilikhe kutafanyika tarehe 28 Julai 2026, saa 4:00 asubuhi, katika Chumba cha Baraza la Seneti la Chuo Kikuu.",,EducationNews_co_ke,https://educationnews.co.ke/kibabii-university-sets-date-for-ipara-to-hand-over-vcs-office-to-makhanu/,2026-07-26,General,"Kigori kinyasa kiabaki bw'ogenda bw'ogenda bw'oVice-Chancellor buya Prof. Ipara buya Prof. Makhanu Sibilikhe buya kiana ki oingo July 28, 2026, buya bw'o10:00 a.m. buya buya University Senate Boardroom.","Handover makelo mar Vice-Chancellor man gi Prof. Ipara to Prof. Makhanu Sibilikhe nyaka Ombare olok kuom Jula 28, 2026, ni 10:00 a.m. e University Senate Boardroom.","Gudbinta rasmiga ah ee xafiiska Kuxigeenka Madaxda Jaamacadda ayaa ka dhici doonta Prof. Ipara ilaa Prof. Makhanu Sibilikhe 28-da Luulyo, 2026, saacadda 10:00 subaxnimo ee Qolka Golaha Senatiga Jaamacadda."
EDU-00516,Education,PSA,Parents and community members are urged to actively engage with children during the August holiday to foster character development and emotional wellbeing. Take this time to reinforce values and habits.,Wazazi na wanajamii wanahimizwa kujihusisha kikamilifu na watoto wakati wa likizo ya Agosti ili kuimarisha ukuaji wa tabia na ustawi wa kihisia. Tumia muda huu kuimarisha maadili na tabia.,,EducationNews_co_ke,https://educationnews.co.ke/august-holiday-should-be-a-season-for-parenting-mentorship-and-character-building/,2026-07-26,General,Abakire nakiendechi bano bataritane buya na bana bwonthe buya bwakiuga buya mu mwaki wa August omokiri ogokora gucokireri charita na omokiryogori. Nyasa oni oekire buya na amenye.,"Odadgi gi bende ma pari, nyaka in e kendo orwaki kaka in e yo mar August, nyaka igowe gi chochora mwand gi chando modhiambo. Konyo nyaka in timbe gi dhozi kendo gichandi.",Waaliyiinta iyo xubnaha bulshada waxaa lagu boorinayaa inay si firfircoon uga qayb qaataan carruurta inta lagu jiro fasaxa August si ay u taageeraan horumarinta dabeecadda iyo caafimaadka dareenka. Waqtigan qaado si aad u xoojiso qiyamka iyo caadooyinka.
EDU-00517,Education,PSA,The Government proposes a Tertiary Education Fund to expand financial support for students in universities and TVETs. Eligible students are encouraged to apply for assistance once approved.,Serikali inapendekeza Mfuko wa Elimu ya Juu ili kuongeza msaada wa kifedha kwa wanafunzi katika vyuo vikuu na vituo vya ufundi. Wanafunzi wanaostahiki wanahimizwa kuomba msaada mara tu watakapokubaliwa.,,EducationNews_co_ke,https://educationnews.co.ke/govt-unveils-tertiary-education-fund-proposal-to-expand-student-support-for-universities-tvets/,2026-07-26,General,Abagere bataruri bano na buya bweng'ena buya bwanene bwagere buya kubwonego bwakibori bwomotimetraki na TVETs. Abato bano abakorenda buya baria bwanene baisia kuchakire kubwonego once bwairori.,Gavumenti otimone fundi mar edukeshon mag tero kuom nyaka eyo nyaka yore eyoji manadho chiegni kendo TVETs. Wandiga ma gikonyo kendo ginemisele ginyalo kanyakore kuom yore manadho oyunji.,Dowladdu waxay soo jeedinaysaa Fondh Tertiary Education si loo ballaariyo taageerada maaliyadeed ee ardayda jaamacadaha iyo TVET-yada. Ardayda u qalma ayaa lagu dhiirigelinayaa inay codsadaan taageero markii la ansixiyo.
EDU-00518,Education,PSA,Effective school leadership is crucial for institutional growth. Schools are encouraged to foster strong leadership to unlock their untapped potential and facilitate meaningful progress.,Uongozi mzuri shuleni ni muhimu kwa ukuzaji wa taasisi. Shule zinahimizwa kukuza uongozi imara ili kufungua uwezo wao ambao haujatumika na kuwezesha maendeleo ya maana.,,EducationNews_co_ke,https://educationnews.co.ke/schools-dont-die-from-lack-of-resources-but-from-stagnant-leadership/,2026-07-26,General,Ongorori bw'eshule ekyekirori ebindire enkiro ya bwakire. Abeshule bakenyerere kugaka orokore ogotang'anya abyobori buya buoba omogore tessore.,Orii chike koro ok owuok forogo chalo. Masomo en zindruok kanyari nigi chike ma ok odhi nyalo ng'wech gi pwodo to gichung' gi ng'ati duto.,Hogaaminta dugsiga ayaa muhiim u ah koritaanka hay'adaha. Waxay dugsiyada ku boorinayaan inay xoojiyan hogaaminta si ay u furtaan awoodahooda aan la isticmaali karin iyo in ay fududeeyaan horumar macno leh.
EDU-00519,Education,PSA,"The revised university funding model will provide tailored financial assistance based on students' socio-economic circumstances, increasing support for those from low-income families.","Mfumo mpya wa ufadhili wa vyuo vikuu utaweza kutoa msaada wa kifedha unaokidhi mahitaji kulingana na hali ya kijamii na kiuchumi ya wanafunzi, ukiongeza msaada kwa wale kutoka familia zenye kipato cha chini.",,EducationNews_co_ke,https://educationnews.co.ke/cs-ogamba-explains-rutos-new-university-funding-model-and-how-students-will-benefit/,2026-07-26,General,"Ekirocha naki ekegana bw’oseria buya bwakinyige buya buwakore buya bakinyamaki batarugwa, kwegana boa bugetarugani bwekinyamatoki bwakigana bia batarugwa.","Modudho ma wuedhi gi chiegni mar iniversiti nyaka nymoro kanyal mar kang'erego bura, kendo wadhoma ma nyaka bedo gumo kanyal mar nitie ma nyalo konyo.","Habka maalgelinta jaamacadda ee la hagaajiyay wuxuu bixinayaa gargaarka maaliyadeed ee khaaska ah oo ku saleysan xaaladaha bulsho-dhaqaale ee ardayda, isagoo kor u qaadaya taageerada kuwa ka yimaada qoysaska dakhligoodu yar yahay."
EDU-00520,Education,PSA,Schools are reminded to design educational trips that enhance curriculum delivery and learner development. Ensure these trips focus on real-world experiences and align with national education goals.,Shule zinaonywa kuandaa safari za kielimu zinazoongeza utoaji wa mtaala na maendeleo ya wanafunzi. Hakikisha safari hizi zinazingatia uzoefu wa ulimwengu halisi na zinaendana na malengo ya elimu ya kitaifa.,,EducationNews_co_ke,https://educationnews.co.ke/educational-trips-must-go-beyond-recreation-to-advance-cbe-and-learner-safety/,2026-07-26,General,"Masuku naki bwakire boki bwanene boro buya bwaki bwire bwang'enda ne busechi bwaki bwokire buya, na busane buya bwaki na sheria daki naki. Tora buya bwaki bwang'enda boki busechere naki buya buya bwokiri bwanene.",Mga kwandeni koyo mwaki mang'era ji bende bende mang'wech kuom nyiri masomo mang'eyo kendo nyiri gi kendo. Konyo piny duto joma makare akwan komi kendo ni gik ma ginyalo timo kendo giyiero ni nyaka ginyal chier makelo.,Dugsiyada waxaa lagu xusuusinayaa in ay qorsheeyaan safarro waxbarasho oo kor u qaadaya cashar-bixinta iyo horumarinta ardayda. Hubi in safarradan ay diiradda saaraan khibradaha dhabta ah oo ay waafaqsan yihiin yoolalka waxbarashada qaranka.
EDU-00521,Education,PSA,"Chepchoina, Njoro, Titimet, and Chepsalei Secondary Schools have received new buses to improve student transport for academic trips and co-curricular activities.","Shule za Sekondari Chepchoina, Njoro, Titimet, na Chepsalei zimepokea mabasi mapya kuboresha usafiri wa wanafunzi kwa safari za masomo na shughuli za ziada.",,EducationNews_co_ke,https://educationnews.co.ke/four-endebess-secondary-schools-receive-new-buses-in-education-infrastructure-boost/,2026-07-26,General,"Masomo ma Chepchoina, Njoro, Titimet, na Chepsalei bayarire bosi buya bwakure bwong'ene bwakiere bwaburori buya.","Chepchoina, Njoro, Titimet, ne Chepsalei Secondary Schools nyalo winjruok bus ma okonyi nyalo weche dhok kuom chula magi kod nyako maber.","Dugsiyada Sare ee Chepchoina, Njoro, Titimet, iyo Chepsalei ayaa helay basas cusub si loo hagaajiyo gaadiidka ardayda ee safarada tacliinta iyo hawlaha isboortiga."
EDU-00522,Education,PSA,"The government will fully support students admitted to public universities, colleges, and TVET institutions regardless of financial background.","Serikali itawasaidia kabisa wanafunzi walioandikishwa katika vyuo vikuu vya umma, vyuo, na taasisi za TVET bila kujali hali yao ya kifedha.",,EducationNews_co_ke,https://educationnews.co.ke/rutos-university-funding-push-must-be-matched-by-healthcare-investment-for-a-healthier-more-productive-nation/,2026-07-26,General,"Abakonjwa bataria bwakirori bwokire oburegi bosi bwokirori bosi bwakire, bwaki naki abaki bonyaki mirongo.","Chandruok magweno nigi chiemo chiegni kuom jotieno mar public universities, colleges, kod TVET institutions, kendo pod ng'ato timbe kendo chike mang'ere.","Dowladdu waxay si buuxda u taageeri doontaa ardayda lagu qaatay jaamacadaha, kulliyadaha, iyo hay'adaha TVET, iyadoo aan loo eegin asalka dhaqaale."
EDU-00523,Education,PSA,Young people in Keumbu are encouraged to enroll in local Technical and Vocational Education and Training (TVET) institutions to acquire skills for economic independence.,Vijana wa Keumbu wanahimizwa kujiunga na taasisi za Teknolojia na Mafunzo ya Ufundi (TVET) za hapa ili kupata ujuzi wa kujitegemea kiuchumi.,,EducationNews_co_ke,https://educationnews.co.ke/kisii-keumbu-unrest-blamed-on-illicit-brews-as-administrator-warns-politicians-against-misusing-youth/,2026-07-26,General,Abaki bantarire bu Keumbu baria bakenye buengegi bwaki botalia abarigiriri bakanegeri abateka na bwaki bwagere bu nyasa.,Dala duto ni kuom Keumbu ochung' eyo mar ng'ato nene to en mana kuom gondo mag Technical and Vocational Education and Training (TVET) to goro tich kanyo.,Dhalinyarada ku sugan Keumbu waxaa lagu boorinayaa inay iska diiwaan geliyaan hay'adaha Tacliinta Farsamada iyo Tababarka (TVET) si ay u helaan xirfadaha madax-bannaanida dhaqaale.
EDU-00524,Education,PSA,"Teachers are encouraged to prepare for retirement early by cultivating a saving culture, investing wisely, and planning for continued professional growth. Start your retirement plan today.","Walimu wanahimizwa kujiandaa kwa kustaafu mapema kwa kukuza tamaduni za akiba, kuwekeza kwa busara, na kupanga ukuaji wa kitaaluma endelevu. Anza mpango wako wa kustaafu leo.",,EducationNews_co_ke,https://educationnews.co.ke/retirement-is-not-the-end-why-teachers-must-prepare-for-life-beyond-the-classroom/,2026-07-26,General,"Abakopesi batosetegana boki bw'oko bw'ogetoro bosi abirire omokogo, bagenyeri omokosi, batangire busekwetere bw'ogetoro bwachiengo. Bwakere eng'ene otenye!","Mwalimu yore magi nyiso bura maler gi wach kod nyaka oneni, jochalre gi tich ma ok gremo, kendo nyaka omego lweny mag pinje. Jiarno nyalo adier gi bura!","Macallimiinta waxaa lagu dhiirrigelinayaa inay si dhaqso ah ugu diyaar garoobaan hawlgabka iyagoo dhisaya dhaqanka kaydinta, maalgashiga si xikmad leh, iyo qorshaynta koritaanka xirfadeed ee joogtada ah. Ku bilow qorshahaaga hawlgabka maanta."
EDU-00525,Education,PSA,"The government and education stakeholders are urged to prioritize infrastructure improvements in Samburu County schools, including dormitories and libraries, to support academic excellence.","Serikali na wadau wa elimu wanaombwa kuweka kipaumbele kwa maboresho ya miundombinu katika shule za Kaunti ya Samburu, ikiwemo mabweni na maktaba, ili kusaidia ufahamivu wa kitaaluma.",,EducationNews_co_ke,https://educationnews.co.ke/stakeholders-rutos-govt-mps-must-rescue-samburu-schools-lacking-adequate-dormitories-libraries-despite-academic-glory/,2026-07-26,General,"Abagere na abaki bwiisi baire omokirigania khwihondeza hinyate za inki bwakire mu masomo eSamburu, gana tenda na masome, buya geke ohuchi bwakire bw'ogenda.","Kik dongo mago marahuma kod jomatindo marweny kuom gima koro ahinya gi infrastructure mar Sudan nene e Samburu County, nadiro dormitories gi libraries, to nyal gi academic excellence.","Dowladda iyo daneeyayaasha waxbarashada waxaa lagu boorinayaa inay mudnaanta siiyaan horumarinta kaabayaasha dugsiyada ee Gobolka Samburu, oo ay ku jiraan hoyga ardayda iyo maktabadaha, si loo taageero heerka waxbarashada."
EDU-00526,Education,PSA,"The KUCCPS portal is now open for KMTC applications for the September 2026 intake, running until August 11, 2026. Eligible applicants are KCSE graduates from 2000 to 2025.","Portal ya KUCCPS sasa iko wazi kwa maombi ya KMTC kwa ajili ya waandikishaji wa Septemba 2026, ambayo itaendelea hadi Agosti 11, 2026. Waombaji wenye haki ni wahitimu wa KCSE kuanzia mwaka 2000 hadi 2025.",,EducationNews_co_ke,https://educationnews.co.ke/kuccps-opens-kmtc-applications-for-september-intake-as-career-expert-outlines-courses-requirements/,2026-07-26,General,"Portal ya KUCCPS ikianyakiore buya maviya ya KMTC ya gotiriya mwaki wa September 2026, ikingana naki mwaki wa August 11, 2026. Abaki bakanoria naki naki nakiinyire KCSE bosi bosi buya 2000 kosi 2025.","Portal ya KUCCPS yawuok giyudhi kuom applications mag KMTC gi September 2026, kendo nigi gi August 11, 2026. Wang'ni itiyo ema ni KCSE graduates manom 2000 to 2025.","Albaabka KUCCPS hadda wuu furan yahay codsiyada KMTC ee qaadashada Sebtember 2026, waxaana soconaya ilaa Ogosto 11, 2026. Codsadayaasha u qalma waa dhammaan ardayda ka qalin jebisay KCSE intii u dhaxaysay 2000 ilaa 2025."
EDU-00527,Education,PSA,The Kenya National Union of Teachers (KNUT) has elected new regional officials in the Rift Valley. All members are encouraged to support the newly elected leaders.,Shirikisho la Walimu wa Kenya (KNUT) limechagua viongozi wapya wa kanda katika Bonde la Ufa. Wanachama wote wanahimizwa kuunga mkono viongozi wapya waliochaguliwa.,,EducationNews_co_ke,https://educationnews.co.ke/knut-rift-valley-delegates-elect-new-regional-officials-korinko-takes-executive-secretary-post/,2026-07-26,General,Abaki bwenyene bwi Kenya National Union of Teachers (KNUT) bakanyire abaki boire bakanana bu Rift Valley. Abaki genda bekorere abaki bwenyene boire.,Kenya National Union of Teachers (KNUT) abed gi jaluo mag nyaka e Rift Valley. Won kanyo chalo dwondgi gi ji miyo chalo nyaka.,Ururka Macalimiinta Qaranka ee Kenya (KNUT) ayaa dooratay madax cusub oo gobolleed ku yaal Rift Valley. Dhamaan xubnaha waxaa lagu dhiirigelinayaa inay taageeraan hoggaamiyayaasha cusub ee la doortay.
EDU-00528,Education,PSA,The Kenya National Union of Teachers (KNUT) is conducting Rift Valley Regional leadership elections. All teachers are encouraged to participate and support their union's efforts for improved welfare.,Shirikisho la Walimu Kenya (KNUT) linafanya uchaguzi wa uongozi wa Kanda ya Bonde la Ufa. Walimu wote wanahimizwa kushiriki na kuunga mkono juhudi za shirikisho lao kwa ajili ya kuboresha ustawi.,,EducationNews_co_ke,https://educationnews.co.ke/knut-kicks-off-rift-valley-regional-elections-as-leaders-outline-teachers-welfare-agenda/,2026-07-26,General,Abakoro abaki Kenya National Union of Teachers (KNUT) bonyaki buya butaka bwa Rift Valley. Abakoro bose baishire omokire ogwaki na baborori omokirangia bw'ogendi.,Kenya National Union of Teachers (KNUT) ne oketho gima joma tich kuom Rift Valley. Gik ma joma tich nyaka omiya kuom weche magoya nochiko e kwayo.,Ururka Qaranka ee Macallimiinta Kenya (KNUT) wuxuu qabanayaa doorashooyinka hogaaminta gobolka Rift Valley. Dhammaan macallimiinta waxaa lagu dhiirigelinayaa inay ka qayb qaataan oo ay taageeraan dadaallada ururkooda ee corashadooda.
EDU-00529,Education,PSA,Equity Group Holdings and AMREF International University have signed a five-year agreement to enhance healthcare education and innovation across Africa.,Equity Group Holdings na AMREF International University wametia saini makubaliano ya miaka mitano kujenga elimu ya afya na uvumbuzi kote Afrika.,,EducationNews_co_ke,https://educationnews.co.ke/equity-amref-university-sign-deal-to-boost-healthcare-education-and-innovation-across-africa/,2026-07-26,General,Equity Group Holdings na AMREF International University baragani bw'ekegumu bw'amekebwaki omogori naki ogenda bwaneni bwanakire kareka ogwoge buya buya na enyakere.,Equity Group Holdings kod AMREF International University ne oying' gitione mar mwaka tano upang’ chuny help kare nyithindo gi inonyo matek kanyakla Africa.,Equity Group Holdings iyo Jaamacadda AMREF International ayaa saxiixay heshiis shan sano ah si kor loogu qaado waxbarashada caafimaadka iyo hal-abuurka across Afrika.
EDU-00530,Education,PSA,"Over 100,000 teachers have been recruited in Kenya since 2020, with an additional 20,000 expected next year. This initiative aims to improve staffing in public schools.","Zaidi ya walimu 100,000 wametumiwa nchini Kenya tangu mwaka wa 2020, na 20,000 zaidi wanatarajiwa mwakani. Hii ni juhudi ya kuboresha ajira kwenye shule za umma.",,EducationNews_co_ke,https://educationnews.co.ke/cs-wandayi-lauds-rutos-administration-for-historic-teacher-recruitment-drive/,2026-07-26,General,"Abagere 100,000 bakiere omosiri Kisii mokigo 2020, na omosiri 20,000 bantedekire omoka omokiri. Egesagwaki nigo etaga abandu bakanarie mu masomo omogere.","Juma 100,000 kindergadi oter e Kenya kanyo gi 2020, ni 20,000 nofweny gi chalo mosando. Gik ma okonyo ni ng’ato nodhi gi dwondu e maber e shule owang'ni.","In ka badan 100,000 macallin ayaa lagu shaqaaleysiiyay Kenya tan iyo 2020, iyadoo 20,000 kale la filayo sanadka dambe. Howlgalkaan waxa uu ujeedkiisu yahay in lagu hagaajiyo shaqaaleynta dugsiyada dadweynaha."
EDU-00531,Education,PSA,"The Meru County Assembly has approved the disbursement of bursary funds for needy learners. Eligible students and parents should anticipate assistance soon, pending approval from the Controller of Budget.","Bunge la Kaunti ya Meru limeidhinisha utoaji wa fedha za ufadhili kwa wanafunzi wahitaji. Wanafunzi na wazazi wanaostahiki wanapaswa kutarajia msaada hivi karibuni, baada ya kupitishwa na Mweka Hazina.",,EducationNews_co_ke,https://educationnews.co.ke/meru-assembly-approves-motion-allowing-bursary-funds-disbursement-to-needy-learners/,2026-07-26,General,"Abwaki bwa Meru buya naki bwakirori obwakinyegera bwakona buya ekinyanga kisuma kene. Abarema buya naki abaki buya bosi oria buyaoche bwaki, tusi buya bwakino naki buya naki bwaki bwakinyange.","Meru County Assembly nonyono yie to gonda bursary ng'ato kanyo ma obir. Kido kuom mag kido kendo ma ginyalo ganda to ok ongi, kendo godo konyruok e Controller of Budget.","Golaha Deegaanka Meru ayaa ansixinaya in lacagta bursary-ga loogu deeqo ardayda baahan. Ardayda iyo waalidiinta u qalma waa inay sugtaan caawimaad dhawaan, iyadoo sugashada ansixinta ka timaadda Maamulka Miisaaniyadda."
EDU-00532,Education,PSA,West Pokot County has launched a major distribution of 400 ECDE chairs and play equipment to Early Childhood Development Education centres in Sook and Endough Wards.,Kaunti ya West Pokot imezindua usambazaji mkubwa wa viti 400 vya ECDE na vifaa vya michezo kwa vituo vya Elimu ya Maendeleo ya Utotoni katika Mitaa ya Sook na Endough.,,EducationNews_co_ke,https://educationnews.co.ke/west-pokot-expands-education-infrastructure-with-new-school-block-and-ecde-equipment-rollout/,2026-07-26,General,Omoiyaki moke minto West Pokot osetoraki ekere 400 emosiine na erigorioka naki enyancha zia kianjogoo ya Ekidogo cha Moitokori mu Sook na Endough.,West Pokot County owdhi madibor gi jomoko 400 ECDE ng’ato kod piny mar ji waura kuom Early Childhood Development Education centres e Sook kod Endough Wards.,Gobolka West Pokot ayaa bilaabay qaybinta weyn ee 400 kuraas ECDE iyo agabyada ciyaaraha ee xarumaha Waxbarashada Horumarinta Carruurta ee ku yaal Sook iyo Endough Wards.
EDU-00533,Education,PSA,"The NextGen.KE youth employment programme is now open, targeting 30,000 beneficiaries for paid internships and skills training. Apply now to secure your future in the job market.","Mpango wa ajira wa NextGen.KE kwa vijana sasa umefunguliwa, ukiwalenga wanufaika 30,000 kwa mafunzo ya kazi na ujuzi. Jisajili sasa ili kuhakikisha mustakabali wako kwenye soko la ajira.",,EducationNews_co_ke,https://educationnews.co.ke/ruto-launches-ksh2-billion-nextgen-ke-youth-employment-programme/,2026-07-26,General,"Programu ya ajira ya NextGen.KE ya vijana sasa imefunguliwa, ikilenga wanufaika 30,000 kwa mafunzo ya kazi na ujuzi. Tuma maombi sasa ili kujiwekea mustakabali mzuri kwenye soko la ajira.","NextGen.KE program ma nyalo tuo oganda mono, timore gi 30,000 nyalo timo ji for internshipo duto gi dhok ma okore. Bolo chalo konyo e kamano to nyaka ugi kido chuno.","Barnaamijka shaqo-abuurka dhallinyarada NextGen.KE hadda waa furan, isagoo higsanaya 30,000 oo ka faa'iidaysanaya tababaro lacag leh iyo tababaro xirfadeed. Codso hadda si aad u hubiso mustaqbalkaaga suuqa shaqada."
EDU-00534,Education,PSA,"Tenwek High School will play a friendly match against Mara Sugar FC tomorrow at Silibwet Stadium, starting at 10:00 a.m. This is part of their preparations for the KSSSA National Term Two Games.","Shule ya Upili ya Tenwek itacheza mechi ya kirafiki dhidi ya Mara Sugar FC kesho katika Uwanja wa Silibwet, kuanzia saa nne asubuhi. Hii ni sehemu ya maandalizi yao kwa Mchezo wa Kitaifa wa KSSSA wa Kipindi cha Pili.",,EducationNews_co_ke,https://educationnews.co.ke/tenwek-high-to-face-mara-sugar-in-friendly-ahead-of-national-games-debut/,2026-07-26,General,"Tenwek High School ikikina buya kegarama na Mara Sugar FC buya kesibori chike tichang'ani Silibwet Stadium, kiahaki 10:00 a.m. Iyi ne egia oria nakukina bwogori bwakana KSSSA National Term Two Games.","Tenwek High School oketho gamo maler gi Mara Sugar FC buo kendo chienge chuo kuom Silibwet Stadium, nigi piny 10:00 a.m. Nii ni mwakango mar KSSSA National Term Two Games.","Iskuulka Sare ee Tenwek wuxuu ciyaar saaxiibtinimo la yeelan doonaa Mara Sugar FC berri ee Stadium Silibwet, laga bilaabayo saacadda 10:00 subaxnimo. Tani waxay qayb ka tahay diyaar-garowgooda Ciyaaraha Qaran ee KSSSA ee Term Labaad."
EDU-00535,Education,PSA,Parents and students affected by the KSh1 billion Finland education scam are encouraged to demand refunds from the county government. A protest is planned for next Tuesday.,Wazazi na wanafunzi waliothirika na udanganyifu wa elimu wa KSh1 bilioni kutoka Finland wanahimizwa kudai marejesho kutoka kwa serikali ya kaunti. Maandamano yanapangwa kufanyika Jumanne ijayo.,,EducationNews_co_ke,https://educationnews.co.ke/uasin-gishu-parents-protest-after-mandagos-acquittal-in-ksh1-billion-finland-education-scam/,2026-07-26,General,Abarera na abana bakiibori ekonoria ya KSh1 billion buya bwa Finnish bokiire bwakora nyamunyeka obwakire bwaki pire oga omogori ogete. Omoige buya bukirori bwaki omitunganiria rukorome rwokiga buya.,"Wuon mokweya abor gi jukiner ji mag KSh1 billion kuom Finland ma okonyore, nyis bende gi sunga kuom owang' ping' wangu. Ndalo motegno ni bende giyere kar koyo ngalato mar ter.",Waalidiinta iyo ardayda ay saameysay khiyaamo waxbarasho oo ka dhacday Finland oo qiimaheedu yahay KSh1 bilyan waxaa lagu dhiirigelinayaa in ay codsadaan lacagtooda dib loogu soo celiyo dowladda hoose. Banaanbax ayaa la qorsheynayaa Talaadada soo socota.
EDU-00536,Education,PSA,Schools in North Eastern are prohibited from charging students for participation in co-curricular activities. Parents should report any illegal levies to the Ministry of Education.,Shule za Kaskazini Mashariki zina marufuku ya kuwalipisha wanafunzi kwa ushiriki katika shughuli za ziada. Wazazi wanapaswa kuripoti malipo yasiyo halali kwa Wizara ya Elimu.,,EducationNews_co_ke,https://educationnews.co.ke/insufficient-capitation-is-no-license-to-charge-poor-learners-for-school-games/,2026-07-26,General,Amakora gaki bukaranga bukhure mu North Eastern barimaki ogotega abaki bosi kuhogora mwaki bwogekorane. Abagaka baria boro nyaki naki buya buya buya buya bwogekorane buya bosi boro nyaki mwogana buya Ministry of Education.,Masomo e North Eastern ok nyal golo chuno piny kendo koro ji mar co-curricular activities. Wazazi oyie nyalo kede kanyo kanyengo mar nyaka ma ok nyal buo kuom Ministry of Education.,Dugsiyada waqooyi-bari waa mamnuuc in ay ardayda ka qaadaan lacag ka qaybgalka hawlaha isboorti. Waalidiintu waa inay soo gudbiyaan wax kasta oo lacag maxkamad ah oo sharci darro ah Wasaaradda Waxbarashada.
EDU-00537,Education,PSA,The Ministry of Education acknowledges the vital role of Curriculum Support Officers (CSOs) in schools. Support and resources are available for their welfare and professional development.,Wizara ya Elimu inatambua umuhimu wa Maafisa Waandaji wa Mitaala (CSOs) shuleni. Msaada na rasilimali zipo kwa ajili ya ustawi na maendeleo yao ya kitaaluma.,,EducationNews_co_ke,https://educationnews.co.ke/csos-the-forgotten-soldiers-of-kenyas-education-system-driving-curriculum-success/,2026-07-26,General,Wabere buya bw'ekegero e Kebose e naki bwamaki bosi buse kerubori omokoro wa Curriculum Support Officers (CSOs) abaki mwaki. Bwakanyanre bw'ekegoro na masoko biri omanye buya bw'ose etegene bosi.,Ministry of Education ochiwo ka Curriculum Support Officers (CSOs) ne ok ni mondo oduogo sa. Gik ma oketo ogend ang'wen e kitegi kendo kuom ma nyal oting'oni.,Wasaaradda Waxbarashada waxay garowsan tahay doorka muhiimka ah ee Sarkaalka Taageerada Manhajka (CSOs) ee iskuulada. Taageero iyo kheyraad ayaa diyaar u ah wanaagga iyo horumarinta xirfadeedkooda.
EDU-00538,Education,PSA,Archbishop Njenga Girls will compete for the KSSSA national girls' football title starting July 4 at M-Pesa Academy after winning the regional championship.,Wasichana wa Archbishop Njenga watachuana kwa taji la kitaifa la soka la wasichana la KSSSA kuanzia Julai 4 katika Chuo cha M-Pesa baada ya kushinda michuano ya kikanda.,,EducationNews_co_ke,https://educationnews.co.ke/archbishop-njenga-girls-eye-national-football-title-after-regional-triumph/,2026-07-26,General,Abishop Njenga Girls batorera ekegero kosi kosi ya bano b’abbosibori batiokorie naki Juli 4 kwomok M-Pesa Academy bui &lemo bano b’abbosibori.,Archbishop Njenga Girls nyalo yudi k'Omboko ma k'oti KSSSA mar girls' football chwech moloyo July 4 e M-Pesa Academy nyaka owinjore chwech mar region.,"Sareedna Njenga Gabarada waxay tartami doonaan horyaalka kubbadda cagta ee KSSSA, bilowda July 4, xarunta M-Pesa Academy ka dib markii ay ku guuleysteen horyaalka goboleedka."
EDU-00539,Education,PSA,"The government plans to establish the Tertiary Education Funding Authority (TEFA), dissolving HELB, the Universities Fund, and the TVET Fund. More details will follow regarding student support.","Serikali inapanga kuanzisha Mamlaka ya Ufadhili wa Elimu ya Juu (TEFA), ikivunja HELB, Mfuko wa Vyuo Vikuu, na Mfuko wa TVET. Maelezo zaidi yatatolewa kuhusu msaada wa wanafunzi.",,EducationNews_co_ke,https://educationnews.co.ke/beyond-a-name-change-why-tefa-must-reform-higher-education-funding-instead-of-repackaging-failure/,2026-07-26,General,"Abagere batagania kuchanguria Tathi obwakire bu Tertiary Education Funding Authority (TEFA), bujejuja HELB, Obwakire bwabachenga, na Obwakire bwaku TVET. Amakori manene omogendeorere kuchinda abaturia.","Government en bedo gi tielo mar Tertiary Education Funding Authority (TEFA), kendo HELB, Universities Fund, kod TVET Fund ne okelo. Nanga chako ma jopiny otimo buoi kuom ndalo.","Dowladdu waxay qorsheyneysaa inay aasaasto Hay’adda Maaliyadda Waxbarashada Sare (TEFA), iyada oo la burburinayo HELB, Fadhiyada Jaamacadaha, iyo Fadhiga TVET. Faahfaahin dheeraad ah ayaa soo socota oo ku saabsan taageerada ardayda."
EDU-00540,Education,PSA,Tengecha Girls' High School is fully operational with uninterrupted learning; ignore false closure claims circulating on social media.,Shule ya Sekondari ya Wasichana ya Tengecha inafanya kazi kikamilifu bila kuingiliwa kwa masomo; puuza madai ya uongo kuhusu kufungwa yanayosambazwa kwenye mitandao ya kijamii.,,EducationNews_co_ke,https://educationnews.co.ke/tengecha-girls-high-school-dismisses-closure-claims-confirms-uninterrupted-learning/,2026-07-26,General,"Tengecha Girls' High School ikigana naki, oria ogaki naki. Oigana buya omokinyere buya omorori ogena omokiri goro.",Tengecha Girls' High School oting' kode e mangu; ng'ato onge choro mar konyo chalo ma ohinga e social media.,Tengecha Gabaraha Dugsiga Sare waxay si buuxda u shaqaynaysaa iyadoo aan la joojin waxbarashada; iska ilaali sheegashada been abuurka ah ee ku faafaya baraha bulshada.
EDU-00541,Education,PSA,The appointment of Wilson Sossion as a commissioner of the Teachers Service Commission (TSC) has been made; teachers can expect upcoming reforms to benefit the profession.,Mteule wa Wilson Sossion kama kamishna wa Tume ya Huduma za Walimu (TSC) umefanyika; walimu wanaweza kutarajia mabadiliko yatakayofaidisha taaluma hiyo.,,EducationNews_co_ke,https://educationnews.co.ke/knut-bomet-branch-hails-sossions-appointment-to-tsc-expects-fresh-reforms-for-teachers/,2026-07-26,General,Omosareri bwa Wilson Sossion ng'ani commissioner wa Teachers Service Commission (TSC) bwaki; abarori baki bakenyote omokiri bwaki burotora bwakire busekenye gaki.,Wang'ni Wilson Sossion kama komishina wa Teachers Service Commission (TSC) oreet; walimu en kony ndo ng'ato e tich kendo.,Wilson Sossion ayaa loo magacaabay komishan ka tirsan Guddiga Adeegga Macalimiinta (TSC); macalimiinta waxay filan karaan isbeddello soo socda oo faa'iido u yeelanaya профессiyanka.
EDU-00542,Education,PSA,Parents and students are reminded to make informed relationship choices during university education. Healthy relationships enrich campus life; avoid secrecy and manipulation to prevent costly consequences.,Wazazi na wanafunzi wanakumbushwa kufanya maamuzi sahihi kuhusu mahusiano wakati wa masomo ya chuo kikuu. Mahusiano mazuri yanaboresha maisha ya chuo; epukeni usiri na udanganyifu ili kuepuka madhara ya gharama kubwa.,,EducationNews_co_ke,https://educationnews.co.ke/the-price-of-poor-choices-for-campus-students-the-hard-lessons-from-the-sharon-otieno-okoth-obado-love-story/,2026-07-26,General,"Abakire na abakiisi baremiire kukwenda bwakire buya bwaki kiumia chintori chiri buya. Bwakire buya buya bwagororere buseme boki, ebwire buya buya bwokemokire, notera okoreri oborori bwaki.","Wang'ni gi waduong' mar kanyakla kuom ibiro wach mar nyaka konyo joma. Kanyal gi waduong' en joma, kit gi chalo mar nyaka dhok; nyal bik ang'eyo kendo chopo yore maluoro.",Waalidka iyo ardayda waxaa lagu xusuusinayaa in ay sameeyaan doorashooyin xog ogaal ah oo ku saabsan xiriirada inta lagu jiro waxbarashada jaamacadda. Xiriirada caafimaadka qaba waxay hodan ka dhigaan nolosha jaamacadda; iska ilaaliya qarsoodin iyo khiyaano si aad uga fogaato cawaaqib xun.
EDU-00543,Education,PSA,St. Patrick's High School-Iten remains closed due to a dormitory fire. All students have been sent home to ensure a thorough investigation and review of safety measures.,Shule ya Upili ya St. Patrick-Iten imefungwa kutokana na moto uliozuka kwenye bweni. Wanafunzi wote wametumiwa nyumbani ili kuhakikisha uchunguzi wa kina na ukaguzi wa hatua za usalama.,,EducationNews_co_ke,https://educationnews.co.ke/st-patricks-iten-dormitory-fire-seven-students-plead-guilty-to-arson-as-investigations-intensify/,2026-07-26,General,Shule ya Wasichana ya St. Patrick-Iten imefungwa kutokana na moto katika nyumba ya kulala wanafunzi. Wanafunzi wote wametumwa nyumbani ili kuhakikisha utafiti wa kina na mapitio ya hatua za usalama.,St. Patrick's High School-Iten neno ombulu ahinya kendo gathoruru chieko e chonge. Gik ma oganda ongi nigi mager kendo giyale mondo gichokore shok-gi kendo nyaka jomoko ne.,Dugsiga Sare ee St. Patrick-Iten ayaa xiran sababtoo ah dab ka kacay hostel-ka. Dhammaan ardayda ayaa la diray guryahooda si loo hubiyo baaritaan dhammeystiran iyo dib-u-eegis ku saabsan hannaanada badbaadada.
EDU-00544,Education,PSA,Free sanitary towels are now available for vulnerable schoolgirls at Ngundu Primary School as part of the OMANGA Care Initiative. Ensure your daughters benefit from this program for better menstrual hygiene.,Nafasi za taulo za kike bure sasa zinapatikana kwa wasichana wa shule walio katika mazingira magumu katika Shule ya Msingi Ngundu kama sehemu ya Mpango wa OMANGA Care. Hakikisha wana daughters zako wanapata faida kutoka kwa mpango huu kwa usafi bora wakati wa hedhi.,,EducationNews_co_ke,https://educationnews.co.ke/omanga-promotes-menstrual-hygiene-and-girls-education-in-ngundu-primary-outreach/,2026-07-26,General,"Abagatano buya bosi bwabere buya buya ku ng'endo ya ng'endo omokiriri ogokenga Ngundu Primary School, buya buya bw'OMANGA Care Initiative. Itarori oigana bosi ogendaka buya buya buya buya obwakere bw'oguchi bwong'enda bosi.",Kisumu sani ituwore mag pi bende owano kuom nongo duka matut ma Ngundu Primary School nyaka yore kanyo OMANGA Care Initiative. Nyer auma kuom dhano chiegni golo wacho duogo ma wanj kinde.,Jaantusyo bilaash ah ayaa hadda diyaar ah oo loogu talagalay gabaraha iskuulka ee nugul ee ku sugan Dugsiga Hoose ee Ngundu iyadoo qayb ka ah Hindisaha Daryeelka OMANGA. Hubi in gabdhahaaga ay ka faa’iidaystaan barnaamijkan si ay uga wanaagsan yihiin nadaafadda caadada.
EDU-00545,Education,PSA,Early Childhood Development and Education (ECDE) teachers in Nyamira County may strike if salary harmonisation as per the SRC is not implemented by the end of the month.,Walimu wa Maendeleo ya Utoto na Elimu (ECDE) katika Kaunti ya Nyamira wanaweza kugoma ikiwa uratibu wa mishahara kama ilivyoamuriwa na SRC hautatekelezwa kabla ya mwisho wa mwezi.,,EducationNews_co_ke,https://educationnews.co.ke/nyamira-ecde-teachers-threaten-strike-over-delayed-salary-harmonisation/,2026-07-26,General,Abaki baki bw'ogokore bw'echikoro cha buya na bwere nyamindi mu Nyamira County benyene boti bite ugere bongo mwaki wa mwaki bulia obwakire bw'ekanyanga ya SRC butaragirire naki omokende mwaki.,Walimu ma jopiny ochiko kanyika (ECDE) e Nyamira County ok nyal kata obedi ka sach mindo ma SRC omiye bende ka tinde mar namba.,Macallimiinta horumarinta carruurta iyo waxbarashada (ECDE) ee gobolka Nyamira ayaa malaayiin ka dhigi kara haddii isu-dheellitirka mushaharka sida ku xusan SRC aan la dhaqan gelin dhammaadka bisha.
EDU-00546,Education,PSA,Authorities in Migori urge students to resolve conflicts peacefully and report disputes to teachers or adults. Violence is not the solution.,Mamlaka za Migori zinawasihi wanafunzi kutatua migogoro kwa amani na kuripoti matataizo kwa walimu au watu wazima. Vurugu si suluhisho.,,EducationNews_co_ke,https://educationnews.co.ke/police-detain-grade-9-student-for-allegedly-killing-classmate-in-migori/,2026-07-26,General,Abakire baki Migori bakwambira abaki nyang'ori genda okuboreka magokire buya na kwongereza omogoti bai abaki ankarani oba abaki baki. Obwateka buya si ng'eno.,Ababire ka Migori obiro gi mwachwa kuom oluwore vinya kanyonyo kendo bende omiya gi chike a loso ng'ato chuth. Gik ginyalo nyalu.,Mas’uuliyiinta Migori waxay ku boorinayaan ardayda inay si nabad ah ku xalliyaan khilaafaadka isla markaana ay warbixin ka siiyaan macallimiin ama dadka waaweyn. Rabshaddu maaha xalka.
EDU-00547,Education,PSA,"Ronald Ngala Utalii College in Kilifi will admit its first cohort of 1,000 students for tourism and hospitality programs starting September 1, 2026.","Chuo cha Utalii Ronald Ngala kilichoko Kilifi kitakubali kundi lake la kwanza la wanafunzi 1,000 kwa programu za utalii na ukarimu kuanzia Septemba 1, 2026.",,EducationNews_co_ke,https://educationnews.co.ke/ronald-ngala-utalii-college-to-admit-pioneer-students-after-12-year-wait/,2026-07-26,General,"Ronald Ngala Utalii College buya Kilifi naki ing'ania ogenda 1,000 abaire bwakwenda busekeri na bwiire buya naki bitaiya 1, 2026.","Ronald Ngala Utalii College e Kilifi nyalo yie kawegi guok 1,000 ngima mar tumbo gi dunia machon to otieno kendo ok gima September 1, 2026.","Koleejka Ronald Ngala Utalii ee Kilifi ayaa fasax u siin doonta kooxdeeda koowaad ee 1,000 arday ah barnaamijyada dalxiiska iyo martigelinta oo bilaaban doona Sebtember 1, 2026."
EDU-00548,Education,PSA,"Itigo Girls High School will compete in the KSSSA National Term Two Games from August 2 to 6 in Thika, Kiambu County, aiming to win the national title and qualify for the East Africa School Games.","Shule ya Sekondari ya Itigo Girls itashindana katika Michezo ya Kitaifa ya KSSSA ya Kipindi cha Pili kuanzia Agosti 2 hadi 6 huko Thika, Kaunti ya Kiambu, ikilenga kushinda taji la kitaifa na kujiandaa kwa Michezo ya Shule za Afrika Mashariki.",,EducationNews_co_ke,https://educationnews.co.ke/itigo-girls-target-national-glory-after-ending-st-josephs-rift-valley-reign/,2026-07-26,General,"Itigo Girls High School itagana na KSSSA National Term Two Games gucheke Augosti 2 na 6 mu Thika, Kiambu County, ekegana okucheka matego ya taiga na okugeteka bwakire bwa East Africa School Games.","Itigo Girls High School ikadogo kanyo onge ng’ato KSSSA National Term Two Games e yo August 2 mpaka 6 e Thika, Kiambu County, owuon kuom win gi national title kod kwalifai ku East Africa School Games.","Dugsiga Sare ee Itigo ayaa ka qeyb galaya Ciyaaraha KSSSA ee Qaranka Term Two laga bilaabo Agoosto 2 ilaa 6 ee Thika, Gobolka Kiambu, iyagoo ujeedadoodu tahay inay ku guuleystaan cinwaanka qaranka isla markaana ay u qalmaan Ciyaaraha Dugsiyada Bariga Afrika."
EDU-00549,Education,PSA,Rongo University students will hold a candlelight vigil in memory of Sharon Otieno this Friday evening. All students are encouraged to participate.,Wanafunzi wa Chuo Kikuu cha Rongo watafanya tukio la kukumbuka Sharon Otieno kwa kutumia mishumaa Ijumaa hii usiku. Wanafunzi wote wanahimizwa kushiriki.,,EducationNews_co_ke,https://educationnews.co.ke/rongo-university-students-celebrate-as-obado-two-others-convicted-over-sharon-otienos-murder/,2026-07-26,General,Abanyan Rongo University bonyang'anya omogori bw'ogokorori moki buya bw'oshikire Sharon Otieno bw'oni mwibori. Abanyan bakorera nyanenda bwenjogoto.,Wuod Rongo ma Rongo University nyaka bedo kachode mar gi weche mag joma inyuol Sharon Otieno piny mokuong' nyaka. Joma inyuol nyaka yore kanyakore.,Ardayda Jaamacadda Rongo waxay qaban doonaan karinleyn iftiin ah xusuusta Sharon Otieno habeenka Jimcaha. Dhammaan ardayda waxaa lagu dhiirrigelinayaa inay ka qayb qaataan.
EDU-00550,Education,PSA,"The Government has allocated KSh2 billion to facilitate teacher promotions, doubling the annual number of teachers promoted from 25,000 to 50,000.","Serikali imetenga KSh2 bilioni kuwezesha kuhamasishwa kwa walimu, ikiongeza idadi ya walimu wanaohamishwa kila mwaka kutoka 25,000 hadi 50,000.",,EducationNews_co_ke,https://educationnews.co.ke/knut-reports-progress-on-state-house-resolutions-as-promotions-fund-doubles-cpg-review-completed/,2026-07-26,General,"Abagereji b'ekarati b'ekiraka KSh2 bilioni omosi b'ogakinyanyia mabila bw'abarimu, b'ogoroki b'amaire naki 25,000 orokinyanyani 50,000.","Gavana owacho KSh2 billion to gi thum kode mar jop teacher, kendo ok nyiso gima chalo jop teacher mana ohero 25,000 to 50,000.","Dowladu waxay bixisay KSh2 bilyan si loo fududeeyo kor u qaadista macalimiinta, iyadoo labo jibaartay tirada sanadlaha ah ee la kor u qaadayo macalimiinta oo ka timid 25,000 ilaa 50,000."
EDU-00551,Education,PSA,The Kenya National Teachers' Forum calls for urgent consultations with the Teachers Service Commission and stakeholders to review the 2026 Collective Bargaining Agreement due to widespread dissatisfaction among teachers.,Jukwaa la Walimu wa Kitaifa la Kenya linatoa wito wa kutafuta mazungumzo ya haraka na Tume ya Huduma za Walimu na wadau ili kupitia Mkataba wa Pamoja wa Kazi wa mwaka 2026 kutokana na kutoridhika kwa kiwango kikubwa miongoni mwa walimu.,,EducationNews_co_ke,https://educationnews.co.ke/teachers-forum-calls-2026-cba-pay-hike-a-drop-in-the-ocean-demands-fresh-talks/,2026-07-26,General,Omoige wa K nasionali buye bwekhano abogosi bwiira buya buorwa ichenhachire na Abwaki bw'ogosi bwakwetere buya buokireri bw'2016 bwi bwenge bweng'ana mwaki abogosi.,"Kenya National Teachers' Forum en gi idhi nyasaye e dekoni ma dwaro e Teachers Service Commission kod jochomo, kuom to kanyo nocodhi 2026 Collective Bargaining Agreement kendo ni nyaka nembia ma ok nyalo yudo chalo gi otek kwa nyasa.",Ururka Macalimiinta Qaran ee Kenya wuxuu soo jeedinayaa in si degdeg ah lagula tashado Guddiga Adeegga Macalimiinta iyo daneeyayaasha si loo eegto Heshiiska Kaalmada Wadajir ee 2026 sababo la xiriira baahida guud ee macalimiinta.
EDU-00552,Education,PSA,"Public primary and junior secondary school headteachers and deputies are invited to register for the Jukwaa la Wasomi Mediation and Preventive Security Training Programme at www.jukwaalawasomi.co.ke. The program, which costs KSh17,500 after a 75% scholarship, offers skills in dispute resolution and preventive security.","Makarani wa shule za msingi za umma na shule za sekondari za awali wanakaribishwa kujiandikisha kwa Programu ya Mafunzo ya Upatanishi na Usalama wa Kuzuia ya Jukwaa la Wasomi kwenye www.jukwaalawasomi.co.ke. Programu hii, ambayo inagharimu KSh17,500 baada ya ufadhili wa 75%, inatoa ujuzi wa kutatua migogoro na usalama wa kuzuia.",,EducationNews_co_ke,https://educationnews.co.ke/govt-rolls-out-security-and-mediation-training-for-primary-jss-heads-to-curb-conflict/,2026-07-26,General,"Bwakire buya bwedugusi bwanare na buwigane bujosia bosi bosi buya naki Jukwaa la Wasomi bujengete nyandwari egesia na bwiro www.jukwaalawasomi.co.ke. Bwakire buya buoragwa KSh17,500 bendo buinagire 75% bwokang'onganya, buya bwakire nyanatigwa buseki bokere bwamokire bujogorokere na buirinagio bokere.","Wakhead teacher na deputy wa shule giri ginyitho gi jowegi ber to ikonyo nyalo jowangi jukwaa la Wasomi Mediation and Preventive Security Training Programme, nyalo kare gi www.jukwaalawasomi.co.ke. Nyoch program, ma okonyo KSh17,500 ka kachok 75% piny, nyalo tinde chiko e tarik gi nyukwongo mar misinga kendo preventive security.","Madaxa dugsiyada hoose ee dadweynaha iyo ku-xigeennadooda ayaa lagu martiqaaday inay iska diiwaangeliyaan Barnaamijka Tababarka Xallinta Khilaafaadka iyo Amniga Ka Hortagga ee Jukwaa la Wasomi www.jukwaalawasomi.co.ke. Barnaamijkan wuxuu ku kacayaa KSh17,500 ka dib deeqda 75% ah, wuxuuna bixiyaa xirfadaha xallinta khilaafaadka iyo amniga ka hortagga."
EDU-00553,Education,PSA,"KUPPET urges teachers to be aware of ongoing efforts to address welfare issues, including medical cover and promotion delays. Stay informed about outcomes affecting your career and benefits.","KUPPET inawasihi walimu kuwa makini na juhudi za sasa za kushughulikia masuala ya ustawi, ikiwemo bima ya afya na ucheleweshaji wa matangazo ya vyeo. Ubaki na taarifa kuhusu matokeo yanayoathiri kazi na manufaa yako.",,EducationNews_co_ke,https://educationnews.co.ke/kwale-kuppet-official-submits-memorandum-to-national-office-on-urgent-matters-affecting-teachers/,2026-07-26,General,"KUPPET ikerere abekere igi naki buya bw'ogokire naki bw'ekireri, naki buya buya bw'ekirekabere. Kira buya buya naki bw'osiogotere obori bw'ogokire na naki bori buya buya.","KUPPET en tug'ruok nyithindo to be giwacho kuom jowe me wacho e mag nyukli, ka gima timo lowo mar theng' ne gichudo. Gima mabor, jochamo piny mag miyo owacho gi thom buoch kwen.","KUPPET waxay ku boorinaysaa macallimiinta inay ka warqabaan dadaallada socda ee lagu hagaajinayo arrimaha daryeelka, oo ay ku jiraan caymiska caafimaadka iyo dib u dhaca koritaanka. La soco natiijooyinka saameynaya xirfaddaada iyo faa'iidooyinkaaga."
EDU-00554,Education,PSA,The police in Nyamache are investigating a machete attack on a primary school teacher. Anyone with information should report to the nearest police station.,Polisi katika Nyamache wanafanya uchunguzi kuhusu shambulio la mapanga kwa mwalimu wa shule ya msingi. Mtu yeyote mwenye taarifa anapaswa kuripoti kwenye kituo cha polisi kilicho karibu.,,EducationNews_co_ke,https://educationnews.co.ke/teacher-in-kisii-fighting-for-his-life-after-midnight-machete-attack/,2026-07-26,General,Ababere baki Nyamache baria bakiite gwi chaki buya mbochi omogori kutenye omogotire. Omosongari onekirigha naki obwakipe bade gagori buya.,Polisi e Nyamache nigi chogo gi dho-mokinyi mar machete. Moka bura kamano onge gima ochung' e chike polisi.,Police-ka Nyamache waxay baadhayaan weerar mindi ah oo lagu qaaday macallin dugsiga hoose. Qof kasta oo haysta macluumaad waa inuu u soo sheego saldhigga police-ka ugu dhow.
EDU-00555,Education,PSA,"The African Union is establishing its first Continental Campus in Nairobi's Upper Kabete area, consolidating five institutions for improved coordination and efficiency.","Umoja wa Afrika unaanzisha Kampasi yake ya Kivita ya kwanza katika eneo la Upper Kabete jijini Nairobi, ikikamilisha taasisi tano kwa ajili ya kuboresha uratibu na ufanisi.",,EducationNews_co_ke,https://educationnews.co.ke/nairobi-set-to-host-african-unions-first-continental-campus-outside-addis-ababa/,2026-07-26,General,"African Union ikoranga omokiriri buya bwaki bwabere na Upper Kabete, Nairobi, ikinganya inyuigo itano orori bwaki bwogoramogoya na obokobori.","African Union en gin ochung' kaka e Campus Continental ni Nairobi, kuom Upper Kabete, kendo en konyo miye chike five kiwruok mang'ere kendo chalo.","Midowga Afrika ayaa dhisaya xaruntiisii koowaad ee Qaramada Afrika ee ku taala aagga Upper Kabete ee Nairobi, iyadoo isku xireysa shan hay'adood si loo hagaajiyo isuduwidda iyo waxtarka."
EDU-00556,Education,PSA,The University of Nairobi is reviving the Chair of Indian Studies and introducing Hindi language classes. Stay tuned for enrollment details and course offerings.,Chuo Kikuu cha Nairobi kinazindua tena Kiti cha Masomo ya Kihindi na kuanzisha madarasa ya Kiswahili. Fuata kwa karibu maelezo ya kujiandikisha na mipango ya kozi.,,EducationNews_co_ke,https://educationnews.co.ke/uon-india-explore-revival-of-indian-studies-chair-and-introduction-of-hindi-classes/,2026-07-26,General,Chuo Kikuu cha Nairobi kinarudisha nafasi ya Masomo ya Kihindi na kuanzisha madarasa ya lugha ya Kihindi. Fuata kwa karibu maelezo ya kujiandikisha na kozi zitakazotolewa.,Universiti mar Nairobi en gi ngero manok duto kendo ocweyo kelas Hindi. Nyiwore chuth kendo chandruok mar enrollment.,Jaamacadda Nairobi ayaa dib u soo nooleynaysa Kursiga Daraasaadka Hindiya iyo sidoo kale soo bandhigaysa fasallada luqadda Hindi. La soco faahfaahinta iska diiwaangelinta iyo koorasyada la bixiyo.
EDU-00557,Education,PSA,Parents are encouraged to remain actively involved in their university students' lives to ensure their discipline and success. Continued guidance can help students make positive choices.,Wazazi wanashauriwa kubaki wakishirikiana katika maisha ya wanafunzi wao wa vyuo vikuu ili kuhakikisha nidhamu na mafanikio yao. Kusaidia kwaendelea kunaweza kuwasaidia wanafunzi kufanya chaguzi chanya.,,EducationNews_co_ke,https://educationnews.co.ke/parents-urged-to-stay-engaged-in-university-students-lives-to-ensure-discipline-and-success/,2026-07-26,General,"Abakire buya batoria bencilire mumachibori buya bwakire bano bering'ina osero chire buya, buya ogeti oria buya bwokire. Ogeto bwaki, bano bokingoraki bwaki biong'ere buya.","Gik ma ineno, ikwongo otony kendo iketi gi lweny mar yath ma minyalo ka timbe yath tinde, kendo kuom joma okonyo. Kanyiero ma okelo duto nyiso ji aneno kendo duto.",Waalidiinta waxaa lagu dhiirrigelinayaa inay si firfircoon uga qaybqaataan nolosha ardaydooda jaamacadda si ay u hubiyaan anshaxooda iyo guulahooda. Hagaajinta joogtada ah waxay caawin kartaa ardayda inay doortaan go'aano wanaagsan.
EDU-00558,Education,PSA,Butere Technical Training Institute will hold its first graduation ceremony in November 2026. Eligible graduates should begin preparations and pay the graduation fee as outlined in the memo.,Taasisi ya Mafunzo ya Ufundi Butere itafanya sherehe yake ya kwanza ya kuhitimu mwezi Novemba 2026. Wahitimu wanaostahili wanapaswa kuanza maandalizi na kulipa ada ya kuhitimu kama ilivyoainishwa kwenye hati.,,EducationNews_co_ke,https://educationnews.co.ke/butere-technical-training-institute-to-hold-first-ever-graduation-ceremony/,2026-07-26,General,Butere Technical Training Institute ikwenda bwakire bwaki bwa genda bwaki bwaki buya buya mwokwenda 2026. Abaki bwanikire banyo baisioria buya bwogenda na bano oia bwaki bwa genda buori mwabiri.,Butere Technical Training Institute okinyi chonde manano ma ginyo 2026. Naki chalo mego kendo timo chike gore ogend kendo gibed gi gori chike mar memo.,Butere Technical Training Institute ayaa qabanqaabin doonta xafladda koowaad ee qalin-jabinta bisha Nofembar 2026. Qalin-jabiyeyaasha u qalma waa in ay bilawdaan diyaarinta iyo bixinta lacagta qalin-jabinta sida lagu caddeeyay warqadda.
EDU-00559,Education,PSA,Parents and students are urged to report any delays in emergency medical care at healthcare facilities to ensure swift action and accountability in the healthcare system.,Wazazi na wanafunzi wanahimizwa kuripoti ucheleweshaji wowote wa huduma za matibabu ya dharura katika vituo vya afya ili kuhakikisha hatua za haraka na uwajibikaji katika mfumo wa afya.,,EducationNews_co_ke,https://educationnews.co.ke/nginyang-girls-student-dies-after-alleged-emergency-care-delay-at-kabarnet-referral-hospital/,2026-07-26,General,Bwakire buya na abato naki bwakirwe kuria oria bwaki bwake omokurumoka buya buseku bwa buya ibirebaki obwakire mu obwakere naki obwakire naki omokurumoka omokire.,Wuodhi au ji kolo yore konyo nyasach buya ma konyo nyime niyo koyi richo mar nyathini kod giwigi kuom nyalo dho mwandu mar nyathini.,Waalidiinta iyo ardayda waxaa lagu dhaarigelinayaa inay soo sheegaan wixii dib u dhac ah ee ku saabsan daryeelka caafimaadka degdega ah ee xarumaha caafimaadka si loo hubiyo in tallaabooyin dhakhso ah la qaado loona xisaabtamo nidaamka daryeelka caafimaadka.
EDU-00560,Education,PSA,All students admitted to public universities and Technical and Vocational Education and Training (TVET) institutions will receive full funding for their education.,Wanafunzi wote waliokubaliwa katika vyuo vikuu vya umma na taasisi za Elimu ya Ufundi na Mafunzo ya Kitaalamu (TVET) watapata ufadhili kamili wa masomo yao.,,EducationNews_co_ke,https://educationnews.co.ke/ruto-defends-plan-to-fully-fund-university-tvet-education-for-all-students/,2026-07-26,General,Abana bose abakarire mu masomo ndetse na Technical and Vocational Education and Training (TVET) batobora gochaganya emekengera y'amasomo yabo.,"Gik ma nyasaye ng'ato kendo oporte e univesiti ma wan gi teko ne jopor e Technical and Vocational Education and Training (TVET) nyakazi, nyasa an gi funding duto kuom gi joma.",Dhammaan ardayda lagu aqbalay jaamacadaha dadweynaha iyo machadyada Waxbarashada iyo Tababarka Farsamada (TVET) waxay heli doonaan maalgelin buuxda oo waxbarashadooda ah.
EDU-00561,Education,PSA,"Professor Susan Chepkong'a Yego has been honored as Mace Bearer during the installation of the Vice Chancellor of the University of Nairobi, showcasing women's leadership in academia.","Profesa Susan Chepkong'a Yego amesherehekiwa kama Mvutaji wa Mace wakati wa uwekaji wa Wakatibu Mkuu wa Chuo Kikuu cha Nairobi, kuonyesha uongozi wa wanawake katika elimu.",,EducationNews_co_ke,https://educationnews.co.ke/baringo-scholar-honoured-as-mace-bearer-during-uon-vice-chancellor-installation/,2026-07-26,General,"Profesa Susan Chepkong'a Yego oseria kwomokireri nyankore ya Mace Bearer buya buya buhoko bw'ogenda ogia ogetairia Vice Chancellor wa University of Nairobi, ogetaraki omokiri bwakire bwaki bwaki bw'ekorori.","Profesa Susan Chepkong'a Yego awacho ka Mace Bearer kuom njira mago mar Vice Chancellor ku University of Nairobi, kendo ema nongo'ni jokeny mar kwa.","Professor Susan Chepkong'a Yego ayaa lagu sharfay inay noqoto Mace Bearer inta lagu guda jiro ku rakibidda Madaxweyne Kuxigeenka Jaamacadda Nairobi, taasoo muujinaysa hogaaminta dumarka ee cilmiga."
EDU-00562,Education,PSA,The government has launched a free artisan certification programme to benefit skilled workers in the informal sector. Register for assessment to receive a nationally recognized certificate at no cost.,Serikali imezindua mpango wa vyeti vya ujuzi wa ufundi bure kwa ajili ya wafanyakazi wenye ujuzi katika sekta isiyo rasmi. Jisajili kwa ajili ya tathmini ili upate cheti kinachotambuliwa kitaifa bure.,,EducationNews_co_ke,https://educationnews.co.ke/ruto-launches-free-artisan-certification-programme-to-boost-jobs-in-affordable-housing-sector/,2026-07-26,General,Oria bw'ogotire buya obokirori bwi artezani buinende buya bwochaki bwi obwakulani. Enchimi buya bwetire omorendo ochire buya omoshanga oburori naki.,Chandrew chieng' ni govermend oseting' pondo ma okel ji i koro muche progam mo ene kendo. Koro ka dhano ni owete ka adiera ka okel certificado ma omera kanyalo chano.,Dowladdu waxay soo saartay barnaamij shahaado-qaadasho furan si ay uga faa'iidaystaan shaqaalaha xirfadlayaasha ah ee ka howl gala qaybta aan rasmi ahayn. Iska diiwaangeli qiimeyn si aad u hesho shahaado la aqoonsan yahay oo dalka laga helo adoon wax kharash ah bixin.
EDU-00563,Education,PSA,KUPPET demands an immediate review of the collective bargaining agreement with TSC to secure better pay for teachers. Action is required to address growing salary disparities by 1 August 2026.,KUPPET inasisitiza kufanya mapitio ya haraka ya makubaliano ya pamoja ya kazi na TSC ili kuhakikisha walimu wanapata mshahara mzuri. Hatua inahitajika kutatua ongezeko la tofauti za mishahara kufikia tarehe 1 Agosti 2026.,,EducationNews_co_ke,https://educationnews.co.ke/kuppet-accuses-tsc-of-poor-pay-deals-demands-immediate-cba-review-with-src/,2026-07-26,General,KUPPET igana osorori naki bokonere buya buya bwa masomo naki TSC buya bwebene oigere bwakireri bwaki naki osiba ome. Naki also naki omogaka okore okogokige obwakireri buya buya buya bwakireri bwaki naki 1 Agosti 2026.,KUPPET iyawore ni konyo japuonj marach kuom TSC odhiere ka oremo ngeyo kaka jaluwo puonj. Nia odhiere piny ni nyiso manyien mar jaluwo puonj okel 1 Agwong' 2026.,KUPPET waxay dalbaneysaa in si degdeg ah dib loo eego heshiiska wadaxaajoodka oo lala galo TSC si loo xaqiijiyo mushaaraad wanaagsan oo macallimiinta ah. Tallaabo ayaa loo baahan yahay si wax looga qabto farqiga mushaaraadka ee sii kordhaya iyo 1da Agoosto 2026.
EDU-00564,Education,PSA,"A state-of-the-art vocational training centre for learners with visual impairments will open on August 19, 2026, in Kiminini. Parents are urged to enroll their children for market-driven skills.","Kituo cha mafunzo ya ufundi chenye vifaa vya kisasa kwa wanafunzi wenye ulemavu wa kuona kitashtuliwa tarehe 19 Agosti 2026, Kiminini. Wazazi wanahimizwa kuwasajili watoto wao kwa ujuzi unaoendana na soko.",,EducationNews_co_ke,https://educationnews.co.ke/modern-visual-training-centre-to-transform-vocational-education-for-learners-with-disabilities-in-trans-nzoia/,2026-07-26,General,"Ekigori kinyang'anya ekinyekere naki omogaka bwaki bwaki ohabwiria mu Kiminini, oria omogori iketiri ongetekia Omokere 19, 2026. Ababere bara omang'ana bakore aborabaki bagerete omogaka mekwenda.","Kik gi jomuoyo mwakire mago kendo mukwongo mocha ma oe yore gi kompuor mang'iyo kendo yore kendo abich nyaka omiyo e Kiminini, August 19, 2026. Wazazi owuoyo nyaka itie nyasach mar kido duto.","Maktabadda tababarka xirfadaha casriga ah ee ardayda indho-la'aanta ah ayaa la furi doonaa bisha Agoosto 19, 2026, magaalada Kiminini. Waalidiinta ayaa lagu dhiirrigelinayaa inay diiwaan geliyaan carruurtooda si ay u helaan xirfadaha suuqa ku habboon."
EDU-00565,Education,PSA,Totum Comprehensive School will represent the Rift Valley Region at the upcoming National Championships in Thika after winning the 2026 Rift Valley JSS Girls' Football Championship.,Shule ya Totum Comprehensive itawakilisha Mkoa wa Rift Valley katika Michuano ya Kitaifa inayokuja huko Thika baada ya kushinda Mashindano ya Soka ya Wasichana wa JSS Mkoa wa Rift Valley 2026.,,EducationNews_co_ke,https://educationnews.co.ke/totum-comprehensive-crowned-2026-rift-valley-jss-girls-football-champions-after-penalty-thriller/,2026-07-26,General,Totum Comprehensive School ikorere buya naki igenda buya Rora ya Rift Valley kiongoni cho National Championships mu Thika oria chibori buya 2026 Rift Valley JSS Girls' Football Championship.,Totum Comprehensive School nigi gymo Rift Valley Region e thande manyien mar National Championships gi Thika ka osetimo 2026 Rift Valley JSS Girls' Football Championship.,Iskuulka Totum Comprehensive wuxuu matali doonaa Gobolka Rift Valley tartanka Qaranka ee soo socda ee Thika ka dib markii uu ku guuleystay tartanka kubadda cagta gabdhaha JSS ee Rift Valley sanadkii 2026.
EDU-00566,Education,PSA,St. Mary's Nai Boys Boarding School students affected by the recent dormitory fire will receive blankets to help restore comfort. Further assistance efforts are ongoing.,Wanafunzi wa Shule ya Kijiji ya St. Mary's Nai Boys walioathirika na moto wa hivi karibuni katika hostel watapokea mablanketi kusaidia kurejesha faraja. Misaada zaidi inaendelea.,,EducationNews_co_ke,https://educationnews.co.ke/mp-pukose-extends-support-to-st-marys-nai-boys-after-dormitory-fire/,2026-07-26,General,"Abanoni ba St. Mary's Nai Boys Boarding School bakenyerire ekosi kukore burokoni bwanenge burokori bwakabaki, barchengere burokoni bwabwakorere. Ekirogo nyasa bwendeka burokoni bwakabaki bwabwaki.","Wang' eng' St. Mary's Nai Boys Boarding School ma oserem gi kendo eyo mar kidi mag dak ndo chul gi mbiri kuom toth. Kanya, timbe mang'ere kendo olego mabor nother.",Ardayda St. Mary's Nai Boys Boarding School ee ay saameeyeen dabkii dhawaan ka dhacay hoolka ayaa heli doona dharkuuf si loo soo celiyo raaxada. Caawimo dheeraad ah ayaa sii socota.
EDU-00567,Education,PSA,Gilbert Mwavali is now the Chief Principal of Kaimosi Friends National Polytechnic. Stakeholders can expect continued growth and enhancement of quality training opportunities under his leadership.,Gilbert Mwavali sasa ndiye Mkurugenzi Mkuu wa Kaimosi Friends National Polytechnic. Wadau wataweza kutarajia kuendelea kwa ukuaji na kuimarika kwa fursa za mafunzo ya kiwango bora chini ya uongozi wake.,,EducationNews_co_ke,https://educationnews.co.ke/gilbert-mwavali-takes-over-as-chief-principal-of-kaimosi-friends-national-poly/,2026-07-26,General,Gilbert Mwavali naki naki Omogori Osibori wa Kaimosi Friends National Polytechnic. Abanyabere baore bokingia obokinyaki bwogendi naki oboragania bwokorania bwogendera omokinyanire.,Gilbert Mwavali nyaka be Chief Principal ka Kaimosi Friends National Polytechnic. Kwaya ma okelo nyinge ni wachin mokuongo kod thuolo mag nyiri matindo mag training piny kendo osetimo yiengi.,Gilbert Mwavali waa Maamulka Guud ee Kaimosi Friends National Polytechnic. Danaystayaasha waxay ka filan karaan koror joogto ah iyo horumarinta fursadaha tababarka tayada leh hoos yimaada hoggaamintiisa.
EDU-00568,Education,PSA,Bars and alcohol-selling establishments are prohibited from operating within 300 metres of schools. Licensing authorities must enforce this law to protect learners.,Mizani na maeneo ya kuuza pombe yamezuiliwa kufanya kazi ndani ya mita 300 kutoka shule. Mamlaka ya leseni lazima zitekeleze sheria hii ili kulinda wanafunzi.,,EducationNews_co_ke,https://educationnews.co.ke/why-bars-cannot-operate-near-schools-understanding-kenyas-300-metre-rule-and-the-law-protecting-learners/,2026-07-26,General,Makiagiri na emotiendori ya abarubugu iyebwaki kuorangwa naki 300 mete bwakire burokore. Abakumbatige buya bwaki omokiri obwakire okumanya ibirongo.,Baar na mawuoro an gi kadhogo en chieg 300 matindo to gima sekola. Kwechiyo maber ni nyaka oyiero ni chieg ma okonyo chike machuok.,Makhazadaha iyo goobaha lagu iibiyo khamriga waa la mamnuucay in ay ka howlgalaan 300 mitir ee dugsiyada. Hay'adaha shati-siinta waa inay xafidaan sharcigan si ay u ilaaliyaan ardayda.
EDU-00569,Education,PSA,Musingu High School will not pursue participation in the KSSSA National Games in Thika. The football program is focused on league commitments following their elimination from regional championships.,Shule ya Msingi ya Musingu haitashiriki kwenye Michezo ya Kitaifa ya KSSSA huko Thika. Mpango wa soka unazingatia wajibu wa ligi baada ya kufukuzwa katika michuano ya kikanda.,,EducationNews_co_ke,https://educationnews.co.ke/mwinamo-dismisses-rumours-of-national-games-entry-says-musingu-concentrating-on-league-football-development/,2026-07-26,General,Musingu High School ogokire kugendana na KSSSA National Games mu Thika. Kihiga kya kiama kikiria omogaka orokiore orienjone egesia busi omokang'ane omokuhaka.,Musingu High School ng'ama enik ma ok amochi kokweyo gi KSSSA National Games e Thika. Program ma ooduon dongo ni ok nyal igoyi konyo gi nyalo weche kuom jua gi kawe.,Musingu High School ma qaadan doonto ka qaybgalka Ciyaaraha Qaranka KSSSA ee Thika. Barnaamijka kubadda cagta wuxuu diiradda saaraya waajibaadka horyaalada kadib markii laga reebay tartamada gobolada.
EDU-00570,Education,PSA,Teachers will see swift implementation of their adjusted salaries under the 2025–2029 Collective Bargaining Agreement by the Teachers Service Commission.,Maalimu wataona utekelezaji haraka wa mishahara yao iliyorekebishwa chini ya Makubaliano ya Pamoja ya Kazi ya 2025–2029 kutoka Tume ya Huduma za Walimu.,,EducationNews_co_ke,https://educationnews.co.ke/a-new-wind-at-tsc-why-we-should-appreciate-the-swift-implementation-of-teachers-salary-adjustments/,2026-07-26,General,Ab Lehrer bonyange igokire oria oborani bwaki bwabo bwaki bota bwaki bwaki 2025–2029 na Teachers Service Commission.,"Makarani baryo ka idhi gi tere magero mag yien jodeno 2025–2029, ka okonyo jogo mag Teachers Service Commission.",Macallimiinta waxay arki doonaan fulinta degdega ah ee mushaaraadkooda la hagaajiyay hoos yimaada Heshiiska Qandaraaska Wadajirka ah ee 2025–2029 ee Kaamiradda Adeegga Macallimiinta.
EDU-00571,Education,PSA,More than 350 girls at Lugulu Comprehensive School have been displaced due to a fire in their dormitory. Temporary accommodation is available at Lugulu Girls National School.,Wasichana zaidi ya 350 katika Shule ya Lugulu Comprehensive wametengwa kutokana na moto uliozuka katika bweni lao. Malazi ya muda yanapatikana katika Shule ya Taifa ya Wasichana Lugulu.,,EducationNews_co_ke,https://educationnews.co.ke/fire-guts-dormitory-at-lugulu-comprehensive-school-displacing-350-girls/,2026-07-26,General,Abakire a 350 bengesibori batariga oduma ku Lugulu Comprehensive School buia omokinyaki bw'egiresi. Omosibori omogenda buia wakiirire ku Lugulu Girls National School.,Joini 350 ng’ato ma girls ka Lugulu Comprehensive School ne en buo kendo bende buo gi udi kendo. Kanya ng’ato gi tir e Lugulu Girls National School.,In ka badan 350 gabar ah ayaa laga soo qaxay Dugsiga Sare ee Lugulu sababo la xiriira dab ka kacay guryohooda. Hoy ku meel gaar ah ayaa laga heli karaa Dugsiga Qaran ee Gabaraha Lugulu.
EDU-00572,Education,PSA,"There is an acute shortage of teachers in West Pokot County, affecting the quality of education for thousands of learners. Urgent government intervention is needed to address this crisis.","Kuna upungufu mkali wa walimu katika Kaunti ya West Pokot, ukihatarisha ubora wa elimu kwa maelfu ya wanafunzi. Msaada wa haraka wa serikali unahitajika kutatua crise hii.",,EducationNews_co_ke,https://educationnews.co.ke/knut-raises-alarm-over-acute-teacher-shortage-in-west-pokot-county/,2026-07-26,General,"Omosi ogekire abakirorane mu Nyancha ya West Pokot, buya bokiere obwakire bweng'anya oria orese abana. Omosaroraki ogogooigwa ogokorere omokiri ino.","Oseyo ogendani magi kichochoni kuom West Pokot County, maok gi genene ngima mondo osel kelo siong' maler. Nede keto ji ofuoch mokwongo to golo ogendani ni osethuro tige.","Waxa jirta baahi weyn oo macallimiin ah oo ka jirta Gobolka West Pokot, taasoo saameyn ku yeelanaysa tayada waxbarashada kumanaan ardayda ah. Waxaa lagama maarmaan ah in dowladda ay si degdeg ah u tallaabsato si loo xalliyo dhibaato tan."
EDU-00573,Education,PSA,"Kajiado North residents can now propose projects for the NGCDF budget, including more classrooms and labs, as public consultations finalize priorities for the next funding cycle.","Wakazi wa Kajiado North sasa wanaweza kupendekeza miradi kwa bajeti ya NGCDF, ikiwa ni pamoja na madarasa na maabara zaidi, huku mashauriano ya umma yakiweka kipaumbele kwa kipindi kijacho cha ufadhili.",,EducationNews_co_ke,https://educationnews.co.ke/kajiado-north-residents-push-for-more-classrooms-and-labs-in-ngcdf-budget-priorities/,2026-07-26,General,"Abakajiado North baria bingi buya buya buya bwaki bwakinyoncia buya bwaki baki bingi bwaki bwenda mageria, eyaki omong’eyo na banzanaki, go omotigari oria ogenda bwaki bendi baki buya bwaki bwenda oria bwaki bwaki bwaki bwenda omotigari.","Ab resident wa Kajiado North an bisa piny gi ma ng'ato ne ok nyalo renti projekti mo NGCDF budget, kuom ng'eyo klase mar golo kod labs, ka public consultations ne ok wathni dhano ma okonyo chike mar ng'ato.","Degmada Kajiado Waqooyi waxaa hadda la oggol yahay in dadka degaanku ay soo jeediyaan mashaariicda miisaaniyadda NGCDF, oo ay ku jiraan fasallo dheeraad ah iyo maktabado, iyada oo la dhammeystirayo talooyinka dadweynaha ee mudnaanta loogu darayo wareegga maalgelinta xiga."
EDU-00574,Education,PSA,"Students interested in chess, the Kenya National Schools Chess Championships will be held at Alliance High School. Prepare your teams and practice to compete!","Wanafunzi wanaovutiwa na chess, Mashindano ya Shule za Kitaifa ya Chess nchini Kenya yatafanyika katika Shule ya Juu ya Alliance. Andaa timu zenu na fanyeni mazoezi ili kushiriki!",,EducationNews_co_ke,https://educationnews.co.ke/over-800-learners-compete-in-trans-nzoia-chess-qualifiers-as-county-targets-national-glory/,2026-07-26,General,"Abakire ba chess, masomo ya Kenya National Schools Chess Championships ekerire hasi Alliance High School. Egesete bende moiyaki na ogachikire buya!","Kanyo kuom chess, Kenya National Schools Chess Championships nigi konyo e Alliance High School. Nyaka itiyo jamo nyuol to chor gi lok!","Ardayda xiisaynaysa shatara, Tartanada Shatarka Dugsiyada Qaranka ee Kenya waxaa lagu qaban doonaa Iskuulka Sare ee Alliance. Diyaari kooxihiina oo tababara si aad ugu tartanto!"
EDU-00575,Education,PSA,"The Agricultural Finance Corporation (AFC) is recruiting for senior leadership and legal positions. Submit applications by August 3, 2026, with required documents via the AFC online recruitment portal.","Kampuni ya Fedha ya Kilimo (AFC) inatafuta viongozi wa juu na nafasi za kisheria. Wasilisha maombi yako kabla ya Agosti 3, 2026, pamoja na nyaraka zinazohitajika kupitia lango la mtandaoni la ajira la AFC.",,EducationNews_co_ke,https://educationnews.co.ke/fresh-govt-jobs-announced-as-afc-lists-strict-requirements-for-applicants/,2026-07-26,General,"Abagere akabere Egesia ya Abakire Enyagira (AFC) barebana abaki bosi na abaki ba mijehige. Omosokoti mwaki bwere wa August 3, 2026, na abaki bosi abashere boda na AFC online recruitment portal.","Agricultural Finance Corporation (AFC) ok owinjore mar senior leadership gi jigwen. Timo pok tich kendo yore kanyalo, kuom August 3, 2026, ka ogendուրջ kod document mokuoch gi AFC online recruitment portal.","Hay'adda Maaliyadda Beeraha (AFC) waxay shaqaaleynaysaa xafiisyo sare iyo meelaha sharciga. Fadlan soo gudbi codsigaaga ugu dambayn August 3, 2026, iyadoo la raacayo dukumiintiyada lagama maarmaanka ah ee ku saabsan boorsada shaqaalaynta AFC online."
EDU-00576,Education,PSA,All employers must comply with the new minimum wage law to avoid penalties. Ensure your practices are in line with the updated wages immediately.,Waajiri wote wanapaswa kufuata sheria mpya ya mshahara wa chini ili kuepuka adhabu. Hakikisha taratibu zako zinaendana na mishahara iliyo sasishwa mara moja.,,EducationNews_co_ke,https://educationnews.co.ke/govt-launches-nationwide-crackdown-on-employers-flouting-new-minimum-wage/,2026-07-26,General,Abakora bose baritwaki naki ekegero ikirogo chiri chochi okorwaki. Naki omoganya bw'aki okorwaki bw'ane okorere emegare naki bw'aki obere naki.,"Wang'ni miluokni kwe ranyisi k'aluwo gi sharia mar ranyis maber, to wech niki. Nisung'ni tiyo mar ranyis nyaka wete lweny gi kit.",Dhamaan shaqaaleyahaynayaasha waa inay la jaanqaadaan sharciga cusub ee mushaharka ugu yar si ay uga fogaadaan ganaax. Hubi in habraacyadaadu ay waafaqsan yihiin mushaharka la cusboonaysiiyay isdaba-joog.
EDU-00577,Education,PSA,"Kenyans seeking overseas education, jobs, or healthcare are advised to prepare for a 20% increase in visa applications. Ensure your application is complete and submitted promptly.","Wakenya wanaotafuta elimu, ajira, au huduma za afya nje ya nchi wanashauriwa kujiandaa kwa ongezeko la 20% la maombi ya visa. Hakikisha maombi yako yamekamilika na yameshawishika kwa wakati.",,EducationNews_co_ke,https://educationnews.co.ke/visa-applications-by-kenyans-rise-by-20-per-cent-as-demand-for-overseas-education-jobs-healthcare-grows/,2026-07-26,General,"Ab Kenyan baria bokireri bwomwaki, buya, kana merechenchani bosi naki kwerekia kaato 20% mu visa. Naki omogori bwomwaki nikori bwakwenda na bwaki tekeria.","Wuod nyaka Marekani, job, kaka magingo, ginyal gi 20% ng'ama gi visa applications. Nyal nyaka kit gite kendo oting' gi chako.","Kenyanka raadinaya waxbarasho, shaqo, ama daryeel caafimaad oo dibadda ah ayaa lagu talinayaa inay is diyaariyaan koror 20% ah oo ku yimaada codsiyada fiisaha. Hubi in codsigaaga uu dhameystiran yahay oo si degdeg ah loo gudbiyo."
EDU-00578,Education,PSA,"Kisii School will hold a grand alumni reunion this weekend, offering career and mentorship talks for students. All students are encouraged to attend.","Shule ya Kisii itafanya mkutano mkubwa wa watangulizi wikendi hii, ikitoa mazungumzo kuhusu kazi na ushauri kwa wanafunzi. Wanafunzi wote wanahimizwa kuhudhuria.",,EducationNews_co_ke,https://educationnews.co.ke/kisii-school-to-hold-grand-alumni-reunion-this-weekend-featuring-career-mentorship-talks-for-students/,2026-07-26,General,"Shule ya Kisii igena omogori buya buya bwaki, ikwenda eng'ania egokogo naki omogori na oboti bwaki. Abana bosi basibori baki baria.","Kisii School bende nene ka wakore ma gitimre maler ni this weekend, mondo obwakoru ma kar cher nding' mang'eny piny. Hande nyaka anyisowa gach sini.","Dugsiga Kisii ayaa qabanqaabinaya kulan weyn oo shahaadooyinka isugu yimaaddaan maalinta Axadda, iyadoo la bixinayo hadallo ku saabsan xirfadaha iyo hanuuninta ardayda. Dhammaan ardayda waxaa lagu dhiirrigelinayaa inay ka qaybqaataan."
EDU-00579,Education,PSA,Kiambu County has launched a birth registration drive to ensure all learners can access education services. Parents are encouraged to register their children promptly.,Kaunti ya Kiambu imeanzisha kampeni ya usajili wa kuzaliwa ili kuhakikisha wanafunzi wote wanapata huduma za elimu. Wazazi wanahimizwa kuwaj registering watoto wao haraka.,,EducationNews_co_ke,https://educationnews.co.ke/kiambu-launches-birth-registration-drive-to-ensure-learners-access-education-services/,2026-07-26,General,Omosome wa Kiambu oria naki ore okeria emokire obwakire bwatebu orokeng’ omogotiogoti. Ababere bariajiire okuboka abana babo nkegong’ere.,"Kiambu County ewang' miyo mar bura kanyo, chiw gi timo yieng' ng'wech, ng'ato en kendo ng'ato owacho. Wazazi ubiro ramba kwayo ji piny ma.",Degmada Kiambu waxay bilowday ololaha diiwaangelinta dhalashada si loo hubiyo in dhammaan ardaydu ay helaan adeegyada waxbarashada. Waalidka waxaa lagu dhiirrigelinayaa inay ilmahooda si degdeg ah u diiwaan geliyaan.
EDU-00580,Education,PSA,Kericho County is recruiting 210 ECDE teachers. Interested candidates should apply to be part of this investment in early learning.,Kaunti ya Kericho inatafuta walimu 210 wa ECDE. Wagombea wenye nia wanapaswa kuomba ili kuwa sehemu ya uwekezaji huu katika elimu ya awali.,,EducationNews_co_ke,https://educationnews.co.ke/kericho-county-to-recruit-210-ecde-teachers-as-stakeholders-welcome-sh211-2-million-investment-in-early-learning/,2026-07-26,General,Kericho County ikirugani 210 abekere ba ECDE. Abaki ba kenye batariga bw’ogenda bwere ikiruga bw'ogenda buya mu gisagani gikirane.,"Kericho County noke kanyakore 210 ECDE chiegni. Aora kendo, bende gima bende owacho gi joma inyuol kwaya kendo kony kendo tich makare.",Degmada Kericho waxay shaqaaleyneysaa 210 macallin oo ECDE ah. Musharrixiinta danaynaya waa in ay codsadaan si ay qayb uga noqdaan maalgelintan waxbarashada hore.
EDU-00581,Education,PSA,Total orphans who scored a C in KCSE and wish to join Bukura Agricultural College are encouraged to seek assistance for enrollment.,Watoto yatima wote waliofanya mtihani wa KCSE na kupata kiwango cha C wanahimizwa kutafuta msaada wa kujiunga na Chuo cha Kilimo cha Bukura.,,EducationNews_co_ke,https://educationnews.co.ke/total-orphan-who-scored-c-in-kcse-pleads-for-help-to-join-bukura-agricultural-college/,2026-07-26,General,"Abana bakiabaki bataroboka C mu KCSE hamwe n'iberegi bangahe bendo koboka naki Bukura Agricultural College, bataririre kuigwa bwi enyuone.",Bura g'ogielo cha kelo C ka KCSE kata keth omak mana weche ma okonya g'iyogo moko ku Bukura Agricultural College ma okonyo chula.,Dhalinyarada agoonta ah ee helay C KCSE oo doonaya inay ku biiraan Bukura Agricultural College waxaa loo diyaariyay inay raadsadaan caawimaad diiwaangelin.
EDU-00582,Education,PSA,The Government encourages innovation in implementing Competency-Based Education (CBE) tailored to Kenyan needs.,Serikali inahimiza ubunifu katika kutekeleza Elimu Iliyotegemea Ufanisi (CBE) inayolingana na mahitaji ya Wakenya.,,EducationNews_co_ke,https://educationnews.co.ke/lets-not-just-copy-finland-in-implementing-cbe-lets-innovate-what-works-for-kenya-experts-tell-govt/,2026-07-26,General,Ongorori wakiikire atuma bujore bwakiitihari bwakobwa Buya (CBE) buororire buya bwa Kenya.,Chor moko oyie ka govenoma oting'o gi chike mar Competency-Based Education (CBE) ma odak kod chike duto mar Kenya.,Dowladda waxay dhiirrigelinaysaa hal-abuurka hirgelinta Waxbarashada Ku Salaysan Aqoonta (CBE) oo loo habeeyey baahiyaha Kenya.
EDU-00583,Education,PSA,The Government is actively working to restore stability at Moi University. Academic staff and stakeholders are encouraged to engage in ongoing discussions for improved governance and welfare.,Serikali inafanya kazi kwa bidii kurejesha utulivu katika Chuo Kikuu cha Moi. Wafanyakazi wa kitaaluma na wadau wanahimizwa kushiriki katika mijadala inayoendelea kwa ajili ya kuboresha utawala na ustawi.,,EducationNews_co_ke,https://educationnews.co.ke/govt-steps-up-moi-varsity-recovery-talks-as-ogamba-meets-uasu-university-leadership/,2026-07-26,General,Abagere bakiuga buya naki chenga buya buseki bwang'anya Moi University. Abakire buseki naki abashamaki bosi naki omokireri omotende bategere buseki buya naki ogenda.,"Gevernment oinwaki gi juma mar piny to thego chike kuom Moi University. Abiro, jopinyi mag akademi kende jochweyo to adiera ka wacho e ji mar ging'ore gi mag puoche.",Dowladda waxay si firfircoon u wada shaqaynaysaa si dib loogu soo celiyo xasilloonida Jaamacadda Moi. Shaqaalaha tacliinta iyo daneeyayaasha ayaa lagu dhiirrigelinayaa inay ka qeybqaataan wadahadallada socda si loo hagaajiyo maamul wanaagga iyo daryeelka.
EDU-00584,Education,PSA,Teachers are urged to ensure prompt payment of outstanding examination allowances before the 2026 national examinations. Please contact the Ministry of Education for updates on this matter.,Walimu wanahimizwa kuhakikisha malipo ya tofauti za mtihani yanafanyika kabla ya mtihani wa kitaifa wa mwaka 2026. Tafadhali wasiliana na Wizara ya Elimu kwa maelezo zaidi kuhusu jambo hili.,,EducationNews_co_ke,https://educationnews.co.ke/knut-mounts-fresh-push-for-teachers-welfare-as-union-holds-talks-with-new-education-ps/,2026-07-26,General,Abagumbi barakire kuomokoreba kweenda kwomokore buya naki zia chimbaraga mbere ya 2026 eng'ito ya inyu kogatenda. Naki nu bwendo bwigana Obwakabere bw'Adinani.,Abaluhya bwiye to chungi ringo matek mar jochak (examination allowances) kendo golo podo piny to ratiro ma 2026. Sawa kuom Ministry of Education kuom ng’ato nyalo yal gi chandruok e yo ma.,Macallimiinta waxaa lagu boorinayaa inay hubiyaan bixinta lacagaha imtixaanka ee deynka ah ka hor imtixaannada qaran ee 2026. Fadlan la xiriir Wasaaradda Waxbarashada si aad u hesho warbixinno ku saabsan arrintan.
EDU-00585,Education,PSA,"Heads of institutions must verify and ensure the accuracy of all data submitted during the Junior School onboarding exercise, using only official names and correct formats by the specified deadlines.","Viongozi wa mashirika wanapaswa kuthibitisha na kuhakikisha usahihi wa data zote zilizowasilishwa wakati wa zoezi la kujiunga na Shule ya Msingi, wakitumia majina rasmi tu na muundo sahihi kabla ya tarehe zilizoainishwa.",,EducationNews_co_ke,https://educationnews.co.ke/moe-flags-widespread-errors-in-junior-school-onboarding-orders-heads-to-personally-verify-data/,2026-07-26,General,Abakorenjore batorankie banene bategire okorokire omokiri bwiinyachire hamwe n’osi bwariri bwetamwe buya banye inki oigire bwi nyakaira buya bahenjerere bwere buya.,"Duoko mang'ich oter chiw g'iseche gi weche magwona e piny mokuol kuom Junior School, nyal tigi nimoni e yore mag ohinga kod weche ma ok nyal eyo gi yore ma osono.","Madaxdhaqameedyadu waa inay xaqiijiyaan oo ay hubiyaan saxnaanta dhammaan xogta la soo gudbiyey intii lagu jiray hawlgalka diiwaangelinta Dugsiga Hoose, iyadoo la adeegsanayo kaliya magacyada rasmiga ah iyo qaababka saxda ah waqtiga la cayimay."
EDU-00586,Education,PSA,Teachers are urged to voice their concerns regarding unsatisfactory salary adjustments. Contact the Teachers Service Commission (TSC) for clarity and to address these issues.,Walimu wanasisitizwa kuwasilisha wasiwasi wao kuhusu marekebisho mabaya ya mishahara. Wasiliana na Tume ya Huduma za Walimu (TSC) kwa ufafanuzi na kushughulikia masuala haya.,,EducationNews_co_ke,https://educationnews.co.ke/knut-rejects-phase-ii-implementation-of-2025-2029-cba-demands-tsc-addresses-salary-concerns/,2026-07-26,General,Abagoti baagoreke kuta bamaire bw’ogotegana buya bwaki. Maki bosi buya naki mwaki ya Bahere ya Abagoti (TSC) naki buya bw’omihe.,Ong'ere chieng' konyo nyako ma ogendoni manok yande kod jowuothe. Konyo Teachers Service Commission (TSC) ot nyalo konyo yande kendo to imiyo nyaka.,Macalimiinta waxaa lagu boorinayaa inay muujiyan walwalka ku saabsan korodhka mushaarka ee aan ku habooneyn. La xiriir Hay'adda Adeegga Macalimiinta (TSC) si aad u hesho caddayn iyo xalinta arrimahan.
EDU-00587,Education,PSA,"Teachers in Narok County are urged to report salary disputes to their unions, KNUT or KUPPET, to ensure fair treatment and due process is followed in disciplinary actions.","Walimu katika Kaunti ya Narok wanahimizwa kuripoti migogoro ya mishahara kwa vyama vyao, KNUT au KUPPET, ili kuhakikisha matibabu ya haki na mchakato sahihi unafuata katika hatua za kinidhamu.",,EducationNews_co_ke,https://educationnews.co.ke/reimburse-or-we-demonstrate-knut-kuppet-issue-tsc-ultimatum-over-narok-teachers-salary-dispute/,2026-07-26,General,"Abaganga baki Narok baria mwaki omogangire okorere agakire buya bonyekane nkera bu KUPPET kana KNUT, kugira omotire bwake buya na bwenyanye buya mugarano maningo.","Wach wacho e Narok County nyal e yo loso kachieng' chunyi mar wadhi kaka KNUT oba KUPPET, kuom timo chiegni mar kanyo kod chalo makare e ji monge.","Teachers-ka ka howlgala Gobolka Narok waxaa lagu boorinayaa inay warbixiyaan khilaafaadka mushaharka ururada ay ka tirsan yihiin, KNUT ama KUPPET, si loo hubiyo in cadaaladda la raaco oo habka anshaxa loo dhaqangeliyo."
EDU-00588,Education,PSA,"The Teachers Service Commission has appointed new county directors and transferred several others in a recent reshuffle. Key positions affected include Siaya, Bungoma, Mandera, and Homa Bay Counties.","Tume ya Huduma za Walimu imeteua wakurugenzi wapya wa kaunti na kuhamasisha wengine kadhaa katika mabadiliko ya hivi karibuni. Nyadhifa muhimu zilizohusika ni kaunti za Siaya, Bungoma, Mandera, na Homa Bay.",,EducationNews_co_ke,https://educationnews.co.ke/tsc-appoints-transfers-county-directors-in-latest-reshuffle/,2026-07-26,General,"Abakire ba Teachers Service Commission baing'ere abaki mbwaki banye okutegena abaki baki na bweritere bingi buya. Abaki abaki bwicki buya naki bwogorie buya bungi, naki Siaya, Bungoma, Mandera, na Homa Bay.","Teachers Service Commission oketie dirach nyaka county manyien kendo oketie nying' achiel, to okonji chalo dawidi. Moko ma acheny oloyo ne nyaka Siaya, Bungoma, Mandera, gi Homa Bay Counties.","Guddiga Adeegyada Macallimiinta ayaa magcaabay agaasimeyaal cusub oo dowlad goboleed iyo sidoo kale beddelay kuwo kale qalalaasihii dhawaan dhacay. Meelo muhiim ah oo ay arrintan saameysay waxaa ka mid ah degmooyinka Siaya, Bungoma, Mandera, iyo Homa Bay."
EDU-00589,Education,PSA,KUPPET has rejected salary increments proposed by SRC due to unfair pay disparities. Teachers may consider industrial action if concerns are not addressed.,KUPPET imekataa ongezeko la mishahara lililopendekezwa na SRC kutokana na tofauti zisizokuwa na haki. Walimu wanaweza kufikiria hatua za kiviwanda ikiwa wasiwasi haujatatuliwa.,,EducationNews_co_ke,https://educationnews.co.ke/kuppet-rejects-src-salary-increments-cites-widening-pay-disparities/,2026-07-26,General,KUPPET orore bwakire oria bwakinyaki buike bwa SRC buya bwakire buya bui na boki bwaki. Abarekenya bakenyete bende bakore buya buya boke oigane.,KUPPET an gi chalo mazur kendo ng'ato machiek gi SRC ka osimbo kanyakla. Kowe oganda ineno joma yudo weche mar ndalo chagru kendo chalo ka isetimo.,KUPPET ayaa diiday kororka mushaharada ay soo jeedisay SRC sababo la xiriira farqi mushahar oo aan cadaalad ahayn. Macallimiintu waxay tixgelin karaan hawlgallo warshadeed haddii cabashooyinka la xallin waayo.
EDU-00590,Education,PSA,"Teachers are urged to complete their Teacher Performance Appraisal and Development (TPAD) records before the July 31, 2026 deadline to qualify for the KSh2 billion promotion program.","Walimu wanakumbushwa kukamilisha rekodi zao za Tathmini na Maendeleo ya Utendaji wa Walimu (TPAD) kabla ya tarehe ya mwisho ya Julai 31, 2026 ili kuweza kustahiki katika mpango wa kukuza wa KSh2 bilioni.",,EducationNews_co_ke,https://educationnews.co.ke/server-crashes-threaten-ksh2-billion-teacher-promotion-drive-as-tpad-deadline-looms/,2026-07-26,General,"Abasomu baria bakenye kukireka kego chireka ticha chirekebwaki (TPAD) mere buya buya buya kuzeria kede nyamwaki 31, 2026 buya konyeganie chire bota kSh2 billion.","Walimu matin gi dhoge ka owete TPAD mane otime magi kuom juma 31, Mwezi wa Moka, mwaka 2026, iweyo kuom githo gi KSh2 billion ma okonyo tel.","Macalimiinta waxaa lagu boorinayaa inay dhameystiraan diiwaannada Qiimeynta iyo Horumarinta Waxbarashada (TPAD) ka hor taariikhda kama dambaysta ah ee 31ka Luulyo, 2026 si ay u xaqiijin karaan barnaamijka kor u qaadista oo ah KSh2 bilyan."
EDU-00591,Education,PSA,"ECDE teachers in West Pokot County should file their written submissions by [insert date] as per the court's instructions. The next court hearing is scheduled for September 23, 2026.","Teachers wa ECDE katika Kaunti ya West Pokot wanapaswa kuwasilisha maandiko yao kabla ya [ingiza tarehe] kulingana na maagizo ya mahakama. Kusikilizwa kwa kesi ambayo inayofuata kumewekwa tarehe Septemba 23, 2026.",,EducationNews_co_ke,https://educationnews.co.ke/kitale-court-sets-september-date-in-ecde-teachers-pay-battle-with-west-pokot-county/,2026-07-26,General,"Abere ba ECDE mu West Pokot County bonyorera eeria bw'ogori [insert date] ng'ekorua za ibwoni. Olokio bw'ogori bwakirera buse nyakire mu September 23, 2026.","Abaluhya ECDE ku West Pokot County nyalo simegi yo-yawore duto kendo nyalo meko kende goyo to duto owinjre. Nyasa mokuongo kendo tich mokwongo ni September 23, 2026.","Macalimiinta ECDE ee Gobolka West Pokot waa in ay soo gudbiyaan qoraalooda dhigaalka ah ka hor [gelin taariikhda] sida ay amar u tahay maxkamadda. Dacwadda xigta ee maxkamadda waxay qorshaysnayd in la qabto Sebtembar 23, 2026."
EDU-00592,Education,PSA,The proposal to shorten the school day to four hours is under discussion. Stakeholders are encouraged to engage in consultations regarding potential impacts on the education system.,Pendekezo la kupunguza muda wa shule hadi masaa manne linajadiliwa. Wahamasi wanahimizwa kushiriki katika mashauriano kuhusu athari zinazoweza kutokea kwenye mfumo wa elimu.,,EducationNews_co_ke,https://educationnews.co.ke/wajackoyahs-four-hour-school-day-idea-sparks-fresh-debate-on-kenyas-education-future/,2026-07-26,General,Omosarane ogokorere omogeyo ogukirigana na oria imihoro ine ng'ende oria oria ikuania. Ababere barebireri okuhingania mindu yaki buya konyera buya kosi ya masomo.,Piny ng'ato kuom wendo gi sukulu mane en nyaka kanyo e nyaka dhohoro chuo. Wuodhi kanyo kuom konyo e tich kuom ceng' bedo gi tak maina e piny miyo konyo.,Qorshaha ah in maalinta dugsiga la gaabiyo ilaa afar saacadood ayaa wadahadal ku jira. Dhamaan daneeyayaasha waxaa la dhiirigelinayaa inay ka qayb qaataan talo bixin ku saabsan saamaynta ay tani ku yeelan karto nidaamka waxbarashada.
EDU-00593,Education,PSA,"The application window for the September 2026 intake at Kenya Medical Training College (KMTC) is now open. Apply through the KUCCPS Student Portal by August 11, 2026.","Dirisha la maombi kwa ajili ya kujiunga na Kenya Medical Training College (KMTC) mnamo Septemba 2026 sasa limefunguliwa. Tuma maombi yako kupitia Kituo cha Wanafunzi cha KUCCPS kabla ya Agosti 11, 2026.",,EducationNews_co_ke,https://educationnews.co.ke/kuccps-opens-kmtc-september-2026-intake-as-thousands-eye-medical-training-opportunities/,2026-07-26,General,"Ebusaka bwa kwang’anya bwakire buya buno bw’ogenda mu septemba 2026 ku Kenya Medical Training College (KMTC). Ing’enza bwekuung’ana ku KUCCPS Student Portal na mahinda 11, 2026.","Ng'ato marach ma ok walok gi inyalo konyo itimo September 2026 ku Kenya Medical Training College (KMTC) nyalo jate. Ineyo ku KUCCPS Student Portal nyaka August 11, 2026.","Fursadda codsiga ee gelitaanka Sebtembar 2026 ee Kenya Medical Training College (KMTC) hadda waa furan. Codso oo adeegso KUCCPS Student Portal-ka ka hor August 11, 2026."
EDU-00594,Education,PSA,"The Directorate of Criminal Investigations (DCI) has arrested Richard Gikuhe Mbugua, the prime suspect in the murder of Technical University of Kenya lecturer Edgar Mokua.","Idara ya Upelelezi wa Jinai (DCI) imemkamata Richard Gikuhe Mbugua, mshukiwa mkuu katika mauaji ya mhadhiri wa Chuo cha Teknolojia cha Kenya, Edgar Mokua.",,EducationNews_co_ke,https://educationnews.co.ke/dci-arrests-prime-suspect-in-brutal-killing-of-tuk-lecturer-edgar-mokua/,2026-07-26,General,"Ongorori bw'Obwaki bw'Abakire (DCI) amaki Richard Gikuhe Mbugua, omokireri omokima bw'aramoro bw'abarimi bw'ogwete Technical University of Kenya, Edgar Mokua.","Direktori eng'iyo ma gonyo (DCI) anyal Richard Gikuhe Mbugua, nyaka lemo chamo ma en odugo e piny mar Technical University of Kenya, Edgar Mokua.","Hay’adda Baarista Dembiyada (DCI) waxay qabatay Richard Gikuhe Mbugua, qofka ugu suurta gala ah dilka macallinka Jaamacadda Farsamada Kenyatta, Edgar Mokua."
EDU-00595,Education,PSA,"Masinde Muliro Senior School has received a brand-new school bus to enhance student transport for academic, sports, and co-curricular activities.","Shule ya Upili ya Masinde Muliro imepata basi jipya kabisa ili kuboresha usafiri wa wanafunzi kwa ajili ya shughuli za masomo, michezo, na shughuli za ziada.",,EducationNews_co_ke,https://educationnews.co.ke/saboti-mp-hands-over-new-school-bus-to-masinde-muliro-senior-school/,2026-07-26,General,"Masinde Muliro Senior School omogenda oria omokiri bosi buya bwake busemo bota bosi bwagwaki babsaraki, kutebete bwakire, na bosi bwaki omokiranya.","Masinde Muliro Senior School en gima neno bundi buse mokuongo gitim gi jomomiyo mar wuoth, kuom foko, gi chike magyore.","Masinde Muliro Senior School waxay heshay bas cusub si loo hagaajiyo gaadiidka ardayda ee waxbarashada, isboortiga, iyo howlaha kale ee dugsiga."
EDU-00596,Education,PSA,Butere Technical Training Institute is holding its first-ever event; all interested students and stakeholders should participate.,Taasisi ya Mafunzo ya Ufundi Butere inafanya shughuli yake ya kwanza; wanafunzi wote na washikadau waliovutiwa wanapaswa kushiriki.,,EducationNews_co_ke,https://educationnews.co.ke/category/tertiary-institutions/,2026-07-26,General,Butere Technical Training Institute igetere omochigori chaki; abaki bwakireri bochane na migori buya batararire.,Butere Technical Training Institute noyeng' gi jomokonyo mag nyalo; jomoko mar jowe duto kanyo ni bende wachung' manono.,Butere Technical Training Institute waxa ay qaban qaabineysaa munaasabadkeedii ugu horreeyay; dhammaan ardayda iyo daneeyayaasha xiiseynaya waa in ay ka qeyb galaan.
EDU-00597,Education,PSA,Tabitha Githaiga is the new principal of Njoro Technical Training Institute. Staff and students are encouraged to support her leadership and transition at the institution.,Tabitha Githaiga ndiye mkuu mpya wa Taasisi ya Mafunzo ya Ufundi ya Njoro. Wafanyakazi na wanafunzi wanahimizwa kumuunga mkono katika uongozi na mpito wake katika taasisi.,,EducationNews_co_ke,https://educationnews.co.ke/tabitha-githaiga-takes-over-as-njoro-tti-principal-as-kandie-moves-to-baringo-poly/,2026-07-26,General,Tabitha Githaiga naki omokinyanya osibori bia Njoro Technical Training Institute. Ababere na abanza batareri boke omoreri na omokinyanya wakwe khomoreria omogoti.,"Tabitha Githaiga now en Principal mar Njoro Technical Training Institute. Jater e yo eweyo k'iyudhi gi yore maki, kendo ninde manieyo anyaka kowe yore marwe.",Tabitha Githaiga waa madaxa cusub ee Machadka Tababarka Farsamada ee Njoro. Shaqaalaha iyo ardayda waxaa lagu dhiirrigelinayaa inay taageeraan hogaaminta iyo isbedelka ay ku jirto machadka.
EDU-00598,Education,PSA,"Kenyatta University is now accepting applications for partial undergraduate scholarships for the 2026/2027 academic year. Apply by July 31, 2026, with necessary documents and forms.","Chuo Kikuu cha Kenyatta sasa kinakubali maombi ya ufadhili wa masomo ya sehemu kwa wanafunzi wa chuo kikuu kwa mwaka wa masomo 2026/2027. Tuma maombi yako kabla ya Julai 31, 2026, ukiwa na nyaraka na fomu zinazohitajika.",,EducationNews_co_ke,https://educationnews.co.ke/kenyatta-university-opens-partial-undergraduate-scholarships-for-2026-2027-academic-year/,2026-07-26,General,"Kenyatta University ekinagire okogendia abaki bw’ogwokorota maarangoro okwega kwa mwaka wa masomo 2026/2027. Oseme gukorwa ka nyang’ori ya 31, 2026, naki bwakibori buya na ekihigo.","Kenyatta University wan gi kolu joma duok e piny mar scholarships marach to gi joma ngondugi gi 2026/2027. Iyu magi chike by July 31, 2026, gi chike to ni jopiny.","Jaamacadda Kenyatta ayaa hadda aqbaleeysa codsiyada deeqda waxbarasho ee qeybta ah ee ardayda jaamacadda sannadka tacliinta 2026/2027. Fadlan codso ka hor 31-da Luulyo, 2026, adigoo isticmaalaya dukumiintiyada iyo foomamka lagama maarmaanka ah."
EDU-00599,Education,PSA,All educators in Kenya are urged to prioritize safety and demand enhanced security measures in schools. Immediate investigations into recent violence against teachers must be expedited for justice.,Walimu wote nchini Kenya wanahimizwa kuzingatia usalama na kudai hatua za usalama bora katika shule. Uchunguzi wa haraka kuhusu vurugu za hivi karibuni dhidi ya walimu lazima ufanywe ili kupata haki.,,EducationNews_co_ke,https://educationnews.co.ke/kitui-teachers-protest-killing-of-two-colleagues-demand-justice-and-enhanced-security/,2026-07-26,General,Abagweta bogenyange buya batariri batarire naki batora bwire obwakire buya mu masumo. Naki orokirori rionge bosi mu kutokora obwaki bwogubiri bwaki bwomokarigana oko kusiwekere abagweta.,"Dak kune nyandugi ma Kenya, wer e pwodhi kakachoe konyo gi nigi makelo bende chalo mar kelo. Nasuru mar minyasa kuom kare nyaka uok nyaka kiwuok e nyaka.",Dhammaan macalimiinta Kenya waxaa lagu boorinayaa inay mudnaanta siiyaan badbaadada oo ay dalbadaan tallaabooyin amni oo la xoojiyey dugsiyada. Baaritaannada degdegga ah ee ku saabsan rabshadihii dhowaan loogu gaystay macalimiinta waa in la dedejiyo si loo helo cadaalad.
EDU-00600,Education,PSA,The government plans to provide full funding for all university and college students starting September 2026. Stay informed on details regarding funding and implementation.,Serikali inapanga kutoa ufadhili kamili kwa wanafunzi wote wa chuo kikuu na vyuo kuanzia Septemba 2026. Fuatilia maelezo kuhusu ufadhili na utekelezaji.,,EducationNews_co_ke,https://educationnews.co.ke/faith-odhiambo-challenges-rutos-promise-of-free-university-and-college-education/,2026-07-26,General,Abagenderi bataria buya buria bwokinyore bwia buyanunaki na colleges bwose buya bwania bwoka September 2026. Bwakore omokiri omogoti ku bwokinyore na buya bwokubwaki.,Gavana kendo oik kamano kuom puodho mag funding puot gi tich niu karie mak wendo September 2026. Rachuonyo piny e ginto kuom funding gi chieg.,Dowladdu waxay qorsheyneysaa in ay bixiso maalgelin buuxda oo loogu talagalay dhammaan ardayda jaamacadaha iyo kolleljiyada laga bilaabo Sebtember 2026. La soco faahfaahinta maalgelinta iyo hirgelinta.
EDU-00601,Education,PSA,The Garissa County Education Board is accused of imposing unauthorized cash levies on learners. Parents and guardians should report any such demands to the Ministry of Education immediately.,Bodi ya Elimu ya Kaunti ya Garissa inakabiliwa na tuhuma za kuweka tozo za pesa zisizo za kibali kwa wanafunzi. Wazazi na walezi wanapaswa kuripoti mahitaji hayo kwa Wizara ya Elimu mara moja.,,EducationNews_co_ke,https://educationnews.co.ke/garissa-county-education-board-accused-of-imposing-secret-cash-levies-on-learners/,2026-07-26,General,Abashokoti bendera bu Garissa bosi baraki jorumaraki buseke bwaki buiende. Abakiri na abaki baki biongeria obwakire bosi bwaki buseke bura bwakire bwaki bwakiriri Bwakire bwa Abakire.,Garissa County Education Board otimeyo kuom ploko duto ma ok oundu e gima ongi kelo pochi e learners. Vanjinyak mar parents to guardians nochako gima ongi nikech mano piny Ministry of Education.,Guddiga Waxbarashada ee Degmada Garissa ayaa lagu eedeeyay inuu soo rogay qaab dhaqaale oo aan la oggolaan oo lagu soo rogay ardayda. Waalidka iyo ilaaliyeyaasha waa in ay si degdeg ah uga warbixiyaan dalabaadka noocaas ah Wasaaradda Waxbarashada.
EDU-00602,Education,PSA,Parents are urged to pay school fees on time to support school operations and ensure quality education.,Wazazi wanahimizwa kulipa ada za shule kwa wakati ili kusaidia shughuli za shule na kuhakikisha elimu bora.,,EducationNews_co_ke,https://educationnews.co.ke/kessha-appeals-to-govt-to-increase-capitation-funds-to-schools-as-cost-of-living-skyrockets/,2026-07-26,General,"Abakore bateganya kwigana gusurori meka masomo nyaki bw'ogokware bui, buya bwanene bwagokunyegani omogori bw'ekigoro.","Odhiero ma nyaka nyaka joma okonyo kuom konyi gi timbe mar chike, kendo umo gima atimoro duto.",Waalidku waxaa lagu boorinayaa inay waqtigooda ku bixiyaan lacagta dugsiga si ay u taageeraan hawlaha dugsiga iyo inay hubiyaan waxbarasho tayo leh.
EDU-00603,Education,PSA,There is currently no formal offer or funding available to clear teachers' salary arrears. Teachers should stay informed on any developments regarding salary payments.,Kuna ofa rasmi au ufadhili wa kulipa deni la mishahara ya walimu kwa sasa. Walimu wanapaswa kubaki na habari kuhusu maendeleo ya malipo ya mishahara.,,EducationNews_co_ke,https://educationnews.co.ke/ibrahim-ambwere-the-western-kenya-businessman-once-linked-to-a-sh48m-offer-to-clear-teachers-salary-arrears/,2026-07-26,General,Ojwaki omokirighani na oborori bwakireri bwaki bwogana bwasichendi. Abakilasi batarire bamenyere okorwakira buya eng'echi bwokwirane bwasichendi.,Nyasaye ni kendo en ahinya kata magi ma ok jachieng' e wacho ma niko ma jachieng' bende nyal makuom. Jachieng' nyalo wadi e yo marach kama owach ka mitindo ma oseyuduh.,Hadda ma jirto dalab rasmi ah ama maalgelin loogu talagalay in la bixiyo deynta mushaarka macallimiinta. Macallimiintu waa inay sii jiraan wararkii ku saabsan bixinta mushaarka.
EDU-00604,Education,PSA,"Orero Boys Senior School in Homa Bay County is providing replacement mattresses, blankets, and bed sheets to 107 students affected by a dormitory fire. Parents will be informed through class teachers.","Shule ya Upili ya Orero Boys katika Kaunti ya Homa Bay inatoa matandiko mapya, blanketi, na mavazi ya kulalia kwa wanafunzi 107 walioathirika na moto katika bweni. Wazazi wataarifiwa kupitia walimu wa darasa.",,EducationNews_co_ke,https://educationnews.co.ke/107-students-lose-property-as-fire-razes-orero-boys-dormitory-no-injuries-reported/,2026-07-26,General,"Orero Boys Senior School mosi Homa Bay County eyaagirira omokoro ogenda, mbukoni, nakiitake buya 107 abogenda na oroka ogwang'ana. Abakire bosi bwantigana babaenda kuchire buya.","Orero Boys Senior School e Homa Bay County en gi kuom dho-mattress machiegni, dho-blanket, kendo dho-bed sheets manok e 107 dhoot mar dho-dormitory moiyore. Dhoot nigi pari gi dongo mag class teachers.","Dugsiga Sare ee Orero Boys ee Gobolka Homa Bay ayaa bixinaya barkimooyin beddelan, barkimooyin, iyo goonnada sariirta 107 arday oo ay saameysay dab ka kacay dormitory. Waalidiinta waxaa lagu wargelin doonaa macallimiinta fasallada."
EDU-00605,Education,PSA,"France has passed a law banning social media usage for children under 15, effective September 2026, requiring age verification for new accounts and extending to all users by January 2027.","Ufaransa umepita sheria inayopiga marufuku matumizi ya mitandao ya kijamii kwa watoto chini ya umri wa miaka 15, kuanzia Septemba 2026, inayohitaji uthibitisho wa umri kwa akaunti mpya na itawajumuisha watumiaji wote ifikapo Januari 2027.",,EducationNews_co_ke,https://educationnews.co.ke/france-becomes-latest-european-nation-to-ban-under-15s-from-social-media/,2026-07-26,General,"France yaki ogetagani oria omogori bwakire buya omogori babere buya 15, nabwaki buya Septemba 2026, na okenyani oborati bwaki bwokire bwakire buya maarifa na bwaki buya Janweli 2027.","France wowacho dhrugo mar kanyakla social media bene duto ma dongo 15, ka ombulu September 2026, ma okelo pacho madongo e yo mar kanyakla mga piny, kendo gi chako kuom duto nduogo January 2027.","Faransiiska waxay soo saartay xeer mamnuucaya isticmaalka warbaahinta bulshada ee carruurta aan gaadhin da'da 15, oo dhaqan galaysa Sebtember 2026, waxayna u baahan tahay in la xaqiijiyo da'da akoonnada cusub, sidoo kale waxay ku faafineysaa dhammaan isticmaalaasha Janaayo 2027."
EDU-00606,Education,PSA,"The National Registration Bureau has launched a mobile ID registration program for eligible secondary school students, starting July 20, 2026. School principals must facilitate the process.","Ofisi ya Usajili wa Kitaifa imezindua programu ya usajili wa kitambulisho kwa wanafunzi wa sekondari wanaostahili, kuanzia Julai 20, 2026. Wakuu wa shule wanapaswa kuwezesha mchakato huu.",,EducationNews_co_ke,https://educationnews.co.ke/government-launches-mobile-id-registration-drive-in-secondary-schools-nationwide/,2026-07-26,General,"Eguru ya Nyangusu ya Inyancha ikiachiye buya obwaki buya bwaki buya bwira na abandu babere bwogana buya gucheka abanchanane, mugana nyankweri Ebutusu 20, 2026. Abakire b’eshule naki baretabere baria buya bwaki.","Bureau mar Kanyakla osegwe thok ma oting' ID ng'ato kendo gi giongo ma oketho, manok kwayo Julai 20, 2026. Maekel mar shule nyaka ojal gi joma oketho kendo ni.","Xafiiska Diiwaangelinta Qaranka wuxuu bilaabay barnaamij diiwaan gelin ID moobil ah oo loogu talagalay ardayda dugsiga sare ee u qalma, oo bilaabanaya July 20, 2026. Madaxda dugsiyada waa inay fududeeyaan habka."
EDU-00607,Education,PSA,"Elgeyo Marakwet County has formed a special committee to combat rising cases of FGM in Kerio Valley. Residents are urged to report any suspected cases immediately, as FGM is illegal.","Kaunti ya Elgeyo Marakwet imeunda kamati maalum kupambana na kuongezeka kwa kesi za FGM katika Bonde la Kerio. Wanakijiji wanahimizwa kuripoti kesi zozote zinazoshukiwa mara moja, kwani FGM ni kinyume cha sheria.",,EducationNews_co_ke,https://educationnews.co.ke/elgeyo-marakwet-forms-special-committee-to-curb-rising-fgm-cases-in-kerio-valley/,2026-07-26,General,"Kisiro cha Elgeyo Marakwet kionekere chakamorori chire kageria omoriba buya bwakire okwene buya bw’FGM mu Kerio Valley. Abakiyesi bareme obokire buya bwogetere bwaki naki, buya bwe FGM biano naki.","Elgeyo Marakwet County anyalo chako komiti ma okonyo chalo duto ma FGM oherorey mondo to ng'ama Kerio Valley. Wuoyi oting' nyaka ber ng'ato ma okonyo ohero hoka, kendo FGM nigi piny.","Degmada Elgeyo Marakwet ayaa sameysay guddi gaara oo lagula dagaallamayo kiiska korodhka ah ee FGM ee ku saabsan Wabiga Kerio. Dadweynaha waxaa lagu boorinayaa inay si degdeg ah u soo sheegaan kiisaska shaki leh, maadaama FGM ay sharci darro tahay."
EDU-00608,Education,PSA,Mwea Technical and Vocational College is now offering training in modern agricultural practices and rabbit farming. Enroll to gain skills for self-employment in the agribusiness sector.,Chuo cha Ufundi na Ufundi Stadi cha Mwea sasa kinatoa mafunzo katika mbinu za kisasa za kilimo na ufugaji wa sungura. Jisajili ili kupata ujuzi wa kuajiriwa mwenyewe katika sekta ya kilimo.,,EducationNews_co_ke,https://educationnews.co.ke/how-mwea-tvc-is-cultivating-kenyas-next-generation-of-agripreneurs/,2026-07-26,General,Mwea Technical and Vocational College naki itegere omokiranya oria ogokere omonene mu mitsi ya agriibusiness na otaki ogotegere okokora. Naki mwaki okokora omokiranya oria oboriri.,Mwea Technical na Vocational College niki ohero gima gitimo mag joti gi nyithindo mar gik makwongo gi sa. Odug tobed gi joma okethi kido kuom joma agri-business.,Jaamacadda Teknolojiyadda iyo Xirfadaha ee Mwea waxay hadda bixisaa tababar ku saabsan dhaqanka beeraha casriga ah iyo koritaanka bakaylaha. Isdiiwaangeli si aad u hesho xirfado ku aaddan shaqo-abuurka qeybta ganacsiga beeraha.
EDU-00609,Education,PSA,"Teachers are advised to review their payslips following the implementation of Phase II of the 2025–2029 Collective Bargaining Agreement, which may reflect minimal salary increases.","Walimu wanashauriwa kuchunguza payslip zao kufuatia utekelezaji wa Awamu ya Pili ya Mkataba wa Mashauriano wa Kikazi wa 2025–2029, ambao unaweza kuonesha ongezeko dogo la mishahara.",,EducationNews_co_ke,https://educationnews.co.ke/teachers-dismiss-recent-salary-increment-under-cba-phase-ii-as-too-little/,2026-07-26,General,"Abakora bosi abaki bagenzi bategere buya obwakinyanihamaki bwa payslip zabo orenge bamwaki naki Phase II buse 2025–2029 Collective Bargaining Agreement, buya bwetere bwoneka naki abaki buya bwamomogekanya.","Mwalimu nyasaye ka konyo gima ongi e payslips gi tetere mag Phase II mar 2025–2029 Collective Bargaining Agreement, ka odhi piny ma ok nyal chieng' modong'.","Macalimiinta waxaa lagu talinayaa inay dib u eegaan payslip-kooda ka dib hirgelinta Waqtiga II ee Heshiiska Shaqada ee 2025–2029, kaas oo muujin kara korodh minimal ah oo mushaharada."
EDU-00610,Education,PSA,"Parents are urged to remain actively involved in their university children's lives by monitoring their activities, offering guidance, and instilling strong values to prevent negative influences.","Wazazi wanahimizwa kuendelea kushiriki kikamilifu katika maisha ya watoto wao wa chuo kikuu kwa kufuatilia shughuli zao, kutoa mwongozo, na kuimarisha maadili mazuri ili kuzuia athari mbaya.",,EducationNews_co_ke,https://educationnews.co.ke/parents-urged-to-monitor-children-in-universities-as-age-alone-does-not-guarantee-discipline/,2026-07-26,General,"Ababere baturia bano bakiere buya muigi bwabaki bano bama bonyang'ani, bosianga bwaki bwendo, na bokiire omokiri omogori oria nimaratikire omokiri buya.","Bura uru dhi gima to nyithindo mar university, nyal bende timo bura ni giwuok, nopogore maber, kendo nochuo ng'ato maber nyaka itimo goyo duto.","Waalidiinta waxaa lagu boorinayaa inay si firfircoon uga qayb qaataan nolosha carruurtooda jaamacadda iyagoo la soconaya hawlahooda, bixinaya hanuun, iyo dhisaya qiyam adag si looga hortago saameyn xun."
EDU-00611,Education,PSA,All Kenyans are urged to participate in tree-planting initiatives at their former schools to combat climate change and boost forest cover. Ensure seedlings are nurtured until maturity for best results.,Wakenya wote wanashauriwa kushiriki katika mipango ya upandaji miti katika shule zao za zamani ili kutatua mabadiliko ya tabianchi na kuongeza kiwango cha msitu. Hakikisheni kwamba miche inatunzwa hadi kuwa mkubwa kwa matokeo bora.,,EducationNews_co_ke,https://educationnews.co.ke/ps-yiapan-calls-on-kenyans-to-plant-trees-in-former-schools-to-boost-forest-cover/,2026-07-26,General,Abakane bose bakang'ana omokiranya omotati mwikibori yabo yakari buya pinyenje ya climate change naki baire bw'ogendachire. Naki oregesia orokokere buya okorondo.,"Bende wadu alluochi kuom gima ginyal gi jowando tree-planting e dhako ma ok nyal kuom konyo nyasach ni gima ginyalo, kendo itie forest cover. Nyal konyo seedlings donge marach luoro nyaka nyaka gi gima giyier.",Dhammaan Kenyanka waxaa lagu boorinayaa inay kaqeybqaataan mashaariicda geedka beerista ee dugsiyadoodii hore si looga hortago isbeddelka cimilada iyo in la kordhiyo dhirta kaymaha. Hubi in la daryeelo abuurka ilaa uu ka gaadho bislaanshaha si loo helo natiijooyin wanaagsan.
EDU-00612,Education,PSA,"The Meru Governor's office is using sports events to address Gender-Based Violence, teenage pregnancy, and drug abuse. Engage with local sports programs to help empower youth in your community.","Ofisi ya Gavana wa Meru inatumia matukio ya michezo kushughulikia Unyanyasaji wa Kijinsia, ujauzito wa vijana, na matumizi ya madawa ya kulevya. Shiriki katika programu za michezo za jamii ili kusaidia kuwaimarisha vijana katika eneo lako.",,EducationNews_co_ke,https://educationnews.co.ke/governor-mutuma-uses-sports-to-champion-the-fight-against-gbv-teenage-pregnancy-and-drug-abuse/,2026-07-26,General,"Ofisi ya Gavana wa Meru inatumia matukio ya michezo kukabili Viuclutui vya Kijinsia, ujauzito wa vijana, na matumizi ya dawa za kulevya. Jihusishe na programu za michezo za eneo lako kusaidia kuimarisha vijana katika jamii yako.","Ofisi mar Governa Meru nigi nyaka kuom jodal odhiambo kwach owinjruok, nyiri ewi, gi chako maber. Jiin joma nyaka winjruok ahinya ka ng'ato ochung' mar mago duto kuom jomain yath.","Xafiiska Guddoomiyaha Meru wuxuu isticmaalayaa dhacdooyinka ciyaaraha si uu ula tacaalo Rabitaanka Jinsiga ee ku saleysan, uurka dhallinyarada, iyo isticmaalka daroogada. Ka qayb qaado barnaamijyada ciyaaraha deegaanka si aad gacan uga geysato kor u qaadida dhalinyarada deegaankaaga."
EDU-00613,Education,PSA,"Form Four candidates are encouraged to engage in comprehensive revision programs to prepare effectively for the KCSE exams. Prioritize revisiting, reviewing, and repetition of syllabus content.","Wanafunzi wa Kidato cha Nne wanahimizwa kushiriki katika mipango ya marekebisho ya kina ili kujiandaa vyema kwa mtihani wa KCSE. Tilia mkazo upya, hakiki, na kurudiarudia maudhui ya mtaala.",,EducationNews_co_ke,https://educationnews.co.ke/how-focused-form-four-candidates-revise-for-kcse-exams/,2026-07-26,General,"Abakinyanya bane borana Bakeng’ero na naki baria okorora nyang’ori ya KCSE. Bakiere oborere, okuborere na obwakuragia bwenge bwosi bwa syllabus.","Abiriyo Form Four wanyal moko kuom kendo yienu gi giluong' ma okinyi kanyakla e KCSE. Wacho marach kuom tich, romo, kendo tiyo gi duto ma nikech syllabus.","Ardayda fasalka afaraad waxaa lagu dhiirigelinayaa inay ku hawlan yihiin barnaamijyo dib-u-eegis oo dhameystiran si ay si hufan ugu diyaar garoobaan imtixaannada KCSE. Mudnaanta sii dib-u-eegidda, dib-u-dhiska, iyo ku celcelinta maaddooyinka manhajka."
EDU-00614,Education,PSA,The Vihiga Teaching and Referral Hospital (VTRH) is now the preferred healthcare provider for teachers under KUPPET in Vihiga County.,Hospitali ya Ualimu na Rufaa Vihiga (VTRH) sasa ndiyo mtoa huduma wa afya anayependekezwa kwa walimu chini ya KUPPET katika Kaunti ya Vihiga.,,EducationNews_co_ke,https://educationnews.co.ke/governor-ottichilo-commits-to-strengthening-teachers-welfare-and-professional-development/,2026-07-26,General,Vihiga Teaching and Referral Hospital (VTRH) naki ngomokireri ya buya bwakire buya bwanjoka KUPPET mu oria Vihiga.,Nya Vihiga Teaching and Referral Hospital (VTRH) ne amora mana nyaka ng'ato ka KUPPET kendo Vihiga.,Isbitaalka Macallimiinta iyo Talo-bixinta Vihiga (VTRH) wuxuu hadda yahay adeeg bixiye caafimaad oo la doorbido oo loogu talagalay macallimiinta KUPPET ee ku sugan Gobolka Vihiga.
EDU-00615,Education,PSA,"Parents are encouraged to support their children in developing resilience, emotional intelligence, and adaptability, as good grades alone do not guarantee future success.","Wazazi wanahimizwa kumuunga mkono mtoto wao katika kujiendeleza katika uvumilivu, akili ya kihisia, na uwezo wa kubadilika, kwani alama nzuri pekee hazihakikishi mafanikio ya baadaye.",,EducationNews_co_ke,https://educationnews.co.ke/beyond-report-cards-why-good-grades-alone-wont-guarantee-your-childs-success/,2026-07-26,General,"Abakire bategereje buya bakiigane buya bakanana bakanene wazire, omogogotere omosa, nakiire omogoria, naki oserere obwakire bwatari buya busibori bwanake.","Pinyono machiegni nyathi gidhi wach kuom tich, gichung gi nyithindo, kod tich ma ok gite, niya kende miyo piny mar bura en wendo.","Waalidiinta waxaa lagu dhiirrigelinayaa inay taageeraan carruurtooda si ay u horumariyaan adkeysiga, garaadka dareenka, iyo la qabsiga, maadaama darajooyin wanaagsan kaliya aysan damaanad qaadin guul mustaqbalka."
EDU-00616,Education,PSA,"The National Government Constituencies Development Fund (NG-CDF) allocation has increased to Sh61.8 billion, benefiting students, public schools, and health facilities across Kenya.","Kiasi cha fedha kutoka Mfuko wa Maendeleo wa Jimbo la Serikali ya Kitaifa (NG-CDF) kimeongezeka hadi Sh61.8 bilioni, kikinufaisha wanafunzi, shule za umma, na vituo vya afya kote Kenya.",,EducationNews_co_ke,https://educationnews.co.ke/ng-cdf-allocation-rises-to-sh61-8-billion-in-major-boost-for-schools-bursaries-and-healthcare/,2026-07-26,General,"Gasi ya National Government Constituencies Development Fund (NG-CDF) igokire go naki Sh61.8 billion, ikubwakire abaki, masomo amaki, na bota bwakiri bwakire buya mu Kenya.","Ng'ato gi buya maler no ng'ato gi Sh61.8 billion, ma oket gi wanjura, shule duto, ne wathore madong' tije e Kenya.","Fondo Horumarinta Deegaanka Dawladda Qaran (NG-CDF) ayaa kordhay ilaa Sh61.8 bilyan, taasoo ka faa'iidaysanaysa ardayda, iskuulada dadweynaha, iyo xarumaha caafimaadka guud ee Kenya."
EDU-00617,Education,PSA,The Teachers Service Commission is seeking qualified candidates for commissioner posts. Interested individuals should prepare to apply based on merit and suitability.,Tume ya Huduma za Walimu inatafuta wagombea wenye sifa kwa nafasi za kamishna. Watu wanaovutiwa wanapaswa kujiandaa kuomba kulingana na uwezo na ufanisi.,,EducationNews_co_ke,https://educationnews.co.ke/why-sossion-and-lentoijoni-could-be-the-befitting-choice-for-coveted-tsc-commissioner-posts/,2026-07-26,General,Abakoryani bakiaria buse bui ogenda  buya omogori bosi. Abande bataria bwokire kubwoge buya obwakire na obogori.,"Teachers Service Commission nyaka ong'ere joma okinyi ma ber e commissioner. Joma nitie ni, nigi konyo kueyo goyo ma gi duto en kido.",Guddiga Adeegga Macalimiinta waxa uu raadinayaa musharrixiin aqoon u leh xilalka komishanka. Shakhsiyaadka danaynaya waa in ay diyaar u noqdaan in ay codsadaan iyadoo lagu salaynayo karti iyo ku habboonaan.
EDU-00618,Education,PSA,Kenyan universities are tasked with leading discussions to shape the country's development agenda following Vision 2030. Engage with the proposal and contribute to this vital national conversation.,Vyuo vikuu vya Kenya vinawajibika kuongoza mijadala ya kuunda ajenda ya maendeleo ya nchi kufuatia Vision 2030. Jihusishe na pendekezo hili na changia katika mazungumzo haya muhimu ya kitaifa.,,EducationNews_co_ke,https://educationnews.co.ke/president-ruto-tasks-universities-with-shaping-kenyas-post-vision-2030-development-agenda/,2026-07-26,General,Amakoya gaki oemagane na ugwaki bw'ene Nyasa chogoria ya Vision 2030. Naki oria tugirire khokigo na mwaki buya buya bw'ogokong'ana.,Miguzo kendo magi okinyi ni kuom mar kanyakla kaka nyalo tera chula kuom Vision 2030. Koro toth kare nyalo chiegni e ndalo duto ma okinyi.,Jaamacadaha Kenya ayaa loo xilsaaray in ay hogaamiyaan wadahadalada si loo sameeyo ajandaha horumarineed ee dalka iyadoo la raacayo Aragtida 2030. Ka qayb qaado soo jeedinta oo ka mid noqo wadahadalka muhiimka ah ee qaran.
EDU-00619,Education,PSA,"The principal of St. Teresiah Preparatory School has been released on a cash bail of Sh100,000 or a surety bond of Sh200,000 following an assault charge.","Mwalimu mkuu wa Shule ya Valibuk Prep St. Teresiah ametolewa kwa dhamana ya pesa ya Sh100,000 au dhamana ya Sh200,000 kufuatia tuhuma za shambulio.",,EducationNews_co_ke,https://educationnews.co.ke/kiambu-court-st-teresiah-preparatory-school-principal-denies-assaulting-estranged-husband/,2026-07-26,General,"Mwalimu mookire wa Shule ya Valisa ya St. Teresiah amechiriwa kwa dhamana ya pesa ya Sh100,000 au dhamana ya mjezi ya Sh200,000 baada ya kulaumiwa kwa shambulio.","Ong'wech ma St. Teresiah Preparatory School osekoro aneno kuom chike duto Sh100,000 kata chike ma nyalo yudo Sh200,000 ka owinjruok kuom tinge.","Madaxa Dugsiga Sare ee St. Teresiah ayaa la sii daayay kadib markii lagu kafay Sh100,000 ama dammaanad Sh200,000 ka dib eedeyn huwan."
EDU-00620,Education,PSA,"Heads of Institutions are encouraged to project professionalism through their appearance and conduct, as this sets a standard for students and staff in schools.","Viongozi wa Taasisi wanahimizwa kuonyesha ujuzi na weledi kupitia mwonekano na tabia zao, kwani hii inaweka kiwango kwa wanafunzi na wafanyakazi shuleni.",,EducationNews_co_ke,https://educationnews.co.ke/do-heads-of-institutions-earn-enough-leadership-is-seen-before-it-is-heard/,2026-07-26,General,"Abakire batarera barekire omokirori biao na ogokogo bw'ekinyatire, buya baineria omokoro buya baturia bware bosi ne bakirigani.","Wuon gonde nochiegni kuom chike mag pacho kendo piny, wacho ni nyiri kanyo mar chiw, kik ibednino ng'wonji ma omiyo timo wendo kuom jamaa kod waki.","Hoggaamiyeyaasha Hay'adaha waxaa lagu dhiirrigelinayaa inay muujiyaan xirfadaysanimo iyada oo loo marayo muuqalkooda iyo dhaqankooda, maadaama tani ay dejinayso heer ardayda iyo shaqaalaha dugsiyada."
EDU-00621,Education,PSA,"Victoria Muoka has officially taken up the position of Central Regional Director in Nyeri, while John Nzuvu has reported to the Western Region as the new Regional Director.","Victoria Muoka amekalia rasmi nafasi ya Mkurugenzi wa Mkoa wa Kati huko Nyeri, wakati John Nzuvu amejitenga na Mkoa wa Magharibi kama Mkurugenzi Mpya wa Mkoa.",,EducationNews_co_ke,https://educationnews.co.ke/tsc-finally-transfers-embattled-regional-director-paving-way-for-colleagues-transfers/,2026-07-26,General,"Victoria Muoka omokire mwaki oremokanya Central Regional Director buya Nyeri, na John Nzuvu omokire mwaki omogoti buya Regional Director buya Western Region.","Victoria Muoka awachiko kamano mar Central Regional Director e Nyeri, kendo John Nzuvu awuonyo e Western Region njeng' Regional Director moko.","Victoria Muoka waxa si rasmi ah u qaatay jagada Agaasimaha Gobolka Bartamaha ee Nyeri, halka John Nzuvu uu u tagay Gobolka Galbeed sidii Agaasime Goboleed cusub."
EDU-00622,Education,PSA,Wilson Sossion and Antonina Lentoijoni have been nominated to the Teachers Service Commission. Their appointments await vetting by the National Assembly.,Wilson Sossion na Antonina Lentoijoni wameteuliwa kwenye Tume ya Huduma za Walimu. Mteule wao unatarajiwa kuangaliwa na Bunge la Kitaifa.,,EducationNews_co_ke,https://educationnews.co.ke/sossion-lentoijoni-nominated-to-tsc-as-ruto-fills-commission-vacancies/,2026-07-26,General,Wilson Sossion na Antonina Lentoijoni babaetere omosi na Teachers Service Commission. Abaki buya abaki omogama bwakinyang'ani bwa National Assembly.,Wilson Sossion gi Antonina Lentoijoni en odek omiye kuom Teachers Service Commission. Konyo ma odek odefee kanyonyo gi National Assembly.,Wilson Sossion iyo Antonina Lentoijoni ayaa lagu magacaabay Hay'adda Adeegga Macallimiinta. Magacaabistooda waxay sugayaan baaritaan ka yimaada Golaha Shacabka.
EDU-00623,Education,PSA,Parents in Busia County are urged to actively support their children's education by monitoring academic progress and attending school meetings to ensure disciplined and successful learners.,Wazazi katika Kaunti ya Busia wanahimizwa kusaidia kwa nguvu elimu ya watoto wao kwa kufuatilia maendeleo ya masomo na kuhudhuria mikutano ya shule ili kuhakikisha wanafunzi wanakuwa na nidhamu na mafanikio.,,EducationNews_co_ke,https://educationnews.co.ke/busia-county-education-board-chair-blames-declining-education-standards-on-parental-negligence/,2026-07-26,General,Abaki baki Busia batiosa orete buya bwaki bweng'ane naki chirebaki bwesibori naki bwogenda bwokire buya bwenjige bosi naki buya bwaki bwakirorania.,"Kikwayi ni obet piny Busia k’o yudhi nyathi kwayo, kendo omiyogi kanyen makelo thuru, kendo omiya miyo jopiny makwayo.","Waalidiinta Gobolka Busia waxaa lagu boorinayaa inay si firfircoon u taageeraan waxbarashada carruurtooda, iyagoo la soconaya horumarka aqooneed iyo ka qaybgala kulammada dugsiga si ay u hubiyaan in ardaydu yihiin kuwo anshax leh oo guuleysta."
EDU-00624,Education,PSA,"Attention: Kibingei Girls High School in Kericho County is experiencing a severe water shortage, causing students to walk over 800 meters daily to fetch water. Immediate action is needed to restore the water supply.","Tahadhari: Shule ya Sekondari ya Wasichana Kibingei katika Kaunti ya Kericho inakabiliwa na upungufu mkali wa maji, ikilazimisha wanafunzi kutembea zaidi ya mita 800 kila siku kutafuta maji. Hatua za haraka zinahitajika kurejesha usambazaji wa maji.",,EducationNews_co_ke,https://educationnews.co.ke/kibingei-girls-students-trek-800-metres-daily-as-water-crisis-disrupts-learning/,2026-07-26,General,"Ikania: Kibingei Girls High School omokirori inchemi ya majii, omotebere buya buya buya na buya orutuo ochare 800 meters orogori omokosi majii. Omosukire buya buya buya buya oruo ebisabaki ya majii.","Ng'ato: Kibingei Girls High School kuom Kericho County en gi ndalu mobet, ma oket gi kambi ka boys noket punde 800 meters jorwe ka iting' ndalo. Kakewa piny eyo kofia namba kanyona ka awuoro ng'ato.","Digniin: Dugsiga Sare ee Gabdhaha Kibingei ee Gobolka Kericho ayaa la kulmaysa yaraanta biyo weyn, ardayduna waxay maalin kasta soconayaan in ka badan 800 mitir si ay u helaan biyo. Tallaabo degdeg ah ayaa loo baahan yahay si dib loogu soo celiyo sahayda biyaha."
EDU-00625,Education,PSA,AGC Tenwek Hospital has successfully performed Kenya's first keyhole surgery for a newborn with a rare congenital condition. This advanced procedure enhances local paediatric healthcare capabilities.,Hospitali ya AGC Tenwek imefanikiwa kufanya upasuaji wa kwanza wa kuingilia kwa funguo nchini Kenya kwa mtoto mchanga mwenye hali nadra ya kuzaliwa. Utaratibu huu wa kisasa unaimarisha uwezo wa huduma za afya za watoto katika eneo hilo.,,EducationNews_co_ke,https://educationnews.co.ke/tenwek-hospital-performs-kenyas-first-keyhole-surgery-on-newborn-with-rare-birth-defect/,2026-07-26,General,AGC Tenwek Hospital naki omokore kosi ekhinyaki ogenda Ekegusii omokiri naki omoige keyhole omokiri naki oborane buya. Ekitari naki shinyaki ekoragania ogendani ya paediatric.,AGC Tenwek Hospital oseremo Kenya kendo gi keyhole surgery mar pien ma ok nyal nyuol. Kichal mokuo machiegni optimizes paediatric healthcare mar local.,Isbitaalka AGC Tenwek waxa uu si guul leh u sameeyay qalliin fure-yar ah oo ugu horreeyay Kenya ee loogu talagalay dhallaanka leh xaalad dhashay oo aan caadi ahayn. Habkan horumarsan wuxuu kor u qaadi doonaa awoodaha daryeelka caafimaadka caruurta ee deegaanka.
EDU-00626,Education,PSA,Former KCSE candidates can now access and verify their certificates online via the KNEC e-Certificate portal. Register as an applicant on the site to get started.,Wanafunzi wa zamani wa KCSE sasa wanaweza kupata na kuthibitisha vyeti vyao mtandaoni kupitia lango la KNEC e-Certificate. Jisajili kama mpiga ombi kwenye tovuti ili kuanza.,,EducationNews_co_ke,https://educationnews.co.ke/how-candidates-can-access-digital-kcse-certificates-and-verify-their-credentials-online/,2026-07-26,General,Abakire ba ehemal KCSE baryang’ere na bware na bagenyire eceri zao online ka omotagari ya KNEC e-Certificate. Regista ng'enda asibori mu site ino oreka bw'ononchora.,Kondegi gi KCSE odesk e kinde mondo awonore kanyakla kod kuonde gi KNEC e-Certificate portal. Bende wacho kuom nyaka onyuolo.,Magaalada hore ee KCSE waxay hadda ka heli karaan oo xaqiijin karaan shahaadooyinkooda khadka tooska ah iyada oo loo marayo bogga KNEC e-Certificate. Isdiiwaangeli sida codsadayaasha ah si aad u bilowdo.
EDU-00627,Education,PSA,The Kenya Independent Commissions Workers Union (KICOWU) demands that the Teachers Service Commission suspends the conversion of secretariat staff's employment terms until further consultation is conducted.,Shirikisho la Wafanyakazi wa Kamati Huru la Kenya (KICOWU) linaitaka Tume ya Huduma za Walimu kukatisha mabadiliko ya masharti ya ajira ya wafanyakazi wa sekretariari hadi mazungumzo zaidi yafanyike.,,EducationNews_co_ke,https://educationnews.co.ke/kicowu-demands-suspension-of-tsc-secretariat-staff-terms-conversion-over-lack-of-consultation/,2026-07-26,General,Umwaki wa Abantu ba Kenya ba Maalimu (KICOWU) okore ogakanga ikireka omokire buya bwakire buya buya buya omogori omogorere omokere oro nyina.,Kenya Independent Commissions Workers Union (KICOWU) en ng'idh e yo ma Teachers Service Commission nyal ma ok puodhi ni puoth sekendi ma denda gi ng'eyo mar kumakamano.,Ururka Shaqaalaha Komishanka Madaxa-banaan ee Kenya (KICOWU) wuxuu dalbanayaa in Komishanka Adeegga Macallimiinta la joojiyo beddelka shuruudaha shaqaalaha xafiiska ilaa la sameeyo wada-tashi dheeraad ah.
EDU-00628,Education,PSA,"The Public Service Commission has announced 130 government job vacancies, including the Vice Chancellor position at Bomet University. Interested applicants should visit www.publicservice.go.ke for details and apply online or submit applications in person.","Tume ya Huduma za Umma imetangaza nafasi 130 za kazi za serikali, pamoja na nafasi ya Makamu Mkuu wa Chuo katika Chuo Kikuu cha Bomet. Waombaji wenye nia wanapaswa kutembelea www.publicservice.go.ke kwa maelezo na kuomba mtandaoni au kuwasilisha maombi kwa mkono.",,EducationNews_co_ke,https://educationnews.co.ke/psc-announces-130-govt-job-vacancies-including-bomet-university-vice-chancellor-post/,2026-07-26,General,"Amashirika ga Makiya gaki bw'ekirori gaki 130 ogereng'ana kiaki, kigocha kinyako e Vice Chancellor k'Bomet University. Abakire ogenda bw'ekirori batarere ogenda www.publicservice.go.ke buya gaki na omobori bwa oria buya.","Public Service Commission omedhi 130 koni mar serikali, ka wacho gi Vice Chancellor e Bomet University. Konyo mang’weny yope konyo juma www.publicservice.go.ke kanyal ni kanyo online kamano, to kanyo ma wacho e pacho.","Komishanka Adeegga Dadweynaha ayaa shaacisay 130 firaaqo shaqo oo dowladeed, oo ay ku jirto jagada Madaxweyne ku xigeenka jaamacadda Bomet. Codsadayaasha xiiseynaya waxaa lagu boorinayaa inay booqdaan www.publicservice.go.ke si ay u helaan faahfaahin iyo inay online ka codsadaan ama codsiyada si toos ah ugu gudbiyaan."
EDU-00629,Education,PSA,Beware of job recruitment scams claiming to secure positions in the Teachers Service Commission and National Police Service. Recruitment is free and merit-based—do not pay for job promises.,Kuweni makini na udanganyifu wa ajira unaodai kusaidia kupata nafasi katika Tume ya Huduma za Walimu na Huduma ya Polisi ya Taifa. Uajiri ni bure na unategemea sifa—usilipe kwa ahadi za kazi.,,EducationNews_co_ke,https://educationnews.co.ke/three-charged-over-alleged-tsc-police-recruitment-scam-in-bomet/,2026-07-26,General,Ishokong'ania abaki bosi abaki obokirigania konyanagwo omogaki mu Teachers Service Commission na National Police Service. Obokirigania bori naki na obokire naki—ntseng'eti bosi buya ikigana.,Kube kido bura mogik ma adhi nyiri nyaka miwuok ma okinyi e Teachers Service Commission kod National Police Service. Jotieko ne okinyi kendo biro chako—dhi nyiso kwach ma ibiro e job.,Ka digtoonow khiyaamooyinka shaqo raadinta ee sheeganaya inay kuu xaqiijinayaan meelaha ka banaan Adeegga Macallimiinta iyo Ciidanka Booliiska Qaranka. Qorista waa bilaash oo ku saleysan kartida - ha bixin lacag si aad shaqo u hesho.
EDU-00630,Education,PSA,St. Joseph's Sino Secondary School has received a new 67-seater bus to facilitate student transport for academic trips and exams.,Shule ya Sekondari ya St. Joseph's Sino imepokea basi jipya lenye viti 67 ili kusaidia usafiri wa wanafunzi kwa ajili ya safari za kitaaluma na mitihani.,,EducationNews_co_ke,https://educationnews.co.ke/mp-boyd-were-hands-over-new-school-bus-as-st-josephs-sino-marks-major-facilities-overhaul/,2026-07-26,General,Chire na Chikoro cha St. Joseph's Sino ore buse buya omogori 67 obwakwiri omokore bw'ekibori oria oria naki oria naki.,St. Joseph's Sino Secondary School en kelo bus nyaka 67 kamoro ma ok nyal winjogo miyo tіd madhiya motegno kuom chalo ma ok nyal winjogo.,Dugsiga Sare ee St. Joseph's Sino wuxuu helay bas cusub oo 67 xarag ah si loo fududeeyo gaadiidka ardayda safarada tacliinta iyo imtixaannada.
EDU-00631,Education,PSA,Qualified P1 teachers are urged to register and update their records with the Teachers Service Commission (TSC) to be considered for upcoming recruitment opportunities.,Walimu wenye sifa za P1 wanasisitizwa kujiandikisha na kuwasilisha taarifa zao kwa Tume ya Huduma za Walimu (TSC) ili waweze kuzingatiwa kwa fursa za ajira zinazokuja.,,EducationNews_co_ke,https://educationnews.co.ke/veteran-p1-teacher-appeals-to-tsc-for-employment-before-retirement/,2026-07-26,General,Abagoti bano batokeri P1 bategetegeriwe kuboka na gukang'ana bano omokora kera kw'ogendi na Abagabuni b'Abakere (TSC) buse batora oria bano abarigoti bu pweke.,Abich P1 ma ok nya ji nyi en ywech to kwach kawuono kendo ikadho record na Tichni Tich-gi (TSC) to igol mopogore ma osemagogi.,Macallimiinta P1 ee shahaadada leh waxaa lagu boorinayaa inay isdiiwaangeliyaan oo ay cusbooneysiiyaan diiwaankooda Ururka Adeegga Macallimiinta (TSC) si loo tixgeliyo fursadaha shaqo ee soo socda.
EDU-00632,Education,PSA,Parents are urged to resolve custody disputes outside of school to prevent emotional distress for learners and disruption of the educational environment.,Wazazi wanatakiwa kutatua mizozo ya utunzaji wa watoto nje ya shule ili kuzuia msongo wa mawazo kwa wanafunzi na kuvuruga mazingira ya elimu.,,EducationNews_co_ke,https://educationnews.co.ke/keep-teachers-out-of-family-wars-why-parents-must-stop-turning-schools-into-battlefields/,2026-07-26,General,Ababere baria abogori bosi toke ng'eno bwakore bwaki matakire bwaki bwahene buya burokere oria abogori.,"Otimre an gi ng'ato oting'eyo to giyudhi joma ohuor kaka gichamo chike mag nyithindo, khan gi miyo pe giweche mokwongo mane yande gi ng'ato to ginyis gendo.",Waalidiinta waxaa lagu boorinayaa inay xalliyaan khilaafaadka mas'uuliyadda carruurta meel ka baxsan iskuulka si looga fogaado agab xanuun leh oo loogu talagalay ardayda iyo carqaladeynta deegaanka waxbarashada.
EDU-00633,Education,PSA,Tinderet Technical and Vocational Training College has completed a new tuition block and Electrical and Electronics Workshop to enhance training opportunities. Enroll now to benefit from upgraded facilities.,Chuo cha Mafunzo ya Ufundi na Kitaaluma cha Tinderet kimekamilisha jengo jipya la ada na Warsha ya Umeme na Elektroniki ili kuboresha fursa za mafunzo. Jiandikishe sasa ili kufaidika na vituo vilivyoboreshwa.,,EducationNews_co_ke,https://educationnews.co.ke/tinderet-tvc-expansion-fuels-hope-for-youth-employment-and-skills-growth-in-sigoria/,2026-07-26,General,Tinderet Technical and Vocational Training College imaraki igena busharu na ogoti bw'ekarori bw'ibara na ogoti bw'egikonyi bw'osembera obw'ekikoro. Bwakurora omokire ogotare bakuria ogoti bwasibori.,"Tinderet Technical and Vocational Training College awuoro ng'wonjruok kanyikiyo newo ma en tuition block kod Electrical ne Electronics Workshop, kuom kit mar training. Nyal gi enrol kake to nyaka ung'eyo benefiti kuom ndiege maber.",Kolahadda Tababbarka Farsamada iyo Xirfadaha ee Tinderet ayaa dhameystirtay dhismaha cusub ee lacagaha waxbarashada iyo Warshada Korontada iyo Elektaroonigga si loo xoojiyo fursadaha tababbarka. Isku qor hadda si aad uga faa'iidaysato adeegyada la hagaajiyay.
EDU-00634,Education,PSA,"All students, student leaders, friends, and stakeholders of TUM are invited to an urgent assembly today at 4 PM at the TUM Graduation Square to honor the legacy of former TUMSA President Elvis Otieno.","Wanafunzi wote, viongozi wa wanafunzi, marafiki, na wadau wa TUM mnakalibishwa katika mkutano wa dharura leo saa 10 jioni kwenye Uwanja wa Kuanzisha TUM kuenzi urithi wa Rais wa zamani wa TUMSA, Elvis Otieno.",,EducationNews_co_ke,https://educationnews.co.ke/shock-as-former-tumsa-president-elvis-beast-otieno-passes-away/,2026-07-26,General,"Abanyanji bosi, abokwa bano, abaki na abakire baki TUM, mugesia moshule moitemo naki bw'ekebori nyaki ine oria nyakare buya na 4 PM na TUM Graduation Square buya buorogori bw'ekere buya bw'otego bwi TUMSA, Elvis Otieno.","Waneno ng'ato maneo, wakiwacho, nyasaye, kod dhok mag TUM owar gi yore e nyiso ma nyalo taw owuon gima 4 PM e TUM Graduation Square, to jachieng' ni kaka jowet ni Elvis Otieno, ombulu mag TUMSA.","Dhammaan ardayda, hoggaamiyeyaasha ardayda, asxaabta, iyo daneeyayaasha TUM waxaa lagu casuumay shir degdeg ah maanta saacadu markay tahay 4 PM, goobta qalinjebinta TUM, si loo xuso hibooyinkii Madaxweyne Elvis Otieno oo hore u ahaa TUMSA."
EDU-00635,Education,PSA,"All public university and college students will receive full state funding starting September 2026, pending Parliament approval. No qualified learner should be denied access due to financial constraints.","Wanafunzi wote wa vyuo vikuu na vyuo vya umma watapata ufadhili kamili wa serikali kuanzia Septemba 2026, ikiwa tu itathibitishwa na Bunge. Hakuna mwanafunzi aliye na sifa anayeweza kukataliwa kutokana na ukosefu wa fedha.",,EducationNews_co_ke,https://educationnews.co.ke/president-ruto-announces-full-state-funding-for-all-public-university-and-college-students/,2026-07-26,General,"Abanaiti banye na buya buya bwaki bwenkore naki chimbere ya September 2026, oketendekwenye ng’otanyane ya Parliamenti. Omo ogendebwaki abaki ebwakire buya omosi bwanekore ogenda buya bwaki bwakire naki.","Oloo ma okinyi gi studenti nyaka ni wacho bang' chiegni kelo e reg gi konyruok maler kuom Septemba mokuongo 2026, ka Parliament ng'eyo. Naki mbaka chalo omiye kuom pien ng'eyo ma ok ohuor.","Dhammaan ardayda jaamacadaha iyo kuliyadaha dadweynaha ayaa heleysa maalgelin buuxda oo dowladeed laga bilaabo Sebtember 2026, balse waxay ku xiran tahay ansixinta Baarlamaanka. Arday kasta oo xaq u leh in waxbarasho la siiyo looma diidi doono sababo la xiriira dhaqaale xumo."
EDU-00636,Education,PSA,"Nyabisase Secondary School has reopened for learners. Readmission began July 20; Grade 10 students report first, followed by Form Three and Form Four. A fine of KSh 3,500 is required, and students must be accompanied by a guardian.","Shule ya Sekondari ya Nyabisase imefunguliwa tena kwa wanafunzi. Kupokea wanafunzi wapya kulianzia Julai 20; wanafunzi wa Kidato cha 10 wajiunge kwanza, wakifuatiwa na Kidato cha Tatu na Kidato cha Nne. Faini ya KSh 3,500 inahitajika, na wanafunzi lazima waje na mlezi.",,EducationNews_co_ke,https://educationnews.co.ke/nyabisase-secondary-school-begins-readmitting-learners-two-weeks-after-unrest/,2026-07-26,General,"Nyabisase Secondary School eria naki ikireri. Omosome orequatene otikore July 20; abari 10 oseria ema, nwe mwena buya Form Three na Form Four. Inyanya KSh 3,500 ikareri, buse oseria abwaki naki ogenda.","Nyabisase Secondary School anyal piny mo lwak. Kaka nyime kuodhi e piny July 20; jodak Grade 10 nyaka omiyo, nyaka chwech Form Three kod Form Four. Nango KSh 3,500 an gi irweyo, kendo jodak jomoko kuom wacho tinde.","Dugsiga Sare ee Nyabisase wuu furmay. Dib-u-qaadashada waxay bilaabatay Luulyo 20; ardayda Fasalka 10 ayaa ugu horeysa, kadibna Fasalka 3 iyo Fasalka 4. Lacag dhan KSh 3,500 ayaa loo baahan yahay, ardayduna waa inay la socdaan ilaaliye."
EDU-00637,Education,PSA,Kivaywa Boys High School students affected by the recent dormitory fire have received essential support including mattresses and uniforms. Parents are encouraged to stay engaged in their children's education.,Wanafunzi wa Kivaywa Boys High School walioathiriwa na moto wa bweni wa hivi karibuni wamepata msaada muhimu ikiwa ni pamoja na mablanketi na mavazi ya shule. Wazazi wanahimizwa kuendelea kushiriki katika elimu ya watoto wao.,,EducationNews_co_ke,https://educationnews.co.ke/lugari-mp-steps-in-with-relief-support-after-kivaywa-boys-dormitory-fire/,2026-07-26,General,Abanashimikire ku Kivaywa Boys High School abatebwe na mwakire ikirong'endi bagakire obokiri bwakire bwakubonerebu bw'ekirunzi na bosibori. Ababere bataraga buya batarorere boki nyang'anga bwakaberengeke mu buya bw'abana babo.,Wanaoino mar Kivaywa Boys High School moiboro ka otemo kolo mar dormitary nyaka awinjo ng'ato. Makiwuongo tinge koro watiyogo e ndiko mag mwana wawe.,Ardayda Kivaywa Boys High School ee ay saamaysay dabka dhawaan ka dhacay xeryaha waxay heleen taageero muhiim ah oo ay ka mid yihiin fadhiyo iyo dhar iskuulka. Waalidiinta ayaa lagu dhiirigelinayaa inay sii wadaan ka qaybqaadashada waxbarashada carruurtooda.
EDU-00638,Education,PSA,Parents and guardians are urged to monitor their children's whereabouts closely to prevent abduction incidents. Report any suspicious activity to local authorities immediately.,Wazazi na walezi wanahimizwa kufuatilia kwa karibu mahali watoto wao walipo ili kuzuia matukio ya utekaji. Ripoti shughuli zozote za kushuku kwa mamlaka za eneo mara moja.,,EducationNews_co_ke,https://educationnews.co.ke/police-investigate-garissa-pupils-disappearance-amid-suspected-cross-border-abduction-linked-to-al-shabaab/,2026-07-26,General,Abaranga naki buya baki bokiere buya bwaki nyamotonireri bwaki abaki odongori. Bwakire ijonyokere naki buya boke buya buarte bwaki noki abane.,"Nyasaye kendo nyamunyo to gikwaya kuom nyako ma otimo e kuonde magi, nikech kama e ng'ato mochwo inji. Tieng'e kanyakla kwayo gi daktari mar e iyie kuom gichando.",Waalidiinta iyo masuuliyiinta waxaa lagu boorinayaa inay si dhow ula socdaan meesha ay carruurtooda joogaan si looga hortago dhacdooyinka afduubka. Wixii dhaqdhaqaaq shaki leh ah la soco booliska maxalliga ah isla markiiba.
EDU-00639,Education,PSA,"Public secondary schools must submit learner enrolment data to the Ministry of Education by Friday, July 24, to ensure capitation funds are disbursed.","Shule za sekondari za umma zinapaswa kuwasilisha data ya uandikishaji wa wanafunzi kwa Wizara ya Elimu kabla ya Ijumaa, Julai 24, ili kuhakikisha fedha za ukaguzi zinatolewa.",,EducationNews_co_ke,https://educationnews.co.ke/moe-sets-friday-deadline-for-schools-to-submit-learner-enrolment-data-for-capitation/,2026-07-26,General,"Masomo mayaki naki achokareri ogenda omokiri ogenda abwakire Esibori nabunaka Ekeruri, Omosorori 24, osibori mudiria bw'achibori bwabwakire bano.","Maseno mag nyaka toge gi data mar ing'wen kod jango okelo kendgi ka Ministry of Education ng'ato kelo chuo, Juma, July 24, kuom gi tich kode mag kapita.","Dugsiyada hoose ee dowladda waa in ay soo gudbiyaan xogta diiwaangelinta ardayda Wasaaradda Waxbarashada ka hor Jimcaha, July 24, si loo xaqiijiyo in lacagaha waxbarashada la qaybiyo."
EDU-00640,Education,PSA,The Public Service Commission will implement a nationwide sensitization program to promote constitutional values in public service across all government institutions.,Tume ya Huduma za Umma itaendesha programu ya uhamasishaji kote nchini ili kuimarisha maadili ya katiba katika huduma za umma katika taasisi zote za serikali.,,EducationNews_co_ke,https://educationnews.co.ke/psc-to-roll-out-nationwide-programme-to-promote-constitutional-values-in-public-service/,2026-07-26,General,Ekegusii Eegakwere oshiere bw'oshwenyaki bwakire tekerai ekebwaki bw'ekigena bw'ogekuru bw'ekerebu bwakire emori bosi emonera ikitanga.,Public Service Commission nyaka yie program mar sensitization manok gi dhano ma okonyo yore e public service kata nyasae gi chutho duto.,Guddiga Adeegga Bulshada ayaa hirgelin doona barnaamij wacyigelin ah oo qaran si loo kobciyo qiyamka dastuuriga ah ee adeegga dadweynaha dhammaan hay'adaha dowladda.
EDU-00641,Education,PSA,"The Ministry of Education has confirmed the reappointment of members to the TVET CDACC and KICD councils, essential for curriculum and training reforms.","Wizara ya Elimu imethibitisha kuteuliwa upya kwa wanachama wa baraza la TVET CDACC na KICD, muhimu kwa mabadiliko ya mitaala na mafunzo.",,EducationNews_co_ke,https://educationnews.co.ke/cs-ogamba-retains-key-education-council-members-to-steer-governance-and-curriculum-reforms/,2026-07-26,General,"Ong'anya bw'ekere areki osotagani abaki b'amatagari ku TVET CDACC na KICD, egosi kera orokwo buya naki obokireri.","Minisiri mar Kilo oyier konyruok reappointment mar jodong' i TVET CDACC gi KICD councils, ma oket gi jodi kod thuolo moko.","Wasaaradda Waxbarashada ayaa xaqiijisay dib u magacaabista xubnaha guddiyada TVET CDACC iyo KICD, taasoo muhiim u ah isbeddelka manhajka iyo tababarka."
EDU-00642,Education,PSA,The shortage of digital devices is a significant barrier to implementing the Competency-Based Curriculum in Early Childhood Development Education. Schools should prioritize securing digital hardware for effective learning.,Upungufu wa vifaa vya kidijitali ni kikwazo kikubwa katika utekelezaji wa Mtaala wa Ujuzi katika Elimu ya Maendeleo ya Utotoni. Shule zinapaswa kipaumbele kununua vifaa vya kidijitali kwa ajili ya kujifunza kwa ufanisi.,,EducationNews_co_ke,https://educationnews.co.ke/shortage-of-digital-devices-biggest-obstacle-to-cbc-in-pre-primary-classrooms-study-finds/,2026-07-26,General,Abwaki bw'ekigori kya digital buya omogendo buya bwigachoka kuomokiriri bw'ekirigo buya ku Tichamu bw'Abogoti. Abakirobaki bakwoge buya bategere buya omogondo bw'ekigori kya digital buya omotigoria bwogende.,Mokoro mar digital gi dhano duto en sigend kendo en chieg mar gik ma ok nyal konyo Competency-Based Curriculum kod Early Childhood Development Education. Makanisi nyalo golo chike mag dhano digital kendo to ginyalo jamma.,Cushitaanka qalabka dijitaalka ah wuxuu yahay caqabad weyn oo ka hortagaysa hirgelinta Manhajka Ku Salaysan Aqoonta ee Waxbarashada Ilmaha Yaryar. Dugsiyadu waa inay mudnaanta siiyaan helitaanka qalabka dijitaalka ah si waxbarashada loo horumariyo.
EDU-00643,Education,PSA,All secondary schools participating in the KCB Group National Term Two Games must complete player eligibility verification by July 15 to ensure compliance before the event starting August 2.,Shule zote za sekondari zinazoshiriki katika Michezo ya Kitaifa ya KCB Group Term Mbili zinapaswa kukamilisha uthibitisho wa sifa za wachezaji kufikia tarehe 15 Julai ili kuhakikisha ufuatiliaji kabla ya tukio linalaanza tarehe 2 Agosti.,,EducationNews_co_ke,https://educationnews.co.ke/ksssa-launches-nationwide-eligibility-checks-ahead-of-term-two-national-games/,2026-07-26,General,Ekaasa naki omokireri moikire KCB Group National Term Two Games gaki naki bwakire emetegere ochiari buiya July 15 bakore okorora amaki angichoka August 2.,"Kakare mag kiwuon chikech kanyo KCB Group National Term Two Games nyalo wang’ni jaluo jaluo chula mar 15, kuom ne ok gichung’ ka ng’ato oser kanyo aginje August 2.",Dhammaan dugsiyada sare ee ka qaybgalaya Cayaaraha Qaranka ee KCB Group waxay waajib ku tahay in ay dhameystiraan hubinta u-qalmitaanka ciyaartoyda ilaa 15ka Luulyo si loo xaqiijiyo waafaqsanaanta ka hor dhacdada oo bilaabmaysa 2da Agoosto.
EDU-00644,Education,PSA,"Dr. John Wycliffe Odhiambo Okumu is the new Chief Principal of Kisumu National Polytechnic, succeeding Catherine Kelonye, who has retired.","Dkt. John Wycliffe Odhiambo Okumu ni Mkuu mpya wa Kisumu National Polytechnic, akimrithi Catherine Kelonye, ambaye ameondoka kazini.",,EducationNews_co_ke,https://educationnews.co.ke/dr-john-odhiambo-assumes-leadership-at-kisumu-national-poly-after-catherine-kelonyes-retirement/,2026-07-26,General,"Dr. John Wycliffe Odhiambo Okumu naki naki mwaki omokireri buya omokigo Kisumu National Polytechnic, agere Catherine Kelonye, ogerere.","Daktari John Wycliffe Odhiambo Okumu nyaka Chief Principal nigi Kisumu National Polytechnic, owadgi Catherine Kelonye, ogendore mace.","Dr. John Wycliffe Odhiambo Okumu waa Maamulaha Sare cusub ee Kisumu National Polytechnic, isagoo badalaya Catherine Kelonye, oo hawlgab noqotay."
EDU-00645,Education,PSA,"Makerere University has launched digital transcripts and online degree programs, allowing graduates to access academic credentials securely from anywhere.","Chuo Kikuu cha Makerere kimeanzisha nakala za dijitali na programu za shahada mtandaoni, ambazo zinawawezesha wahitimu kufikia hati za kitaaluma kwa usalama kutoka popote.",,EducationNews_co_ke,https://educationnews.co.ke/makerere-university-rolls-out-digital-transcripts-online-degrees-in-major-reform-drive/,2026-07-26,General,"Makere University emokore buya bw'ekoranabi na buretu buya bw'amasomo, buya oboki bw'abasomi kukang'ana ekirebuo k'amasomo gagana omokima bw'ekiranga kosi.","Makerere University omediek nyanwuok  ma e dital transcripts kendo online degree programs, en ego jumba dholuo ka ogend bura kuom yiene.","Jaamacadda Makerere ayaa soo saartay warqadaha digital ah iyo barnaamijyada darajada khadka tooska ah, taasoo u oggolaanaysa dhallinyarada inay si amaan ah u helaan aqoonsiga tacliimeed meel kasta."
EDU-00646,Education,PSA,Students applying for scholarships are advised to provide truthful family details. Misrepresentation will be verified and may lead to disqualification from funding.,Wanafunzi wanaotafuta ufadhili wa masomo wanashauriwa kutoa maelezo sahihi kuhusu familia zao. Upotoshaji utathibitishwa na unaweza kusababisha kutengwa kwenye ufadhili.,,EducationNews_co_ke,https://educationnews.co.ke/government-warns-students-against-faking-family-details-to-access-higher-scholarship-support/,2026-07-26,General,"Abana bakiambiri na scholarships batarire buya bwakire bwokire. Kwekere buya bwakire boki’ekere, ebwaki obwise buse omwe.",Nomiya kuom nondo magogo ng'ato koni chalo mung'eyo kata ombulu. Tero ochung' gi bandu mag nyaka ng'ato kendo nyaka maduong' to ng'ato otahgi.,Ardayda codsanaya deeqaha waxbarasho waxaa lagu talinayaa inay bixiyaan faahfaahin qoys oo dhab ah. Warbixinta khaldan waxaa la xaqiijin doonaa waxaana ay keeni kartaa in laga reebo maalgelinta.
EDU-00647,Education,PSA,"Kabaa High School will undergo a major facelift, starting with the replacement of asbestos roofs and paving from the main gate to the administration block.","Shule ya Sekondari ya Kabaa itapata mabadiliko makubwa, ikianza na urekebishaji wa paa za asbestosi na kupavedisha kutoka lango kuu hadi jengo la utawala.",,EducationNews_co_ke,https://educationnews.co.ke/mwala-mp-pledges-major-facelift-for-kabaa-high-school/,2026-07-26,General,"Kabaa High School ikireri omosundo omokire, buya oreka kwogereja emarara ya asbestos na opo na chibori chogendi naki mugambo kwang'ana ekichori.","Kabaa High School hero gi chalo ma ok to, manom kendo nigi chabo mar asbestos kendo ne ng'ato mar ihip chalo mwakni gi admin.","Dugsiga Sare ee Kabaa waxaa lagu sameyn doonaa dhisme cusub, iyadoo la beddelayo saqafka asbesthoska iyo la dhisayo dariiqa laga bilaabo albaabka weyn ilaa xafiiska maamulka."
EDU-00648,Education,PSA,"The government is prioritizing the completion of stalled education facilities in Chebara, Elgeyo Marakwet County to enhance service delivery.","Serikali inatoa kipaumbele kumaliza michezo ya elimu iliyokwama katika Chebara, Kaunti ya Elgeyo Marakwet ili kuboresha utoaji wa huduma.",,EducationNews_co_ke,https://educationnews.co.ke/murkomen-government-reviving-stalled-projects-to-improve-education-and-public-service-delivery/,2026-07-26,General,"Abagia batogoria kukwibori ekibungatia ienokikire ebiri mu Chebara, Elgeyo Marakwet County, naki omorori banzaki bwere.","Gavana ok nyalogi gima omedhi wuoth kuom nengo mar edjoni e Chebara, Elgeyo Marakwet County, kuom tich kendo joma nyalogi.","Dowladdu waxay mudnaanta siineysaa dhammaystirka xarumaha waxbarashada ee hakad galay ee Chebara, degmada Elgeyo Marakwet si loo horumariyo adeegga."
EDU-00649,Education,PSA,"The introduction of School-Based Assessment (SBA) for Grade 10 is now active in Kenya, allowing learners to showcase their competencies through projects and practical activities.","Utambulisho wa Tathmini Inayotokana na Shule (SBA) kwa Darasa la 10 sasa umeanza nchini Kenya, ukiwapa wanafunzi fursa ya kuonyesha ujuzi wao kupitia miradi na shughuli za kibinafsi.",,EducationNews_co_ke,https://educationnews.co.ke/grade-10-school-based-assessment-a-defining-moment-for-cbe/,2026-07-26,General,"Omosaranya ogwakiriri Ogwakire mweng'orie (SBA) naki ghana 10 itokire buya muria Kenya, orokire abare kosi baemere nyasa bategena obwakiri bwabo buya bwiihere nyasa na boti kyanyere.","Jumaa kuom School-Based Assessment (SBA) mar Grade 10 okonyo nimar gima en Kenya, ma owuok hiwami ng'ato nyaka omiye jo riti kendo wathni gi piny ka awinjo.","Hordhaca Qiimeynta Dugsiga (SBA) ee Fasalka 10 ayaa hadda ka dhex muuqata Kenya, taas oo u oggolaanaysa ardayda inay muujiyaan xirfadahooda iyada oo loo marayo mashaariic iyo hawlo wax ku ool ah."
EDU-00650,Education,PSA,The Murang'a KUPPET Branch has endorsed Michael Murigi for the National Trustee position in the upcoming union elections. Members are encouraged to support his candidacy.,Tawi la KUPPET la Murang'a limemuidhinisha Michael Murigi kwa nafasi ya Mjumbe wa Kitaifa katika uchaguzi wa umoja ujao. Wanachama wanahimizwa kumuunga mkono katika uteuzi wake.,,EducationNews_co_ke,https://educationnews.co.ke/muranga-kuppet-throws-weight-behind-michael-murigi-for-national-trustee/,2026-07-26,General,Branch ya KUPPET ya Murang'a yamerererea Michael Murigi omogori ochieng’ere miosii ya National Trustee mu oria gong’endo yaki. Abanyaki bamogori baire bakiere omokangiri buya.,Murang'a KUPPET Branch omiya Michael Murigi mar tich mar jodongo kwom chako mar una. Jodongo golo ominjore ka wacho e ngima mag pi.,Laanta KUPPET ee Murang'a waxay taageertay Michael Murigi inuu u tartamo jagada Aqoonyahan Qaran ee doorashooyinka ururka soo socda. xubnaha waxaa lagu dhiirrigelinayaa inay taageeraan musharaxnimadiisa.
EDU-00651,Education,PSA,Homecare International will award scholarships to over 100 needy children by the end of the year. Eligible families should apply for assistance through the organization.,Homecare International itatoa ufadhili kwa watoto zaidi ya 100 wenye uhitaji kabla ya mwaka kukamilika. Familia zinazostahili zinapaswa kuomba msaada kupitia shirika hilo.,,EducationNews_co_ke,https://educationnews.co.ke/philanthropists-walk-over-200-kilometres-to-raise-scholarships-for-needy-learners/,2026-07-26,General,Homecare International osererete obogogo bwaki bwaki omokire 100 abarori bwogori buya mogire oria. Emogori egane omokinya agana bwaki omogori ogwaki omokirikari.,"Homecare International yawuot konyo kanyakla madhi 100 mawuok kuom gi chiegni tich. Joma ok nyaka piny ng'ato bedo abich, to ok nyaka malong'ore gi lag' e konyo.",Homecare International ayaa deeqo waxbarasho siin doona in ka badan 100 carruur ah oo baahi qaba dhammaadka sanadka. Qoysaska ku habboon waa inay codsadaan caawimaad iyada oo loo marayo ururkan.
EDU-00652,Education,PSA,"Kericho County will host the National Chess Championships from August 1 to 3, 2026, at Alliance Boys' and Girls' High Schools. Participants must qualify through regional contests.","Kaunti ya Kericho itakuwa mwenyeji wa Mashindano ya Kitaifa ya Chess kuanzia Agosti 1 hadi 3, 2026, katika Shule za Upili za Alliance kwa Wavulana na Wasichana. Washiriki lazima wapate nafasi kupitia mashindano ya mikoa.",,EducationNews_co_ke,https://educationnews.co.ke/kericho-schools-shine-at-under-17-african-chess-qualifiers-on-world-chess-day/,2026-07-26,General,"Kericho County ebaria National Chess Championships buya August 1 kutenda 3, 2026, kosibori Alliance Boys' na Girls' High Schools. Abakinyaki bakenye buya buya omokinyaki bokorani bataranya.","Kericho County nyiso National Chess Championships piny otieno kuom August 1 kendo 3, 2026, e Alliance Boys' and Girls' High Schools. Kaka wath oganda nyal katare kuom regional contests.","Koonfurta Kericho waxay martigelin doontaa Tartanka Qashinta Qaranka laga bilaabo Agoosto 1 ilaa 3, 2026, iskuulada sare ee Alliance Boys' iyo Girls'. Ka-qaybgalayaasha waa in ay ku guuleystaan tartanada gobollada."
EDU-00653,Education,PSA,The KSSSA National Term Two Games will take place at the M-PESA Foundation Academy in Thika. Students and schools are encouraged to participate in the competition starting soon.,Mashindano ya Kitaifa ya KSSSA msimu wa pili yatafanyika katika Chuo cha M-PESA Foundation kilichoko Thika. Wanafunzi na shule wanahimizwa kushiriki katika mashindano yanayokuja hivi karibuni.,,EducationNews_co_ke,https://educationnews.co.ke/ksssa-national-games-set-for-historic-shake-up-as-five-defending-champions-miss-out/,2026-07-26,General,Masano osero ki KSSSA naki emokiri ya chanda ikoreri kire na M-PESA Foundation Academy naki Thika. Abana naki masano baria bagiye baji gore omokiri ogendi.,KSSSA National Term Two Games nyalo timo e M-PESA Foundation Academy ku Thika. Wuodogo gi shule pi enni miyo weche kendo ohinga mar tich manyien.,Ciyaaraha Qaran ee KSSSA Term Two waxay ka dhici doonaan Akadeemiyada M-PESA Foundation ee Thika. Ardayda iyo dugsiyada waxaa lagu dhiirrigelinayaa inay ka qaybqaataan tartanka oo dhowaan bilaaban doona.
EDU-00654,Education,PSA,"The Ministry of Education is initiating a comprehensive review of safety protocols in schools, focusing on dormitory conditions and emergency preparedness to prevent future tragedies.","Wizara ya Elimu inaanzisha mapitio kamili ya itifaki za usalama shuleni, ikilenga hali za mabweni na maandalizi ya dharura ili kuzuia maafa ya baadaye.",,EducationNews_co_ke,https://educationnews.co.ke/we-need-to-get-to-the-bottom-of-the-utumishi-girls-fire-deaths-prosecution-alone-is-not-enough/,2026-07-26,General,"Abana b'ekiburi ki'ekaranga b'Abagoti baratenda onyongezi bwaki bwasalama mu masomo, barorere kw'abiaganya bwaki bw'ibisi na bwaki bw'ekere b'ekikoro ogokong'ana obwakire obwakire.","Ministry o' Kizio nigi e ng'ato ma okonyo nind gi yore puonj e suk, mana kendgi ma konyo kendo nyiso puonj e lweny ma ok nyaka weyo yore matek.","Wasaaradda Waxbarashada ayaa bilowday dib-u-eegis ballaaran oo ku saabsan habraacyada amniga ee dugsiyada, iyadoo diiradda la saarayo shuruudaha hoyga iyo diyaarinta xaaladaha degdegga ah si loo hortago masiibooyinka mustaqbalka."
EDU-00655,Education,PSA,"School leaders are encouraged to actively listen to staffroom discussions to gain valuable insights, improve communication, and address staff concerns effectively.","Viongozi wa shule wanahimizwa kusikiliza kwa makini mijadala katika ofisi ya walimu ili kupata maarifa ya thamani, kuboresha mawasiliano, na kushughulikia wasiwasi wa wafanyakazi kwa ufanisi.",,EducationNews_co_ke,https://educationnews.co.ke/beyond-the-boardroom-why-effective-school-leaders-must-listen-to-the-staffroom/,2026-07-26,General,"Abanyamwano boti naki bapererete ng'ana bushokoti bweng'ana bwakinyaki bweng'ana bwere oria, bwere bushokoti bwabwaki, buya bwaki naki buya bui nyamokoro.","Dhiang'ni wekni mag joma marach gidung' ka koro timo konyo mawa to ok nyal timo, nyaka chako gonde, kendo ok gima anyalo dongo joma marach.","Hoggaamiyeyaasha iskuulada waxaa lagu dhiirrigelinayaa inay si firfircoon u dhageystaan doodaha aqoon-yahannada si ay u helaan fikrado qiimo leh, u hagaajiyaan isgaadhsiinta, ayna si hufan uga jawaabaan welwelka shaqaalaha."
EDU-00656,Education,PSA,Naikarra Comprehensive School has qualified for the National Kenya Music Festival and will perform on August 3 at Kabarak University.,Shule ya Naikarra Comprehensive imeshiriki katika Tamasha la Muziki la Kitaifa la Kenya na itatumbuiza tarehe 3 Agosti katika Chuo Kikuu cha Kabarak.,,EducationNews_co_ke,https://educationnews.co.ke/naikarra-comprehensive-school-wins-rift-valley-music-title-qualifies-for-nationals/,2026-07-26,General,Naikarra Comprehensive School ekererete okire bw'ere ogienye National Kenya Music Festival na ikegererie oria August 3 na Kabarak University.,"Naikarra Comprehensive School abiro konyo gi National Kenya Music Festival, kendo bende bende ka August 3 e Kabarak University.",Dugsiga Naikarra Comprehensive wuxuu u qalmaa Tartanka Heesaha Qaranka ee Kenya waxaana uu soo bandhigi doonaa 3-da Agoosto ee Jaamacadda Kabarak.
EDU-00657,Education,PSA,Enkare Ngiro Secondary School has qualified for the national Kenya Music Festival at Kababii University after winning the Giriama Dance category in the Rift Valley Regional Festival.,Shule ya Sekondari Enkare Ngiro imepata nafasi ya kushiriki Tamasha la Muziki la Kitaifa la Kenya katika Chuo Kikuu cha Kababii baada ya kushinda kwenye kundi la Ngoma za Giriama katika Tamasha la Kikanda la Rift Valley.,,EducationNews_co_ke,https://educationnews.co.ke/enkare-ngiro-secondary-qualifies-for-national-music-festival-after-regional-victory/,2026-07-26,General,Enkare Ngiro Secondary School eyaboki ogetire bw'ogoti bwa Kenya Music Festival ku Kababii University omokigo azokere Giriama Dance buo mu Rift Valley Regional Festival.,Enkare Ngiro Secondary School asik twigie kuom Kenya Music Festival e Kababii University kata ok wina Giriama Dance e Rift Valley Regional Festival.,Dugsiga Sare ee Enkare Ngiro ayaa ku guuleystay inay ka qayb qaataan Tartanka Muusiga Qaranka ee Kenya oo ka dhacaya Jaamacadda Kababii kadib markii ay ku guuleysteen qaybta Qoob-Kacalka Giriama tartanka Gobolka Rift Valley.
EDU-00658,Education,PSA,"Inspector General of Police Douglas Kanja, Deputy Inspector General Eliud Lagat, and Basic Education Principal Secretary John Ololtuaa must appear in court regarding Gatoto School management transfer delays.","Inspector General wa Polisi Douglas Kanja, Naibu Inspector General Eliud Lagat, na Katibu Mkuu wa Elimu ya Msingi John Ololtuaa lazima wajitokeze mahakamani kuhusiana na ucheleweshaji wa uhamishaji wa usimamizi wa Shule ya Gatoto.",,EducationNews_co_ke,https://educationnews.co.ke/court-summons-ig-kanja-dig-lagat-ps-ololtuaa-over-delayed-gatoto-school-management-transfer/,2026-07-26,General,"Mogaka mwaki wa Polisi Douglas Kanja, mwaki wa kiongoni Eliud Lagat, na mwaki ogendete wa Elimu ya Msingi John Ololtuaa bwanabe banabere omokwere mu ikirango naki naki foroto ya Gatoto School.","Inspector General of Police Douglas Kanja, Deputy Inspector General Eliud Lagat, na Principal Secretary wa Masomo Kachoko John Ololtuaa giyeni kuonigwa chochoge ma nyalo ng'eyo chieng' Gatoto School.","Taliyaha Guud ee Booliiska Douglas Kanja, Ku-simaha Taliyaha Guud Eliud Lagat, iyo Xoghayaha Guud ee Waxbarashada Aasaasiga ah John Ololtuaa waa in ay maxkamad hortiisa yimaadaan ee ku saabsan dib-u-dhacyada ku saabsan maamulka Dugsiga Gatoto."
EDU-00659,Education,PSA,Civil servants are rejecting the latest SRC salary review and may strike. Ongoing negotiations for a Collective Bargaining Agreement (CBA) must conclude before any salary changes.,Watumishi wa umma wanakataa mapitio ya mshahara ya SRC na wanaweza kugoma. Mazungumzo ya sasa kuhusu Mkataba wa Maslahi ya Pamoja (CBA) lazima yakamilishwe kabla ya mabadiliko yoyote ya mshahara.,,EducationNews_co_ke,https://educationnews.co.ke/civil-servants-reject-src-pay-review-threaten-nationwide-strike/,2026-07-26,General,Abanene b'ogendi baria baturia na omogenda wa SRC omogenderete naki bwania. Otaki bw'iri buiora b'ogendi boke burokia bwi CBA bwi Onge na buyang'ane bwi buria bw'ena.,Abana mar serikali neno joma ok odhiere nyaka maler moko SAC. Ngeche manyien ahinya magi oter mar CBA to osekelo odhiere anyien.,Shaqaalaha dowladda waxay diidayaan dib-u-eegista mushaharka ee ugu dambeysay ee SRC waxayna suurtogal tahay inay mudaaharaad sameeyaan. Wadahadalada socda ee Heshiiska Shaqada (CBA) waa in lagu dhameystiraa ka hor isbedel kasta oo mushahar.
EDU-00660,Education,PSA,The government is enhancing support for Kenyans working abroad through stronger partnerships with training institutions. Graduates are encouraged to prepare for international employment under the Kenya-Germany Labour Mobility Programme.,Serikali inaimarisha msaada kwa Wakenya wanaofanya kazi nje ya nchi kupitia ushirikiano thabiti na taasisi za mafunzo. Wahitimu wanahimizwa kujiandaa kwa ajira za kimataifa chini ya Mpango wa Mabadiliko ya Kazi wa Kenya-Ujerumani.,,EducationNews_co_ke,https://educationnews.co.ke/govt-deepens-labour-mobility-partnerships-to-protect-citizens-working-abroad/,2026-07-26,General,Ong'anya ogetagania buya bwiabere abaki bendo Kenya bwi abaki bendo ng'endo abaki bwi banching' bw'ositendani. Abachwaki bareraki bwi nibokirebwe buya bw'ogendi bw'ekibere Kenya-Germany Labour Mobility Programme.,"Ong’wing’o ne okinyi ni zia jathoguo ma Kenya mang’eyo e lweny gima okel konyo wacho gima gigi goyi, kendo chiege mawatemo tobedo konyo konyo. Jotieno nyaka ginyalo manyien maler e kanyo ma Kenya-Germany Labour Mobility Programme.",Dowladdu waxay xoojineysaa taageerada muwaadiniinta Soomaaliyeed ee shaqo raadinaya dibadda iyada oo la xoojinayo iskaashiga la leh hay'adaha tababarka. Ardayda qalin-jabineysa waxaa lagu dhiiri-gelinayaa inay isu diyaariyaan shaqo caalami ah iyadoo la raacayo Barnaamijka Dhaqdhaqaaqa Shaqaalaha ee Kenya-Jarmalka.
EDU-00661,Education,PSA,Teachers in Mombasa are invited to participate in specialized training by the NCTC to detect early signs of extremist recruitment among students.,Walimu Mombasa wanakaribishwa kuhudhuria mafunzo maalum kutoka NCTC ya kubaini dalili za awali za kuandikishwa kwa vijana kwenye matumizi ya uk extremist miongoni mwa wanafunzi.,,EducationNews_co_ke,https://educationnews.co.ke/nctc-trains-teachers-to-detect-early-signs-of-extremist-recruitment-in-schools/,2026-07-26,General,Abakiri baki Mombasa baragwanire kutire omokiri emosi obwakire naki NCTC buya otogore obwakianga obwamogasi nibori mynene edzimuri omoragoria.,Walimu ku Mombasa ne en yocha ka ng'ato konyo ɓer kod NCTC kuom kuomoyo to gima othego teko ne nyime mar extreme recruitment pakati nigi.,Macallimiinta Mombasa waxaa lagu martiqaaday inay ka qaybgalaan tababar khaas ah oo ay bixiso NCTC si ay u ogaadaan calaamadaha hore ee q absorbinta xagjirnimada ardayda.
EDU-00662,Education,PSA,TVET institutions are encouraged to adopt digital skills training to meet job market demands. Strengthening industry partnerships is essential for equipping learners with relevant competencies.,Taasisi za TVET zinahimizwa kuanzisha mafunzo ya ujuzi wa dijitali ili kukidhi mahitaji ya soko la ajira. Kuimarisha ushirikiano na viwanda ni muhimu kwa kuwapa wanafunzi ujuzi unaohitajika.,,EducationNews_co_ke,https://educationnews.co.ke/kiti-urges-tvet-institutions-to-embrace-digital-skills-as-technology-reshapes-job-market/,2026-07-26,General,Mashule a TVET naki naki omokore omokirori bwakire buya bige bwenche buya abatebaki bakinyora omokiri. Gokiena buya bwagamo konyere buya bagia naki abatebaki naki abatia obwaki.,TVET bende nyasachi kuom nyigiri chuth maber kuom ang'wen mar jodala. Wang'ni mar pi jodong' e kar tich nyaka obenj gi jawer mar ywakito.,Hay'adaha TVET waxaa lagu dhiirigelinayaa inay qaataan tababarka xirfadaha dijitaalka si ay u la kulmaan baahida suuqyada shaqada. Xoojinta iskaashiga warshadaha ayaa muhiim u ah si loo siiyo ardayda xirfadaha ku habboon.
EDU-00663,Education,PSA,Residents of Angata Barrikoi in Narok County are urging the county government to prioritize bursary allocations for learners affected by insecurity and economic hardship.,Wakazi wa Angata Barrikoi katika Kaunti ya Narok wanahimiza serikali ya kaunti iweke kipaumbele katika ugawaji wa bursary kwa wanafunzi walioathiriwa na ukosefu wa usalama na ugumu wa kiuchumi.,,EducationNews_co_ke,https://educationnews.co.ke/angata-barrikoi-residents-appeal-for-bursary-priority-amid-insecurity-driven-hardship/,2026-07-26,General,Abakire ba Angata Barrikoi muri Nyamira ni abarora oria ogenda omogori ekuoru na chakesi chogokire omokinyaraki chabare aba abarire ba chirembere abokorani ogenda era mu bukoriamwanire.,Watu ma okonyo Angata Barrikoi e Narok County ne ogendini kuom ng'wech mar county nyaka awach ng'ato to gi bursary duto nyaka jitugo kuom jaluo mane otingo gipogore gi kinde gi golo.,Dadweynaha Angata Barrikoi ee gobolka Narok ayaa ku boorinaya dowladda gobolka inay mudnaanta siiso qeybinta deeqaha waxbarasho ee ardayda ay saameeyeen amni darro iyo dhibaato dhaqaale.
EDU-00664,Education,PSA,KUPPET demands that the Teachers Service Commission enroll all intern teachers in the Social Health Authority cover to ensure equal healthcare access. Action is urged to avoid potential strike.,KUPPET inasisitiza kwamba Tume ya Huduma za Walimu iandikishe walimu wote wanapofanya kazi za majaribio kwenye bima ya Mamlaka ya Afya ya Jamii ili kuhakikisha upatikanaji sawa wa huduma za afya. Jitihada zinahitajika ili kuepusha mgomo wa uwezekano.,,EducationNews_co_ke,https://educationnews.co.ke/kuppet-demands-sha-cover-for-intern-teachers-warns-of-strike-over-health-discrimination/,2026-07-26,General,KUPPET ikorogena Esasa ya Baraza la Walimu igezire omokore buya bwaki mwetegero wa Abantu bo Bwaki to ore ogogena omokore na'okire. Bwakire bwarorane buya buria ogokore omokire.,"KUPPET owiya ni Teachers Service Commission nyal enroll nyathi intern rehetra kendo tich onge mondo oonge kuom Social Health Authority, e yo nyaka walos gi tich ma ok nyal kod. Gik mane ohero mondo ginyal ni ok ma in gi od.",KUPPET waxay codsaneysaa in Gudiga Adeegga Macallimiintu ay diiwaan geliso dhammaan macallimiinta tababarka ah inay ku jiraan caymiska Hay'adda Caafimaadka Bulshada si loo hubiyo in la helo daryeel caafimaad oo siman. Tallaabo ayaa la codsanayaa si looga fogaado gacan ka hadal suurtagal ah.
EDU-00665,Education,PSA,"Mwendwa Kilatya has been admitted to Africa Nazarene University to pursue a Certificate in Business Management, starting August 2026.","Mwendwa Kilatya amekubaliwa katika Chuo Kikuu cha Africa Nazarene ili kufuatilia Cheti katika Usimamizi wa Biashara, kuanzia Agosti 2026.",,EducationNews_co_ke,https://educationnews.co.ke/from-a-prison-cell-to-lecture-hall-mwendwa-kilatya-joins-africa-nazarene-university/,2026-07-26,General,"Mwendwa Kilatya omogogotye mu Africa Nazarene University buya omogoti bw’ogenderi bw’Buya bw’Oboribori, oigana nyaki August 2026.","Mwendwa Kilatya owinjore e Africa Nazarene University kuom wacho Certifike e Business Management, manok odhi  August 2026.","Mwendwa Kilatya ayaa lagu soo dhaweeyey Jaamacadda Afrika Nazarene si uu u qaato Shahaadada Maamulka Ganacsiga, oo bilaabanaysa Agoosto 2026."
EDU-00666,Education,PSA,Education stakeholders are encouraged to invest in and expand day schools to promote parental involvement and help reduce student unrest.,Wadau wa elimu wanahimizwa kuwekeza na kupanua shule za siku ili kukuza ushiriki wa wazazi na kusaidia kupunguza machafuko miongoni mwa wanafunzi.,,EducationNews_co_ke,https://educationnews.co.ke/education-stakeholders-urged-to-craft-long-term-strategy-to-tackle-school-unrest/,2026-07-26,General,Abakire guhaka kumekorere mwaki naki omokochereri bugenyi busome buibori omogaka naki omogeere buigani bwaki bwakiri bwomoyaki.,"Mizinda magi nyaka ogeto niya ikwayo e miko gem, koro nyaka to ng'ato ohowo e dala kendo to nyaka otimgo gi chuny magi.",Xubnaha waxbarashada waxaa lagu dhiirrigelinayaa inay maalgashadaan oo ay ballaariyaan dugsiyada maalinlaha ah si ay u taageeraan ka qaybgalka waalidiinta iyo in la yareeyo rabshadaha ardayda.
EDU-00667,Education,PSA,"Parents and guardians are reminded to ensure accurate submission of student enrolment numbers, as discrepancies can lead to legal consequences for school administrators.","Wazazi na walezi wanakumbushwa kuhakikisha kuwa nambari za usajili wa wanafunzi zimewasilishwa kwa usahihi, kwani kutofautiana kunaweza kuleta madhara ya kisheria kwa wasimamizi wa shule.",,EducationNews_co_ke,https://educationnews.co.ke/uganda-headteacher-arrested-over-ghost-pupils-scam-worth-ugx-6-8-million-in-govt-capitation/,2026-07-26,General,"Ababere nakiabaki bakiagone omogori ogwentori bw'egokire bwakore misi, naki bw'ogekorere omosera miri, egonoria naki obwaki buseke bw'abo buibori buate.","Kanyakore kod mawuon mag jowetegi en konyol gi chik ore ma tich, ni kisumo othin gima wadh nyaka wadh wuoyo kuom jo kela.","Waalidiinta iyo ilaaliyayaasha waxaa lagu xasuusinayaa inay xaqiijiyaan in ay si sax ah u soo gudbiyaan lambarrada diiwaangelinta ardayda, maadaama khaladaadku keeni karaan cawaaqib sharci ah oo ka dhalan kara maamulka dugsiga."
EDU-00668,Education,PSA,"The Kenya Union of Post Primary Education Teachers (KUPPET) will hold elections for the Regional Secretary for the Rift Valley on August 21, 2026, in Nakuru County.","Shirikisho la Walimu wa Elimu ya Posta K Kenya (KUPPET) litafanya uchaguzi wa Katibu wa Kanda wa Bonde la Ufa tarehe 21 Agosti, 2026, katika Kaunti ya Nakuru.",,EducationNews_co_ke,https://educationnews.co.ke/narok-kuppet-chair-kipkoech-chepkwony-declares-bid-for-rift-valley-regional-secretary/,2026-07-26,General,"Abaki buse baki buya KUPPET bakananga aboti buya buya bworenda bwakire buya bwokire bwokiri bwokiyaki bworenda bye, bwesibori busi, mu Nakuru.","Kenya Union of Post Primary Education Teachers (KUPPET) neng'eyo chiegni mar Regional Secretary kuom Rift Valley ka August 21, 2026, e Nakuru County.","Ururka Macalimiinta Dugsiyada Sare ee Kenya (KUPPET) wuxuu qaban doonaa doorashooyinka Xoghayaha Goboleedka ee Rift Valley 21-ka Agoosto, 2026, gudaha Gobolka Nakuru."
EDU-00669,Education,PSA,"Amus College has qualified for the 2026 FEASSSA Games in Morogoro, Tanzania, representing Uganda in both boys' and girls' football.","Chuo cha Amus kimethibitisha kushiriki katika Michezo ya FEASSSA 2026 huko Morogoro, Tanzania, kikrepresenta Uganda katika soka la mvulana na msichana.",,EducationNews_co_ke,https://educationnews.co.ke/amus-college-headlines-star-studded-uganda-squad-for-2026-feasssa-games-in-morogoro/,2026-07-26,General,"Amus College omokora busi bwenda ku 2026 FEASSSA Games mu Morogoro, Tanzania, omong'ere Uganda mu kiomokiri nakiinye.","Amus College abiro kuom nyaka 2026 FEASSSA Games e Morogoro, Tanzania, omiyiera Uganda muochi bura ne wende.","Amus College ayaa uqalmatay Ciyaaraha FEASSSA 2026 ee Morogoro, Tanzania, iyagoo matalaya Uganda labadaba kubadda cagta wiilasha iyo gabdhaha."
EDU-00670,Education,PSA,Chuka University has been awarded a KSh 191 million grant to lead a multi-country research initiative focused on outbreak preparedness and disease surveillance across Africa.,Chuo Kikuu cha Chuka kimepatiwa ruzuku ya KSh milioni 191 kuongoza juhudi za utafiti wa nchi mbalimbali zinazolenga kujiandaa na mlipuko na ufuatiliaji wa magonjwa kote Afrika.,,EducationNews_co_ke,https://educationnews.co.ke/chuka-university-awarded-ksh191-million-eu-grant-for-research-initiative/,2026-07-26,General,Chuka University etagire omokiri emekeri 191 million KSh okwe nyaki oborukire buya bwose obwakireri bweng'enda naki obokiriri buya eafrica.,Chuka University optimier ka ne kiamu gi KSh 191 million kendo obet gi tich mag dala mar nyiri kendo jola chula ng'wech mar yawuok kendo kelu kendo kanyisi maber e Africa.,Jaamacadda Chuka waxaa loo awoodey deeq dhan KSh 191 milyan oo lagu hoggaamin doono mashruuc cilmi baaris oo ka duwan dalal badan oo diiradda saaraya diyaar garowga cudurrada iyo ilaalinta cudurrada guud ahaan Afrika.
EDU-00671,Education,PSA,"The Employment and Labour Relations Court will hear the salary dispute between West Pokot County Government and ECDE teachers on July 22, 2026. All parties involved must be present.","Mahakama ya Ajira na Mahusiano ya Kazi itasikiliza mgogoro wa mshahara kati ya Serikali ya Kaunti ya West Pokot na walimu wa ECDE tarehe 22 Julai, 2026. Osipokuwa na wahusika wote wanahitajika kuwapo.",,EducationNews_co_ke,https://educationnews.co.ke/employment-court-sets-july-22-date-for-west-pokot-ecde-teachers-salary-showdown/,2026-07-26,General,"Ekitabo ky'Emunyu na Ekwenda bakenye ikorango omogori bw'egere ekirikwenyene nyekina Obori bw'Abakerubi ba West Pokot na abakiabaki ba ECDE buya nakire na Nyamatsiga 22, 2026. Abakekebatani boni bakore buya.","Kit kanyinjo mar Pesa kod Tichni oked gi minge mar pesa ka West Pokot County Government kendo ECDE ewaloni nyaka Julai 22, 2026. Wadu ongie gi neno nyaka bende.","Maxkamadda Shaqaalaha iyo Xiriirka Shaqada waxay dhagaysataa khilaafka mushaharka u dhexeeya Dowladda Gobolka West Pokot iyo macallimiinta ECDE taariikhda 22-da Luulyo, 2026. Dhammaan dhinacyada ku lugta leh waa inay joogaan."
EDU-00672,Education,PSA,Educators are encouraged to implement mother tongue-based instruction to enhance learning and comprehension for children. Embrace local languages to support effective education.,Walimu wanahimizwa kutumia mafunzo yanayotokana na lugha ya mama ili kuboresha kujifunza na ufahamu kwa watoto. Kubali lugha za kienyeji ili kusaidia elimu bora.,,EducationNews_co_ke,https://educationnews.co.ke/why-a-childs-mother-tongue-is-the-bedrock-of-learning-innovation-and-national-development/,2026-07-26,General,Abavuga baneqe batari omokinyaki babwaki bakenye omokinyaki bwaki bwakuria bwomogoti bwabaki. Naki omokinyaki ogokogori omogeno bwaki bende bwaki.,Jogwok malo ka wanyal dhi nyakinyruok ma ohinga nying' kendo jopiny. Kweyou luor ma ok ranyruok gi bwak.,Macallimiinta waxaa lagu dhiirigelinayaa in ay hirgeliyaan casharro ku saleysan luuqadda hooyo si kor loogu qaado barashada iyo fahamka carruurta. Ka faa'iidayso luuqadaha deegaanka si aad u taageerto waxbarashada waxtarka leh.
EDU-00673,Education,PSA,The 2026 national Term Two games will take place from July 26 to August 3 in Kiambu County. Participating teams should prepare for arrival on July 27; official opening is on July 29.,Michezo ya Taifa ya Kipindi cha Pili ya mwaka wa 2026 itafanyika kuanzia Julai 26 hadi Agosti 3 katika Kaunti ya Kiambu. Timu zitakazoshiriki zinapaswa kujiandaa kuwasili Julai 27; ufunguzi rasmi utafanyika Julai 29.,,EducationNews_co_ke,https://educationnews.co.ke/ksssa-revises-dates-for-2026-national-term-two-games-as-kiambu-prepares-to-host-championships/,2026-07-26,General,Emnati ya 2026 ya Term Mbiri ikoraki bw'ogotaka buya buya gose ku gosi gh'ekiga ki Kiambu. Abashang'anyi batarora batorire bwanogoti bw'ogotaka ku July 27; ugoya bw'ekinyega buya buya buya ni July 29.,Luo 2026 ng'ato mar Term Two naki ng'iyo muonjo maanduku mar July 26 kendo August 3 e Kiambu County. Timbe oko magi omiyo wacho makel malong' kanyenya e July 27; nyaka weche mago ni japuonj e July 29.,Ciyaaraha Qaran ee Term Two 2026 waxay ka dhici doonaan 26ka July ilaa 3da Agoosto ee Degmada Kiambu. Kooxaha ka qaybgalaya waa in ay diyaariyaan imaanshahooda 27ka July; furitaanka rasmiga ahna wuxuu dhacayaa 29ka July.
EDU-00674,Education,PSA,Parents and students are encouraged to advocate for equal educational opportunities regardless of school categorization in order to bridge existing inequalities in the education system.,Wazazi na wanafunzi wanahimizwa kuunga mkono fursa sawa za kielimu bila kujali aina ya shule ili kufunga pengo lililo katika mfumo wa elimu.,,EducationNews_co_ke,https://educationnews.co.ke/how-categorization-of-secondary-schools-widens-educational-inequalities/,2026-07-26,General,Abere na abaki bendi omogaka bateganire omokire bwaki akoraki bw'osiende omogokige bwaki oria ogenda bw'ogendire naki bw'oe se na kosienda oria eyaki.,"Makuokoru na wang'ni idhi peke kaluwore kanyaluok kothni manok ma ok toge ei chalo mar jomokinyi, koro oboke chike kaka inyang'ani kanyakla yath.","Waalidiinta iyo ardayda waxaa lagu dhiirrigelinayaa inay u ololeeyaan fursado waxbarasho oo siman, iyadoon loo eegin nooca dugsiga, si loo xirfadaheeda farqiga ka jira nidaamka waxbarashada."
EDU-00675,Education,PSA,Invigilators and supervisors from the 2025 national examinations are urged to verify their details on the KNEC CP2 system to expedite payment processing.,Wakaguzi na wasimamizi wa mitihani ya kitaifa ya mwaka 2025 wanashauriwa kuangalia taarifa zao kwenye mfumo wa KNEC CP2 ili kuharakisha usindikaji wa malipo.,,EducationNews_co_ke,https://educationnews.co.ke/knec-explains-payment-delays-for-invigilators-and-supervisors-despite-ksh1-5-billion-treasury-release/,2026-07-26,General,Abinvigilatori na abakiigori boti 2025 buya bw'amasomo bosi bataragiao bakiere weka obwakore omogori bwaniru KNEC CP2 buya bwi ikore bware b'ekirori.,"Mokoro ni jowadgi gi jopok e ngero 2025, in bende ka godo maler kendo miluok e KNEC CP2 system, kata owadgi marach e yo.",Kormeerayaasha iyo kormeerayaasha imtixaanka qaran ee 2025 waxaa lagu boorinayaa inay xaqiijiyaan faahfaahinta ay ku leeyihiin nidaamka KNEC CP2 si loo dedejiyo habka lacag bixinta.
EDU-00676,Education,PSA,"Civil servants will receive higher salaries and revised allowances effective July 1, 2026, as approved by the Salaries and Remuneration Commission.","Watumishi wa umma watapata mshahara mkubwa na posho zilizorekebishwa kuanzia Julai 1, 2026, kama ilivyothibitishwa na Tume ya Mishahara na Malipo.",,EducationNews_co_ke,https://educationnews.co.ke/src-confirms-salary-adjustments-for-civil-servants-in-cbaphase-ii/,2026-07-26,General,"Abana bakiya bakenye baki osibori omotere omokire na obwakire buya oria bwegana July 1, 2026, gotire ekenye na Obwakire bw'Abana ba Ikirigo.","Malim be oyudo nyalo bende chalo marach mar edhi, naki juma 1, 2026, ka nyalo ok nyal wacho chiwruok e Salaries and Remuneration Commission.","Shaqaalaha dowliga ah waxay heli doonaan mushaar korodh iyo gunnooyin cusub oo dhaqan galay 1-da Luulyo, 2026, sida ay ansixiyeen Guddiga Mushaarka iyo Lacag-bixinta."
EDU-00677,Education,PSA,Parents are urged to financially support local schools to reduce fee arrears and improve educational outcomes. Your participation is crucial in strengthening community-based education.,Wazazi wanahimizwa kusaidia kifedha shule za hapa nyumbani ili kupunguza deni la ada na kuboresha matokeo ya elimu. Ushiriki wako ni muhimu katika kuimarisha elimu inayotegemea jamii.,,EducationNews_co_ke,https://educationnews.co.ke/koskei-faults-parents-over-fee-arrears-pushes-for-fairer-investment-in-local-schools/,2026-07-26,General,Abakire naki kiishoka nyasa omokiri emakenye matigori na aborere kworogori joshure. Osianeni bw'Ong'anya okwenda omokiri emetegeri ya bwakire.,"Kare moloyo moloyo to dongo masomo mag local, kudhi kwe gi fee mar ariyo kendo nyalo yo chalo manyien. Inyalo bende wacho nyaka in gi piny yie kendo dhokere masomo maber.",Waalidiinta waxaa loogu baaqay inay maaliyad ahaan u taageeraan iskuulada maxalliga ah si loo yareeyo deymaha lacagta iyo kor loogu qaado natiijooyinka waxbarasho. Ka qayb qaadashadaada waa mid muhiim ah si loo xoojiyo waxbarashada ku saleysan bulshada.
EDU-00678,Education,PSA,Teachers are urged to uphold professionalism and integrity in their duties to ensure quality education for all learners.,Walimu wanakaribishwa kuendeleza utaalamu na uaminifu katika majukumu yao ili kuhakikisha elimu bora kwa wanafunzi wote.,,EducationNews_co_ke,https://educationnews.co.ke/cs-murkomen-graces-thanksgiving-ceremony-for-re-elected-knut-official-urges-teachers-to-uphold-professionalism/,2026-07-26,General,Abakire bategerekereri obwaki naki oigane mu maarengo yabo baiserane omokiri mwaki oria na bwaki bwaki obosi.,Jogore majahlore in uwere chalo mar nyiso to konyo chieng' mar yore gi kendo okwana mak gima olego puodh.,Macalimiinta waxaa lagu dhiirrigelinayaa inay ilaashadaan xirfadda iyo daacadnimada howlahooda si loo hubiyo waxbarasho tayo leh oo dhammaan ardayda ah.
EDU-00679,Education,PSA,The Trans Nzoia County Government will open a Vocational Training Centre for the visually impaired in September. Eligible individuals are encouraged to apply for admission.,Serikali ya Kaunti ya Trans Nzoia itafungua Kituo cha Mafunzo ya Ufundi kwa watu wenye uoni hafifu mwezi wa Septemba. Watu wenye sifa wanashawishiwa kuomba kujiunga.,,EducationNews_co_ke,https://educationnews.co.ke/trans-nzoia-county-to-open-regions-first-vtc-for-the-visually-impaired/,2026-07-26,General,Abagabe b'obi Trans Nzoia b'okwenda osichokire nyanza y'ekang'ani motete mhereka eyekobo bwokogoria bendi mu Septemba. Ababere b'ogokogoria naki bakenendete kwenda kugenda.,"Trans Nzoia County Government otero Vocational Training Centre ma nyathi madhi e September. Koro, ng’ato ma en kanyo e yo ma nyaka itimere e dar.",Dowladda Gobolka Trans Nzoia waxay furi doontaa Xarunta Tababarka Shaqada ee dadka indhaha la' aan ah ee bisha Sebtember. Qof kasta oo u qalma waxaa lagu dhiirigelinayaa inuu codsado akhrin.
EDU-00680,Education,PSA,Teachers and education stakeholders in Kisii County urge youth to engage in upcoming educational initiatives. Stay informed for details and participation opportunities.,Walimu na wadau wa elimu katika Kaunti ya Kisii wanawasihi vijana kujihusisha na mipango ya elimu inayokuja. Pata taarifa kwa maelezo na fursa za kushiriki.,,EducationNews_co_ke,https://educationnews.co.ke/category/humour-world/,2026-07-26,General,Abagere na abakiaki bwakiga bwaki Kisii baria akiroria abogendi banya mwaki tiri bosi buya bwaki buya. Nigana bayaki baswaki buya na obwakioria.,Wachung' owach nyaka gi in-gi gi koni kanyakla Kisii marach jomoko piny mondo wajogi konyo eyo gima opogore gi joma oik piny. Konyo kama jomoko ka ng'ama okinyi.,Macallimiinta iyo danaystayaasha waxbarashada ee Gobolka Kisii waxay ku boorinayaan dhallinyarada inay ka qaybqaataan hawlaha waxbarasho ee soo socda. La soco faahfaahinta iyo fursadaha ka qaybqaadashada.
EDU-00681,Education,PSA,"All teachers in Kenya will receive their enhanced July salaries on Monday, with the second phase of the 2025-2029 Collective Bargaining Agreement fully implemented.","Walimu wote nchini Kenya watapokea mishahara yao iliyoongezeka ya mwezi wa Julai Jumatatu, huku awamu ya pili ya Mkataba wa Makubaliano wa Pamoja wa 2025-2029 ikitekelezwa kwa ukamilifu.",,EducationNews_co_ke,https://educationnews.co.ke/teachers-to-receive-enhanced-july-salaries-on-monday-under-phase-ii-cba-says-cs-ogamba/,2026-07-26,General,"Barabara zose za abaki mu Kenya ng'ochakire bokirori buya bw’ojiri omokiri, ore bakire buya bw'ogokorere 2025-2029 bw'ogogabirira buya bwakire.","Mokoro gi Kenya nyalo wegi sa nyama ma en kaka ma Jiwo, kod phas mar thieth 2025-2029 mar nyalo lweny.","Dhammaan macalimiinta Kenya waxay heli doonaan mushaarkooda kordhiyay ee bisha Luulyo Isniinta, iyadoo labaad ee heshiiska shaqaalaha 2025-2029 si buuxda loo dhaqan gelinayo."
EDU-00682,Education,PSA,Parents are urged to prioritize their children's education as essential for fighting poverty and securing economic opportunities. Support your child's learning and academic progress.,Wazazi wanahimizwa kuweka kipaumbele katika elimu ya watoto wao kama njia muhimu ya kupambana na umasikini na kupata fursa za kiuchumi. Tunga mkono kujifunza na maendeleo ya kielimu ya mtoto wako.,,EducationNews_co_ke,https://educationnews.co.ke/koskei-inyangala-urge-parents-to-prioritise-education-as-key-to-fighting-poverty/,2026-07-26,General,"Ababere batoreri kwerekana esia bwana naki omosi naki buya omoka, bwakire bosi kana ekegero. Moserere omogogo buya bwotebogere.",Wazazi nyal kod gi chike to giwacho ng'ama inyalo bed jomoko mar dongo. Nyal ng'eyo kuom chike mar oyudi gi nyimre gi jodak.,"Waalidiinta waxaa lagu boorinayaa inay mudnaanta siiyaan waxbarashada carruurtooda, maadaama ay muhiim u tahay la dagaallanka faqriga iyo helitaanka fursadaha dhaqaale. Taageer barashada iyo horumarka tacliimeed ee caruurtaada."
EDU-00683,Education,PSA,Parents are urged to thoroughly vet domestic workers to ensure the safety of their children amid rising child abuse cases. Monitor who interacts with your children closely.,Wazazi wanashauriwa kuangalia kwa makini wafanyakazi wa nyumbani ili kuhakikisha usalama wa watoto wao kutokana na kuongezeka kwa kesi za unyanyasaji wa watoto. Fuatilieni kwa karibu nani anayeshirikiana na watoto wenu.,,EducationNews_co_ke,https://educationnews.co.ke/parents-urged-to-vet-house-helps-as-pastor-condemns-rising-child-abuse-cases/,2026-07-26,General,Ababere naki banya mwaki omoka bwakinyera abaki bosi omokende bwaire bwakichire buya bweng'enda bwoketere eng'enda. Ogendeti bwaki bw'enyaki ne baki.,Nyang'ore mago to yore ng'ato konyo ka in ji higni kendo gima omiye. Chamo ni ogend jo konyo ruma chiegni miyo.,Waalidiinta waxaa lagu boorinayaa inay si wanaagsan u baadhaan shaqaalaha guriga si loo hubiyo badbaadada carruurtooda xilli ay kordhayaan kiisaska dhibaatooyinka caruurta. Si dhow ula soco cidda la falgalaysa carruurtaada.
EDU-00684,Education,PSA,Teachers are encouraged to seek mental health support if experiencing loneliness or emotional strain. Access available resources to enhance well-being and prevent burnout.,Walimu wanahimizwa kutafuta msaada wa afya ya akili wanapohisi upweke au msongo wa mawazo. Tembelea rasilimali zilizopo kuboresha ustawi na kuzuia kuchoka.,,EducationNews_co_ke,https://educationnews.co.ke/living-alone-doesnt-cause-depression-why-teachers-need-stronger-mental-health-support/,2026-07-26,General,Abagweno bataragane nibagire ohireka omogusii mosi omotigori bosi bwokere omokire omosi. Iriosia abwaki bungi buira bosi omokire naki omokiri ogendani.,"Dende kanyogo to duong’ gi chier mar piny dhakoro, ka ikelo dende kanyonyo wacho, kata ka ikeloo ng’won. Jibed gi dho ne giwacho mar jowet tich.",Macallimiinta waxaa la dhiirigelinayaa inay raadsadaan taageero caafimaad maskaxeed haddii ay la kulmaan kalinimo ama culeys dareen. Isticmaal kheyraadka la heli karo si kor loogu qaado wacan-nimada iyo in laga hortago dhibaatooyinka xad-dhaafka ah.
EDU-00685,Education,PSA,"Students entering Grade 10 are encouraged to choose from three Career Pathways in Senior School: Arts and Sports Science, Social Sciences, or Science, Technology, Engineering and Mathematics (STEM).","Wanafunzi wanaoingia darasa la 10 wanahimizwa kuchagua kutoka njia tatu za kazi katika Shule ya Juu: Sanaa na Sayansi ya Michezo, Sayansi za Kijamii, au Sayansi, Teknolojia, Uhandisi na Hisabati (STEM).",,EducationNews_co_ke,https://educationnews.co.ke/grade-9-guide-choosing-the-right-career-pathway-for-senior-school-under-cbe/,2026-07-26,General,"Abakwanirie Grade 10 bano bukore kubiri bwokori bwaitu bu kubanga buchekire: Arts na Sports Science, Social Sciences, oba Science, Technology, Engineering and Mathematics (STEM).","Dholuo ni waduong’ gi Grade 10 ng’eyo bedo e mwandu mag kar golo achiel kuoneni: Arts and Sports Science, Social Sciences, kata Science, Technology, Engineering and Mathematics (STEM).","Ardayda gashay Fasalka 10 waxaa lagu dhiirrigelinayaa inay ka doortaan saddex Jid oo Shaqo ee Dugsiga Sare: Farshaxanka iyo Cayaaraha, Sayniska Bulshada, ama Sayniska, Teknoolojiyada, Injineernimada iyo Xisaabta (STEM)."
EDU-00686,Education,PSA,KCSE candidates: Prepare for exams in November. Ensure you are equipped with resources as educational opportunities vary significantly.,Wagombea wa KCSE: Jiandikishe kwa ajili ya mitihani mwezi Novemba. Hakikisha uko na rasilimali kwani fursa za kielimu zinatofautiana sana.,,EducationNews_co_ke,https://educationnews.co.ke/one-kcse-four-different-journeys-are-we-testing-ability-or-privilege/,2026-07-26,General,Abakandori ba KCSE: Naki mugosi bukore bwanaka mu Novemba. Naki genda naki ore inyorori buya buingi bu магазин”.,"KCSE gi nyaka: Wachieni kuom chajruok mar exam e November. Nadi gi chuth mar nyaka kendo chawi, to chalo mar itim mabor nyaka chieng'.","Ardayda KCSE: Isku diyaarso imtixaanaadka bisha Nofembar. Hubi inaad haysato agab, maadaama fursadaha waxbarasho ay si weyn u kala duwan yihiin."
EDU-00687,Education,PSA,"Congratulations to Simeon Ongaga, newly appointed Nyanza Region Referees' Instructor by the Kenya Football Federation. His achievement highlights the support from students and the teaching community.","Hongera kwa Simeon Ongaga, aliyeteuliwa kwa nafasi ya Mwalimu wa Waamuzi wa Mkoa wa Nyanza na Shirikisho la Soka la Kenya. Mafanikio yake yanasisitiza msaada kutoka kwa wanafunzi na jamii ya walimu.",,EducationNews_co_ke,https://educationnews.co.ke/kisii-nyabigena-teacher-celebrates-appointment-as-kff-referee-instructor/,2026-07-26,General,"Naki oria Simeon Ongaga, omokiri omogoo Nyanza Region Referees' Instructor bu Kenya Football Federation. Naki boga bw’ogokiri bu naki oria bwokosi bw’abarigori na abaki bu orokiragatse.","Namatire Simeon Ongaga, weche mar yore Nyanza kuom Wanyadgi mag Referee gi Kenya Football Federation. Nying' piny manadili koro nyal kuom oko mar sudhruok gi ma-giwa.","Hambalyo Simeon Ongaga, oo noqday Macallinka Tiyaatarka Gobolka Nyanza ee ay magacaawday Xidhiidhka Kubadda Cagta Kenya. Guushan ayaa muujinaysa taageerada ka timaadda ardayda iyo bulshada macallimiinta."
EDU-00688,Education,PSA,The Ministry of Education prohibits public schools from introducing new levies without prior approval from parents and the ministry. Any unauthorised charges will not be tolerated.,Wizara ya Elimu inakataza shule za umma kuanzisha ada mpya bila idhini ya wazazi na wizara. Malipo yoyote yasiyo na kibali hayatarajiwi.,,EducationNews_co_ke,https://educationnews.co.ke/ogamba-cracks-down-on-illegal-school-levies-as-moe-moves-against-principals-imposing-unauthorised-charges/,2026-07-26,General,Obori buya bu Nyanchua bw’ogenda egesia obogenda bwanakire buya bu genda bwenkore bu naomi bwebong'i. Omosha ogori naki obokere naki buya burikire.,Ministri mar Tich ok nyal konyo chike mag gi sa wacho wuotho moko ma ok nyal doko gi kotte kendo ministri. Kotte duto ma ok joma golo ok nyal jopiny.,Wasaaradda Waxbarashada waxay mamnuucday in dugsiyada dadweynaha ay ku daraan canshuuraha cusub iyada oo aan loo helin ogolaansho ka hor ka yimaada waalidiinta iyo wasaaradda. Feejenaha aan la oggolaanayn lama aqbali doono.
EDU-00689,Education,PSA,"Tenwek High School clarifies that all students were in official uniforms during the recent Speech and Prize-Giving Day, rejecting claims of political attire.","Shule ya Sekondari ya Tenwek imethibitisha kuwa wanafunzi wote walivaa mavazi rasmi wakati wa Siku ya Hotuba na Kutunukiwa, ikikataa madai ya mavazi ya kisiasa.",,EducationNews_co_ke,https://educationnews.co.ke/tenwek-high-school-dismisses-claims-students-wore-uda-colours-during-cs-murkomen-visit/,2026-07-26,General,Tenwek Secondary School orenge omokireri bw'ogechere buya burokire buya abokiri buya bakeshe omokire buya naki buya.,"Tenwek High School omer kelo ni joma okwayi ne gima en official uniforms gang' mang'ongo mar Speech and Prize-Giving Day, oyiwore gi chako eyo ong'we mar dho-politics.","Dugsiga Sare ee Tenwek wuxuu caddeynayaa in dhammaan ardaydu ay ku wearing uniform rasmi ah maalintii dhawaan ahayd ee Khudbada iyo Abaalmarinta, isagoo diidayaa sheegashooyinka dharka siyaasadeed."
EDU-00690,Education,PSA,"Public servants are advised to review the new salary structure released by the Salaries and Remuneration Commission, with updated salary scales effective immediately across all CSG grades.","Wajumbe wa umma wanashauriwa kukagua muundo mpya wa mishahara uliochapishwa na Tume ya Mishahara na Malipo, ambao unatekelezwa mara moja kwa viwango vyote vya CSG.",,EducationNews_co_ke,https://educationnews.co.ke/src-releases-new-public-service-salary-structure-with-revised-pay-for-all-csg-grades/,2026-07-26,General,"Abanyakazi b’egumba bayie buya bwakorori bw’amasakiyano bushayire buya na Komisino ya Amasakiyano na Omosora, na buya bw’amasakiyano bushayire bosi bwanana egesereti ya CSG.","Kenyans ma ok nyaka wandu, wadhol gi nyalo timo kwayoni mar kanyakla maber kuom Salaries and Remuneration Commission, kuom kwayoni buroni ma wacho nyasaye modhi e yo machiegni timbe chieg CSG.","Shaqaalaha dowladda waxaa lagu talinayaa inay dib u eegaan dhismaha mushaharka cusub ee ay soo saartay Hay'adda Mushaharka iyo Magdhawga, iyadoo miisaska mushaharka la cusboonaysiiyey ay dhaqangalaan isla markiiba dhamaan darajooyinka CSG."
EDU-00691,Education,PSA,The KSSSA national football championship may expand to 24 teams in 2026; consultations are ongoing. Current championship postponed to July 31 for review of the proposed format.,Mashindano ya kitaifa ya soka ya KSSSA yanaweza kuongezeka kuwa timu 24 mwaka 2026; mashauriano yanaendelea. Mashindano ya sasa yameahirishwa hadi Julai 31 kwa ajili ya kupitia muundo uliopendekezwa.,,EducationNews_co_ke,https://educationnews.co.ke/talks-underway-to-expand-ksssa-national-football-championship-to-24-teams/,2026-07-26,General,Championship ya KSSSA naki ekirori kiane 24 abaki mu 2026; abaki buya batigena. Ekirori abaki bwaki endori mu July 31 buya busege buya naki omokiri ogwaki.,Championship mar KSSSA e yo tich ka 24 itiyo e 2026; winjruok ni kuom. Tich mar nyalo piny to e nyaka 31 to wacho ma nyal konyo.,Tartanka kubadda cagta qaranka ee KSSSA ayaa laga yaabaa in uu kordho ilaa 24 koox sanadka 2026; wadatashiyo ayaa soconaya. Tartanka hadda la hakiyey ilaa 31ka Luulyo si loo eego qaabka la soo jeediyey.
EDU-00692,Education,PSA,Kibabii University honors outgoing VC Prof. Isaac Ipara after 14 years of service. All staff and students are encouraged to continue building on the progress made during his tenure.,"Chuo Kikuu cha Kibabii kinamuenzi Makamu Mkuu wa Chuo anayemaliza muda wake, Prof. Isaac Ipara, baada ya huduma ya miaka 14. Wafanyakazi wote na wanafunzi wanahimizwa kuendeleza maendeleo yaliyofanywa wakati wa utawala wake.",,EducationNews_co_ke,https://educationnews.co.ke/kibabii-university-honours-outgoing-vc-prof-ipara-after-14-years-of-service/,2026-07-26,General,Kibabii University igenogoria omong'anyi wakioche VC Prof. Isaac Ipara buya nyanchoka 14. Abaki naki students nakiaki ogenda omogondo orokire babaiga buya bu kigendo chiang’ani na bu nakiaki.,Kibabii University oremo gi VC wachnigi Prof. Isaac Ipara kuom yore 14. Wana kamano ne ng'eeny to kelo nindgi gi piny gi tich modhiero no.,Jaamacadda Kibabii waxay sharfeysaa madaxa hore ee jaamacadda Prof. Isaac Ipara ka dib 14 sano oo adeeg ah. Dhammaan shaqaalaha iyo ardayda waxaa lagu boorinayaa inay sii wadaan horumarka la gaadhay intii uu xafiiska joogay.
EDU-00693,Education,PSA,Bomet County public Junior Secondary Schools will receive 240 interactive smart boards as part of the government's digital learning initiative. Schools are urged to integrate this technology into classroom instruction.,Shule za Sekondari za Kawaida za Kaunti ya Bomet zitapata bodi za smart 240 za kuingiliana kama sehemu ya mpango wa serikali wa ujifunzaji wa kidijitali. Shule zinashawishiwa kujumuisha teknolojia hii katika ufundishaji wa darasani.,,EducationNews_co_ke,https://educationnews.co.ke/bomet-to-receive-240-smart-boards-as-govt-accelerates-digital-learning-in-junior-schools/,2026-07-26,General,Shule za Sekondari za Mwanga wa Chini za Kaunti ya Bomet zitaegetwa buya 240 za mashamba ya akili kama sehemu ya mipango ya serikali ya kujifunza kidijitali. Shule zinashauriwa kuunganisha teknolojia hii katika mafundisho ya darasani.,Bomet County ema pubuki Junior Secondary Schools ohinga 240 interactive smart boards ochiek tieko ka gik ma gavamano no ng'ere digital learning. Makanisa par eyo nyaka kiongore ni technology ng'ato gi mawuok.,"Bomet County waxay heli doonaan 240 buugag kale oo casri ah oo isdhexgal ah dugsiyada hoose ee dhexe, si qayb ka ah hindisaha waxbarashada dijitaalka ah ee dowladda. Dugsiyada waxaa lagu wargelinayaa inay ku daraan teknoolojiyaddaas waxbarashada fasallada."
EDU-00694,Education,PSA,Universities are encouraged to diversify funding sources and build multiple income streams to ensure financial resilience. Institutions should cultivate industry partnerships and commercialize research.,Vyuo vikuu vinahimizwa kutafuta vyanzo mbalimbali vya ufadhili na kuunda njia tofauti za kupata mapato ili kuhakikisha ukweli wa kifedha. Taasisi zinapaswa kuendeleza ushirikiano na sekta na kufanya shughuli za utafiti kuwa za kibiashara.,,EducationNews_co_ke,https://educationnews.co.ke/how-the-worlds-top-universities-stay-financially-strong-and-what-kenya-can-learn/,2026-07-26,General,Amaklasi alatwaki bwakire obwaki bwa bahata omokibori bwegwenda bwogwenda na bwegwenda bwebwaki. Ekererwa kerekatwaki bwaki bw'omogongo na obwakirate omotabiri.,Sikulu oserian to en gichung' adhi gi bunde mag ng'won. Kilo duto okinyi to oyuok gichungo madhi nyaka itho.,Jaamacadaha waxaa lagu dhiirigelinayaa inay kala duwanaadaan ilaha maaliyadeed iyo inay dhistaan ilaha dakhli ee badan si loo hubiyo adkeysi dhaqaale. Hay'adaha waa inay xoojiyaan iskaashiga warshadaha iyo in la ganacsiyo cilmi-baarista.
EDU-00695,Education,PSA,Schools must balance authority with constitutional rights in discipline matters. Educators are urged to evolve practices in response to technological changes and legal scrutiny.,Shule zinapaswa kulinganisha mamlaka na haki za kikatiba katika masuala ya nidhamu. Walimu wanahamasishwa kuboresha mbinu zao ili kukabiliana na mabadiliko ya kiteknolojia na uangalizi wa kisheria.,,EducationNews_co_ke,https://educationnews.co.ke/discipline-in-the-digital-age-why-schools-must-balance-authority-with-constitutional-rights/,2026-07-26,General,Masoko magang’ana ahanti na obwaki bwaki bw’egiri mu oringo bwabere. Abakire ba masoko barashoriwe okerebete obwakire bwabo buya nyamaki buikiri mueng’ana na obwakire buo bw’okore.,Dio nyaka makad viongozi gi nding' kendo uwongo moro ka ngima ng'ato gi. Manyien dhola tiyo ni omiya kadhoya to kendo bura duto kuom dodo.,Dugsiyadu waa inay dheelitiraan awoodda iyo xuquuqda dastuuriga ah arrimaha anshaxa. Macallimiinta waxaa lagu boorinayaa inay horumariyaan habraacyada si ay uga jawaabaan isbeddelada teknolojiyadda iyo baaritaanka sharciga.
EDU-00696,Education,PSA,"Nyakach Constituency is receiving six new school buses for AIC Naki, Ragen AIC, Pawtenge, Olembo Boys, Rakwaro Mixed, and St George's Special School, to be distributed by the end of the 2026/2027 financial year.","Jimbo la Nyakach linapata mabasi mapya sita ya shule kwa AIC Naki, Ragen AIC, Pawtenge, Olembo Boys, Rakwaro Mixed, na Shule Maalum ya Mtakatifu George, ambayo yatapewa mwishoni mwa mwaka wa kifedha 2026/2027.",,EducationNews_co_ke,https://educationnews.co.ke/nyakach-mp-delivers-six-new-school-buses-replaces-bus-lost-in-2025-tragedy/,2026-07-26,General,"Nyakach Constituency igorea busi ogenda nane omokiriri naki buya AIC Naki, Ragen AIC, Pawtenge, Olembo Boys, Rakwaro Mixed, na St George's Special School, obwaki abokire omokire ogendo 2026/2027.","Nyakach Constituency okinyi bus ng'wech six ma nyal jotinda AIC Naki, Ragen AIC, Pawtenge, Olembo Boys, Rakwaro Mixed, kendo St George's Special School, ka to bende timo mondo owach ni kendo e bungu 2026/2027.","Degmada Nyakach ayaa heshay lix basaska cusub ee dugsiyada AIC Naki, Ragen AIC, Pawtenge, Olembo Boys, Rakwaro Mixed, iyo St George's Special School, kuwaas oo la qaybin doono dhammaadka sanadka maaliyadeed 2026/2027."
EDU-00697,Education,PSA,A new modern dining hall with a fully equipped kitchen has been commissioned at Mung'ala Senior School to enhance the students' meal experience.,Jengola kisasa la chakula lenye jikoni lililotengwa linafanywa kazi katika Shule ya Mung'ala ili kuboresha uzoefu wa chakula wa wanafunzi.,,EducationNews_co_ke,https://educationnews.co.ke/machakos-mp-commissions-modern-dining-hall-unveils-more-school-projects/,2026-07-26,General,Ogo chichorá chirekeri omokirori hamwe na nakiaki omokinyia ekomoshonire k' Mung'ala Senior School kuga omokinyia bw'ogwe bwakiabwonire.,"Dinning hall mar bedo to kod kit gi dyad yore mochungo en Mung'ala Senior School, Iwuon ng'wech mar gikuok dwondiyono.",Maktabadda Sare ee Mung'ala waxaa loo sameeyey qol casri ah oo cunto lagu cuno leh jikada si buuxda loo qalabeeyey si loo hormariyo khibradda cuntada ardayda.
EDU-00698,Education,PSA,"The government is committed to completing stalled public schools in Chebara, Elgeyo Marakwet County. Students and parents can expect improvements in access to education as projects progress.","Serikali ina dhamira ya kukamilisha shule za umma zilizokwama huko Chebara, Kaunti ya Elgeyo Marakwet. Wanafunzi na wazazi wanaweza kutarajia maboresho katika upatikanaji wa elimu kadri miradi inavyoendelea.",,EducationNews_co_ke,https://educationnews.co.ke/murkomen-inspects-pledges-to-complete-decade-old-schools-displaced-by-chebara-dam/,2026-07-26,General,"Abgetsi baki na inyakire oborori bw'echibundu bw'ekibundori mu Chebara, Elgeyo Marakwet. Abakiriire n'ababere buseikho bw'ekitabo batarigori naki naki buya naki bw'ogachinjani.","Kagelo otero kuom konyo joma nigi yore e choch kanyakla mag juok e Chebara, Elgeyo Marakwet County. Jodongo kendo jomoko bur gony oting' ka malong' gichike.","Dowladdu waxay ka go'an tahay dhamaystirka dugsiyada dadweynaha ee hakad galay ee Chebara, Gobolka Elgeyo Marakwet. Ardayda iyo waalidiinta waxay filan karaan horumarin ku timaada helitaanka waxbarashada marka mashaariicdu horumar sameeyaan."
EDU-00699,Education,PSA,"Parents are urged to set a responsible example for their children to prevent drug abuse and its consequences, including school fires. Please support measures to eliminate substance abuse in our communities.","Wazazi wanahimizwa kuweka mfano mzuri kwa watoto wao ili kuzuia matumizi mabaya ya madawa na athari zake, ikiwa ni pamoja na moto shuleni. Tafadhali support hatua za kuondoa matumizi ya madawa katika jamii zetu.",,EducationNews_co_ke,https://educationnews.co.ke/drug-abuse-among-parents-fuelling-school-fires-catholic-priest-warns/,2026-07-26,General,Abakire batorere emaki biong'ana bwaki bwaki bwakuriri buya bengesia naki bwaki bwakora oria kwerekera oria buya bwaki bwiyokiyoi. Ndaki mwaki ekegwaki ekibwaki bwaki bwetigwe buya mu banzaki bwegikiranio bwaki.,Buka it kuom gi ohinga wach kuom tieko mag owang' mar jomoko kendo kanyo doro ni ng'ato ma oyudo to chako maber kendo ok nyal jora. Teya kuom chonjo mar tije to nyalo ng'ato mar ohinga kendo to kendo.,"Waalidiinta waxaa lagu boorinayaa in ay tusaale mas'uuliyad leh u noqdaan carruurtooda si looga hortago isticmaalka daroogada iyo cawaaqibkiisa, oo ay ku jiraan dabka iskuulka. Fadlan taageer tallaabooyinka lagu cirib tirayo isticmaalka maandooriyaha bulshadeena."
EDU-00700,Education,PSA,"All parents and education stakeholders are encouraged to ensure equal opportunities for all learners, regardless of their schools.","Wazazi na wadau wa elimu wanahimizwa kuhakikisha fursa sawa kwa wanafunzi wote, bila kujali shule zao.",,EducationNews_co_ke,https://educationnews.co.ke/cs-murkomen-urges-equal-opportunities-for-learners-as-tenwek-high-receives-new-buses/,2026-07-26,General,Abagania naki baeri baki meko ogena nyasa hamweki bwaki bwakire bugete bwakinyang'ani bwaki bujina naki bugetabaki omogori.,"Wang'ni kendo grupo mar masomo mane okonyo chunyogi kuom ng'ato piny, kendo duto adiera e kariboni ni jitendi e yo.","Waalidiinta iyo dadka ku lug leh waxbarashada waxaa lagu boorinayaa inay hubiyaan fursado siman dhammaan ardayda, iyadoon loo eegin dugsiyada ay dhigtaan."
EDU-00701,Education,PSA,Kenyan health professionals can expect expanded international employment opportunities in Germany through KMTC's strengthened partnership with German industry leaders.,Wataalamu wa afya kutoka Kenya wanaweza kutarajia fursa kubwa za ajira kimataifa Ujerumani kupitia ushirikiano ulioimarishwa wa KMTC na viongozi wa sekta ya viwanda vya Ujerumani.,,EducationNews_co_ke,https://educationnews.co.ke/kmtc-strengthens-partnership-with-germany-to-expand-jobs-for-kenyan-health-professionals/,2026-07-26,General,Abanyasa b’abehealthi ba Kenya baria bataria bosi mbega yane ya ikirori omogomo bwakire bwakunyonyesha buya na bwiinyangani bwemokiri mukariri wa KMTC na abaki b’aba German.,Kenyani mogikani modhi e kite ng'ama modhi gi thurwa mar Kenya Medical Training College (KMTC) kod ma joma okinyi kuonde gi joma mago.,Xirfadlayaasha caafimaadka ee Kiiniya waxay filan karaan fursado shaqo oo shisheeye oo la ballaariyey oo ku yaal Jarmalka iyada oo loo marayo iskaashiga xooggan ee KMTC iyo hoggaamiyeyaasha warshadaha Jarmalka.
EDU-00702,Education,PSA,100 vulnerable students from Muhoroni and Nyakach sub-counties in Kisumu have received bursaries totaling Sh4.25 million. Beneficiaries should confirm their funds with the Kisumu Senator's Office.,Wanafunzi 100 wenye uhitaji kutoka kata za Muhoroni na Nyakach katika Kaunti ya Kisumu wamepata ruzuku yenye jumla ya Sh4.25 milioni. Walengwa wanapaswa kuthibitisha fedha zao ofisini ya Seneta wa Kisumu.,,EducationNews_co_ke,https://educationnews.co.ke/100-vulnerable-kisumu-students-receive-sh4-25-million-bursary-boost-under-watoto-wasome-initiative/,2026-07-26,General,Abana 100 abakiishonire mu Muhoroni na Nyakach sub-counties e Kisumu baria baturetete bursaries buse bwa Sh4.25 million. Abakiabwanana baria borachi boti keyi bwaki omogoti “Kisumu Senator's Office.”,Vulnerable mudho 100 ku Muhoroni gi Nyakach sub-counties e Kisumu ne owadgi bursaries nyaka Sh4.25 miriyoni. Beneficiaries bedo e ng'ato maritho ni gin duto ku Kisumu Senator's Office.,100 arday oo nugul ka socda degmada Muhoroni iyo Nyakach ee Kisumu ayaa helay deeqo waxbarasho oo guud ahaan gaareysa Sh4.25 million. Ka faa'iideystayaashu waa inay xaqiijiyaan lacagtooda xafiiska Senator-ka Kisumu.
EDU-00703,Education,PSA,"Teachers from Kirinyaga, Kiambu, Nyandarua, Nyeri, and Murang'a counties are invited to the KUPPET Central Region Sports Tournament in Kirinyaga from August 7-9. Register by July 31: football teams at Sh3,000; volleyball, basketball, handball teams at Sh2,000; and individuals for racquet and board games at Sh500.","Teachers kutoka kaunti za Kirinyaga, Kiambu, Nyandarua, Nyeri, na Murang'a wanakaribishwa kwenye Mashindano ya Michezo ya KUPPET ya Mkoa wa Kati yatakayofanyika Kirinyaga kuanzia Agosti 7-9. Jisajili kabla ya Julai 31: timu za soka kwa Sh3,000; timu za mpira wa wavu, mpira wa kikapu, mpira wa mkono kwa Sh2,000; na watu binafsi kwa michezo ya rafu na bodi kwa Sh500.",,EducationNews_co_ke,https://educationnews.co.ke/central-region-teachers-to-converge-in-kirinyaga-for-annual-kuppet-sports-tournament/,2026-07-26,General,"Abaki baki ba Kirinyaga, Kiambu, Nyandarua, Nyeri, na Murang'a barikore buya ku KUPPET Central Region Sports Tournament buya Kirinyaga buya August 7-9. Bwakirire buya July 31: matimu gba kanyenga ku Sh3,000; matimu gba volleyball, basketball, na handball ku Sh2,000; na abaragi buya michero na bwiire ku Sh500.","Watu magi kuom Kirinyaga, Kiambu, Nyandarua, Nyeri, kod Murang'a nigi ni urembe ku KUPPET Central Region Sports Tournament e Kirinyaga manok gima August 7-9. Weren juma ku July 31: timbu magi fuutbol ku Sh3,000; timbu magi volleyball, basketball, handball ku Sh2,000; kendo jaber ku racquet kod bor dho anyira ku Sh500.","Macallimiinta ka socda county-yada Kirinyaga, Kiambu, Nyandarua, Nyeri, iyo Murang'a waxaa lagu casuumay tartanka isboortiga KUPPET ee gobolka dhexe ee ku yaal Kirinyaga, laga bilaabo Agoosto 7 ilaa 9. Isdiiwaangeli inta aan la gaarin Luulyo 31: kooxaha kubadda cagta waxaa lagu diiwaangelinayaa Sh3,000; kooxaha kubadda koleyga, kubadda gacanta iyo kubadda laliska waxaa lagu diiwaangelinayaa Sh2,000; iyo shakhsiyaadka ciyaaraha racquet-ka iyo ciyaaraha miiska Sh500."
EDU-00704,Education,PSA,The University of Nairobi highlights its legacy of academic excellence and leadership under its past Vice-Chancellors. Students are encouraged to honor this tradition by upholding values of integrity and respect in their academic pursuits.,Chuo Kikuu cha Nairobi kinaangazia urithi wake wa ubora wa kitaaluma na uongozi chini ya Makamu Vice-Chancellors wake wa zamani. Wanafunzi wanahimizwa kuheshimu jadi hii kwa kudumisha maadili ya uaminifu na heshima katika juhudi zao za kitaaluma.,,EducationNews_co_ke,https://educationnews.co.ke/why-professor-francis-gichaga-remains-the-benchmark-for-uon-vice-chancellors/,2026-07-26,General,Yamwaki ya Nairobi igana omogaka mwaki waki nyakiyaki na bugi mang'anya bwaki omong'ania bosi. Abanyeshuri bonyorore bamenye okuhanzire omogaka uyu buya omokong'ania na omogori mu bumwe bwabo bwegasire.,"University of Nairobi en ng'eyo mondo an gi kanyakla mar akademia, kendo nyaka joma ochiunga mag yramo. Waduong' kato e yo nyaka nene rembe, kendo chako ng'ato gi konyo.",Universitiga Nairobi wuxuu muujinayaa dhaxalkiisa heerka waxbarasho iyo hoggaamineed ee ku saabsan Rektoradii hore. Ardayda waxaa lagu dhiirigelinayaa inay ixtiraamaan dhaqankan iyagoo ilaalinaya qiyamka daacadnimada iyo ixtiraamka inta ay ku guda jiraan waxbarashadooda.
EDU-00705,Education,PSA,"Parents are urged to remain vigilant and report any suspicious activities to local authorities, especially during evening hours, following the tragic murder of a seven-year-old boy in Nyamira County.","Wazazi wanahimizwa kubaki makini na kuripoti shughuli zozote za kushuku kwa mamlaka za eneo, hasa wakati wa usiku, kufuatia mauaji ya kusikitisha ya mvulana wa miaka saba katika Kaunti ya Nyamira.",,EducationNews_co_ke,https://educationnews.co.ke/nyamira-grade-3-boy-murdered-in-cold-blood/,2026-07-26,General,"Ababere barokige bionge na bosiere bambi bwaki bware buya bionge bosiere bukorere buya, bwere buya bwagashia buya bwaki bwomoka bwi ogenda, buya naki bwaki bworanga buya mu Nyamira.","Bere magi konyo to konyo goyo nyiso ne giyou giwe loko gitiyogo mar sok gi, kar ka ma obedo nyaka, ka ok ng'ama nyal gi pi salo mar goyo, nyalo gi jodong' gi kita.","Waalidka waxaa lagu boorinayaa inay si feejigan u joogaan oo ay soo sheegaan wax kasta oo shaki leh oo ay arkaan, gaar ahaan saacadaha habeenkii, ka dib dilkii nasiib-darrada ahaa ee wiil todoba jir ah lagu dilay Gobolka Nyamira."
EDU-00706,Education,PSA,"New educational infrastructure projects funded by the NG-CDF are now completed at Ndumberi Primary School in Kiambu, promoting quality education. Similar upgrades are planned for other schools in the constituency.","Miradi mipya ya miundombinu ya elimu iliyofadhiliwa na NG-CDF sasa imemalizika katika Shule ya Msingi ya Ndumberi huko Kiambu, ikikuza elimu ya ubora. Maboresho kama haya yanapangwa kwa shule nyingine katika eneo bunge hilo.",,EducationNews_co_ke,https://educationnews.co.ke/how-ng-cdf-projects-are-transforming-learning-in-kiambu-constituency/,2026-07-26,General,"Maki naki abwaki ogendendani ebwaki naki kuri NG-CDF emokiania naki ku Ndumberi Primary School ki Kiambu, giterera oria ogendendani omokibori. Bwakire buya bwaki bwakina okere menye oria ebuya bwaki buya ngo ige ise ke orire.","Mikano mag duto mar wale mag joma lokruok ng'weny e Ng-CDF no oketuru e Ndumberi Primary School ka Kiambu, to golo nyaka ochako ma nyal ng'won ni. Konyore duto ma okel awei e sukulu duto mag konstituensi.","Mashruucyo cusub oo waxbarashada ah oo ay maalgelisay NG-CDF ayaa hadda la dhameystiray dugsiga hoose ee Ndumberi ee Kiambu, taasoo kor u qaadeysa tayada waxbarashada. Dayactirro la mid ah ayaa lagu qorsheynayaa dugsiyo kale oo ka tirsan xildhibaanada."
EDU-00707,Education,PSA,The Trans Nzoia Governor has called for the appointment of qualified Luhya scholars as vice-chancellors at MMUST and Kibabii University to promote fairness in leadership opportunities.,Gavana wa Trans Nzoia ameitaka serikali kuteua wanazuoni wa Luhya waliohitimu kuwa naibu makamu wa wahitimu katika MMUST na Chuo Kikuu cha Kibabii ili kukuza usawa katika fursa za uongozi.,,EducationNews_co_ke,https://educationnews.co.ke/natembeya-luhya-scholars-deserve-a-chance-to-lead-mmust-kibabii-university-as-vcs/,2026-07-26,General,Omogaka wa Trans Nzoia oseria ogetarire abere abaki Luhya abaki baingira weka mbokira MMUST na Kibabii University naki bw'ogenda omokiri chaki abokire bogo.,Gavana mar Trans Nzoia owinjire kuom chula magi giko Luhya ma ok nyal yego kama vice-chancellor e MMUST kendo Kibabii University to gige ofumu e chageno maban.,Guddoomiyaha Trans Nzoia wuxuu codsaday in la magacaabo cilmi-baarayaal Luhya ah oo karti leh inay noqdaan ku-simaha rektarada MMUST iyo Jaamacadda Kibabii si loo dardar-geliyo sinnaanta fursadaha hogaaminta.
EDU-00708,Education,PSA,"A new Kenya Medical Training College campus will open in Matuu, Matungulu Sub-county, in September 2026. Parents are encouraged to prepare their children for enrollment in medical programs.","Chuo Kipya cha Mafunzo ya Tiba nchini Kenya kitateketezwa huko Matuu, Kaunti Ndogo ya Matungulu, mnamo Septemba 2026. Wazazi wanahimizwa kujiandaa kuwapeleka watoto wao katika programu za tiba.",,EducationNews_co_ke,https://educationnews.co.ke/new-kmtc-campus-to-open-in-matungulu-in-september-mp-mule-tells-parents/,2026-07-26,General,"Ekikoro Enya kya Kenya Medical Training College kigeiginia Matuu, Matungulu Sub-county, mwaki wa Septemba 2026. Ababere bakoragie ogendene babo bagenyane eng’ori ya bwakire buya.","Kampasi nyewi ya Kenya Medical Training College kuom Matuu, Sub-county ya Matungulu, ikwero tiyo September 2026. Wazazi ochako ka oting'o buo nyithindo mago okel ochak nyaka konyo kanyandit e programa mar medik.","Jaamacad cusub oo Tababarka Caafimaadka Kenya ah ayaa furmi doonta Matuu, Gobolka Matungulu, bisha Sebtember 2026. Waalidiinta waxaa lagu dhiirigelinayaa in ay u diyaariyaan carruurtooda in ay ku biiraan barnaamijyada caafimaadka."
EDU-00709,Education,PSA,"The Ministry of Education has announced new appointments effective July 17, 2026, including key positions in curriculum development and quality assurance for education.","Wizara ya Elimu imetangaza uteuzi mpya unaoanza tarehe 17 Julai, 2026, ikihusisha nafasi muhimu katika uandaaji wa mtaala na uhakikisho wa ubora wa elimu.",,EducationNews_co_ke,https://educationnews.co.ke/cs-ogamba-makes-fresh-appointments-to-key-moe-agencies/,2026-07-26,General,"Omiseli wa Barabara y’Emakanga ya Elimu omonye acokinya abanyagore buya buya omogiri wa 17, 2026, oria omogende ogokire amang'anya mweng'eni mabe na busekecha mu nkiro z’amaubiri.","Ministry of Education oyie swar mpya ma okel kuom Julu 17, 2026, kendo gi doko madongo eyo kuom konyruok mar kutind kendo ng'ama mar winjruok e kalisela.","Wasaaradda Waxbarashada waxay ku dhawaaqday magacaabis cusub oo dhaqan gal ah 17-keeda Luulyo, 2026, oo ay ku jiraan jaggooyin muhiim ah oo la xiriira horumarinta manhajka iyo tayada waxbarashada."
EDU-00710,Education,PSA,"Mandatory leadership training for TSC secretariat staff begins January 1, 2026. Completion is required for promotion to posts above TSC grades 6, 7, and 8.","Mafunzo ya uongozi ya lazima kwa wafanyakazi wa sekretarieti ya TSC yananza Januari 1, 2026. Kumaliza mafunzo ni lazima ili kuongezwa cheo juu ya viwango vya TSC 6, 7, na 8.",,EducationNews_co_ke,https://educationnews.co.ke/tsc-makes-leadership-training-mandatory-for-secretariat-staff-seeking-promotion/,2026-07-26,General,"Kwere kavundori ka abaki banzaki bakeshe ya TSC kōmoka 1, 2026. Kogana naki kosi ekibirori buya buya ekekire ya TSC wendo 6, 7, na 8.","Kagwere mar tiniki mokuongo ni TSC secretariat milando jomar nyaka 1, 2026. Kachung' jomoko ma ok nyaka ka ok nyal mbere kuono ku TSC grades 6, 7, e 8.","Tababarka hogaaminta ee khasabka ah ayaa bilaabanaya 1-da Janaayo, 2026, ee shaqaalaha xafiiska TSC. Ka-qaybgalka ayaa lagama maarmaan u ah kor u qaadista xilalka ka sarreeya darajooyinka TSC 6, 7, iyo 8."
EDU-00711,Education,PSA,"The KUCCPS late application portal is now open for 57,681 students who missed university placement for the 2026/2027 academic year. Qualified candidates from KCSE 2022-2025 must apply promptly.","Pango la maombi ya kuchelewa la KUCCPS sasa lipo wazi kwa wanafunzi 57,681 waliokosa nafasi ya chuo kikuu kwa mwaka wa masomo 2026/2027. Wagombea waliohitimu kutoka KCSE 2022-2025 wanapaswa kuomba mara moja.",,EducationNews_co_ke,https://educationnews.co.ke/kuccps-opens-historic-late-application-portal-for-57681-students-who-missed-2026-2027-university-placement/,2026-07-26,General,"Poritali ya kuwasilisha maombi ya KUCCPS imefunguliwa kwa wanafunzi 57,681 ambao hawakupata nafasi ya chuo kikuu kwa mwaka wa masomo 2026/2027. Wanafunzi wanaostahili kutoka KCSE 2022-2025 wanapaswa kuomba haraka.","Portal mag KUCCPS mar kiwuoyo no wacho kata neno ma 57,681 choch kanyag' mai koro gima ok gipar mitie go joma kanyoni e siko 2026/2027. Joma pok miyo nyaka ok nyal piny KCSE 2022-2025 nyaka chiwoyi.","Goobta codsiga dambiga ee KUCCPS hadda way furan tahay 57,681 arday oo ka maqan jaamacad lagu qoondeyn lahaa sanadka waxbarashada 2026/2027. K candidatku ku kalsoon yahay KCSE 2022-2025 waa inay si degdeg ah u codsadaan."
EDU-00712,Education,PSA,All educational trips in Uganda are temporarily suspended while a comprehensive investigation and the development of new road safety guidelines take place.,Safari za elimu zote nchini Uganda zimesitishwa kwa muda wakati wa uchunguzi wa kina na ukuzaji wa miongozo mipya ya usalama barabarani.,,EducationNews_co_ke,https://educationnews.co.ke/uganda-school-bus-crash-death-toll-rises-to-24-as-three-more-pupils-succumb-to-injuries/,2026-07-26,General,Makiogoria oria mwaki Uganda nakiore bw'aki aria ore buya chingi bw'aki fwenye kutang'ania na bw'aki oria buya bw'aki ng'ama tsimbia.,"Bolo dongo ma weng' e Uganda chenro ni ahinya, wakati chik gi tich ma oket e piny.",Dhammaan safarada waxbarashada ee Ugaandha waa la hakiyay ilaa baaritaan dhameystiran iyo horumarinta tilmaamaha cusub ee badqabka waddooyinka la sameeyo.
EDU-00713,Education,PSA,"Gerald Orina, Chief Principal of Riokindo National High School, has announced his candidacy for the Borabu Constituency parliamentary seat in the 2027 General Elections.","Gerald Orina, Mwalimu Mkuu wa Shule ya Sekondari ya Kitaifa ya Riokindo, ametangaza kuwania kiti cha ubunge cha Jimbo la Borabu katika Uchaguzi Mkuu wa 2027.",,EducationNews_co_ke,https://educationnews.co.ke/riokindo-high-school-principal-declares-bid-for-borabu-constituency-parliamentary-seat/,2026-07-26,General,"Gerald Orina, Omochiri Omosabaki wa Riokindo National High School, amenyorokere buya bwake bwokutukire omong'anya bweng'ere buya bwa Borabu mu 2027 General Elections.","Gerald Orina, Chief Principal wa Riokindo National High School, awachok gi dhano yakanyo ka Borabu Constituency kwotech gi 2027 General Elections.","Gerald Orina, Maamulka Sare ee Dugsiga Sare ee Riokindo, ayaa shaaciyey in uu kandid ah u yahay kursiga baarlamaanka ee deegaanka Borabu doorashada guud ee 2027."
EDU-00714,Education,PSA,"Attention all Technical and Vocational Education and Training institutions: Ensure all assessment fees are settled by July 20, 2026, for access to assessment tools. Trainees must leave phones in secure areas before entering assessment rooms.","Tawa habari kwa taasisi zote za Elimu na Mafunzo ya Ufundi: Hakikisha ada zote za tathmini zimelipwa kabla ya Julai 20, 2026, ili kupata zana za tathmini. Wakufunzi wanapaswa kuacha simu kwenye maeneo salama kabla ya kuingia kwenye vyumba vya tathmini.",,EducationNews_co_ke,https://educationnews.co.ke/tvet-cdacc-issues-guidelines-for-july-august-2026-summative-theory-assessment/,2026-07-26,General,"Abwakire mosi buya bwemoni na Gwamo buya bwete: Waki bosi bwaki bosi mosi bwaki kuta nyang’ori bosi buya bwetare buya Juli 20, 2026, buya kutenda nyang’ori bwaki bosi. Abamelure bataria bosi bwiita ng’ori bosi bwi ite boma bwiugusi.","Osuba ma joma Technical and Vocational Education and Training: Neni nyaka konyo fee dhedhi mbul 20, 2026, nyaka ng'eyo mar assessment tools. Wuok no nyaka konyo maber e piny mager mabor mokiwa buo odhi.","Digniin dhammaan hay’adaha Waxbarashada Farsamada iyo Tababarka: Hubi in dhammaan khidmadaha qiimayntu la bixiyo ka hor July 20, 2026, si loo helo agabka qiimaynta. Tababarayaasha waa inay taleefannadooda ka tagaan meelaha amaanka ah ka hor inta aysan gelin qolka qiimaynta."
EDU-00715,Education,PSA,"Candidates who sat for KCSE from 1989 to 2025 can now access their digital KCSE and KCPE certificates via the KNEC online portal. Complete identity verification and pay KSh 1,450 to obtain your e-certificate.","Wagombea walioshiriki KCSE kuanzia mwaka 1989 hadi 2025 sasa wanaweza kupata vyeti vyao vya dijiti vya KCSE na KCPE kupitia portal ya mtandao ya KNEC. Kamalisha uthibitisho wa kitambulisho na kulipia KSh 1,450 ili kupata cheti chako cha e.",,EducationNews_co_ke,https://educationnews.co.ke/knec-launches-online-portal-for-candidates-to-access-digital-kcse-and-kcpe-certificates/,2026-07-26,General,"Abakandi bakiore KCSE buya 1989 na 2025 bagana bakiere kuwana abaki e-KCSE na e-KCPE buya omogori wa KNEC. Tia omokang'andi osibori na ubwi omoshere KSh 1,450 okwenda obaki e-certificate.","Ng'ato mokuongo gi KCSE manok gi 1989 to 2025 no ng'eyo' kanyo to e-digital KCSE kod KCPE certificates e KNEC online portal. Timo ihinya ma okonyo kendo ng'we KSh 1,450 kuom igi e-certificate.","Murashaxiinta ka soo qayb galay KCSE intii u dhaxeysay 1989 ilaa 2025 hadda waxay heli karaan shahaadooyinkooda dijitaalka ah ee KCSE iyo KCPE iyada oo loo marayo bogga internetka ee KNEC. Hubi aqoonsigaaga oo bixiso KSh 1,450 si aad u hesho shahaadadaada e-shahaadada ah."
EDU-00716,Education,PSA,Parents are reminded to ensure their children are aware of school policies regarding conduct during breaks to avoid misunderstandings that could lead to disciplinary actions.,Wazazi wanakumbushwa kuhakikisha watoto wao wanajua sera za shule kuhusu tabia wakati wa mapumziko ili kuepusha kutokuelewana ambayo yanaweza kusababisha hatua za kinidhamu.,,EducationNews_co_ke,https://educationnews.co.ke/parent-sues-school-over-grade-eight-learners-suspension-over-claims-of-spending-time-at-airbnb/,2026-07-26,General,Ababere baria batarerete banasiba baksoma bwaki bwaki buti bategende buinse buria buene bwanosibere obwanogore buigori omokimori bwaki bweng'enda obwakore buine bwanebere obwasire borire.,"Ninine mawuongi kuom riwruok gi higa osemak kanyal, kuom nyaka dwaro maber kwaya nyaka gin polices ma otim higa osemak.",Waalidka waxaa la xasuusinayaa inay xaqiijiyaan in caruurtooda ay ka warqabaan siyaasadaha iskuulka ee ku saabsan dhaqanka inta lagu jiro nasashada si looga fogaado fahamkhaldan oo keeni kara tallaabooyin anshax xumo.
EDU-00717,Education,PSA,"Prayer Day for students preparing for national exams will be held at schools across Kenya. Parents, educators, and the community are encouraged to participate in supporting learners.","Siku ya Sala ya wanafunzi wanaojiandaa kwa mitihani ya kitaifa itafanyika katika shule mbalimbali nchini Kenya. Wazazi, walimu, na jamii wanahimizwa kushiriki kusaidia wanafunzi.",,EducationNews_co_ke,https://educationnews.co.ke/the-spiritual-anchor-realigning-faith-and-diligence-in-kenyas-examinations-cycle/,2026-07-26,General,"Osibori naki buya buigana bwokire bwete buya buseke omogende nyanaro. Ababere, abarubera, naki omogendi banogore bousego bwosekire buigana.","Juma mane ng'anyo kendo kuom wadhogo ma ng'ato ma okonyo e nyime kendo ni. Jothurwa, wathor, kod dhiko nyaka oting'o kuom wadhogo.","Maalin Ducad ah oo loogu talagalay ardayda diyaarinaysa imtixaannada qaranka ayaa lagu qaban doonaa iskuulada dalka oo dhan. Waalidiinta, macalimiinta, iyo bulshadu waxa la dhiirrigelinayaa inay ka qaybgalaan taageeridda ardayda."
EDU-00718,Education,PSA,"Kenyatta University graduates are encouraged to embrace innovation, entrepreneurship, and ethical leadership to create jobs and address socio-economic challenges.","Graduates wa Chuo Kikuu cha Kenyatta wanahimizwa kukumbatia ubunifu, ujasiriamali, na uongozi wa kimaadili ili kuunda ajira na kushughulikia changamoto za kiuchumi na kijamii.",,EducationNews_co_ke,https://educationnews.co.ke/cs-ogamba-urges-kenyatta-university-graduates-to-embrace-innovation-entrepreneurship-and-ethical-leadership/,2026-07-26,General,"Abagetu ba Kenyatta University barahiye obwataka, obwaki naki bwemokiriri okore buya na bwachenda obokere naki oboragori.","Kenyatta University ma chunya nyasaye, kanyo to gi dhano doyie, kendo nyasaye mare konyo daka to kachiel masira gi dhano mar luor.","Ardayda ka qalin-jabisa Jaamacadda Kenyatta waxaa lagu boorinayaa inay qaataan hal-abuur, ganacsi, iyo hogaamin anshax leh si ay u abuuraan shaqooyin iyo inay wax ka qabtaan caqabadaha bulshada iyo dhaqaalaha."
EDU-00719,Education,PSA,Students seeking to transfer to universities or TVET institutions must apply within the 30-day window and ensure they meet programme requirements and available vacancies. Verify all information before submitting applications.,Wanafunzi wanaotaka kuhamia vyuo vikuu au taasisi za TVET lazima watekeleze maombi ndani ya siku 30 na wahakikishe wanafaa kwa masharti ya programu na nafasi zilizopo. Hakikisha unathibitisha taarifa zote kabla ya kuwasilisha maombi.,,EducationNews_co_ke,https://educationnews.co.ke/kuccps-flags-mistakes-that-could-cost-students-university-tvet-transfers/,2026-07-26,General,"Abantugendi banoigne okugenda kumaketano kana TVET institutions naki batarori muja 30, na banoigne okwiberega na maarifa ga program naki abairo bengi. Osogorie amahoranaki nyasa omokugenda okanyora.","Jong'ere ma en kuom chalo kuom nyimruogi to wongo ni konyo e 30 duka, kendo chako ni en kanyalo gin mwandiko maber kendo kanyo bende. Nyal ng'eyo dede wacho nyaka inyal chalo.",Ardayda raba in ay u guuraan jaamacadaha ama hay'adaha TVET waa inay codsadaan mudada 30-ka maalmood ah oo hubiyaan inay buuxiyaan shuruudaha barnaamijka iyo boosaska la heli karo. Hubi dhammaan macluumaadka ka hor inta aadan gudbin codsiyada.
EDU-00720,Education,PSA,"All public servants enrolled in the Public Service Superannuation Fund (PSSF) must update their membership records by August 14, 2026, via the PSSF Member Self-Service Portal or Mobile App.","Watumishi wote wa umma waliojiandikisha kwenye Mfuko wa Pensheni wa Huduma za Umma (PSSF) wanapaswa kusasisha rekodi zao za uanachama kabla ya Agosti 14, 2026, kupitia Portal ya Huduma ya Kibinafsi ya PSSF au Programu ya Simu.",,EducationNews_co_ke,https://educationnews.co.ke/public-servants-directed-to-update-pssf-records-as-government-modernises-pension-system/,2026-07-26,General,"Abaki nyamwaki bwenyina mu Public Service Superannuation Fund (PSSF) bategere ilanduki banchire bendi bui August 14, 2026, gi PSSF Member Self-Service Portal naki Mobile App.","Wathogni wacho kuom Public Service Superannuation Fund (PSSF) nyalo weche ni gino nitie ka wachiwe record mar membership gi August 14, 2026, kuom PSSF Member Self-Service Portal kata Mobile App.","Dhammaan adeegayaasha dadweynaha ka diiwaangashan Sanduuqa Hawlgabka Adeegga Dadweynaha (PSSF) waa inay cusbooneysiiyaan diiwaankooda xubinnimada ilaa 14ka Agoosto, 2026, iyaga oo adeegsanaya Portalka Is-adeegga Xubnaha PSSF ama App-ka Mobile-ka."
EDU-00721,Education,PSA,Michael Murigi has received the endorsement of Maureen Makena for the KUPPET Central Region Trustee seat ahead of the 2026 elections. Supporters are encouraged to rally behind his campaign.,Michael Murigi amepata kuungwa mkono na Maureen Makena kwa kiti cha Mkurugenzi wa KUPPET katika Mkoa wa Kati kabla ya uchaguzi wa mwaka 2026. Wafuasi wanahimizwa kumuunga mkono katika kampeni yake.,,EducationNews_co_ke,https://educationnews.co.ke/murigis-kuppet-trustee-bid-gets-boost-as-rival-makena-withdraws-endorses-him/,2026-07-26,General,Michael Murigi akorete oboreri bwaki bwa Maureen Makena buya mwaki wa KUPPET Central Region Trustee ka 2026. Abaki baki abashindani naki ni bweriitire moshene yaki.,Michael Murigi awinjore denda ma Maureen Makena mar KUPPET Central Region Trustee kiwang'ni 2026 election. Nyasaye ng'ato makanda ni oting'o konyo mar joma.,Michael Murigi wuxuu helay taageerada Maureen Makena si uu uga mid noqdo xilka KUPPET ee Gobolka Dhexe ka hor doorashooyinka 2026. Taageerayaasha waxaa lagu dhiirrigelinayaa inay taageeraan ololihiisa.
EDU-00722,Education,PSA,"Attention: Special schools and rehabilitation centres are facing funding shortages, affecting support for learners with disabilities. Institutions are encouraged to seek alternative funding sources to improve facilities and resources for education.","Taarifa: Shule maalum na vituo vya kurekebisha vinakabiliwa na ukosefu wa ufadhili, unaathiri msaada kwa wanafunzi wenye ulemavu. Taasisi zinahimizwa kutafuta vyanzo mbadala vya ufadhili ili kuboresha miundombinu na rasilimali za elimu.",,EducationNews_co_ke,https://educationnews.co.ke/thousands-of-learners-with-disabilities-locked-out-as-funding-crisis-hits-special-schools/,2026-07-26,General,"Ekereri: Masomo emoyaki na ogenda bwogekire buya emonchire buya buria, bwakabere bweng'ani nyagire na ekyingori. Abakire buya bagenyere bware ekererete yore omokomo ogendi bakire ogenda buya.","Naki: Madiko mar special kod rehabilitation nenge ohele funding, ka ng'amo kethni gi joma okonyruok. Kanyenya okonyruok nyaka gingo funding iriyo to nyaka pi ketho mar chike.","Dardaaran: Dugsiyada khaaska ah iyo xarumaha dib-u-habaynta waxay la kulmayaan dhibaatooyin dhaqaale, taasoo saameyneyso taageerada ardayda naafada ah. Hay’adaha waxaa lagu dhiirrigelinayaa inay raadiyaan ilo maalgelin oo kale si loo hagaajiyo goobaha iyo kheyraadka waxbarashada."
EDU-00723,Education,PSA,"Teachers will continue receiving their existing house, hardship, and commuter allowances despite the 2025–2029 CBA adjustments. No action is required from teachers regarding their allowances.","Walimu wataendelea kupata posho zao za nyumba, ugumu, na usafiri bila kubadilishwa licha ya marekebisho ya CBA ya 2025–2029. Hakuna hatua inayohitajika kutoka kwa walimu kuhusu posho zao.",,EducationNews_co_ke,https://educationnews.co.ke/tsc-retains-house-hardship-and-commuter-allowances-under-phase-ii-of-2025-2029-cba/,2026-07-26,General,"Abakire bakenye bano bokuigana ibo naki, ibonjo, naki komi boki bware bwioria odhi 2025–2029 CBA. Omosoriori oria ikiraki buya nang'ena abaki buya bonyonyore iebaki.","Weteno bed gi piny kuom chike, lok gyt madhako, kendo gi nyamre ka no duto e piny 2025-2029 CBA. Moko bedo morning e tich kwachni kuom weteno kanyakla oganda.","Macalimiinta waxay sii wadi doonaan inay helaan deynkooda guri, dhibaato, iyo mushaaraadka safarka inkasta oo isbadallada CBA ee 2025-2029. Wax tallaabo ah kama baahan tahay macalimiintu marka ay timaado mushaaraadkooda."
EDU-00724,Education,PSA,"Teachers can now access the revised salary conversion tables according to TSC's Phase II salary structure effective July 1, 2026, until June 30, 2027. Please check your earnings accordingly.","Walimu sasa wanaweza kufikia meza mpya za kubadilisha mishahara kulingana na muundo wa mishahara wa Awamu ya II wa TSC, kuanzia Julai 1, 2026, hadi Juni 30, 2027. Tafadhali angalia mapato yako ipasavyo.",,EducationNews_co_ke,https://educationnews.co.ke/how-much-every-teacher-will-earn-under-tscs-new-phase-ii-salary-structure/,2026-07-26,General,"Ab老师 teese enang'ania omokiriri busiane bwokutiririe obwakire bwa TSC Phase II bwotongoria tekaroria omokongo wa 1, 2026, naki owenyono 30, 2027. Naki inya obwakire bwomokiriri bwokusi.","Abijo nying' towet gi wang' ji kendo twal gi TSC Phase II kama nyaka 2026, kaka Juol 1, kendo to kech konyruok 30, 2027. Nyal gi dhi nyis gi iewe.","Macallimiinta hadda waxay gali karaan jaantusyada dib loo habeeyey ee is-weydaarsiga mushaharka sida waafaqsan qaabka mushaharka ee TSC ee Marinka II oo dhaqan galaya 1da Luulyo, 2026, ilaa 30ka Juun, 2027. Fadlan hubi dakhligaaga sida ku xusan."
EDU-00725,Education,PSA,"Teachers employed by the Teachers Service Commission (TSC) will earn higher salaries effective July 1, 2026, as part of Phase II of the 2025-2029 Collective Bargaining Agreement.","Walimu walioajiriwa na Tume ya Huduma za Walimu (TSC) watapata mishahara mikubwa kuanzia Julai 1, 2026, kama sehemu ya Awamu ya Pili ya Mkataba wa Pamoja wa Kazi wa 2025-2029.",,EducationNews_co_ke,https://educationnews.co.ke/thousands-of-teachers-to-earn-higher-salaries-as-tsc-rolls-out-phase-ii-of-2025-2029-cba/,2026-07-26,General,"Abarebuya baboka na Teachers Service Commission (TSC) boku'oborere oria chirebu chihiga chire na nyabasi ya Nyakiyembe 1, 2026, mageria a Phase II ya 2025-2029 Collective Bargaining Agreement.","Wachoko omiye e Teachers Service Commission (TSC) bende wacho tije madhi mokuongo e Juli 1, 2026, ka nyaka mar Phase II ma 2025-2029 Collective Bargaining Agreement.","Macallimiinta ka shaqeeya Guddiga Adeegga Macallimiinta (TSC) waxay heli doonaan mushaar sare oo dhaqan galaya 1-da Luulyo, 2026, qayb ka ah Waqtiga II ee Heshiiska Iskaashiga 2025-2029."
EDU-00726,Education,PSA,"Kenya now offers over 26,000 government services online, streamlining access to essential services. Citizens can apply, pay, and receive services digitally, improving convenience and efficiency.","Kenya sasa inatoa huduma zaidi ya 26,000 za serikali mtandaoni, ikiweka njia rahisi ya kupata huduma muhimu. Wananchi wanaweza kuomba, kulipa, na kupata huduma kidijitali, kuongeza urahisi na ufanisi.",,EducationNews_co_ke,https://educationnews.co.ke/president-ruto-digital-platforms-cut-queues-boost-transparency-as-kenya-hits-26000-e-services/,2026-07-26,General,"Kenya ekirorere emasiro 26,000 ebiyae bwiire buya online, buya omokirisia obokire obwakirori. Ababere banagire, babugire, na barekire ebiyae buya buya, buya obokire naki naki.","Kenya nyalo poi piny 26,000 miyo kare gi jumbi ma ok nyal kuom joma. Jotiede  nyalo dhog, pwodhi, kendo neno jumbi gi inyuol, okonyo tich kendo gi puodho.","Kenya hadda waxa uu bixiya 26,000 adeegyo dowladeed oo khadka tooska ah, taasoo sahlaysa helitaanka adeegyada muhiimka ah. Muwaadiniintu waxay codsan karaan, bixin karaan, oo ay adeegyada ku heli karaan si dijitaal ah, taasoo hagaajineysa raaxada iyo waxtarka."
EDU-00727,Education,PSA,"The UNESCO-CODEMAO Youth Coding Initiative is offering an AI training program in Shenzhen, China from July 19 to 26, 2026, for selected teachers and students.","Mpango wa Mafunzo ya AI wa UNESCO-CODEMAO kwa Vijana unatoa mafunzo katika Shenzhen, China kuanzia Julai 19 hadi 26, 2026, kwa walimu na wanafunzi waliochaguliwa.",,EducationNews_co_ke,https://educationnews.co.ke/machakos-ict-teacher-heads-to-china-for-unesco-backed-ai-training/,2026-07-26,General,"Omochanda bu UNESCO-CODEMAO bwakire buya bwokire bu AI mu Shenzhen, China bwakabere 19 - 26 Nyakanga, 2026, buya bw’ekerekwa abalimo abateka na abashuri.","UNESCO-CODEMAO Youth Coding Initiative nyaka nigo program mar AI e Shenzhen, China kutoka July 19 ng'ato July 26, 2026, ka jaluo kwayo ne ng'ato konyal.","Barnaamijka Dhalinyarada ee UNESCO-CODEMAO wuxuu bixiya tababar AI ah oo ka dhici doona Shenzhen, Shiinaha laga bilaabo 19 ilaa 26 Luulyo, 2026, oo loogu talagalay macallimiin iyo ardaydo la doortay."
EDU-00728,Education,PSA,"The Kenya Medical Training College (KMTC) is conducting an academic and clinical exchange program for Occupational Therapy students between Teso and Nairobi campuses starting July 13, 2026.","Chuo cha Mafunzo ya Tiba Kenya (KMTC) kinaendesha mpango wa kubadilishana kitaaluma na kliniki kwa wanafunzi wa Tiba ya Kazi kati ya kampasi za Teso na Nairobi kuanzia Julai 13, 2026.",,EducationNews_co_ke,https://educationnews.co.ke/kmtc-strengthens-occupational-therapy-training-through-inter-campus-exchange-programme/,2026-07-26,General,"Chuo cha Mafunzo ya Tiba Kenya (KMTC) kiri kugura porogaramu ya kubadilishana masomo na kliniki kwa wanafunzi wa Tiba ya Kazi kati ya maeneo ya Teso na Nairobi kuanzia Julai 13, 2026.","Kenya Medical Training College (KMTC) en gi tere mar tich kod gima otero ma okonyo kanyalo tich ng'ato mar Occupational Therapy pakati ka Teso to Nairobi, manok shok kanyakore July 13, 2026.","Iskoolka Tababarka Caafimaadka ee Kenya (KMTC) ayaa bilaabaya barnaamij is-dhaafsi ah oo tacliin iyo klinik ah oo loogu talagalay ardayda Terabka Shaqada ee u dhaxeeya xarumaha Teso iyo Nairobi laga bilaabo 13-ka Luulyo, 2026."
EDU-00729,Education,PSA,Nakuru County is providing specialized training for clinical officers and nurses to enhance mental health services. Healthcare providers are invited to participate in improving mental healthcare access.,Kaunti ya Nakuru inatoa mafunzo maalum kwa maafisa wa afya na wauguzi ili kuboresha huduma za afya ya akili. Watoa huduma za afya wanakaribishwa kushiriki katika kuboresha upatikanaji wa huduma za afya ya akili.,,EducationNews_co_ke,https://educationnews.co.ke/specialised-training-launched-for-nurses-clinical-officers-in-nakuru-to-improve-mental-health-services/,2026-07-26,General,Kaunti ya Nakuru igenda oria inyarakire chirigori miyo na buya buorere buya buya obwakirori bwakorigo maagano. Abakire abakiigana bazerekuorere mukinyanuru oria bwanoni bwakibori bukhore.,Nakuru County en oloo ng'ato ma okel ratiro madhi kuom jowi gi neno kama odek golo mental health. Jowi mar ubut ma en konyo nyiso ng'ato to yudo yien mokuome kuom golo mental health.,Degmada Nakuru waxay bixineysaa tababar khaas ah oo lagu horumarinayo adeegyada caafimaadka maskaxda ee shaqaalaha caafimaadka iyo kalkaaliyeyaasha. Bixiyeyaasha adeegyada caafimaadka ayaa lagu casuumay inay ka qaybqaataan hagaajinta helitaanka daryeelka caafimaadka maskaxda.
EDU-00730,Education,PSA,The National Industrial Training Authority (NITA) Skills Show showcases student talent in fashion and other disciplines. Students and the public are encouraged to participate in this annual celebration of skills.,Mamlaka ya Kitaifa ya Mafunzo ya Viwanda (NITA) inaonesha vipaji vya wanafunzi katika mitindo na taaluma nyingine. Wanafunzi na umma wanahimizwa kushiriki katika sherehe hii ya kila mwaka ya ujuzi.,,EducationNews_co_ke,https://educationnews.co.ke/nairobi-woman-rep-passaris-steals-the-show-in-student-designed-outfit-at-nita-skills-show/,2026-07-26,General,"Abasinda b’Obwakire bwa NITA banochere omogaka gokire, abere abereki baisibete biano poria omogaka ogwakire bui omogeire naki. Abasinda naki omogaka abogenda bakenyori kwogenda bui ogenda ogwakire bui bwano.",National Industrial Training Authority (NITA) Skills Show eyo nyal dhiye piny kanyo e tich mar fashion kod joma ok nyal. Jaduong' nikech kama gi jopiny to nyalo jigwe e gin nyamre duto chuyoo.,Hay'adda Tababarka Warshadaha Qaranka (NITA) ayaa muujinaysa xirfadaha ardayda ee moodada iyo culuum kale. Ardayda iyo dadweynaha waxaa lagu dhiirrigelinayaa inay ka qaybqaataan xafladdan sanadlaha ah ee xirfadaha.
EDU-00731,Education,PSA,31 graduates from Kiambu National Polytechnic are departing for Germany for vocational training and jobs under the Kenya Germany Labour Mobility Programme.,Wahitimu 31 kutoka Kiambu National Polytechnic wanaondoka kuelekea Ujerumani kwa mafunzo ya ufundi na kazi kwa mujibu wa Mpango wa Uhamaji wa Kazi kati ya Kenya na Ujerumani.,,EducationNews_co_ke,https://educationnews.co.ke/31-kinap-graduates-head-to-germany-under-kenya-germany-labour-mobility-programme/,2026-07-26,General,Abagere 31 bano bakwenda kukiga Germany buya bwakire buya buori bw’ekibunganya kibe kiae Kenya Germany Labour Mobility Programme.,31 joge mag Kiambu National Polytechnic osechoki kata Germany kuom tikh gi job mangenyi e Kenya Germany Labour Mobility Programme.,31 ka qalinjebiyeyaal ah oo ka baxay Kiambu National Polytechnic ayaa u dhoofaya Jarmalka si ay u helaan tababaro xirfadeed iyo shaqooyinka hoosta Barnaamijka Is-muujinta Shaqada Kenya iyo Jarmalka.
EDU-00732,Education,PSA,Retired teachers in Kenya facing pension delays are urged to ensure all required documentation is complete to expedite their payments.,Walimu waliostaafu nchini Kenya wanahimizwa kuhakikisha kwamba maandiko yote yanayohitajika yako kamili ili kuharakisha malipo yao ya pensheni.,,EducationNews_co_ke,https://educationnews.co.ke/mp-tonui-demands-urgent-action-on-pension-delays-facing-retired-teachers/,2026-07-26,General,Abagere buya baki babwaki bwakira omokiri mu Kenya bataria naki bwiire bwaki bwerege buya bosi omobono bwanokirinaba kera baki buya bwokire obwakire bwabo.,Maboko konyi oket kanyige kwenyruok teso oket ne gima e nyinge guok e kaka oseto duto mar yieng' gi konyruok duto.,Macallimiinta hawlgabka ah ee Kenya ee wajahaya dib u dhac pension ayaa lagu boorinayaa inay hubiyaan in dhammaan dukumintiyada looga baahan yahay ay dhameystiran yihiin si ay u dedejiyaan lacagaha ay xaqa u leeyihiin.
EDU-00733,Education,PSA,Student teachers in Kenya are encouraged to engage actively with digital resources during their teaching practice while maintaining professional integrity and critical thinking skills.,"Walimu wapya nchini Kenya wanasisitizwa kushiriki kwa kiasi kikubwa na rasilimali za kidijitali wakati wa mazoezi yao ya kufundisha, wakidumisha uaminifu wa kitaaluma na ujuzi wa kufikiri kwa kina.",,EducationNews_co_ke,https://educationnews.co.ke/teaching-practice-preparing-the-educators-of-tomorrow-in-a-rapidly-changing-world/,2026-07-26,General,Abanyigoti bage bokinyaki bwire bu ekega obookerere bwanaka bwaki bwetigere miki bisterture na egesia bwakirori na obokiri bu namunyu.,Awachina eka wacho kuom kwayoni kariboni e Kenya nyalo giyende gi digital resources mokwongo. Ninde oise kogo piny (professional integrity) gi miriu (critical thinking) ka osiwe.,"Macallimiinta ardayda ee Kenya waxaa lagu dhiirigelinayaa in ay si firfircoon ula falgalaan kheyraadka dijitaalka ah intay ku jiraan tababarka waxbarashada, iyagoo ilaalinaya ixtiraamka xirfadeed iyo xirfadaha fikirka dhidibbada."
EDU-00734,Education,PSA,"A new Early Childhood Development and Education (ECDE) center is now open in Ziwani, benefiting over 150 learners. This facility provides a safe and child-friendly environment for early education.","Kituo kipya cha Maendeleo na Elimu ya Awali (ECDE) sasa kipo wazi Ziwani, kikinufaisha zaidi ya wanafunzi 150. Kituo hiki kinatoa mazingira salama na rafiki kwa watoto kwa ajili ya elimu ya awali.",,EducationNews_co_ke,https://educationnews.co.ke/governor-timamy-unveils-new-ecde-centre-for-learners-in-ziwani/,2026-07-26,General,"Ekirogo ekiri bwaki naki Early Childhood Development and Education (ECDE) kisomogori kirema kosi Ziwani, kinyorere abaki 150. Ekirogo kino kibe egosibori naki ekirogo ke bwaki bwaki bwakire abaki.","Kaka nyakiri ma okelo gi Early Childhood Development and Education (ECDE) center kendo e Ziwani, jopiny 150 marach. Nthiso en mwaki mag nyathi kendo oting' kendo ma okinyi chike mar nyathi.","Xarun cusub oo Horumarinta iyo Waxbarashada Carruurta (ECDE) ayaa hadda laga furay Ziwani, iyadoo ka faa’iidaysanaya in ka badan 150 arday. Fursadan waxay bixisaa deegaan amaan ah oo carruurtu ku takhasustaan waxbarashada hore."
EDU-00735,Education,PSA,"Teachers are encouraged to focus on building trust, maintaining consistency, and fostering meaningful relationships in the classroom to enhance student engagement and learning outcomes.","Walimu wanahimizwa kuzingatia kujenga uaminifu, kudumisha uthabiti, na kukuza mahusiano ya maana katika darasa ili kuboresha ushiriki wa wanafunzi na matokeo ya kujifunza.",,EducationNews_co_ke,https://educationnews.co.ke/the-secret-behind-every-high-performing-classroom-its-not-strict-rules-its-great-teaching/,2026-07-26,General,"Abakora bajagani buse bwaki bwaki bwate naki, buse bwaki bwakoreng'ana buse bwate burosia buse bwasibasibwa mu ikisomo gose okugwenda omokireri na bosi bwanaka bwaki.","Wanano nyaka bedo kuom gindo kanyo, kuom neno chalo, e kendo osechung' maler mar nyim duong' e kendo golo koro yie e nyim joma kendo thuon ma wan joma.","Macalimiinta waxaa lagu dhiirigelinayaa inay diiradda saaraan dhisidda kalsoonida, sugidda joogtaynta, iyo kor u qaadista xiriir macno leh gudaha fasalka si loo xoojiyo ka qaybgalka ardayda iyo natiijooyinka waxbarasho."
EDU-00736,Education,PSA,Mr. Simon Ongaga from St. Joseph Nyabigena High School has been appointed as the Nyanza Region Referees Instructor by the Football Kenya Federation. This role will enhance soccer talent development in the region.,Bw. Simon Ongaga kutoka Shule ya Sekondari ya Mtakatifu Yosefu Nyabigena amepewa nafasi ya Mfundisha wa Waamuzi wa Mkoa wa Nyanza na Shirikisho la Soka Kenya. Majukumu haya yatasaidia kukuza talanta ya soka katika mkoa.,,EducationNews_co_ke,https://educationnews.co.ke/st-joseph-nyabigena-teacher-appointed-nyanza-region-referees-instructor-by-fkf/,2026-07-26,General,Mr. Simon Ongaga gwekore ebu St. Joseph Nyabigena High School omokiri ekegero Nyanza Region Referees Instructor naki Football Kenya Federation. Omochamo ogenda otwere omotigo okokire mu naki chimbibori.,Mzee Simon Ongaga ochok nyaka weche wuon St. Joseph Nyabigena High School ni yuok gi Referees Instructor mar Nyanza. Weche yieyo e yo ma onge nyaka joma okel kendo joma nyari e duto mar buu ma nyakach.,Mr. Simon Ongaga oo ka socda Dugsiga Sare ee St. Joseph Nyabigena ayaa loo magacaabay Macallinka Tijaabada Garsoorayaasha Gobolka Nyanza ee Xisbiga Kubadda Cagta Soomaaliya. Doorkan wuxuu kordhin doonaa horumarinta hibada kubadda cagta gobolka.
EDU-00737,Education,PSA,The Ministry of Education has reshuffled principals across several national polytechnics; affected institutions should prepare for the changes and incoming leaders.,Wizara ya Elimu imebadilisha wakuu wa shule katika vyuo vikuu vingi vya kitaifa; taasisi zilizoathirika zinapaswa kujiandaa kwa mabadiliko na viongozi wapya wanaoingia.,,EducationNews_co_ke,https://educationnews.co.ke/moe-moves-tvet-principals-to-new-new-stations-in-reshuffle/,2026-07-26,General,Obwakire bw'Elimu buyaire buyaire buyaire omokinyani bosi bw'ekoroseri; eng'ogoti omokinyani baagorani bwanakirio buyaire buyaire nakiing'ana.,Kod Ministry of Education oter chunya wahindogo e tinde manyien; maik gi yore kendo kendo ma gin jorito ma ng'wech.,Wasaaradda Waxbarashada ayaa dib-u-habayn ku samaysay madaxda jaamacadaha qaranka; hay'adaha ay saameysay waa inay isu diyaariyaan isbeddellada iyo hogaamiyeyaasha cusub.
EDU-00738,Education,PSA,Kenyan health professionals can explore overseas employment opportunities in Germany through KMTC's new partnership. Graduates are encouraged to participate in this initiative for career advancement.,Wataalamu wa afya nchini Kenya wanaweza kuchunguza fursa za ajira za kigeni nchini Ujerumani kupitia ushirikiano mpya wa KMTC. Wahitimu wanahimizwa kushiriki katika mpango huu kwa ajili ya maendeleo ya kazi zao.,,EducationNews_co_ke,https://educationnews.co.ke/kmtc-partners-with-germany-to-open-global-career-pathways-for-kenyan-health-professionals/,2026-07-26,General,Abakinyakare bakiingira bwereki busechukire bwensomba bu Germany buhoro bwaki BWAKI's bwebokire. Abakinyanagi bakesenyegeke bakenye bwereki busechenyangi aburere.,Ababukaji mar kenyani nyinge owacho e dholuo kamano ni tigi modhiero kendo kanyango e jamni matek kuom KMTC owach. Wuon mipango wan timo ng'ato kuom gi nyako ma wach gima jomoko.,Xirfadlayaasha caafimaadka ee Kenya waxay baari karaan fursadaha shaqo ee dibadda ee Jarmalka iyada oo loo marayo iskaashiga cusub ee KMTC. Qalinjebiyeyaasha waxaa lagu dhiirrigelinayaa inay ka qaybqaataan talaabadan si ay u horumariyaan xirfadooda.
EDU-00739,Education,PSA,Kaimosi Friends National Polytechnic has launched a mentorship program for trainees to build life skills and resilience. All students are encouraged to participate in these empowerment sessions.,Kaimosi Friends National Polytechnic imezindua mpango wa ukaribu kwa wanafunzi kujenga ujuzi wa maisha na uvumulivu. Wanafunzi wote wanahimizwa kushiriki katika vikao hivi vya uwezeshaji.,,EducationNews_co_ke,https://educationnews.co.ke/kaimosi-friends-national-poly-drives-tvet-growth-through-student-mentorship-and-stakeholder-forums/,2026-07-26,General,Kaimosi Friends National Polytechnic oreyirete programu ya ngo'ano buya buya bwanogoti kiko obokirori bwaki na gochaki. Abogisyo bosi batosia bushanganga munchindo iyi.,Kaimosi Friends National Polytechnic abich gi program moko ma okonyo kuom trainees kuonde gi chike mar matendo. Waseche mag adiera omedruok kuom this empowerment sessions.,Kaimosi Friends National Polytechnic waxay bilawday barnaamij hanuunineed oo loogu talagalay ardayda si ay u dhisaan xirfadaha nolosha iyo adkeysiga. Dhammaan ardayda ayaa lagu dhiirrigelinayaa inay ka qaybqaataan kalfadhiyada tayada kor u qaadeya.
EDU-00740,Education,PSA,Taita Taveta County is developing a Child Care Policy to establish formal Child Care Centres for children under four years. Stakeholders are encouraged to stay informed on this initiative.,Kaunti ya Taita Taveta inakunda Sera ya Uangalizi wa Watoto ili kuanzisha Kituo rasmi cha Utunzaji wa Watoto kwa watoto chini ya miaka minne. Wadau wanahimizwa kubaki na taarifa kuhusu juhudi hii.,,EducationNews_co_ke,https://educationnews.co.ke/taita-taveta-defends-ecde-and-vocational-training-record-as-senators-flag-policy-gaps/,2026-07-26,General,Omosome Taita Taveta etare ogenda nakiya oseriania burokire burokire buseketi bwakiri bwaseta burokire bwabere bora tsibori naki. Abakire bitwaki obwaki nabwaki bwakiri burokire burokire.,Kaunti ya Taita Taveta ikenyere kuonge gi polisi mar chike mar watoto kuom kuomni chike manore uyweyo sa chike mabor. Miyo ma duto noyie kuok kod jopiny nojong' e juogi maneno.,Degmada Taita Taveta waxay horumarinaysaa siyaasadda Daryeelka Carruurta si loo aasaaso Xarumo Daryeel Carruur oo rasmi ah oo loogu talagalay carruurta ka yar afar sano. kuwa danaynaya waxaa lagu dhiirigelinayaa inay la socdaan howshan.
EDU-00741,Education,PSA,The University of Nairobi aims to restore staff unity and improve its reputation under new Vice-Chancellor Prof. Ayub Gitau's leadership.,"Chuo Kikuu cha Nairobi kinakusudia kurejesha umoja wa wafanyakazi na kuboresha sifa yake chini ya uongozi wa Makamu Mkuu wa Chuo, Prof. Ayub Gitau.",,EducationNews_co_ke,https://educationnews.co.ke/prof-gitau-vows-to-reunite-uon-staff-restore-universitys-lost-glory-within-his-first-year-in-office/,2026-07-26,General,Yagano ya Nairobi igenda kogeria bwakire bwaki abaki na kwongere buya bwayo kiongori bwaki Vice-Chancellor prof. Ayub Gitau.,Yong' Osieno wuod Nairobi nyal-rayi gi choro motegno kendo nigi mbaka bende ka nyinge gi ma nyasa ni Vice-Chancellor Prof. Ayub Gitau.,"Jaamacadda Nairobi waxay ujeedadeeda tahay in dib u soo celiso midnimada shaqaalaha iyo hagaajinta sumcadeeda hoos tagta hogaaminta cusub ee Kulliyadaha, Prof. Ayub Gitau."
EDU-00742,Education,PSA,TVET institutions are urged to enhance student recruitment campaigns to address declining enrolment. Principals should actively promote their programs to attract more students.,Taasisi za TVET zinahimizwa kuimarisha kampeni za kuandikisha wanafunzi ili kukabiliana na upungufu wa wanafunzi. Wakuu wanapaswa kukuza kwa nguvu mipango yao ili kuvutia wanafunzi zaidi.,,EducationNews_co_ke,https://educationnews.co.ke/mps-urge-tvet-institutions-to-step-up-recruitment-campaigns-to-address-declining-student-enrolment/,2026-07-26,General,Makanisa ya TVET nakiagigwa kugikore masibori ya kubwaki kosi ya wakiireri kutenda igokorokere nakiato gochaki. Abashikori bakanisa nakiagigwa okugina bwaki bwabwe kutenda wakiireri bigee.,TVET kanyo nyis mar tini kuom nyakanyre niwuonde kuom puonji piny to osetwogo ndolo. Jotich kende noloo chike mauruok kuom nyasaye motenyo.,Hay'adaha TVET ayaa lagu boorinayaa inay xoojiyaan ololayaasha qabsashada ardayda si wax looga qabto hoos u dhaca tirada diiwaangelinta. Madaxdhaqameedka waa in ay si firfircoon u xayeysiiyaan barnaamijkooda si ay arday badan u soo jiitaan.
EDU-00743,Education,PSA,African universities are encouraged to unify branding and academic standards to enhance global visibility. Collaboration is vital for recognition of academic qualifications across the continent.,Vyuoni vya Afrika vinahimizwa kuungana katika uuzaji na viwango vya elimu ili kuboresha mwonekano wa kimataifa. Ushirikiano ni muhimu kwa kutambuliwa kwa sifa za kitaaluma kote barani.,,EducationNews_co_ke,https://educationnews.co.ke/kca-university-hosts-third-aau-workshop-on-positioning-african-universities-for-global-visibility/,2026-07-26,General,Masomo ya Afrika ikoreriere gwabogori bwaki naki khwakire ya masomo. Kugendana ikorori naki buya moekorera emanyere omokirori ya masomo mo Afrika.,"Jano mar’Afrika bende en jied ego mar branding gi chalo kanyo kata jithinyo to wachni e sa. Kanyim ni gima yieng’ kadhi, bwachni ma jothinyo wegi kanyakla e Afrika.",Jaamacadaha Afrika waxaa lagu boorinayaa inay isku mid yihiin sumad iyo heerar waxbarasho si ay u kordhiyaan muuqaalka caalamiga ah. Iskaashigu waa muhiim si aqoonsi loo helo shahaadooyinka waxbarasho ee qaaradda.
EDU-00744,Education,PSA,"The Teachers Service Commission has finalized the July 2026 payroll for over 400,000 teachers; salary payments will proceed, but details on Collective Bargaining Agreement increments are still pending.","Tume ya Huduma za Walimu imemaliza malipo ya mishahara ya Julai 2026 kwa walimu zaidi ya 400,000; malipo ya mishahara yataendelea, lakini maelezo kuhusu nyongeza za Makubaliano ya Pamoja yanaendelea kusubiriwa.",,EducationNews_co_ke,https://educationnews.co.ke/tsc-finalizes-july-payroll-for-400000-teachers-as-cba-phase-two-implementation-remains-uncertain/,2026-07-26,General,"Komishini ya Abere bu Kiagene buona igwadaraki ya Julai 2026 ya abere 400,000. Ahera buaboki ataranya, asi buya bu ng'ogeti bu Kogaki bu Aria bu Waki omena giuga.","Teachers Service Commission nopono ma July 2026 payroll ciclo kata 400,000 nyasaye; nyamre kumpe ni tich ok nyal ng'eyo, lakini mago mar Collective Bargaining Agreement g'iyo kendo nyalo ter.","Guddiga Adeegga Macalimiinta ayaa dhammaystiray mushaharka bisha Luulyo 2026 ee ka badan 400,000 macallin; lacagaha mushaharka ayaa bilaaban doona, laakiin faahfaahinta kordhinta Heshiiska Isku-xidhka ayaa weli sugaysa."
EDU-00745,Education,PSA,"This announcement is for a tragic event affecting King David Junior School in Uganda, where a bus accident resulted in 21 fatalities, including 20 pupils. Please ensure the safety of students during outings and adhere to all road safety guidelines.","Tangaza hili ni kuhusu tukio la kusikitisha linalohusisha Shule ya Msingi ya Mfalme David Junior nchini Uganda, ambapo ajali ya basi ilisababisha vifo vya watu 21, ikiwa ni pamoja na wanafunzi 20. Tafadhali hakikisha usalama wa wanafunzi wakati wa matembezi na ufuate taratibu zote za usalama barabarani.",,EducationNews_co_ke,https://educationnews.co.ke/uganda-21-killed-as-school-bus-overturns-on-return-journey-from-study-tour/,2026-07-26,General,"Ongorori ino naki ekerori eria osibori oreka ogokore King David Junior School ebwetane Uganda, omogaka naki bus igotaka oreke obwakore 21, omokinyore omokinyete 20. Naki okore omokinyete obwakore nubwakire emesia okenye na oriona bwaki obwiru bwokire.",Okwong' ni gima en joma goro ma ng'ato to gima oket tak ka King David Junior School e Uganda. Kanyo gima ochung' bus oweyo to 21 joge ni 20 ma en puoch. Nyasaye chuo chiko kuom gima timo ni wathogni puoch e tere mag joma ochak gi ngero ma ok otimo.,"Ogeysiiskan waxa uu quseeyaa dhacdo murugo leh oo ka dhacday Iskuulka King David Junior ee Uganda, halkaas oo shil bas ah uu sababay in 21 qof ku dhintaan, oo ay ku jiraan 20 arday. Fadlan hubi badbaadada ardayda inta lagu guda jiro safarada una hoggaansan dhammaan tilmaamaha badbaadada waddooyinka."
EDU-00746,Education,PSA,"Attention university students: Under the new Variable Scholarship and Loan Funding (VSLF) model, financial support is categorized into Bands 1-5 based on need. Ensure your eligibility is assessed through the Means Testing Instrument (MTI) to determine your funding level.","Tafadhali wanafunzi wa chuo: K chini ya mfano mpya wa Ruzuku na Mkopo wa Mabadiliko (VSLF), msaada wa kifedha umeainishwa katika Makundi 1-5 kulingana na mahitaji. Hakikisha kwamba sifa yako inathaminiwa kupitia Kibadilisha Kuthamini (MTI) ili kubaini kiwango chako cha ufadhili.",,EducationNews_co_ke,https://educationnews.co.ke/why-students-joining-universities-should-take-note-of-the-new-funding-formula/,2026-07-26,General,"Abaki bwakire bw'amasomo: Kwenye mwaki omogenda wa Variable Scholarship and Loan Funding (VSLF), eng'endo y'ebyogombwa ibwanisire mu Banda 1-5 ngokwogena. Egakure naki ogotung'ana naki bw'eng'endo yane ikonyorere (MTI) kukwogana dakania bwang'ena.","Mokinyi gi chike iloso: Kaka wan gi kachieny e nyim Mar bedo gi Chenro gi Ngeche (VSLF), chike mag riek owacho mag chuny puodho ni Band 1-5 nyaka long' nyaka joma. Nyisawa ng'ama udi maduong' e ji Machuok Kiwruok (MTI) mondo wachi maboro ma chike mag ng'ato.","Digniinta ardayda jaamacadaha: Habka cusub ee Maalgelinta Deeqda iyo Amaahda Isban, taageerada maaliyadeed waxaa loo qaybiyay qaybaha 1-5 iyadoo lagu saleynayo baahida. Hubi in lagu qiimeeyo shuruudahaaga adigoo isticmaalaya Qalabka Imtixaanka Kharashka (MTI) si loo go'aamiyo heerkaaga maalgelin."
EDU-00747,Education,PSA,School management committees are urged to support scouting clubs to develop discipline and life skills among students.,Kamati za usimamizi wa shule zinasisitizwa kusaidia vilabu vya utafutaji ili kuendeleza nidhamu na ujuzi wa maisha miongoni mwa wanafunzi.,,EducationNews_co_ke,https://educationnews.co.ke/school-heads-urged-to-support-scouting-clubs-as-movement-builds-discipline-and-life-skills/,2026-07-26,General,Abaki bwakire busekwana bategana naki batarakuri kushirikiana nabana batarakuri bururi bwere bwaki bobiori na buinokire buno bwaki.,Koech mandu gi chike mag shule nochung' to abir gi scouting clubs kendo omiya discipline kod pachi kendo kuom wende.,Guddiyada maareynta dugsiyada waxaa lagu boorinayaa inay taageeraan kooxaha baarista si ay u horumariyaan anshaxa iyo xirfadaha nolosha ardayda.
EDU-00748,Education,PSA,Parklands Baptist School has seven days to revoke the recently implemented 14.5% fee increase or face legal action from parents and guardians.,Shule ya Baptist Parklands ina siku saba kukatisha ongezeko la ada la asilimia 14.5 lililoanzishwa hivi karibuni au kukabiliwa na hatua za kisheria kutoka kwa wazazi na walezi.,,EducationNews_co_ke,https://educationnews.co.ke/parklands-baptist-school-faces-legal-battle-as-parents-reject-14-5-per-cent-fee-increase/,2026-07-26,General,Parklands Baptist School ina masaa ang'anya nane ekare omokungi omokire abwaki buya buya 14.5% naki buya omogenda naki abaki na aoga.,"Parklands Baptist School en koro ng'ama owacho 14.5% doho mar fee owuon, to e chieng' abich nigi, ma en kido kik ma gin jaruo gi chike gi ohero.",Iskuulka Parklands Baptist wuxuu haystaa toddoba maalmood oo uu ka joojiyo korodhka dhibcaha ah ee 14.5% la bilaabay ama la kulmi doono mid ka mid ah wakiilada waalidka iyo daryeelayaasha.
EDU-00749,Education,PSA,The Uzalendo Half Marathon aims to raise KSh100 million for scholarships for academically gifted but financially disadvantaged learners. Join the nationwide fundraising effort to support education.,Uzalendo Half Marathon inakusudia kukusanya KSh100 milioni kwa ajili ya elimu ya wasomi wenye uwezo lakini wanakabiliwa na changamoto za kifedha. Jiunge na juhudi hizi za kitaifa za ukusanyaji fedha kusaidia elimu.,,EducationNews_co_ke,https://educationnews.co.ke/uzalendo-half-marathon-launches-ksh100-million-drive-to-fund-scholarships-for-needy-learners/,2026-07-26,General,Uzalendo Half Marathon inagashanire KSh100 million naki naki kikuching’anya bwire bujire na ogendani pyeng’ana naki niboka boke mwaki obwaki bwaki. Ria bung’ana bwogenda obong’ana.,Uzalendo Half Marathon inyo kuom wachore KSh100 milioni kuom chiegni manyien ma ok eluo ma oting' golo. Kende gi fundraising ka ok stoko eyo chieh.,Uzalendo Half Marathon waxa uu leeyahay ujeeddo ah in la ururiyo KSh100 million si loogu taageero deeqo waxbarasho ardayda aqoonta leh ee dhaqaale ahaan danyarta ah. Ku soo biir ololaha lacag ururinta ee qaranka si aad u taageerto waxbarashada.
EDU-00750,Education,PSA,Public secondary school principals will be summoned by the National Assembly to account for the management of capitation funds. Be prepared to provide evidence on financial records and compliance issues.,Madarasa ya sekondari ya umma yatakabiliwa na wito kutoka Bunge la Kitaifa ili kuweza kufafanua kuhusu usimamizi wa fedha za capitation. Jiandae kutoa ushahidi kuhusu rekodi za kifedha na masuala ya kufuata sheria.,,EducationNews_co_ke,https://educationnews.co.ke/school-principals-set-to-face-parliament-over-management-of-billions-in-capitation-funds/,2026-07-26,General,Abanyaki bwiikere buya bw'amasomo bataroka ebeere bwiikere buya bw'ibwaki bota bwi'ekirogo. Makiere ogore omogori bw'omeria bonda bw'akiri bwakire buya naki k'waki bw'oyagano bw'endogori.,Okwanyono mar jango abich puburu maber bende oser piny National Assembly manyiso chieg mar kapitasheni. Nyalo ngʼeyo to golo ngʼwono e chieg mar ifuondo kendo joma kanyo.,Madaxda dugsiyada sare ee dadweynaha ayaa lagu casuumay Golaha Qaranka si ay ula xisaabtaan maamulka lacagaha capitation. Diyaar u noqo inaad bixiso cadeymo ku saabsan diiwaannada maaliyadeed iyo arrimaha waafaqsanaanta.
EDU-00751,Education,PSA,Young people are urged to embrace open dialogue and self-discipline in challenging situations. Violence is not a solution; communicate with your parents to prevent tragedies.,Vijana wanahimizwa kukumbatia mazungumzo ya wazi na kujidhibiti katika hali ngumu. Vviolence si suluhisho; wasiliana na wazazi wako ili kuzuia majanga.,,EducationNews_co_ke,https://educationnews.co.ke/student-found-dead-after-alleged-dispute-with-mother-over-phone-repair-money/,2026-07-26,General,Abakire bakiire baneqe omokinyani omokihorori na obwakire bwokwania mu nakiire karorire. Omokinyani si ng’eno; oria bosi bosi na bakirinji batoroto orogoya obokwiyorie.,Ojuma gi yore ka ng'ato nyal kata miyo. Nasi ningo chalo; to kanyono gi tuo ni yore ma ok nyal ketho.,Dhallinyarada waxaa lagu boorinayaa inay qaataan wada hadal furan iyo is xakameyn xaaladaha adag. Rabshaddu xal ma ahan; la xidhiidh waalidkaaga si aad uga hortagto masiibooyinka.
EDU-00752,Education,PSA,"The bell at Nasokol Primary School serves as a vital timekeeper for students, ringing at 5:00 p.m. to signal boarders and day scholars to prepare for lessons.","Kengele katika Shule ya Msingi ya Nasokol inatumika kama kiongozi wa muda kwa wanafunzi, ikilia saa 11:00 jioni kuwatangazia wanafunzi wa bweni na wa siku kujiandaa kwa masomo.",,EducationNews_co_ke,https://educationnews.co.ke/how-a-church-tower-bell-kept-time-for-generations-of-learners-at-nasokol/,2026-07-26,General,"Emucheri buya bu Nasokol Primary School emogori obwakire omokirori bwabaki, bwokire buya bwakire 5:00 p.m. bwokire abaki boibori na abaki babwaki botiige omokirori.","Belo mar Nasokol Primary School nyalo chier kago mar thuon, oyuegi kaka 5:00 p.m. kuom joge ariyeko kendo joge chon gi tiyo mar thuon.","Baalka Dugsiga Hoose ee Nasokol wuxuu yahay qalab muhiim ah oo waqti gooya ardayda, wuxuu dhankaa karayaa 5:00 galabnimo si uu u muujiyo ardayda dekedda iyo kuwa maalinlaha ah inay is diyaariyaan casharrada."
EDU-00753,Education,PSA,Youth are encouraged to embrace Technical and Vocational Education and Training (TVET) for self-reliance and job opportunities. Skills in trades are essential for independence and income stability.,Vijana wanahimizwa kupokea Elimu na Mafunzo ya Ufundi na Ufundi Stadi (TVET) kwa ajili ya kujitegemea na fursa za ajira. Ujuzi katika amali ni muhimu kwa uhuru na uthabiti wa mapato.,,EducationNews_co_ke,https://educationnews.co.ke/morara-kebaso-urges-youth-to-embrace-tvet-as-key-driver-of-jobs-and-self-reliance/,2026-07-26,General,Omosome bwakire bonyang'ane obwakire na Technical and Vocational Education and Training (TVET) buya kosi bwakiita bweng'ari bwake na obokire. Egokiriri mu obwakire buya bwakire buya buya enkindiri na emosi.,Sikire ma wendo ineno ka wato gi Technical and Vocational Education and Training (TVET) oketh ler kende kendo nyaka matek. Konyo gi piny ma oket kama ineno chalo kendo wende kaka.,Dhallinyarada waxaa lagu dhiirigelinayaa inay qaataan Waxbarashada Farsamada iyo Tababbarka Xirfadaha (TVET) si ay u noqdaan kuwo madaxbannaan oo ay shaqo u helaan. Xirfadaha ganacsiga waa muhiim si loo gaadho madax-bannaanida iyo xasilloonida dakhliga.
EDU-00754,Education,PSA,"Homa Bay County Junior Secondary Schools football championship will take place at Mbita National School from July 15-19, 2026. Participating teams must maintain discipline and punctuality.","Mashindano ya soka ya shule za upili za Mkoa wa Homa Bay yatafanyika katika Shule ya Kitaifa ya Mbita kuanzia Julai 15-19, 2026. Timu zinazoshiriki zinapaswa kudumisha nidhamu na kuwa wastaarabu.",,EducationNews_co_ke,https://educationnews.co.ke/homa-bay-unveils-jss-soccer-pools-for-county-games-at-mbita-national-school/,2026-07-26,General,"Ogendi bw’erebu bw’osekene bw’omereri bu Homa Bay County buokorie bu Mbita National School bu na Jiga 15-19, 2026. Abakereri bakenye tobuya okwigana na orere.","Championship mar nyiego kuom Junior Secondary Schools e Homa Bay County bende okonyo e Mbita National School manok bende e yo 15-19, 2026. Tim mar yawuok nyaka oter gi migiem.","Tartanka kubadda cagta ee dugsiyada hoose ee Homa Bay County ayaa ka dhici doona Iskuulka Qaranka ee Mbita laga bilaabo Luulyo 15 ilaa 19, 2026. Kooxaha ka qayb galaya waa inay ilaaliyaan anshax iyo waqtiga."
EDU-00755,Education,PSA,Universities are now issuing admission letters to students placed by KUCCPS for the 2026/2027 academic year. Successful applicants should visit their university's official website to access their admission documents.,Chuo kikuu sasa kinatoa barua za kujiunga kwa wanafunzi waliowekwa na KUCCPS kwa mwaka wa masomo 2026/2027. Wanafunzi waliofanikiwa wanapaswa kutembelea tovuti rasmi ya chuo chao kupata hati zao za kujiunga.,,EducationNews_co_ke,https://educationnews.co.ke/universities-begin-issuing-admission-letters-to-kuccps-placed-students/,2026-07-26,General,Abere oria bwire bategereere buya banaki bendorori bulongori yawa KUCCPS mwaki wa 2026/2027. Abaki bano bagenyia buya bakenya besibori buya bwaki bwsomere.,Univierisiti nyaka kujiwogi admission letters ma students kanyo gi KUCCPS kuom mwaka wa masomo 2026/2027. Joma wawinjo chiegni ochung' moloyo ku ugenyuni gi website ma univierisiti.,Jaamacadaha waxay hadda bixiyaan warqadaha aqbalaadda ardayda uu KUCCPS ku talinayso sanadka tacliinta 2026/2027. Ardayda guulaysatay waa in ay booqdaan website-ka rasmiga ah ee jaamacaddooda si ay u helaan dukumentiyada aqbalaadda.
EDU-00756,Education,PSA,Parents in Nandi County are urged to be vigilant regarding child safety due to rising incidents of suspected sodomy. Strengthen child protection measures and report any concerns immediately.,Wazazi katika Kaunti ya Nandi wanashauriwa kuwa makini kuhusu usalama wa watoto kutokana na kuongezeka kwa matukio ya kutuhumiwa sodomy. Imarisha hatua za ulinzi wa watoto na ripoti yeyote ya wasiwasi mara moja.,,EducationNews_co_ke,https://educationnews.co.ke/nandi-parents-alarmed-as-hospital-records-10-suspected-sodomy-cases-this-year/,2026-07-26,General,"Baba na mama baki Nandi County, mugosi naki omokiri ogokiri buya oreki boki bwikire bwaki omokiri bwaka bute naki bokia boki bware. Mokaetebwaki bwene omogori buya naki ogosi otisi omokireri.","Isechi ma Nandi County, wakuo kod leyo mar watoto kata kata to kendo wachoni mar sodomy otieno nyaka. Pinyu leyo mar ochron mar watoto kendo tere yie kendo iweyo ji nyaka.",Waalidiinta degmada Nandi waxaa lagu boorinayaa inay taxadar ka muujiyaan badbaadada carruurtooda sababa la xiriira kordhinta dhacdooyinka la tuhunsan yahay ee sodomy. Xoojiyo tallaabooyinka ilaalinta carruurta oo wargeli wixii walwal ah isla markiiba.
EDU-00757,Education,PSA,"KUPPET regional elections are set for August 21, 2026. Nomination papers and fees (Ksh 20,000 to Ksh 50,000) must be submitted by August 15, 2026.","uchaguzi wa KUPPET wa mikoa umepangwa kufanyika tarehe 21 Agosti 2026. Karatasi za uteuzi na ada (Ksh 20,000 hadi Ksh 50,000) zinapaswa kuwasilishwa kabla ya tarehe 15 Agosti 2026.",,EducationNews_co_ke,https://educationnews.co.ke/kuppet-sets-august-21-regional-elections-issues-nomination-guidelines/,2026-07-26,General,"Electsheni za KUPPET zijabuya kuora 21, 2026. Abatere bakananaki naki omokongeri (Ksh 20,000 mpaka Ksh 50,000) buya buya mini 15, 2026.","Nying' konyo yien KUPPET ng'ato are tich mar August 21, 2026. Kuing'ni chalo mar ng'ato mamoko (Ksh 20,000 to Ksh 50,000) owuon to ok nibedh ng'ato ka August 15, 2026.","Doorashada goboleedka KUPPET waxay qorshaysan tahay 21-ka Agoosto, 2026. Warqadaha musharaxnimada iyo khidmadaha (Ksh 20,000 ilaa Ksh 50,000) waa in la soo gudbiyaa kahor 15-ka Agoosto, 2026."
EDU-00758,Education,PSA,"KUCCPS is offering free career guidance services at the Kenyatta International Convention Centre (KICC) in Nairobi for students preparing for university, TVET, and college admissions.","KUCCPS inatoa huduma za bure za mwongozo wa kazi katika Kituo cha Mikutano cha Kimataifa cha Kenyatta (KICC) mjini Nairobi kwa wanafunzi wanaojiandaa kwa ajili ya kujiunga na chuo kikuu, TVET, na vyuo.",,EducationNews_co_ke,https://educationnews.co.ke/kuccps-offers-free-career-guidance-as-agency-warns-students-against-fraudsters-ahead-of-september-admission/,2026-07-26,General,"KUCCPS igenda buya gereka bwakire bwokireri buya bweng'endo bwakarumba ku Kenyatta International Convention Centre (KICC) mu Nairobi buya bwakire abana bakanoka bara gechama ku mayaka, TVET, na koleji.","KUCCPS owa gi thonno mar kariere maber kuom students ma en kod gi univasi, TVET, gi college admissions e Kenyatta International Convention Centre (KICC) Nairobi.","KUCCPS waxay bixineysaa adeegyo bilaash ah oo talooyin shaqo ah oo ka socda Xarunta Shirarka Caalamiga ah ee Kenyatta (KICC) ee Nairobi, ardayda diyarinaysa gelitaanka jaamacadaha, TVET, iyo kulliyadaha."
EDU-00759,Education,PSA,"Masinde Muliro University of Science and Technology is hosting a Summer School on disaster risk management from July 13 to July 17, 2026. Interested participants should register now.","Chuo Kikuu cha Masinde Muliro cha Sayansi na Teknolojia kinakaribisha Shule ya Majira ya Joto kuhusu usimamizi wa hatari za majanga kuanzia Julai 13 hadi Julai 17, 2026. Washiriki wenye hamu wanapaswa kujiandikisha sasa.",,EducationNews_co_ke,https://educationnews.co.ke/mmust-hosts-global-disaster-risk-summer-school-to-strengthen-climate-resilience-in-eastern-africa/,2026-07-26,General,"Masinde Muliro University of Science and Technology igogogoya Summer School eya disaster risk management eikire buya July 13 kosi July 17, 2026. Abaki bataria igogoya bosi bange bwerane.","Masinde Muliro University of Science and Technology ng'eyo joma chalo kendo gi nindgi chiew gi mang'wonj piny konyo higa odoko 13 to 17, 2026. Joma weche ni chon mag tich kare to ginyalo kita.","Jaamacadda Masinde Muliro ee Sayniska iyo Tiknoolajiyada waxay qabaneysaa Dugsiga Xagaaga ee maareynta khataraha masiibooyinka laga bilaabo 13ka ilaa 17ka Luulyo, 2026. Ka qaybgalayaasha xiiseynaya waa in ay hadda isdiiwaangeliyaan."
EDU-00760,Education,PSA,All Western Region teams participating in the 2026 KSSSA National Games must assemble at Kakamega School on July 26 and depart for Thika on July 27. Ensure travel arrangements are made in advance.,Timu zote za Mkoa wa Magharibi zinazoshiriki Michezo ya Kitaifa ya KSSSA 2026 zinapaswa kukutana katika Shule ya Kakamega tarehe 26 Julai na kuondoka kuelekea Thika tarehe 27 Julai. Hakikisha mipango ya usafiri imefanywa mapema.,,EducationNews_co_ke,https://educationnews.co.ke/western-region-teams-receive-revised-travel-guidelines-ahead-of-2026-ksssa-national-games/,2026-07-26,General,Abakare buya buki na Nyasa 2026 KSSSA National Games bakenya buya ka Kakamega School ng’enda July 26 na batoroge buya Thika July 27. Naki buya bwateka omogori bwa mbere.,"Nyathinyi kanyanza masa Western Region ma en kany ni biro oting’ e 2026 KSSSA National Games, watiyogo e Kakamega School, nyakito 26 rombore gi oketo e Thika, nyaka 27 rombore. Chiek chalo bura mar pao en ka nyaka otang’ ki samaki.",Dhammaan kooxaha Gobolka Galbeed ee ka qaybgalaya Ciyaaraha Qaranka KSSSA 2026 waa inay ku soo ururaan Iskuulka Kakamega 26ka Luulyo una baxaan Thika 27ka Luulyo. Hubi in diyaarinta safarka la sameeyo ka hor.
EDU-00761,Education,PSA,Students are encouraged to embrace Physics and other STEM subjects to aid Kenya's industrialization and innovation efforts. Engage in practical learning and explore opportunities in these fields.,Wanafunzi wanahimizwa kupokea Fizikia na masomo mengine ya STEM ili kusaidia juhudi za viwanda na uvumbuzi nchini Kenya. Jihusishe na kujifunza kwa vitendo na gundua fursa katika nyanja hizi.,,EducationNews_co_ke,https://educationnews.co.ke/students-urged-to-embrace-stem-as-physics-outreach-programme-builds-skilled-workforce-for-industrialization/,2026-07-26,General,Abakinyang'ania batarere oikinyi Physics na eng'ogoti STEM buya bwekore buya bwakeri bwanatea bwokinyang'ania na buya bwororere. Kiora mu miorokoni oigoti naki akore omong'anya buya buse.,Wang'ni opogore konyo Physics ne masomo ma en STEM e chiemo osethano Kenya. Tego e piny gi tich mar juoyo kendo weche e yo ma en mondo obet.,Studentiga waxaa lagu dhiirigelinayaa inay qaatan Fiisigiska iyo maadooyinka kale ee STEM si ay gacan uga geystaan ​​warshadaynta iyo hal-abuurka Kenya. Ka qayb qaado barashada wax ku oolka ah oo sahami fursadaha ka jira meelahaan.
EDU-00762,Education,PSA,"Teachers in Transmara West are invited to participate in the inaugural Transmara West Teachers' Sports Tournament on Sunday, July 19, 2026, at Kilgoris Boys Playing Ground to promote mental wellness and fitness.","Teachers kutoka Transmara Magharibi wanakaribishwa kushiriki katika Mashindano ya Michezo ya Walimu ya Transmara Magharibi yatakayofanyika Jumapili, Julai 19, 2026, katika Uwanja wa Michezo wa Kilgoris Boys ili kukuza ustawi wa akili na ufanisi wa mwili.",,EducationNews_co_ke,https://educationnews.co.ke/transmara-west-teachers-to-battle-in-inaugural-sports-tournament-to-promote-mental-wellness/,2026-07-26,General,"Abakire bosi baki Transmara West basemeke bwebwaki omokiri ogwenda mwango ogwende omokiri Transmara West Teachers' Sports Tournament bw'ogenda ku Nakiiri, Nyakoto 19, 2026, ku Kilgoris Boys Playing Ground bw'ogikinyora omokore omogendi na orogotenda.","Walimu ka Transmara West en ng’ato kuom yieng’ kuom Transmara West Teachers' Sports Tournament magi mar juma, July 19, 2026, e Kilgoris Boys Playing Ground kuom konyruok mentale e dhoot.","Macallimiinta Transmara West ayaa lagu casuumay inay ka qeyb galaan tartanka isboortiga macallimiinta ee ugu horreeya oo ka dhici doona Axadda, 19-ka Luulyo, 2026, goobta ciyaaraha ee Kilgoris Boys si loo dhiirrigeliyo caafimaadka maskaxda iyo fayoqab."
EDU-00763,Education,PSA,"Grade 10 and Form Three learners at Thika High School will be released early for their August holiday on July 21, 2026, at 7 AM. Parents must arrange safe transport for their children.","Wanafunzi wa Kidato cha Kumi na Kidato cha Tatu katika Shule ya Sekondari ya Thika wataruhusiwa kutoka mapema kwa likizo ya Agosti tarehe 21 Julai, 2026, saa moja asubuhi. Wazazi wanapaswa kupanga usafiri salama kwa watoto wao.",,EducationNews_co_ke,https://educationnews.co.ke/thika-high-releases-grade-10-form-three-learners-early-as-school-prepares-to-host-ksssa-national-term-two-games/,2026-07-26,General,"Abaki bwa Grade 10 na Form Three bu Thika High School bwakire magusi bw'otagwania omogori bw'oro jogi bwa Agasti bwakire 21, 2026, bukinyasa 7 za mioro. Ababere bobogori bagire omogori ogwakire bw'otang'ana bw'abaki babo.","Wang'ni 10 kod Form Three mar Thika High School bende en gi duong' ng'ato kare August ochako e July 21, 2026, e 7 AM. Pende mawuok gi tich bende ni miluoch mokwongo kuom chao kagi.","Ardayda fasalka 10-aad iyo foomka 3-aad ee Dugsiga Sare ee Thika ayaa si hore loogu sii daayay fasaxa August 21, 2026, saacadu markay tahay 7 subaxnimo. Waalidiintu waa inay diyaariyaan gaadiid ammaan ah oo carruurtooda loogu keeno."
EDU-00764,Education,PSA,"Public universities are facing a KSh28 billion funding crisis. Students, parents, and staff should be aware of potential impacts on university operations and quality of education.","Chuo kikuu cha umma kinakabiliwa na mgogoro wa ufadhili wa KSh28 bilioni. Wanafunzi, wazazi, na wafanyakazi wanapaswa kufahamu athari zinazoweza kutokea kwenye shughuli za chuo na ubora wa elimu.",,EducationNews_co_ke,https://educationnews.co.ke/universities-face-ksh28-billion-funding-crisis-as-mps-demand-urgent-reforms/,2026-07-26,General,"Masomu ma public naki kanibori ka funding ka KSh28 billion. Abasomori, abamwaki, na abakochi bakenye ore kire kiring'ana kiong'endi koka masomu na obokire bwaki.","Mokoro mar pubilc ni yo KSh28 billion magi. Wuon gi ji, gin chuno, gi staff deber gi timo kenyoni kanyo ka omiyo ji kuom nyasi mar kenyoni kod thum mar masomo.","Jaamacadaha dadweynaha ayaa wajahaya dhibaato Dhaqaale oo gaaraysa KSh28 bilyan. Ardayda, waalidiinta, iyo shaqaalaha waa inay ka warqabaan saameynta suurtagalka ah ee ku imaan karta howlaha jaamacadda iyo tayada waxbarashada."
EDU-00765,Education,PSA,"Tenwek High School in Bomet County will hold its Speech and Prize Giving Day on Saturday, July 18, featuring the unveiling of two new buses to enhance student transport.","Shule ya Sekondari ya Tenwek katika Kaunti ya Bomet itafanya siku ya Hotuba na Kutilia mkazo tuzo siku ya Jumamosi, Julai 18, ikiwa na uzinduzi wa mabasi mawili mapya kuboresha usafiri wa wanafunzi.",,EducationNews_co_ke,https://educationnews.co.ke/tenwek-high-school-to-host-2026-speech-day-as-cs-murkomen-unveils-two-new-school-buses/,2026-07-26,General,"Tenwek Secondary School mu Bomet County ikorera omokigori na Ore Bokone bwaki bwa oria, Omoseru, Okore 18, ogokirwa busebu bwa mbili bushindani bwaki bwaki bwakurire omwenda bwaki.","Tenwek High School chike Bomet County okonyore kendo bura ma yo jomoko e konyo, nyaka juma, July 18, kaka yiengi gi weng' bus abich abiro golo mi bunde joma.","Dugsiga Sare ee Tenwek ee ku yaal Gobolka Bomet ayaa qabanqaabinaya Maalinta Khudbadda iyo Abaalmarinta Sabtida, Juuly 18, iyadoo lagu soo bandhigi doono laba bas oo cusub si kor loogu qaado gaadiidka ardayda."
EDU-00766,Education,PSA,"The Kakuyuni Digital Hub is now open, providing access to digital skills training, online jobs, and e-government services for Kakuyuni residents. Take advantage of these resources today!","Kituo cha Kijidigitali cha Kakuyuni sasa kiko wazi, kikitoa mafunzo ya ujuzi wa dijitali, kazi za mtandaoni, na huduma za serikali mtandaoni kwa wakazi wa Kakuyuni. Tumia rasilimali hizi leo!",,EducationNews_co_ke,https://educationnews.co.ke/kangundo-mp-commissions-kakuyuni-digital-hub-to-expand-online-jobs-and-digital-skills/,2026-07-26,General,"Kakuyuni Digital Hub oregire, oja omokiriri bw'ogotegera, bujimbo bwa inyanja, na masomo e-government ku bakuruki ba Kakuyuni. Naki bw'oge oregia ogotegere bu!","Kakuyuni Digital Hub osebedo, nikech okelo kuom joma kendo fi chuo digital, kazi mar online, mathoth e-government mar joma Kakuyuni. Kony kanyasa ka weche manok!","Hubka Dijitaalka ah ee Kakuyuni ayaa hadda furan, isagoo siinaya dadka deggan Kakuyuni tababaro xirfadeed dijitaal ah, shaqooyin khadka tooska ah, iyo adeegyo e-gov. Ka faa'iidayso khayraadkan maanta!"
EDU-00767,Education,PSA,"Over 400 girls from local primary schools participated in a STEM Bootcamp at Siyoi Comprehensive School on July 16, 2026. Join efforts to encourage girls in STEM and related fields.",Zaidi ya wasichana 400 kutoka shule za msingi za mtaa walishiriki katika Bootcamp ya STEM katika Shule ya Siyoi Comprehensive tarehe 16 Julai 2026. Jiunge katika juhudi za kuhamasisha wasichana katika STEM na nyanja zinazohusiana.,,EducationNews_co_ke,https://educationnews.co.ke/last-mile-connectivity-project-empowers-over-400-girls-to-embrace-stem-at-siyoi-comprehensive-school/,2026-07-26,General,"Abagazi 400 be ogendi buya buora bwaki bategereire mu STEM Bootcamp buya Siyoi Comprehensive School ku July 16, 2026. Bwakareka ikinyanganya buya gire kegonje abagazi mu STEM naki naki abogendia.","Ng'ato 400 nyasach kisumo kanyo ne ulan gi STEM Bootcamp e Siyoi Comprehensive School nyaka Jawar 16, 2026. Nde piny kanyo machari mwach nyasach e STEM manok gi chunyi maber.","In ka badan 400 gabdho oo ka socota dugsiyada hoose ee deegaanka ayaa ka qaybgalay STEM Bootcamp oo ka dhacay Siyoi Comprehensive School 16ka Luulyo, 2026. Ka qayb qaado dadaalada lagu dhiirigelinayo gabdhaha STEM iyo kuwo la xiriira."
EDU-00768,Education,PSA,Egerton University invites the public to a candle-lighting ceremony today in honor of the late Prof. Catherine Wawasi Kitetu. Join the celebration at the Faculty of Arts and Social Sciences grounds.,Chuo Kikuu cha Egerton kinakaribisha umma kwenye sherehe ya kuwaka kwa mishumaa leo kumuenzi marehemu Prof. Catherine Wawasi Kitetu. Jiunge na sherehe hii kwenye uwanja wa Shule ya Sanaa na Sayansi za Kijamii.,,EducationNews_co_ke,https://educationnews.co.ke/egerton-university-to-honour-prof-catherine-kitetu-with-candle-lighting-ceremony/,2026-07-26,General,Egerton University ikinyakire obwakire bosi ku ceremoni ya okubetitia mwakire naki buwaki bwakire bwa Prof. Catherine Wawasi Kitetu. Naki hamwe na bosi ku nkitabu ya Faculty of Arts and Social Sciences.,Egerton University oheroya kamano kuom mabor ma oketho ng'ato ka giyudruok gi Prof. Catherine Wawasi Kitetu. Nya tije mar yudo kwayo e mag jaga mar Arts kod Social Sciences.,Jaamacadda Egerton waxay ku martiqaadaysaa dadweynaha munaasabad shumac-lidda ah maanta si ay u xusaan Prof. Catherine Wawasi Kitetu. Ka soo qaybgal dabaaldegga goobta Fanka iyo Cilmiga Bulshada.
EDU-00769,Education,PSA,"The burial of Meru National Polytechnic trainee Benedictor Ntinyari will take place on Tuesday, July 21, 2026. The community is encouraged to support the bereaved family during this time.","Mazishi ya mwanafunzi wa Meru National Polytechnic, Benedictor Ntinyari, yatafanyika Jumanne, Julai 21, 2026. Jamii inahimizwa kusaidia familia iliyokumbwa na msiba kipindi hiki.",,EducationNews_co_ke,https://educationnews.co.ke/meru-national-poly-mourns-trainee-ahead-of-july-21-burial/,2026-07-26,General,"Abandu ba Meru National Polytechnic, omokogorori Benedictor Ntinyari, bosi inyenjire naki omokinya, Nyakabiria, Olokogori, 21, 2026. Abandu batoro bosi dusoma oboke go bogo baretani oria.","Burial mar Meru National Polytechnic trainee Benedictor Ntinyari oket kendo tiyo e Wuok, July 21, 2026. Dahlak mar komuni nowinjruo kanga machielo ochiko ang'wen ma ogenda ohala ni.","Aas qaran ee macalinka Meru National Polytechnic, Benedictor Ntinyari waxa la qaban doonaa Talaada, 21-da Luulyo, 2026. Bulshadu waxaa lagu dhiirrigelinayaa inay taageeraan qoyska murugada leh waqtigan."
EDU-00770,Education,PSA,The National Assembly Departmental Committee on Education is addressing funding challenges in higher education. Stakeholders are urged to participate in upcoming consultative meetings to improve the Higher Education Funding Model.,Kamati ya Kudumu ya Bunge kuhusu Elimu inashughulikia changamoto za ufadhili katika elimu ya juu. Wadau wanahimizwa kushiriki katika mikutano ya ushauri inayokuja ili kuboresha Mfano wa Ufadhili wa Elimu ya Juu.,,EducationNews_co_ke,https://educationnews.co.ke/mps-push-for-urgent-reforms-to-address-higher-education-funding-crisis/,2026-07-26,General,Komiti ya Idara ya Elimu katika Bunge Kuu inashughulikia changamoto za ufadhili katika elimu ya juu. Washikadau wanahimizwa kushiriki katika mikutano ya ushirikiano inayokuja ili kuboresha Mfano wa Ufadhili wa Elimu ya Juu.,Komiti mag goro mar National Assembly kuom Education en gibiro konyo onyo kuom piny gi funding ka wech joma adhiyo. Jotega obiro timo konyo ka motegno gi tich ng'ato kuom wiye mag Higher Education Funding.,Guddiga Waaxda Waxbarashada ee Aqalka Shacabka ayaa ka wada hadlaya caqabadaha maalgelinta ee waxbarashada sare. Subagga wax-soo-saarka ayaa lagu boorinayaa in ay ka qeybgalaan kulamada talo-qabashada ee soo socda si loo hagaajiyo Habka Maalgelinta Waxbarashada Sare.
EDU-00771,Education,PSA,The Kenya Institute of Special Education (KISE) will conduct a nationwide special needs assessment in schools to identify learners requiring assistive devices. The assessment is expected to be completed within two months.,Taasisi ya Kenya ya Elimu ya Maalum (KISE) itafanya tathmini ya kitaifa ya mahitaji maalum katika shule ili kubaini wanafunzi wanahitaji vifaa vya msaada. Tathmini inatarajiwa kukamilika ndani ya miezi miwili.,,EducationNews_co_ke,https://educationnews.co.ke/cs-ogamba-announces-nationwide-special-needs-assessment-in-schools/,2026-07-26,General,Kenya Institute of Special Education (KISE) igenge omokirongo bwaise obwakire bwabaki bwere ore mgana bokia okenyengwa buse bwo omogori bwaki. Ibigwi buse bwakire okwenda buse buya na buora buse bisi.,"Kenya Institute of Special Education (KISE) kanyal gi tich mar special needs kuom jochung' kanyakla, e yo jomoko lokruok miyo ongeyo gichungo mar assistive devices. Tichno othin gi kuonye ng'ato abich.",Jaamacadda Kenya ee Waxbarashada Gaarka ah (KISE) waxay sameyn doontaa qiimeyn qaran oo ku saabsan baahiyaha gaarka ah ee ardayda iskuulada si loo ogaado ardayda u baahan qalabka kaalmada. Qiimeyntu waxa la filayaa in la dhammeeyo laba bilood gudahood.
EDU-00772,Education,PSA,"A public participation forum will be held on July 15, 2026, at 10:00 a.m. at Kinoru Youth Resource Centre to discuss the proposal to allocate Kinoru Primary School land for government offices.","Mkutano wa ushirikiano wa umma utafanyika tarehe 15 Julai 2026, saa 4:00 asubuhi katika Kituo cha Rasilimali za Vijana cha Kinoru kujadili pendekezo la kupewa ardhi ya Shule ya Msingi ya Kinoru kwa ofisi za serikali.",,EducationNews_co_ke,https://educationnews.co.ke/carole-kariuki-opposes-bid-to-allocate-kinoru-primary-school-land-for-government-offices/,2026-07-26,General,"Ong'anya bw'ogosibori bwanenge yaki, ng'echi 15, 2026, buya 10:00 mioria, na Kinoru Youth Resource Centre, bokwene bw'aki buya oro naki ogosibori bw'okweria ogotegere omogori bw'ogwasimbia buye ogokoti ku Kinoru Primary School.","Forum ma chuny ma nyalo golo e nyime konyruok odhiambo, July 15, 2026, e 10:00 a.m. e Kinoru Youth Resource Centre kuom wacho mahiga mar nyaka manono jotigro lokruok e Kinoru Primary School kuom bu kayie mag govenment.","Shir dadweyne ayaa la qaban doonaa 15-ka Luulyo, 2026, saacaddu markay tahay 10:00 subaxnimo, Xarunta Kheyraadka Dhallinyarada Kinoru si looga wada hadlo talada dhulka Dugsiga Hoose ee Kinoru loo qoondeynayo xafiisyada dowladda."
EDU-00773,Education,PSA,Residents of Kinoru area are urged to participate in discussions regarding the proposed excision of Kinoru Primary School land for sub-county offices. Your voice matters!,Wananchi wa eneo la Kinoru wanahimizwa kushiriki katika majadiliano kuhusu kupendekezwa kwa kukatwa kwa ardhi ya Shule ya Msingi ya Kinoru kwa ajili ya ofisi za sub-kaunti. Sauti yako ni muhimu!,,EducationNews_co_ke,https://educationnews.co.ke/row-erupts-over-plans-to-excise-kinoru-primary-school-land-for-sub-county-offices/,2026-07-26,General,Abakire baki Kinoru barabaki bakanegere mwaki bw'egaki nyarongo bwaki buse bosi bw'ekibondo bwaki bw'ogenda bwaki bw'ekibanda bw'ekisoma ya Kinoru. Omo buya buya!,Wuon gigi wahou ka gingo chike matindo kuom kigoro chiwo gini mag Mwongo Rabuor ni to in bende gi Kinoru Primary School. Koro in bende gite!,Dadka deegaanka Kinoru waxaa lagu boorinayaa in ay ka qayb qaataan wadahadallada ku saabsan qorshaha qodista dhulka dugsiga hoose ee Kinoru si loogu dhiso xafiisyada hoos yimaada degmada. Codkaaga ayaa muhiim ah!
EDU-00774,Education,PSA,"Starting in 2026, secondary schools will transition to Senior Schools (Grades 10-12) under the Competency-Based Curriculum, categorized as C1 to C4 based on their previous classifications.","Kuanzia mwaka 2026, shule za sekondari zitahamia katika shule za juu (Darasa la 10-12) chini ya Mtaala wa Uwezo, zikiwa katika makundi ya C1 hadi C4 kulingana na uainishaji wao wa awali.",,EducationNews_co_ke,https://educationnews.co.ke/grade-9-guide-on-categorisation-of-senior-schools/,2026-07-26,General,"Gekire 2026, masomo gaki bwegana na masomo makuru (Gredi 10-12) ng'enda yerebaki mu Mugeni Ogaki, bw'okorwaki C1 kendo C4  mwaki ohigori orokire.","Kanye 2026, shule gi tich mar sekondari ng’edi ku Senior Schools (Grade 10-12) maler e nyime Competency-Based Curriculum, kendo gima giruok gi C1 to C4 e nyime gima odhiere.","Laga bilaabo 2026, dugsiyada sare waxay u guuri doonaan Dugsiyada Sare (Fasallada 10-12) oo ku saleysan Manhajka Aqoonta Awooda, waxaana loo qaybin doonaa kategoryo C1 ilaa C4 iyadoo loo eegayo kala soocdii hore."
EDU-00775,Education,PSA,All schools must obtain prior approval from education authorities for educational trips. Submit a completed School Visit Application Form signed by the Head of Institution before planning any visit.,Shule zote zinapaswa kupata idhini ya awali kutoka kwa mamlaka ya elimu kwa ajili ya safari za kielimu. Wasilisha fomu ya maombi ya ziara ya shule iliyo kamilika na kusainiwa na Kiongozi wa Taasisi kabla ya kupanga ziara yoyote.,,EducationNews_co_ke,https://educationnews.co.ke/no-school-trip-without-approval-tough-safety-rules-every-school-must-meet-before-learners-hit-the-road/,2026-07-26,General,Busia bwose buya kworeri emokireri bweranda boke buya bui emabere buya. Omokireri oremote ekerori nyaki mwaki na omokireri omogotirei kera bwesebatuma.,Ong'eyo nyaka oriti e yo gima dhi nyaka ma nyaka tot gi edhi. Chula fomu mar School Visit Application mane gi sakir gi Head of Institution bende onge wach nyaka gima dhi nyaka.,Dhammaan dugsiyada waa inay helaan ogolaansho ka hor ah hay'adaha waxbarashada safarrada waxbarasho. Soo gudbi foomka codsiga booqashada dugsiga ee dhammeystiran oo saxiixan madaxa hay'adda ka hor inta aan qorshayn booqasho kasta.
EDU-00776,Education,PSA,Enroll in Technical and Vocational Education and Training (TVET) institutions to gain practical skills for employment and self-reliance. Embrace this opportunity for a better future.,jiandikishe katika taasisi za Elimu na Mafunzo ya Ufundi na Ufundi Stadi (TVET) ili kupata ujuzi wa vitendo kwa ajili ya ajira na kujitegemea. Kumbatia fursa hii kwa ajili ya siku zijazo bora.,,EducationNews_co_ke,https://educationnews.co.ke/melly-renews-push-for-more-tvet-enrollment-to-tackle-youth-unemployment/,2026-07-26,General,Jung'ana momwaki na Technical and Vocational Education and Training (TVET) buya ogenda oria buya bwaki buya oria buya oria. Iwa nyaki omokosi buya ige naki na emokere.,Jalou koth e Technical and Vocational Education and Training (TVET) nyasaye kaka ubich ng’ato kendo weche gi maliya. Bende joodo e nind e yo mokwongo.,Kusoo biir hay'adaha Waxbarashada Farsamada iyo Tababarka (TVET) si aad u hesho xirfadaha praktikalka ah ee shaqo iyo is-xilqaan. Fursadan qaado si aad mustaqbalkaaga u hagaajiso.
EDU-00777,Education,PSA,"The government is distributing 11,139 assistive devices to learners with disabilities in all 47 counties. These devices aim to enhance access to quality and inclusive education.","Serikali inagawanya vifaa 11,139 vya kusaidia wanafunzi wenye ulemavu katika kaunti zote 47. Vifaa hivi vinakusudia kuboresha upatikanaji wa elimu bora na jumuishi.",,EducationNews_co_ke,https://educationnews.co.ke/government-distributes-11139-assistive-devices-to-learners-with-disabilities-across-kenya/,2026-07-26,General,"Govana oria enche 11,139 oboardi boki bwabaki nyansagani bwiire baki basichani naki 47 ochieng’ori. Oboardi omogoti omoka naki boki togo bome buseche bwiire baki bwaki borori.","Government imiya 11,139 ng'ato manyasa moyieng' marach ka ler gichwonyo e 47 manyo. Ewi ng'ato ariyo nyal tinde tingo magero ginen joma gi lweny kod wendo tich.","Dowladdu waxay qaybinaysaa 11,139 qalab ka caawiya ardayda naafada ah dhammaan 47-ka degmo. Qalabkan wuxuu ujeedkiisu yahay in kor loo qaado helitaanka waxbarasho tayo leh iyo mid ka mid ah."
EDU-00778,Education,PSA,"The Kenya National Union of Teachers (KNUT) urges parents, teachers, and community leaders to educate youth on the risks of gambling and promote responsible decision-making.","Shirikisho la Walimu wa Kenya (KNUT) linawataka wazazi, walimu, na viongozi wa jamii kuwafunzisha vijana kuhusu hatari za kamari na kukuza maamuzi mazuri.",,EducationNews_co_ke,https://educationnews.co.ke/bomet-youths-death-sparks-knut-push-for-tighter-gambling-regulations/,2026-07-26,General,"Chingecha chaki Kenya National Union of Teachers (KNUT) ekeria abaki, abarimu, na abaki baki chireme ehagere ore ogetobori oiga bwire ne bakerere oria buya.","Kenya National Union of Teachers (KNUT) in gima owuon koni, joma okel, gi jopiny mang'ena, ka wathony gi yien mar mamoko magero kendo togtore kanyanjore mag kuom chalo mar ping' gi yo.","Ururka Qaranka Macalimiinta Kenya (KNUT) wuxuu ku boorinayaa waalidiinta, macalimiinta, iyo hogaamiyeyaasha bulshada inay wax ka baraan dhalinyarada khataraha sharadka iyo inay dhiirrigeliyaan go'aan qaadasho mas'uul ah."
EDU-00779,Education,PSA,"The KUCCPS inter-institutional transfer portal is open for 30 days from July 15, 2026. Apply online at www.students.kuccps.ac.ke and pay a Ksh1,000 fee to initiate your transfer.","Mradi wa kuhamasisha uwakilishi wa KUCCPS umekaribishwa kwa siku 30 kuanzia Julai 15, 2026. Omba mtandaoni kwenye www.students.kuccps.ac.ke na lipa ada ya Ksh1,000 ili kuanzisha mchakato wa uhamishaji.",,EducationNews_co_ke,https://educationnews.co.ke/kuccps-opens-30-day-window-for-students-to-apply-for-inter-institutional-transfers/,2026-07-26,General,"Portal ya KUCCPS ya kuhama kati ya taasisi ziko wazi kwa siku 30 kuanzia Julai 15, 2026. Omba mtandaoni kwenye www.students.kuccps.ac.ke na lipa ada ya Ksh1,000 ili kuanzisha hamahama yako.","Potal ku-transfer mar KUCCPS okungo gi 30 ndogo manie Julai 15, 2026. Nyiso kanyakla e www.students.kuccps.ac.ke kata buo Ksh1,000 mondo ubed gi transfer.","Barta wareejinta hay'adaha KUCCPS ayaa furan 30 maalmood laga bilaabo 15ka Luulyo, 2026. Codso khadka tooska ah ee www.students.kuccps.ac.ke oo bixi lacag dhan Ksh1,000 si aad u bilaawdo wareejintaada."
EDU-00780,Education,PSA,"Schools approved on the Kenya Education Management Information System (KEMIS) but not receiving final registration emails should log in with their original email or use ""Forgot Email"" to access alternative addresses and complete registration.","Shule zilizopitishwa katika Mfumo wa Usimamizi wa Habari za Elimu Kenya (KEMIS) lakini hazipati barua pepe za usajili wa mwisho zinapaswa kuingia kwa kutumia barua pepe yao ya awali au kutumia ""Sahau Barua Pepe"" kupata anwani mbadala na kukamilisha usajili.",,EducationNews_co_ke,https://educationnews.co.ke/moe-issues-guidance-to-schools-facing-kemis-registration-challenges/,2026-07-26,General,"Masomo akang'anya mu Kenya Education Management Information System (KEMIS) abwaki tugana mu bwoga bwakirori bwesibori yenda bakorire buya bulanda bwegena, kana baskorere ""Forgot Email"" nge'ekegeranya ekenyo egokoreje na bambarorore hashiori.","Masomo maber konyruok e Kenya Education Management Information System (KEMIS) to ok nyal weche mag kanyo tho ok walok logolo mokuongo e email mag pi konyruok gi ""Forgot Email"" to bedo e email to kod ruok mar kanyo.","Dugsiyada ku qeexan Nidaamka Maareynta Macluumaadka Waxbarashada Kenya (KEMIS) laakiin aan helin iimayllada xaqiijinta ugu dambeeya waa inay galaan akoonkooda iimaylka asalka ah ama isticmaalaan ""Iimaylka Maqan"" si ay u helaan ciwaannada kale oo ay dhammeeyaan diiwaangelinta."
EDU-00781,Education,PSA,"JKUAT will admit 7,114 government-sponsored students for the 2026/2027 academic year. Newly admitted students must rely on JKUAT's official communication channels to avoid scams.","JKUAT itakubali wanafunzi 7,114 wanaosimamiwa na serikali kwa mwaka wa masomo 2026/2027. Wanafunzi wapya wanaopokelewa wanapaswa kutegemea kanali rasmi za mawasiliano za JKUAT ili kuepuka mashauli.",,EducationNews_co_ke,https://educationnews.co.ke/jkuat-to-admit-7114-government-sponsored-students-sounds-alarm-over-fake-admission-links/,2026-07-26,General,"JKUAT ikore eng'ani 7,114 buya buya bosi bware vendere omokwere 2026/2027. Abogoti b'okwere buya bosi baswete egesia buya za JKUAT omokibere omotere ogwenyera.","JKUAT nyalo nyis 7,114 wasomaji ma gi chande govens. Wasomaji ma nyalo nyis nyaka timo ya JKUAT e nyaka mana ma ok konyo e yo.","JKUAT waxay aqbali doontaa 7,114 arday oo dowladdu maaliyad dhaqaale siisay sanadka 2026/2027. Ardayda cusub ee la aqbalay waa inay ku xirmaan kanaallada rasmiga ah ee JKUAT si ay uga fogaadaan khiyaamooyinka."
EDU-00782,Education,PSA,Nyamira University will admit its pioneer cohort of students in September as planned. Parents and students should prepare for this admission.,Chuo Kikuu cha Nyamira kitapokea kundi lake la kwanza la wanafunzi mnamo Septemba kama ilivyopangwa. Wazazi na wanafunzi wanapaswa kujiandaa kwa ajili ya kujiunga.,,EducationNews_co_ke,https://educationnews.co.ke/mp-gisairo-casts-doubt-over-nyamira-universitys-readiness-for-september-pioneer-intake/,2026-07-26,General,Nyamira University ikwenda okang'ana abaki bagera bapeere buya mwokiri wa September. Abaki na abaki boke bateganye naki omokang'ano oyaki.,Nyamira University niki ginyalo gi joma thurwa mar loso kido mag ng'ato e September. Wazee mane joma thurwa nyalo to kod ginyisia kendo kawo gi ng’ato ma abir owuon.,Jaamacadda Nyamira waxay qabsan doontaa ardaydeedii ugu horreysay bisha Sebtembar sida qorshuhu yahay. Waalidiinta iyo ardayda waa inay is diyaariyaan qabashada ardayda.
EDU-00783,Education,PSA,Adolescent mothers in Kirinyaga County can now resume education or enroll in vocational training at county polytechnics. Visit your local polytechnic for more information.,Makao ya vijana wa kike wanaokumbana na matatizo ya ujauzito katika Kaunti ya Kirinyaga sasa wanaweza kuendelea na masomo au kujiunga na mafunzo ya ufundi katika vyuo vya kaunti. Tembelea chuo chako cha karibu kwa maelezo zaidi.,,EducationNews_co_ke,https://educationnews.co.ke/kirinyaga-assembly-passes-motion-for-young-mothers-to-resume-education-enrol-in-vocational-training/,2026-07-26,General,Abakia baki mwaki wa Kirinyaga baria naki bwanamakariri owaki bunka omogaka bwaki. Maki buya bwaki bwa bwanamakariri buya omogaka bwaki.,"Ma jomoko ma nyaka kendo gi kar ka gima oknyal, kendo kare ma tinye ka olore gi lweny mokuot kod nyamrer. Kiwach nyaka nene kuom inyo nyaka kuor lweny mokuot ma e gi.",Hooyooyinka dhallinyarada ah ee ka tirsan Gobolka Kirinyaga hadda waxay dib u bilaabi karaan waxbarashada ama ku biiri karaan tababarka xirfadeed ee jaamacadaha gobolka. Booqashada jaamacaddaada deegaanka si aad u hesho macluumaad dheeraad ah.
EDU-00784,Education,PSA,Parents are advised to monitor their children for symptoms of mumps and seek medical attention if they appear. Keep symptomatic children at home until assessed by a healthcare professional.,"Wazazi wanashauriwa kuangalia watoto wao kwa dalili za mumps na kutafuta huduma ya afya wakionekana. Wakati huu, wahifadhi watoto wenye dalili nyumbani hadi wapimwe na mtaalamu wa afya.",,EducationNews_co_ke,https://educationnews.co.ke/suspected-mumps-cases-reported-in-nairobi-schools-parents-urged-to-stay-alert/,2026-07-26,General,Ababere bateganire kwogetia abaki bengine boche buya bwa mumps egwaki obonenge. Ria abaki ba naki buya na bwebogo otengete bwecho bwasema.,"Waruo gin jachien nyaka ichung' motegno kendo tuke iwuok ma ng'wonya mar mumps, kendo nyaka ng'eyo joma oter e thur. Telo jachien ma ng'wonya ka ohero gi jomi duto mar thuru.",Waalidiinta waxaa lagu talinayaa inay la socdaan carruurtooda calaamadaha qufaca iyadoo la raadinayo daryeel caafimaad haddii ay soo baxaan. Carruurta calaamadaha leh ku hay guryaha ilaa laga baaro xirfadle caafimaad.
EDU-00785,Education,PSA,Kibabii University confirms that no new Vice-Chancellor has been appointed; Prof. Isaac Ipara Odeo remains in office. Disregard any false reports circulating on social media.,Chuo Kikuu cha Kibabii kimeweka wazi kwamba hakuna Makamu Mkuu mpya aliyewekwa; Prof. Isaac Ipara Odeo anaendelea na wadhifa wake. Puzilia mbali ripoti zozote za uongo zinazosambazwa kwenye mitandao ya kijamii.,,EducationNews_co_ke,https://educationnews.co.ke/kibabii-university-denies-appointing-prof-julius-maiyo-as-new-vice-chancellor/,2026-07-26,General,Kibabii University enyaki omokire naki naki naki Vice-Chancellor mosire; Prof. Isaac Ipara Odeo oria ogenda. Omosire buse bw'ogenda obuna bw'osiye buya oria morere ogenda.,Kibabii University owinjore ni ng'ama Vice-Chancellor nyaluo eyo; Prof. Isaac Ipara Odeo ni owuon e kany. Gima kanyono e social media koro ne othing' otieno.,Jaamacadda Kibabii waxay xaqiijisay in aan la magacaabin Madaxweyne cusub; Prof. Isaac Ipara Odeo wuxuu weli xilka hayaa. Ka indho sarreeya warar qalafsan oo ku saabsan baraha bulshada.
EDU-00786,Education,PSA,"A private members' Bill is proposed to regulate senior school enrolment, limiting students to specified streams starting 2027. Stay informed about potential changes in school admissions.","Muswada wa wanachama binafsi umependekezwa kuimarisha usajili wa shule za sekondari, ukipunguza wanafunzi katika mwelekeo maalum kuanzia mwaka 2027. Fuata mabadiliko yanayoweza kutokea katika usajili wa shule.",,EducationNews_co_ke,https://educationnews.co.ke/bill-to-regulate-school-enrolment-offers-promise-but-risks-deepening-school-stratification-into-unequal-clusters/,2026-07-26,General,"Eseke buya buya bwaki bw'Ekiyang'ania bwokore eng'endi buya bw'ogoti bw'bwaki bosi, motirenda buya buya bw'aboga bw'abetugi bw'ekere 2027. Naki kitibori ogoti buya bw'ogendio mu emwaki bwakihorere.","Okwany piny oyie mar Private Members' Bill wacho ni oketo kawuono mag piny gigo, kendo oketo gi lastini gimojogo mar nyaka 2027. Jochung' gi chuo ma okonyo e konyo ma e piny.","Sharci gaar ah ayaa la soo jeediyay si loo xakameeyo diiwaan gelinta ardayda dugsiyada sare, iyadoo la xadidayo ardayda inay doortaan qaybaha cayiman laga bilaabo 2027. Ka warhay isbedellada suurtagalka ah ee qabsashada dugsiyada."
EDU-00787,Education,PSA,Public universities and TVET institutions are under parliamentary audit scrutiny. Institutions must provide accurate responses to all audit queries to avoid personal accountability for mismanagement of public funds.,Vyuo vikuu vya umma na taasisi za TVET zinakaguliwa na bunge. Taasisi lazima zitoe majibu sahihi kwa maswali yote ya ukaguzi ili kuepuka dhima binafsi kwa usimamizi mbaya wa fedha za umma.,,EducationNews_co_ke,https://educationnews.co.ke/parliament-launches-sweeping-audit-probe-into-universities-tvets-over-management-of-public-funds/,2026-07-26,General,Makiokwenda naki TVET naki abere kora muchabe. Abere naki bwakire buya buya buite oria obwakubaki oria bachamo buya kiaireetete khore omokiri ogore omotigoti bwaki.,Kenyang' iwinjo mag Oganda mar joma gi TVET wacho ka gin e micha mar bunge. Makarita cha konyo unyalo chas gi jogi jote mar ma dhi puonjog e nyalok kendo to kod ga konyo denda mar puonjo.,Jaamacadaha dadweynaha iyo hay'adaha TVET waxay ku jiraan kormeerka baarlamaanka. Hay'aduhu waa inay bixiyaan jawaabo sax ah oo ku saabsan dhammaan su'aalaha kormeerka si ay uga fogaadaan mas'uuliyadda shakhsiyeed ee maareynta xun ee lacagaha dadweynaha.
EDU-00788,Education,PSA,"Kabete National Polytechnic trainees have elected new student leaders for the 2026/2027 academic year, including Oinepu Philemon Saruni as President.","Wanafunzi wa Kabete National Polytechnic wamechagua viongozi wapya wa wanafunzi kwa mwaka wa masomo 2026/2027, akiwemo Oinepu Philemon Saruni kama Rais.",,EducationNews_co_ke,https://educationnews.co.ke/kabete-national-poly-trainees-elect-new-student-leaders-for-2026-2027/,2026-07-26,General,"Abakikire b'ekibung'oni kya Kabete baire omokiri b'amasomo b'ekibung'oni b'ekiga 2026/2027, na Oinepu Philemon Saruni akire Nyaigenda.","Joluo mar Kabete National Polytechnic en oting' kod abok mar jowet mar 2026/2027, omiyo Oinepu Philemon Saruni en Jodongo.","Ardayda Kabete National Polytechnic waxay doorteen hoggaamiyayaal cusub oo arday ah sanadka baarlamaanka 2026/2027, oo ay ku jiraan Oinepu Philemon Saruni oo ah Madaxweynaha."
EDU-00789,Education,PSA,"The 2026 National Term Two Games will take place from July 28 to August 1 at MPESA Academy, featuring top secondary school teams in football, rugby sevens, volleyball, and netball.","Mashindano ya Kitaifa ya Term Mbili ya 2026 yatafanyika kuanzia Julai 28 hadi Agosti 1 katika Akademia ya MPESA, yakijumuisha timu bora za shule za sekondari katika soka, rugby sevens, mpira wa pete, na voliboli.",,EducationNews_co_ke,https://educationnews.co.ke/ksssa-releases-2026-national-games-pools-ahead-of-showdown-at-mpesa-academy/,2026-07-26,General,"Bwakire buya 2026 bwaki boki bounane bweng'enda bu Terenane bu Mboko, buristo bwang'oka bwake, buya ntokama 28 bu iloka 1 bu Augusti ki MPESA Academy, bwaki bwamiboko bu eng'endo boki bwaki bu mugoya, rugby sevens, volleyball, na netball.","Isechi 2026 mar National Term Two Games nyalo timo wanji from July 28 to August 1 ku MPESA Academy, kawo joma secondary school ma okonyo gi football, rugby sevens, volleyball, kod netball.","Ciyaaraha Qaranka ee Waqtiga Labaad ee 2026 waxay dhici doonaan laga bilaabo Luulyo 28 ilaa Ogosto 1, xarunta MPESA Academy, iyadoo la ciyaarayo kooxaha ugu fiican ee dugsiyada sare ee kubbadda cagta, rugby sevens, kubbadda voli, iyo netball."
EDU-00790,Education,PSA,Theology colleges have 90 days to comply with Ministry of Education regulations or face closure. Ensure your institution meets registration and accreditation requirements by the deadline.,Vyuo vya teolojia vina siku 90 kutii kanuni za Wizara ya Elimu au kukabiliwa na kufungwa. Hakikisha taasisi yako inatimiza vigezo vya usajili na uthibitisho kabla ya tarehe ya mwisho.,,EducationNews_co_ke,https://educationnews.co.ke/parliament-gives-theology-colleges-90-days-to-comply-or-face-shutdown/,2026-07-26,General,Masomo egesibori gotwe amoko 90 buya gendo okore genda Obwakire bwe Kiongosi bwokire mugenda oboka ogwaki. Gana igana egesibori yenu iri mu nkiru oho itumwa na oria bwakire.,Makar kanyono ni ng'ama ji 90 kuonge ka otele makelo kwaya ma Ministry of Education. Konyo ng'eyo ni yun ji nyap ndege mag mûra gi kwer kanyakre.,Colleges-ka diinta waxay haystaan 90 maalmood si ay u raacaan shuruucda Wasaaradda Waxbarashada ama waxay wajihi doonaan xirid. Hubi in hay'addaada ay buuxiso shuruudaha diiwaangelinta iyo aqoonsiga ka hor waqtiga kama dambaysta ah.
EDU-00791,Education,PSA,"The Ministry of Education cannot independently review or increase salaries for TVET trainers, as remuneration is regulated by the Salaries and Remuneration Commission.","Wizara ya Elimu haiwezi kujihusisha moja kwa moja na ukaguzi au ongezeko la mishahara ya wahitimu wa TVET, kwani malipo yanasimamiwa na Tume ya Mishahara na Malipo.",,EducationNews_co_ke,https://educationnews.co.ke/no-salary-rise-for-tvet-trainers-as-cs-ogamba-explains-why-governments-hands-are-tied/,2026-07-26,General,"Nkiro bu Omosome bu Atetegani omonye obokosi bwokutamaya  bwatangwa, buya obotire bwenu bwomobogoni bwi Salaries and Remuneration Commission.","Gimoni mar Uthiw ne ok nyal duto kanyonyo kapo kanyogolo kata ng'ato mar TVET, minyuongo yath joma ok nyal dwaro e ng'ato mar Salaries and Remuneration Commission.","Wasaaradda Waxbarashada ma awooddo inay si madax-bannaan u eegto ama kor u qaaddo mushaarada tababarayaasha TVET, maadaama lacag-bixinta ay xakameyso Guddiga Mushaaraadka iyo Lacag-bixinta."
EDU-00792,Education,PSA,"Attention educators and parents: A crisis in reading proficiency has been identified, with 60% of Grade 4 learners unable to read at a Grade 3 level. Urgent measures are needed to improve foundational literacy.","Kazi kwa walimu na wazazi: Kuna mgogoro katika uwezo wa kusoma, ambapo 60% ya wanafunzi wa Darasa la 4 hawawezi kusoma kwa kiwango cha Darasa la 3. Hatua za haraka zinahitajika kuboresha uelewa wa msingi wa kusoma.",,EducationNews_co_ke,https://educationnews.co.ke/kennedy-buhere-reading-crisis-looms-as-six-out-of-10-grade-4-learners-cannot-read/,2026-07-26,General,"Abaki bosi na abagi: Ekitogotero kirekereraki naki, ne 60% ya baana baki 4 naki baria bakanikere buya buya bwa baki 3. Ntang'ana igechere okwitagania kujiendere buya bwa geti.","Nind to yie nyaka, inyalo wadhi: Piny koro yore chiro ka methe, ka 60% mar Grade 4 duto ne oganda omiyo tiend wach kendo konyo ni koro piny 3. Ototogi mara konyo kendo in gi ndalo mag joma kagi.","Dhegeyso macallimiin iyo waalidiin: Dhibaatada aqriska ayaa la ogaadey, 60% ardayda darajada 4-aad ayaa aan awoodin inay akhriyaan heerka darajada 3-aad. Tallaabooyin degdeg ah ayaa loo baahan yahay si loo hagaajiyo aqoonta aasaasiga ah ee akhriska."
EDU-00793,Education,PSA,"Dickson Muganda, a teacher at Butere Girls High School, has returned after being reported missing. He apologized for his absence; schools and parents are urged to emphasize communication and accountability.","Dickson Muganda, mw teacher wa Butere Girls High School, amerudi baada ya kutangazwa kupotea. Amekiri makosa kwa kutokuwepo; shule na wazazi wanahimizwa kuweka mkazo katika mawasiliano na uwajibikaji.",,EducationNews_co_ke,https://educationnews.co.ke/kakamega-teacher-resurfaces-after-false-reports-of-death/,2026-07-26,General,"Dickson Muganda, omokere ogenda Butere Girls High School, narorore buya maki kera atigiri. Naagijere oria buya bwe yachemokere; masomoni na obokirigori batarore bonyere kera kusiikiria na obwakire.","Dickson Muganda, mudho bura e Butere Girls High School, oting'uru ng'ato kamano. Omedhoye gima en gima oting'o; shule kod abandu en piny konyo tich tich mokuongo gima dhok e gima wacho.","Dickson Muganda, macallin ka tirsan Dugsiga Sare ee Butere Girls, ayaa soo laabtay ka dib markii la soo sheegay inuu lumay. Wuxuu raalli gelin ka bixiyey maqnaanshihiisa; iskuulada iyo waalidiinta waxaa lagu boorinayaa inay xoogga saaraan isgaarsiinta iyo mas'uuliyadda."
EDU-00794,Education,PSA,"Parents are encouraged to adopt authoritative parenting styles, which promote warmth, clear expectations, and open communication to enhance children's educational success and personal development.","Wazazi wanahimizwa kutumia mitindo ya malezi ya kimamlaka, inayohimiza upendo, matarajio wazi, na mawasiliano ya wazi ili kuboresha mafanikio ya elimu na maendeleo ya kibinafsi ya watoto.",,EducationNews_co_ke,https://educationnews.co.ke/parenting-styles-shape-childrens-educational-success-as-much-as-schools/,2026-07-26,General,"Ababere bakenyagia kugonchora oboranga bwakire, bwetenda obokire, omogende, na omonani omokiraki oria buya buya osekeria iborori bochechi bwere omorori ogenda oria nekuora.","Gik mang'ere, ka gin pi lwenyi mar joma, mane oktiyo cha oganda, chako machal, kendo tichni moloyo, ewitik weche mar kony gi andingo kuom joma kiyo chike kendo chike mwakalo.","Waalidiinta waxaa lagu dhiirigelinayaa inay qaataan qaab-dhaqan waalidnimo oo awood leh, kaas oo korodhsada diirimaad, filashooyin cad, iyo isgaarsiin furan si loo xoojiyo guusha waxbarashada iyo horumarka shakhsiyeed ee carruurta."
EDU-00795,Education,PSA,The 2026 Kenya Secondary Schools Sports Association (KSSSA) National Term Two Games will feature boys' and girls' volleyball competitions. Schools are encouraged to prepare for the national showdown at MPesa Academy.,Mashindano ya Kitaifa ya Michezo ya Nguvu za Pili ya Shule za Sekondari za Kenya (KSSSA) mwaka 2026 yatahusisha mashindano ya mpira wa wavu kwa wavulana na wasichana. Shule zinahimizwa kujiandaa kwa mashindano haya ya kitaifa yatakayofanyika katika Taasisi ya MPesa.,,EducationNews_co_ke,https://educationnews.co.ke/kwanthanze-eyes-dynasty-as-cheptils-exit-leaves-ksssa-boys-volleyball-crown-up-for-grabs/,2026-07-26,General,Amakanga ya 2026 ya Kenya Secondary Schools Sports Association (KSSSA) ya Term Mbiri ekeria kocheria buya na bwaki buya. Masoko naandiki eka raki omokong’ana omoshokari omokire e MPesa Academy.,Chieng' 2026 Kenya Secondary Schools Sports Association (KSSSA) National Term Two Games biro chalo ng'ato kendo ng'ato mag volleyball. Sukulu dhi rubi kuom gitimre duto mar lokruok e MPesa Academy.,Ciyaaraha Qaranka ee Term Two ee 2026 ee Ururka Isboortiga Dugsiyada Sare ee Kenya (KSSSA) waxay ka koobnaan doonaan tartano kubbadda kolayga loogu talagalay wiilasha iyo gabdhaha. Dugsiyadu waxaa lagu dhiirigelinayaa inay u diyaargaroobaan tartanka qaranka ee ka dhici doona Akademiga MPesa.
EDU-00796,Education,PSA,"All schools are reminded to uphold safety and integrity for learners. The Teachers Service Commission enforces strict regulations against misconduct, ensuring a secure environment for all students.","Shule zote zinakumbushwa kuhifadhi usalama na uadilifu wa wanafunzi. Tume ya Huduma za Walimu inatekeleza kanuni kali dhidi ya tabia mbaya, kuhakikisha mazingira salama kwa wanafunzi wote.",,EducationNews_co_ke,https://educationnews.co.ke/protect-our-children-why-schools-must-remain-safe-havens-for-every-learner/,2026-07-26,General,"Masomo onyang’ere kutegeneza abaki bw’osi buya na obwaki. Ekibuga cha Abakire b’amasomo kiri otaganya maagano gakuya bositani, kiainchaka obwaki buya kubaki bose.","Nying wa chike to gokwongo gige safar mar ler nu. Teachers Service Commission oromo chodi mar eka miyo koro nyalu, to nongo gi safa mar olwalruok.","Dhammaan iskuullada waxaa lagu xasuusinayaa inay ilaaliyaan amniga iyo daacadnimada ardayda. Guddiga Adeegga Macalimiinta wuxuu dhaqan gelinayaa xeerar adag oo ka dhanka ah falalka xun, si loo hubiyo in dhammaan ardaydu helaan degenaansho."
EDU-00797,Education,PSA,Kisii County will air live FIFA World Cup matches on public screens in designated town centres. Locations will be announced soon.,Kaunti ya Kisii itatumia skrini za umma kuonyesha mechi za Kombe la Dunia la FIFA moja kwa moja katika vituo vya miji vilivyotengwa. Miji itatangazwa hivi karibuni.,,EducationNews_co_ke,https://educationnews.co.ke/kisii-partners-with-kbc-to-air-fifa-world-cup-matches-on-public-screens/,2026-07-26,General,"Naki Kisii, oria magetere FIFA World Cup omokiri kumwaki aborori bionge buwaki. Abwakire bwebere kosi bwagwanire.",Kisii County konyo tich FIFA World Cup mawadhi e public screens ka ng'ato matang' fuo. Ngeyo maber toonge e woono.,Koonfurta Kisii waxay si toos ah u baahin doontaa ciyaaraha Koobka Adduunka ee FIFA shaashaddaha dadweynaha ee xarumaha magaalooyinka loo qoondeeyey. Meelaha ayaa la shaacindoonaa dhawaan.
EDU-00798,Education,PSA,"Parents and educators are urged to promote discussions on sexual purity, emphasizing the importance of eschewing sexual immorality as outlined in Scripture.","Wazazi na walimu wanakumbushwa kuhamasisha majadiliano kuhusu usafi wa kijinsia, wakielezea umuhimu wa kuepuka uasherati kama ilivyobainishwa katika Maandiko.",,EducationNews_co_ke,https://educationnews.co.ke/flee-fornication-guard-your-marriage-gods-standard-on-sexual-purity-remains-unchanged/,2026-07-26,General,"Bwakire buya buya naki abaki naki abere buya kukoreri buya kuise eng'eno ya bobori, buya bosi buya buesa buya kukiragani bori boke bwaki bwaboka mu Esikeri.","Wazazi onge nigi koryo gi walimu to gwend gi ndalo manamiyo kanyakla e kwe, nyaka akar kucng' gima giyienjore e nicho.","Waalidka iyo macallimiinta waxaa lagu boorinayaa inay dhiirrigeliyaan wada hadallo ku saabsan nadaafadda galmada, iyagoo muujinaya muhiimadda ka fogaanshaha falalka galmo ee xun sida lagu sheegay Kitaabka."
EDU-00799,Education,PSA,"Students are advised to consider accredited universities beyond the most prestigious ones for equal quality education. Choose programs that align with your career aspirations, regardless of university reputation.","Wanafunzi wanashauriwa kuzingatia vyuo vikuu vilivyothibitishwa zaidi ya vyuo maarufu kwa ajili ya elimu bora sawa. Chagueni programu zinazoendana na malengo yenu ya kazi, bila kujali sifa ya chuo.",,EducationNews_co_ke,https://educationnews.co.ke/university-prestige-should-not-cost-students-their-dream-career/,2026-07-26,General,"Abogotera buya bano baki kyosi abaki orokire buya orokire naki bwere bwenyingi buya bosi bwakire. Omoserokoti omosoratikire buya orokire naki omokirori bwogotakire, oregori bwokere bwenyia bwabaki.","Wang'ni gonyo chako ka uchego chuo mar yiero ma yieng'ni kuom jukgi mag nyasaye, kendo chuno atika mar chike e tich duto. Tichni chono mokuongo to oseyudo gi nyiero mar chike gi chuo, kata chuo yieng'ni.","Ardayda waxaa lagu talinayaa inay fiiriyaan jaamacadaha la aqoonsan yahay ee aan ahayn kuwa ugu caansan si ay u helaan waxbarasho tayo leh. Dooro barnaamijyo ku haboon himilooyinkaaga shaqo, iyadoon loo eegin magacyada jaamacadda."
EDU-00800,Education,PSA,TVET institutions have received KSh 5.2 billion in capitation for the 2025/2026 financial year. Institutions are encouraged to commercialize training facilities to generate additional income.,Taasisi za TVET zimeshuhudia upokeaji wa KSh bilioni 5.2 kwa ajili ya mwaka wa fedha wa 2025/2026. Taasisi zinahimizwa kuboresha vifaa vya mafunzo ili kupata mapato ya ziada.,,EducationNews_co_ke,https://educationnews.co.ke/moe-tvets-received-full-approved-capitation-of-ksh-5-2-b-in-2025-2026-but-funding-gaps-persist/,2026-07-26,General,Institusyon za TVET ziri na KSh 5.2 billion mu kapiteisheni ya mwaka wa fedha 2025/2026. Institutions nakiagania kudhuriya moshoncho omotere kugena omokiraka ogendete.,Institutions ma TVET wacho ni watiyo KSh 5.2 billion kuom kapetition moro niya 2025/2026. Wachieng' ni institutions odhi kod kanyo kendo odhi chako kuom joma okel kata ji ogendani.,Hay’adaha TVET waxay heleen KSh 5.2 bilyan oo lacag ah sannadka maaliyadeed 2025/2026. Hay’adaha waxaa lagu dhiirigelinayaa inay ganacsi ka dhigaan xarumaha tababarka si ay u helaan dakhli dheeri ah.
EDU-00801,Education,PSA,The 2026 KSSSA national Term Two games will feature new champions as defending champions Butere Girls and record holders Wiyeta Secondary will not compete.,Michezo ya kitaifa ya KSSSA ya kipindi cha pili ya mwaka 2026 itakuwa na mabingwa wapya kwani mabingwa walindaji Butere Girls na washikilia rekodi Wiyeta Secondary hawatashiriki.,,EducationNews_co_ke,https://educationnews.co.ke/from-itigo-to-wiyeta-to-butere-the-schools-that-rule-ksssa-girls-football/,2026-07-26,General,Mitego ya KSSSA ya mwaka wa 2026 itakuwa na mabingwa wapya kwa sababu mabingwa walioshinda Butere Girls na wenye rekodi Wiyeta Secondary hawatachuana.,"Oyugi gi 2026 KSSSA national Term Two games en ka nyalo taya ng'ato ma jonyal, makiwuon gi Butere Girls kata Wiyeta Secondary, ma en jomoko.",Ciyaaraha heer qaran ee Term Two 2026 ee KSSSA ayaa soo bandhigi doona horyaallo cusub maadaama horyaalka difaacanaya Butere Girls iyo rikoodh-hayaha Wiyeta Secondary aysan ka qaybgelin.
EDU-00802,Education,PSA,Grade 9 learners must select their preferred 12 Senior Schools before the Kenya Junior School Education Assessment (KJSEA). Ensure to choose 9 boarding and 3 day schools as per guidelines.,Wanafunzi wa darasa la 9 lazima wachague shule 12 za sekondari wanazopendelea kabla ya Tathmini ya Elimu ya Shule ya Msingi ya Kenya (KJSEA). Hakikisha unachagua shule 9 za bweni na 3 za kutwa kama inavyoelekezwa.,,EducationNews_co_ke,https://educationnews.co.ke/grade-9-guide-to-national-schools-in-kenya/,2026-07-26,General,Abakire b’iga 9 bataria bataria minto bw’ogenda okwenda okua 12 bui bw’eshuleni bwanogenda bwogwenda Kenya Junior School Education Assessment (KJSEA). Motigana obwakarire buno 9 bw’eshule ebindigo na 3 bw’eshule bui bwabere.,Wang'eyi gi Grade 9 nochak e piny kode 12 Senior Schools mwakwayo KJSEA. Nyasaye idhi chike 9 gi boarding gi 3 day schools kaipok piny.,Ardayda fasalka 9 waxa ay dooranayaan 12 Dugsiyo Sare oo ay jecel yihiin ka hor inta aan la qaban Qiimaynta Waxbarashada Dugsiga Hoose ee Kenya (KJSEA). Hubi inaad doorato 9 dugsiyo jooga iyo 3 dugsiyo maalinle ah sida tilmaamaha ay qoreen.
EDU-00803,Education,PSA,"Mokwo Girls Secondary School has launched a biogas project to provide clean cooking energy, reducing dependence on firewood. This initiative promotes sustainable learning and environmental responsibility.","Shule ya Sekondari ya Mokwo Girls imeanzisha mradi wa biogas kutoa nishati safi ya kupikia, ikiweza kupunguza utegemezi wa kuni. Mpango huu unakuza kujifunza endelevu na wajibu wa mazingira.",,EducationNews_co_ke,https://educationnews.co.ke/kyogreen-commissions-climate-smart-biogas-project-at-mokwo-girls-secondary-school/,2026-07-26,General,"Mokwo Girls Secondary School omokarakiarire omokiruka bw'ogotitie bw'ogotiga, buya bwenjaki bukiraki buya, iyo bura naki omotegeri bw'ogitwenda emokoko. Ekarera iyi esaba omokorwe bw'engiro naki bw'ekigwa.","Mokwo Girls Secondary School en gi piny biogas nyalo timo chuny gi ndar, opogni piny kuom medo kuom choch. Riwruok maniecho ni iweya koda gi kanyakla.","Dugsiga Sare ee Mokwo Gabdhaha ayaa bilaabay mashruuc biogas ah si loo bixiyo tamar nadiif ah oo lagu kariyo, iyadoo la dhimayo ku tiirsanaanta dhuxusha. Tani waxay kor u qaadaysaa waxbarasho waarta iyo mas'uuliyadda deegaanka."
EDU-00804,Education,PSA,The Kenya Defence Forces is renovating classrooms in 10 primary schools in Laikipia County to enhance education and support peace efforts. Communities are encouraged to engage with schools for improved facilities.,Jeshi la Ulinzi la Kenya linaregesha madarasa katika shule 10 za msingi katika Kaunti ya Laikipia ili kuboresha elimu na kusaidia juhudi za amani. Jamii zinahimizwa kushirikiana na shule kwa ajili ya kuboresha vifaa.,,EducationNews_co_ke,https://educationnews.co.ke/government-bets-on-education-to-secure-laikipia-communities-battling-years-of-banditry/,2026-07-26,General,Abako bw’akiwabo b’akerubo b’akiwabo b’Kenya baria na boro ikireri mu masomo 10 ekegusii mu Laikipia County bui omokinyani bw’amasomo na bui omogokire bui bw’ogoria. Abaki b’akiirori bakirorane b’antu baibori na mashule bui ikireri egesa.,"Kenya Defence Forces ne okony ni thak 10 gi lwere mag chwere mar primary e Laikipia County, kuom duong' mar pendidikan kendo nyal timo chike mag dongo. Ameer gi dhako konyo chunyi e lwere mar chwere ma ok gi nindo.",Hay'adda Difaaaca Kenya waxay dib u habayn ku sameynaysaa fasallada 10 iskuul oo hoose ee Gobolka Laikipia si ay u hormariso waxbarashada iyo taageerto dadaallada nabadda. Bulshadu waxaa lagu dhiirigelinayaa inay la shaqeeyaan iskuulada si loo hagaajiyo adeegyada.
EDU-00805,Education,PSA,"All Technical and Vocational Education and Training (TVET) trainers must apply for mandatory licenses or face legal action by June 30, 2026. Submit details of unregistered trainers by April 30, 2026.","Wafundishaji wote wa Elimu na Mafunzo ya Ufundi na Kiufundi (TVET) lazima waombe leseni za lazima au kukabiliwa na hatua za kisheria kabla ya tarehe 30 Juni, 2026. Wasilisha maelezo ya wafundishaji wasiojiandikisha kabla ya tarehe 30 Aprili, 2026.",,EducationNews_co_ke,https://educationnews.co.ke/more-than-half-of-tvet-trainers-yet-to-apply-for-licenses-ministry-reveals/,2026-07-26,General,"Abaki bose bakiabaki na bota buhare bu tekinolojia na bota bu chikechera (TVET) bakenyere kodori ya badi bende banya bangu biyokaga bwanogusore bwiiga 30, 2026. Gwokengere ogendi bu bakiabaki bataria buhii buorori bwiiga 30, 2026.","Ong'iyo chiegni chalo gi ma ok nyal duto kuom Technical and Vocational Education and Training (TVET) onwandu ma ok nyal chamo katonda no gige go. Timo kata e yo ma ogend gi chalo ng'wenyo mar chalo ok nyal duok nyaka abiro konyo. Konyo chike ma oho ni ogend kuok gi ka aprile 30, 2026.","Dhammaan tababarayaasha Waxbarashada Farsamada iyo Khibradda (TVET) waa inay codsadaan liisamada khasabka ah ama waxa ay la kulmayaan talaabo sharci ah vóór June 30, 2026. Faahfaahinta tababarayaasha aan diiwaangashanayn soo gudbi ilaa April 30, 2026."
EDU-00806,Education,PSA,"Students and parents in Emuhaya Constituency can expect improved school infrastructure as new investments are being rolled out, including classroom construction and renovations in local schools.","Wanafunzi na wazazi katika Jimbo la Emuhaya wanaweza kutarajia kuboreshwa kwa miundombinu ya shule kwani uwekezaji mpya unatekelezwa, ikiwa ni pamoja na ujenzi wa madarasa na ukarabati wa shule za hapa.",,EducationNews_co_ke,https://educationnews.co.ke/mp-milemba-rolls-out-fresh-school-infrastructure-investments-across-emuhaya-constituency/,2026-07-26,General,"Abanyabere na abagitiri baki Emuhaya Constituency babwete obwakire busembetere bu bachosi, na bwanoria buria bu siyende buliri butongigwaki, buria bu kusiemekana obwakire bwabaka na oburebhaka mu masikoni abaki.","Dhi nyaka joma students kod joma mamoko e Emuhaya Constituency wacho kuom inyal chalo mondo omiyo ruwore gi ineno, ka nane ne oteme chakruok  kod piny mar ulek e shule mar e gima okelo.","Ardayda iyo waalidiinta gobolka Emuhaya waxay filan karaan horumar ku yimaada kaabayaasha iskuulada iyadoo maalgelin cusub la hirgelinayo, oo ay ku jiraan dhismo iyo dayactir fasallo iskuulada maxalliga ah."
EDU-00807,Education,PSA,All teachers are required to participate in the ongoing superannuation verification exercise to ensure accurate retirement records. Please verify your records to avoid future issues with retirement benefits.,Walimu wote wanapaswa kushiriki katika zoezi la uthibitishaji wa kustaafu linaloendelea ili kuhakikisha kuwa rekodi za kustaafu ni sahihi. Tafadhali thibitisha rekodi zako ili kuepuka matatizo ya baadaye na mafao ya kustaafu.,,EducationNews_co_ke,https://educationnews.co.ke/why-tscs-superannuation-verification-exercise-was-the-right-call/,2026-07-26,General,"Abaki bwakire banasicha borgesekwa mu kikuyu ching’oti chabere ching’anya chiri goche tuchekire oria. Ndaki emogori yenyu gose naki, gohemba omogori inya omokire.","Dhi yudo gima dhakano nyaka omiyo ong'ere mag anyim mar superannuation kuon gi tugo ng'ato. Koro, joo chieko onge ni yong' tugo ma omiyo omiyo to nyaka timo joma nyaka.",Dhammaan macalimiinta waxaa looga baahan yahay inay ka qayb qaataan hawsha xaqiijinta hawlgabka ee socota si loo hubiyo rikoorada hawlgabka ee saxda ah. Fadlan xaqiiji rikooradaada si looga fogaado dhibaatooyin mustaqbalka ah oo la xiriirta faa'iidooyinka hawlgabka.
EDU-00808,Education,PSA,St. Ignatius Mukumu Boys High School has launched a fundraising programme to assist Grade 10-12 students facing financial difficulties. Individuals and organizations are encouraged to contribute.,Shule ya Sekondari ya Wavulana ya St. Ignatius Mukumu imeanzisha mpango wa kukusanya fedha kusaidia wanafunzi wa Darasa la 10-12 wanaokabiliwa na matatizo ya kifedha. Wanindividual na mashirika yanakaribishwa kuchangia.,,EducationNews_co_ke,https://educationnews.co.ke/mukumu-boys-launches-funds-drive-programme-to-support-needy-students/,2026-07-26,General,Ishule ya St. Ignatius Mukumu Boys yaramakire pogramu ya kuteganya fedha naki chibori bokeria buye Grade 10-12 bwakire kwang'ana na buya. Abaki na masang'ana barokere boborere.,St. Ignatius Mukumu Boys High School anyisime chiegni manyo yo nyaka chungo ma ok anyal mwak 10-12 ka uwach marach ma nyalwa kit. Kaluo dholuo gi dhako chuny jo goyweyo nyaka timo.,Dugsiga Sare ee St. Ignatius Mukumu waxay bilawday barnaamij ururin lacag ah si ay u caawiso ardayda fasallada 10-12 ee wajahaya dhibaatooyin dhaqaale. Shaqsiyadu iyo ururada waxaa lagu dhiirigelinayaa inay ka qayb qaataan.
EDU-00809,Education,PSA,"Parents, encourage your children to explore their unique strengths and interests under the Competency-Based Education system; STEM is one option among many, including arts and sports science.","Wazazi, wahimizeni watoto wenu kuchunguza nguvu zao na maslahi yao tofauti chini ya mfumo wa Elimu Inayoegemea Ujuzi; STEM ni chaguo moja kati ya nyingi, ikiwa ni pamoja na sanaa na sayansi ya michezo.",,EducationNews_co_ke,https://educationnews.co.ke/every-parent-wants-a-stem-child-under-cbe-but-kylian-mbappes-story-reminds-us-that-every-child-is-designed-differently/,2026-07-26,General,"Ababere, munyakenye abana bakenyere okuchekira buya bwabo na migenyo yabo mwachibori ciakiremo; STEM naki eri enyang’ana, keri nibori na yaki omokang’ana bw'ekebaki.","Mokinyi, chonyo nyaka ochiko watoto kuyang' nyiso ma duto ma ok nyal gi kanyat ng'ama oyak nigi Competency-Based Education; STEM ne en joma makelo, kuom arts and sports science.","Waalidiin, ku dhiirrigeli carruurtiina inay baarayaan awoodahooda gaarka ah iyo danahooda iyada oo lagu jiro nidaamka Waxbarashada Ku Saleysan Awoodaha; STEM waa mid ka mid ah doorashooyin badan, oo ay ku jiraan farshaxanka iyo sayniska cayaaraha."
EDU-00810,Education,PSA,The Education Stakeholders Association of Kenya calls for immediate action on unimplemented recommendations regarding school unrest rather than establishing a new task force.,Chama cha Wadau wa Elimu Kenya kinatoa wito wa hatua za haraka kuhusu mapendekezo ambayo hayajatekelezwa kuhusu machafuko shuleni badala ya kuunda kikundi kipya kazi.,,EducationNews_co_ke,https://educationnews.co.ke/stakeholders-reject-new-task-force-on-school-unrest-demand-action-on-old-reports/,2026-07-26,General,Emokiri bwakire buya bwetendere bweng'ene Obwakire buya bw'ensiinya bu Kenya buya mwaki tsibori osibori oria abate naki bwakure ogokire bogena obwena omokabere omeria.,Education Stakeholders Association of Kenya ong'eni konyo nyaka gichamo gi godo gituo mwakanyo gi ma ok nyal jochung' wakwayo kendo ma ok nyal chalo ginyalo nyal.,Ururka Saamileyda Waxbarashada ee Kenya wuxuu ku baaqayaa in si degdeg ah wax looga qabto talooyinka aan la fulin ee ku saabsan qalalaasaha dugsiyada halkii la sameyn lahaa guddi cusub.
EDU-00811,Education,PSA,"Nakuru will host the Rift Valley Primary and Junior Schools Term Two Regional Championships from July 18-22. All participating teams must arrive by July 17, 5:00 p.m. for registration.","Nakuru itakuwa mwenyeji wa Mashindano ya Mikoa ya Termi ya Pili ya Shule za Msingi na Za Kijuni za Bonde la Ufa kuanzia Julai 18-22. Timu zote zinazoshiriki lazima zifikie kabla ya Julai 17, saa 11:00 jioni kwa ajili ya usajili.",,EducationNews_co_ke,https://educationnews.co.ke/nakuru-to-host-rift-valley-primary-and-junior-schools-term-two-regional-championships/,2026-07-26,General,"Nakuru naki oria naki bw'ekitenda bw'ekidasa bw'ogusibori naki bwa Nyakiri chire iki bw'ekodie kisole 18-22. Abagikore bosi batie bw'ogendi bw'ogaki boti bw'ogukora bw'ogenda bw'oku 17, 5:00 ekeria.","Nakuru udhi Rift Valley Primary ne Junior Schools Term Two Regional Championships e kendo duto gi July 18-22. Timbe duto ma ok nyis ukwongo nigi July 17, 5:00 p.m. kuom register.","Nakuru wuxuu martigelin doonaa Tartanka Labaad ee Degmooyinka Dugsiyada Hoose iyo Kuwa Dhallinyarada ee Rift Valley inta u dhaxaysa 18-22 Luulyo. Dhammaan kooxaha ka qaybgalaya waa inay yimaadaan ugu yaraan 17 Luulyo, saacadda 5:00 galabnimo si ay isu diiwaangeliyaan."
EDU-00812,Education,PSA,"Due to unreliable rainfall affecting agriculture, the school feeding programme is at risk. Parents and guardians are encouraged to ensure children have alternative food sources.","Kutokana na mvua zisizo za kuaminika zinazoathiri kilimo, mpango wa lishe shuleni uko katika hatari. Wazazi na walezi wanahimizwa kuhakikisha watoto wanapata vyanzo vingine vya chakula.",,EducationNews_co_ke,https://educationnews.co.ke/how-unreliable-rainfall-could-threaten-school-feeding-programme-deepen-kenyas-education-crisis/,2026-07-26,General,"Naki omokiri omogoya ogwokire omokiri, karanga ya ikemare ya mashure ikwanganani. Abaki na abarugani bakenyanga omokiri batarorire oria ng'ania.","Nenera kuom nyasi marach ma oserdwe kanyal, chike mag yien koro gere. Wazazi kata walonji ne ok nyal kuom piny, to watiyo ma ok oter gi daktari tindo.","Sababo la xiriira roobab aan la isku halayn karin oo saameynaya beeraha, barnaamijka cunnada iskuulka wuxuu halis ugu jiraa. Waalidiinta iyo ilaaliyayaasha waxaa lagu dhiirrigelinayaa inay xaqiijiyaan in carruurdu haystaan ilo cunto oo kale."
EDU-00813,Education,PSA,Urgent action is needed to address gulley erosion threatening Nasokol Girls Secondary School. Affected parties are encouraged to collaborate on remedial measures before the rainy season.,Hatua ya dharura inahitajika kushughulikia mmomonyoko wa ardhi unaotishia Shule ya Sekondari ya Wasichana ya Nasokol. Wahusika wanahimizwa kushirikiana katika kuchukua hatua za kurekebisha kabla ya msimu wa mvua.,,EducationNews_co_ke,https://educationnews.co.ke/gulley-erosion-threatens-nasokol-girls-secondary-school-fence/,2026-07-26,General,Omosera omotogetire okoranduria goro gori na atigwaki togo Nasokol Girls Secondary School. Abamogori bakenye bakore ogebori obiria bwogendana omong'asi bwogende.,Kwere kuom ndalani manyien to golo gonde miyo gi gulley erosion ma ogero Nasokol Girls Secondary School. Wuodhi ma oter gima otemore nyaka ginyal gi thum mar kuni.,Tallaabo degdeg ah ayaa loo baahan yahay si wax looga qabto ciriiriga gully-ga oo khatar ku ah Dugsiga Sare ee Gabdhaha Nasokol. Qaybaha saameeysan waxaa lagu dhiirrigelinayaa inay wada shaqeeyaan qorshayaasha wax ka qabashada ka hor xilliga roobka.
EDU-00814,Education,PSA,Parents and educators are urged to prioritize character building alongside academic achievements to foster holistic education and prevent unrest in schools.,Wazazi na walimu wanasisitizwa kuweka kipaumbele katika kujenga tabia sambamba na mafanikio ya kitaaluma ili kukuza elimu kamili na kuzuia machafuko shuleni.,,EducationNews_co_ke,https://educationnews.co.ke/the-report-card-of-the-heart-why-character-remains-the-missing-piece-in-academic-success/,2026-07-26,General,Bazukuru nakiabwaki omokiri omokiri boberane omotirori bw'ogokire bwokigo buachire buogetire omotigoru naki igokire naki kianaki obokoreri mu masomoro.,"Kagango gi joma chuni ne ok nyal pende ma okonyo ngima, kendo ohalo bende karuok maber kuom piye mar jendani, e golo ng'eyo.",Waalidiinta iyo macallimiinta ayaa lagu boorinayaa in ay mudnaanta siiyaan dhismaha dabeecadda si la isku dhisayo waxbarashada oo dhamaystiran iyo ka hortagga dibadbaxyada iskuulada.
EDU-00815,Education,PSA,"293,869 students have been successfully placed in universities, TVET institutions, and colleges for the 2026/2027 academic year. For details on your placement, check with KUCCPS or your institution.","Wanafunzi 293,869 wamepangwa kwa mafanikio katika vyuo vikuu, mashirika ya TVET, na vyuo kwa mwaka wa masomo 2026/2027. Kwa maelezo kuhusu upangaji wako, angalia na KUCCPS au taasisi yako.",,EducationNews_co_ke,https://educationnews.co.ke/kuccps-2026-placement-sets-new-milestone-as-kenyatta-university-leads-historic-university-intake/,2026-07-26,General,"Abantu 293,869 bataranegwa omokirigori mu masomoo, TVET, na koleji mu mwaka wa masomo 2026/2027. Omosaritie waku na omotenda nyuaboni, oreka na KUCCPS ng’ana oria koleji yako.","293,869 nyaka wachiko kaka gichako e yunivesiti, TVET marach, kod koleji kwom mwaka 2026/2027. Kanyakore gi ngima mar wachni, wrie KUCCPS kata yore gi ndalo.","293,869 arday ayaa si guul leh loogu qoondeeyey jaamacadaha, hay'adaha TVET, iyo kulliyadaha sanadka tacliinta 2026/2027. Faahfaahin ku saabsan qoondeyntaada, la xiriir KUCCPS ama hay'addaada."
EDU-00816,Education,PSA,Taxpayers are urged to report any suspected payroll irregularities to the Ministry of Public Service as the government investigates potential fraud and mismanagement in the public payroll system.,Wanalipakodi wanahimizwa kuripoti yeyote anayeaminika kuwa na kasoro katika malipo ya mishahara kwa Wizara ya Huduma za Umma wakati serikali inapochunguza udanganyifu na usimamizi mbaya katika mfumo wa malipo ya umma.,,EducationNews_co_ke,https://educationnews.co.ke/ksh6-2-billion-government-payroll-scandal-audit-commissioned-by-cs-ruku-exposes-duplicate-salaries-shared-bank-accounts/,2026-07-26,General,"Abakora emihigo baraireriinjire kuhabogorere onyonche oria nanga enkaibori mu Bakati bu Mwaki ya Public Service, nikore oria obwakiri bwa oria bwaki bwaki naki kare ikiri naki.","Kweyo chiegni ota to ogend gi anyango maler ma ok ding' gima piyo ng'ato e Ministry of Public Service, ka serikali naki gima jogo e kanyadongo ma ok aoro ni pe to ni matendo maricho e yiengi.",Canshuur-bixiyayaasha waxaa lagu boorinayaa inay soo sheegaan wax kasta oo lagu tuhunsan yahay khilaaf ku saabsan mushaarka wasaaradda Adeegga Dadweynaha maadaama dowladda ay baarayso musuqmaasuq iyo maareyn xumo suurtagal ah ee nidaamka mushaarka dadweynaha.
EDU-00817,Education,PSA,"Over 21,000 junior secondary schools will receive interactive smart boards to enhance digital learning as part of the government's Competency-Based Education curriculum initiative.","Ziada ya shule za sekondari za chini 21,000 zitapata kwenye matumizi ubao wa smart wa kuingiliana ili kuboresha masomo ya kidijitali kama sehemu ya mpango wa serikali wa mtaala wa Elimu Inayozingatia Ufanisi.",,EducationNews_co_ke,https://educationnews.co.ke/more-than-21000-junior-schools-to-receive-smart-boards-under-new-govt-digital-learning-plan/,2026-07-26,General,"Bwakire bwakubiri na 21,000 bwesikuli bujunior bwana buya bwiya bairogo bwanogere ichigori cha digital learning mokiri buya bwakire buhige bwa govana bwakebere bwekubetere bu Competency-Based Education.","Ang'wen 21,000 makao magero mag junior secondary bende ne en gambo mar interactive smart boards kuom nyalo pwodhi digital learning kuchoko programa mar government ma nyal nyise chike joma jothurwa.","In ka badan 21,000 dugsiyo hoose oo dhexe ayaa heli doona looxyada smart-ka ah si loo xoojiyo barashada dijitaalka ah, taasoo qayb ka ah hindada waxbarashada ku saleysan xirfadaha ee dowladda."
EDU-00818,Education,PSA,Education stakeholders are urging for increased investment and support for student innovation in Kenya's Competency-Based Curriculum to help young innovators turn ideas into viable products.,Wadau wa elimu wanahimiza kuongezeka kwa uwekezaji na msaada kwa ubunifu wa wanafunzi katika Mitaala ya Msingi ya Upelelezi nchini Kenya ili kuwasaidia vijana wanaobuni kugeuza mawazo yao kuwa bidhaa zinazoweza kufanya kazi.,,EducationNews_co_ke,https://educationnews.co.ke/jkuat-hosts-global-kids-conference-as-stakeholders-push-for-greater-support-for-young-innovators/,2026-07-26,General,"Abashisye b'eshuri batarerera ubwakire bw'ekireri n'ekibori gitokire buya buya mw'ekiga kya g'ekigori cha Kenya, buya erekere banye ebinyango kubone abanyaki kitirigana bategire ebinyang'oi n'ekirori.","Ng'ato ma awinjo magi gi nyiso ni ing'wegi oweteye ka owet koro nyaka chwech ang'wen e Kenya gi Competency-Based Curriculum, ng'ato mayotore ang'wen tuch mokwongo kendo oket gi.",Howlwaddii waxbarashada ayaa ku baaqaya in la kordhiyo maalgelinta iyo taageerada cusub ee ardayda ku saleysan Barnaamijka Waxbarashada ee Awoodda Leh si ay gacan uga geystaan in hal-abuurada dhallinyarada ay fikradahooda u beddelaan alaab dhab ah.
EDU-00819,Education,PSA,"Universities encourage students to embrace entrepreneurship, balancing academics with small businesses to support themselves during their studies.","Vyuo vikuu vinahimiza wanafunzi kukumbatia ujasiriamali, wakifanya mchanganyiko wa masomo na biashara ndogo ili kujiwezesha wakati wa masomo yao.",,EducationNews_co_ke,https://educationnews.co.ke/university-of-eldoret-student-inspires-peers-by-funding-her-education-through-smokie-business/,2026-07-26,General,"Nchamokire ikaire mabo naki ochieng' buya, bataria omosare na buya bwaki naki ogenda emong'ere baria buya ore moke.","Makaroo nyaka yieng' can duto mondo wadhi nyaka entrepreneurship, kony joma yieng' gi nitie mar business maber to konyi mar jiwuong' kendo odhiem.","Jaamacadaha waxay dhiirigelinayaan ardayda inay qaataan ganacsi, iyaga oo dheellitirinaya waxbarashada iyo ganacsiyada yaryar si ay naftooda uga taageeraan inta ay baranayaan."
EDU-00820,Education,PSA,Parents and guardians in Mwala Sub-county are urged to monitor and prevent drug abuse among youth to combat rising defilement and school dropouts. Take action now to protect future generations.,Wazazi na walezi katika Wilaya ya Mwala wanashauriwa kufuatilia na kuzuia matumizi mabaya ya dawa miongoni mwa vijana ili kukabiliana na kuongezeka kwa udhalilishaji na wanafunzi wanaoacha shule. Chukua hatua sasa ili kulinda vizazi vijavyo.,,EducationNews_co_ke,https://educationnews.co.ke/drug-abuse-fueling-defilement-and-school-dropouts-in-mwala-mp-kamene-warns/,2026-07-26,General,"Baba na mama baki Mwala Sub-county, mwakiibokere naki onyore na omotigania omokiri buya muijagi bw'ekirenda naki okulana osimbori. Naki naki kiende egeserere geitung'ani.","Dhaani mag piny Mwala pi ng’ato e tek gi chike kwach ng’ama koro kwachuma gono k’one maadong’ gi ng’ato, to golo dhóbiro gi ng’ato mang’won. Konyi ng’ato now to ng’ato chike lok.",Waalidiinta iyo daryeelayaasha ku sugan degmada Mwala waxaa lagu boorinayaa inay la socdaan oo ay ka hortagaan isticmaalka daroogada dhallinyarada si loo dardargeliyo ka hortagga kufsiga iyo ka qaybgalka dugsiga oo dhicay. Qaado tallaabo hadda si aad u ilaaliso jiilasha mustaqbalka.
EDU-00821,Education,PSA,KCA University has launched a Korean Language Centre in Ruaraka to enhance graduates' global competitiveness. Students are encouraged to enroll and take advantage of upcoming scholarships and partnerships.,Chuo Kikuu cha KCA kimeanzisha Kituo cha Kiswahili cha Korea huko Ruaraka ili kuboresha ushindani wa kimataifa wa wahitimu. Wanafunzi wanahimizwa kujiandikisha na kufaidika na ufadhili na ushirikiano utakaojitokeza.,,EducationNews_co_ke,https://educationnews.co.ke/kca-university-launches-korean-language-centre-to-boost-graduates-global-competitiveness/,2026-07-26,General,KCA University omokire Omoige akekorino ya Koree ku Ruaraka bushere buya buya buya abeereri bateganeri. Abarekari barianoki obwakare bae ahaki ahanokire namae na buya bwake.,KCA University okedhi Korean Language Centre e Ruaraka kuom pinje mar graduati. Wanj jedo dhok ma losore gi ng'ato mi mwak gi juma mar scholarships maber kod partnerships.,Jaamacadda KCA waxay furtay Xarunta Luqadda Kooriyaanka ee Ruaraka si ay kor ugu qaaddo tartanka caalamiga ah ee ardayda ka qalinjebisa. Ardayda waxaa lagu dhiirrigelinayaa inay isqoraan oo ka faa'iidaystaan deeqaha waxbarasho iyo iskaashiyada soo socda.
EDU-00822,Education,PSA,"Parents and educators, be aware: children's behavior is influenced by political actions and rhetoric. Model positive values to counteract negative behaviors observed from public figures.","Wazazi na walimu, fuateni kwa makini: tabia za watoto zinaathiriwa na vitendo na maneno ya kisiasa. Onyesha maadili chanya ili kupunguza tabia mbaya zinazoonyeshwa na viongozi wa umma.",,EducationNews_co_ke,https://educationnews.co.ke/stop-political-goonism-schoolchildren-are-copying-your-bad-behaviour/,2026-07-26,General,"Abakira naki kosi, muigire: omogori bw’ogotigana buya kosi bwosi buya bonga bwaki buya bosi ha osero. Geria omogori mwaki omogori buya bosi buya bosi obore bwaki osero.","Niende gi mawuok, yoro: chumbi kuom konyo moloyo kendo magi e yo keth. Nindo duto ma ok ojgo chumbi ma yoregi e ji duto.","Waalidka iyo macalimiinta, ogow: dhaqanka carruurta waxa saameeya falalka siyaasadeed iyo hadallada. Muuji qiimaha wanaagsan si aad uga hortagto dhaqamada xun ee laga dareemayo dadka dadweynaha ah."
EDU-00823,Education,PSA,"The Murang'a County Government has ended the ECDE teachers' strike, ensuring better salaries, permanent jobs, and a four-year salary review program starting July.","Serikali ya Kaunti ya Murang'a imemaliza mgomo wa walimu wa ECDE, ikihakikisha mishahara bora, ajira za kudumu, na mpango wa kupitia mishahara kila mwaka kuanzia Julai.",,EducationNews_co_ke,https://educationnews.co.ke/muranga-ends-ecde-teachers-strike-with-pay-rise-permanent-jobs-and-new-employment-deal/,2026-07-26,General,"Omoio wa Murang'a oiga oseriania obwakire bw'abarimu ba ECDE, buya nakinyang'a omokireri, emoko ya ng'eno eya mwabere, na omogoti wa omokireri buya bwokiyera bwakire isubuya 4 omokong'endo omokireri omoya.","Oganda Marang'a owang'ni okonyo gi chuo mag ECDE, kuom gima ochung' ka oket gi dako mag ng'ato, jodong' gi chuo mag nachako, kendo ng'e gima oganda mag chuo otik kanyalo miyo kendo mar mwere.","Dowladda Murang'a waxay soo afjartay shaqo joojintii macallimiinta ECDE, iyada oo la hubinayo mushahar ka wanaagsan, shaqooyin joogto ah, iyo barnaamij dib-u-eegis mushahar afar sano ah oo bilaabanaya bisha Luulyo."
EDU-00824,Education,PSA,"Urgent repairs are needed for the damaged perimeter fence at Arya, MM Shah, and Lake Primary Schools in Kisumu Central to ensure safety and security. Constituency leadership is urged to act swiftly.","Matengenezo ya haraka yanahitajika kwa uzio wa shule wa Arya, MM Shah, na Lake Primary Schools katika Kisumu Central ili kuhakikisha usalama na ulinzi. Uongozi wa eneo unashauriwa kuchukua hatua haraka.",,EducationNews_co_ke,https://educationnews.co.ke/heads-of-three-kisumu-schools-demand-urgent-repair-of-damaged-perimeter-fence/,2026-07-26,General,"Omboro ogwakire buya buya keri ebira ya peremita na Arya, MM Shah, na Lake Primary Schools ka Kisumu Central, omokire buya na obwakire bwakire. Abakeri ba constituency batianyire buya ogenda.","Nyakwar eyo magi e chieng' kare ma otieno kuom piny gi jigang' gi godo e Arya, MM Shah, to nyaka Lake Primary Schools e Kisumu Central to yudo dholuo kendo chamo. Okwong' ji kwot gi weche kendo oting'o nyaka ng'ato.","Dayactir degdeg ah ayaa loo baahan yahay xarunta go'an ee dhaawacmay ee iskuulada Arya, MM Shah, iyo Lake Primary ee Kisumu Central si loo hubiyo amniga. Hoggaanka deegaanka waxay ku dhiirrigelinayaan inay si dhaqso ah u falgalaan."
EDU-00825,Education,PSA,Former students of Oruba Boys High School are encouraged to regularly engage with their alma mater to support improvements in infrastructure and academic standards.,Wanafunzi wa zamani wa Shule ya Upili ya Oruba Boys wanahimizwa kushiriki mara kwa mara na shule yao ya zamani ili kusaidia kuboresha miundombinu na viwango vya kitaaluma.,,EducationNews_co_ke,https://educationnews.co.ke/oruba-boys-alumni-pledge-sh10-million-dining-hall-urge-former-students-to-support-schools/,2026-07-26,General,Ababere bu Oruba Boys High School bataraka kugarukire nyakong’ene gakiere gabo bu soronchori naki omogori bu bwakiri bwensikati na benshigano.,Bonde mag Oruba Boys High School nochiemo nitie ka chunyi kod joma okel pi daktari megi gi ma okonyo chuny.,Ardaydii hore ee dugsiga sare ee Oruba Boys waxaa lagula talinayaa inay si joogto ah ula shaqeeyaan dugsigoodii si ay u taageeraan horumarinta kaabayaasha iyo heerarka waxbarasho.
EDU-00826,Education,PSA,Universities in Kenya are preparing for the transition of the first Competency-Based Education (CBE) cohort in 2029. Institutions must enhance collaboration for inclusive education and support learners with disabilities.,Vyuo vikuu nchini Kenya vinaandaa mpito wa kundi la kwanza la Elimu ya Msingi Kulingana na Ufanisi (CBE) mwaka 2029. Taasisi zinapaswa kuongeza ushirikiano kwa ajili ya elimu jumuishi na kusaidia wanafunzi wenye ulemavu.,,EducationNews_co_ke,https://educationnews.co.ke/kise-hosts-university-vcs-to-strengthen-inclusive-higher-education-ahead-of-cbe-transition/,2026-07-26,General,Masomo g’ewanjabi eKenya nakiugenda oreka oria tindi ugenda oreka igenda ya Competency-Based Education (CBE) kosi 2029. Mikere igaigana bwana omokireri osuga okebere omokire oria bwana omokireri naki nakiogenda.,Makal Kanyugo e Kenya nigi kwa chako mar yawa mar sa' joma ɓer tic ng'ielo mar Competency-Based Education (CBE) e 2029. Jomoko nyaka golo makuoyruok e wango mar loro ng'iyo kendo wachien joma chuny.,Jaamacadaha Kenya waxay ku diyaar garoobayaan isbeddelka kooxdii ugu horreysay ee Waxbarashada Ku Salaysan Aqoonta (CBE) sanadka 2029. Hay'adaha waa inay kor u qaadaan iskaashiga si loo helo waxbarasho dhameystiran iyo taageero waxbarasho oo loogu talagalay ardayda naafada ah.
EDU-00827,Education,PSA,The Public Service Commission (PSC) is to be summoned by Parliament to address concerns over the irregular recruitment of 28 Foreign Service Cadets.,Tume ya Huduma za Umma (PSC) itaitwa na Bunge kujibu maswali kuhusu kuajiriwa kwa kawaida kwa Cadets 28 wa Huduma ya Kigeni.,,EducationNews_co_ke,https://educationnews.co.ke/parliament-to-summon-psc-over-alleged-irregular-recruitment-of-28-foreign-service-cadets/,2026-07-26,General,Komisheni ya Abanene (PSC) ikarangi bwogori bui Parlemendi okuhabereza ekerori naki obwakire bwogori bweakire bwokunyora 28 Abacakurani boro Borabu.,Public Service Commission (PSC) ne owinjo e Parlamendi kuom gige gi chalo mag recruitment mar 28 Foreign Service Cadets ka jiok.,Xafiiska Adeegga Dadweynaha (PSC) ayaa baarlamaanka lagu casuumay si uu uga jawaabo walaac ku saabsan shaqaaleynta aan caadiga ahayn ee 28 Askar Cadet Kaalmo Caalami.
EDU-00828,Education,PSA,Students placed in 43 public universities via KUCCPS are eligible to apply for government scholarships. Apply through the Higher Education Financing portal after receiving your admission letter.,Wanafunzi waliopewa nafasi katika vyuo vikuu 43 vya umma kupitia KUCCPS wanastahili kuomba mikopo ya serikali. Omba kupitia lango la Ufadhili wa Elimu ya Juu baada ya kupokea barua yako ya kujiunga.,,EducationNews_co_ke,https://educationnews.co.ke/kuccps-placed-students-in-43-public-universities-eligible-for-govt-scholarships/,2026-07-26,General,Abigere baki baki 43 obwakire bueri naki KUCCPS nibokire buigane bunyerere bwa serikali. Bwakire burokore buya Higher Education Financing portal nyang'ore nabwire buya admission letter yanyu.,Anyango ma wathogo e 43 public universities kuom KUCCPS ng'ani otagni kuom scholarships ma government. Otiyogo chuo gi Higher Education Financing portal kendo utimore ng'ama udwaro admission letter.,Ardayda lagu soo dhaweeyey 43 jaamacadaha dowliga ah ee KUCCPS waxay xaq u leeyihiin inay codsadaan deeqo waxbarasho oo dowladeed. Codso adigoo adeegsanaya portal-ka Maaliyadda Tacliinta Sare ka dib markaad hesho warqaddaada soo dhoweynta.
EDU-00829,Education,PSA,The KUCCPS proposes raising entry qualifications for teacher training to improve education quality and justify better salaries. Higher standards are essential for aspiring teachers.,KUCCPS inapendekeza kuongeza vigezo vya kuingia kwenye mafunzo ya ualimu ili kuboresha ubora wa elimu na kuhalalisha mishahara bora. Viwango vya juu ni muhimu kwa walimu wapya wanaotafuta fursa.,,EducationNews_co_ke,https://educationnews.co.ke/want-teachers-paid-like-singapore-raise-entry-grades-first-kuccps-ceo-says/,2026-07-26,General,KUCCPS omokanya bw'ogekire abwaki bwanariga bugetege buya bwanariga bosi buijire obwakire buya bwomboka bwanariga buya bwanani. Ogorogoti buya bwaki bori bwere kenyora buya obwakire bwanariga.,KUCCPS nyal kuom ka gik inde oting' e golo ma ewinjruok duto kuonde gi piny mar nyasaye kendo wacho mar konyo piny. Gik ma okinyi duto nyaka jibedni kuom jokelogi.,KUCCPS waxay soo jeedinaysaa in kor loo qaado shuruudaha gelitaanka tababarka macallimiinta si loo hagaajiyo tayada waxbarashada iyo in la xaqiijiyo mushaar fiican. Heerarka sare waa lagama maarmaan macallimiinta mustaqbalka.
EDU-00830,Education,PSA,Malava Boys High School remains the qualified representative for the National Secondary Schools Games after the dismissal of Chesamisi Boys' appeal. Keep an eye on updates from the Supreme Jury.,Shule ya Upili ya Malava Boys inabaki kuwa mwakilishi halali wa Michezo ya Shule za Sekondari za Kitaifa baada ya kufutwa kwa rufaa ya Chesamisi Boys. Fuata taarifa kutoka kwa Jopo Kuu.,,EducationNews_co_ke,https://educationnews.co.ke/malava-boys-cleared-as-jury-dismisses-chesamisi-appeal-supreme-jury-to-hear-new-petition/,2026-07-26,General,Malava Boys High School ni omokiriani omogori oregotebwaki ogega bwae obokiriecha Chesamisi Boys. Nakiagire buya naki ogete obwakirumi bwakire bwaki.,Malava Boys High School nono nigi gi kwang' dhiang' ma ikwalo kaluwore kanyo kuom National Secondary Schools Games nyaka Chesamisi Boys' appeal ne oweyore. Nyisogi maler kuom makonji ma nyal tek nyaka ng'ato.,Dugsi Sare ee Malava Boys wuxuu sii ahaanayaa wakiilka ku habboon ee Ciyaaraha Dugsiyada Sare Qaranka ka dib markii la diiday racfaan ka yimid Chesamisi Boys. La soco wararka ka imaanaya Garsoorka Sare.
EDU-00831,Education,PSA,A fundraising event for retired headteacher Paul Kimutai Koech's hospital and funeral expenses will be held on July 17. His burial is scheduled for July 21 in Cheswerta Village.,Tukio la kuchangisha fedha kwa ajili ya gharama za hospitali na mazishi ya mstaafu mkuu wa shule Paul Kimutai Koech litafanyika tarehe 17 Julai. Mazishi yake yanatarajiwa kufanyika tarehe 21 Julai katika Kijiji cha Cheswerta.,,EducationNews_co_ke,https://educationnews.co.ke/bomet-veteran-headteacher-who-shaped-generations-dies-after-a-short-illness/,2026-07-26,General,Ekerandi ya kuziria emomoi ya otagari umosi Paul Kimutai Koech ekerire tekaraka na July 17. Omoechoriori bwakire buya July 21 oria Cheswerta.,Odhok gi fund e tich mamoko ma paach Paul Kimutai Koech ng'eyo nyaka oter 17. Konyo mag e yore 21 e Cheswerta Village.,Dhacdo lacag ururin ah oo loogu talagalay kharashka isbitaalka iyo aaska macallin hore Paul Kimutai Koech ayaa la qaban doonaa July 17. Aaskiisa waxa la qorsheeyey in la sameeyo July 21 tuulada Cheswerta.
EDU-00832,Education,PSA,Youth are urged to reject manipulation by politicians offering handouts. Embrace peace and focus on building a better future.,Vijana wanah encouraged kukataa udanganyifu kutoka kwa wabunge wanaotoa misaada. Kubali amani na zingatia kujenga maisha bora.,,EducationNews_co_ke,https://educationnews.co.ke/ps-mbaika-to-politicians-stop-using-youths-a-sh100-handout-isnt-worth-their-future/,2026-07-26,General,Abaguita bakenye bagenyere kuchere kereri naki bikore baki bato gaki jenda. Beria osokoti naki ogokirenda osoroki ijogori.,Nyar ades gi tee gi kare mokwongo ka politiko ruothor handouts. Tingo piny gi ketho kaka ogendani.,Dhalinyarada waxaa lagu boorinayaa inay diidaan ka faa'iidaysiga siyaasiyiinta bixiya gunooyinka. Qabso nabadda oo diiradda saar dhisidda mustaqbalka wanaagsan.
EDU-00833,Education,PSA,The appeal hearing for Kisumu Boys against St. Mary's Yala regarding age-ineligible players will take place on July 15 at 9:00 a.m. All interested parties should attend.,Sikumbusho la rufaa kwa Kisumu Boys dhidi ya St. Mary's Yala kuhusu wachezaji wasio na umri sahihi litafanyika tarehe 15 Julai saa 3:00 asubuhi. Vyote vilivyo na nia vinapaswa kuhudhuria.,,EducationNews_co_ke,https://educationnews.co.ke/verdict-set-for-tomorrow-as-kisumu-boys-appeal-against-yalas-regional-football-title/,2026-07-26,General,Ateka ya kugechezia Kisumu Boys buya St. Mary's Yala nyang'ere maige aendi webia ikorere mokiri 15 getabu 9:00 kumakwere. Abamokirani bosi burori bateganeri.,"Ong'ere mar kisumu boys ma ok oher ni St. Mary's Yala kanyidha ng'ato maguruok ki 15, Okwak 9:00 aam. Wuodho wacho tich ok wacho piny.",Dhageysiga racfaanka ee Kisumu Boys ka dhan ah St. Mary's Yala oo ku saabsan ciyaartoyda aan ku habboonayn da'da ayaa dhici doona July 15 saacadda 9:00 subaxnimo. Dhammaan dhinacyada daneynaya waa inay yimaadeen.
EDU-00834,Education,PSA,Students who have changed their mobile phone number must update their registered number with HELB to regain access to services via *642#. Contact HELB customer support with your ID number and new number to proceed.,Wanafunzi ambao wamebadilisha nambari zao za simu wanapaswa kuongeza nambari zao zilizoregistriwa pamoja na HELB ili kupata huduma kupitia *642#. Wasiliana na huduma kwa wateja wa HELB kwa kutumia nambari yako ya kitambulisho na nambari mpya ili kuendelea.,,EducationNews_co_ke,https://educationnews.co.ke/how-to-restore-access-to-helb-ussd-after-changing-your-phone-number/,2026-07-26,General,Abesabere bakiria omokiri bagia kiongoni bw'ene bwanjige bwanaririre bw'ana HELB nkioria bw'eyenya bwananga na *642#. Kigonzi HELB omogori gendogo buse naki abwakira naki bw'ena bw'ogae.,Jalwombo mag dong'ni joma ok gi chamo chuno mwal bende giyek gi chamo mar HELB kik vayogo chinyuru kod *642#. Konyo HELB ngeyo joma negi ID chuo kod chamo chako kuom nyisech.,Ardayda beddelay lambarkooda taleefanka waa in ay cusboonaysiiyaan lambarkooda diiwaangashan ee HELB si ay u helaan adeegyada iyada oo loo marayo *642#. La xiriir taageerada macaamiisha HELB adiga oo wata lambarkaaga aqoonsiga iyo lambarka cusub si aad u sii waddo.
EDU-00835,Education,PSA,PCEA Mai-a-Ihii Booth Boys High School is closed indefinitely. All students must be picked up by their parents immediately due to serious allegations involving the principal and BOM chair.,Shule ya PCEA Mai-a-Ihii Booth Boys High imefungwa kuanzia sasa. Wanafunzi wote wanapaswa kuchukuliwa na wazazi wao mara moja kutokana na madai mazito yanayohusisha mkuu wa shule na mwenyekiti wa BOM.,,EducationNews_co_ke,https://educationnews.co.ke/pcea-mai-a-ihii-booth-boys-high-school-shut-indefinitely-after-principal-bom-chair-arrest-pcea-ma/,2026-07-26,General,PCEA Mai-a-Ihii Booth Boys High School eria ogoti. Abere bose batoria na abandu babo naki konu bwebwa buya bwaki na boti buya buya buya omogoti na BOM chair.,PCEA Mai-a-Ihii Booth Boys High School ni ng'we ka jomoko. Jotemo nyalo chako byok kendo konyo ne joma nyaka chamo kendo nyaka marach bang' wang'ni kuom jomoko kendo BOM chair.,Dugsiga Sare ee PCEA Mai-a-Ihii Booth Boys wuu xiranyahay muddo aan la sheegin. Dhammaan ardayda waa in waalidiintooda ay si degdeg ah u soo qaadaan sababo la xiriira cabashooyin culus oo ka dhanka ah maamulaha iyo guddoomiyaha guddiga maamulka.
EDU-00836,Education,PSA,"Laikipia University will hold an Academic Open Week from July 20–24, 2026, for students to resolve academic issues. Students are encouraged to attend with parents or guardians for support.","Chuo Kikuu cha Laikipia kitafanya Wiki ya Wazi ya Kimasomo kuanzia Julai 20 hadi 24, 2026, kwa wanafunzi kutatua masuala ya kimasomo. Wanafunzi wanahimizwa kuhudhuria pamoja na wazazi au walezi kwa msaada.",,EducationNews_co_ke,https://educationnews.co.ke/laikipia-university-announces-academic-open-week-to-resolve-students-academic-issues/,2026-07-26,General,"Laikipia University ikore osibori ya Mugeti omokonyi bw'ekegendene buya bw'oseanja bw'ikoma 20–24, 2026, buya buinterni ogenda buya kosiia omogori. Abakosi bakenya gukorane ne nyamachekire babo kana ibogoya buya bagerane.","Laikipia University e bonyo Academic Open Week mar July 20–24, 2026, wan gi dhur gi kanyakla. Wanafunzi nyaka kuyang’ gi kaka kata gi chiemo ma konyo.","Jaamacadda Laikipia waxay qaban doontaa Toddobaadka Furitaanka Tacliinta laga bilaabo Luulyo 20–24, 2026, si ardaydu u xalliyaan arrimaha tacliinta. Ardayda waxaa laga dhiirrigelinayaa inay la soo diriryaan waalidiinta ama ilaalinta si ay u helaan taageero."
EDU-00837,Education,PSA,Parents are urged to take responsibility for instilling discipline in their children to combat the rise of student unrest in schools.,Wazazi wanashauriwa kuchukua jukumu la kuimarisha nidhamu kwa watoto wao ili kupambana na kuongezeka kwa machafuko ya wanafunzi shuleni.,,EducationNews_co_ke,https://educationnews.co.ke/oyuu-calls-on-parents-to-take-lead-in-instilling-discipline-amid-student-unrest/,2026-07-26,General,Ababere baria bakanire kubwateka omonene mu masinde ya abana bo gukeng'ana na obwakiri bw'amatoke mu masomo.,Wang'ni owinjruok ka udi timbe gi modhuro mar abor ne omer ka imar yore e pinje mamok gi lul.,"Waayeelada waxaa lagu boorinayaa inay mas'uuliyad qaataan si ay udhigaal dhisaan carruurtooda, si loola dagaallamo kororka qaraxyada ardayda ee iskuulada."
EDU-00838,Education,PSA,"The Teachers Service Commission (TSC) is urged to fast-track promotions for over 20,000 qualified teachers to enhance career progression.","Tume ya Huduma za Walimu (TSC) inasihiwa kuharakisha kupandishwa kwa zaidi ya walimu 20,000 waliostahili ili kuboresha maendeleo ya kazi.",,EducationNews_co_ke,https://educationnews.co.ke/kuppet-urges-tsc-to-fast-track-promotion-of-over-20000-qualified-teachers/,2026-07-26,General,"Omoige bu Ticha Diri (TSC) oborakire oria buya bu sosi ogenda 20,000 bu ticha bateganane buemokire oria riobo.","Wang'ni Teachers Service Commission (TSC) nyal riek mar kanyo piny ni ofe 20,000 ma ok oyweyo kuom gima giwacho mag kwa.","Komishanka Adeegga Macallimiinta (TSC) waxaa lagu boorinayaa inay dedejiso kor u qaadista in ka badan 20,000 macallin oo aqoonsan si loo hormariyo horumarka xirfadeed."
EDU-00839,Education,PSA,"Students placed by KUCCPS consider course availability, costs, and requirements before transferring universities. Transfer applications will be accepted during the designated transfer window; eligibility criteria apply.","Wanafunzi waliochaguliwa na KUCCPS wanapaswa kuzingatia upatikanaji wa kozi, gharama, na vigezo kabla ya kuhamia vyuo vingine. Maombi ya uhamisho yatachukuliwa wakati wa kipindi maalum cha uhamisho; vigezo vya kustahiki vitatumika.",,EducationNews_co_ke,https://educationnews.co.ke/how-students-handle-university-transfers-after-kuccps-placements/,2026-07-26,General,"Abanene baki ku KUCCPS batarora igori, mirongo, na eng'era bosi mbere batoraki ore bajiingira mabu. Ababere bataraki bosi bwakira na miyo ya abaroti bwaki orokiri; emokiri ya abaki ibwaki isangacha.","Okwoth gi KUCCPS nyaka kanyo kwer mar kachon, wendo, kod iting' ma ok nyal chamo ng'ato bende oyieyo. Kachien chayo omiyo ikelo ng'ato mokuongo; ng'ato ma ok ng'iyo nyal chamo.","Ardayda lagu qoondeeyay KUCCPS waxay ka fiirsadaan helitaanka koorsooyinka, kharashaadka, iyo shuruudaha ka hor inta aysan u guurin jaamacadaha. Codsiyada guurka waxaa la aqbali doonaa intii lagu jiro waqtiga loogu talagalay guurka; shuruudaha u-qalmitaanka ayaa jira."
EDU-00840,Education,PSA,"Parents are encouraged to support their children's career interests instead of pushing them towards medicine and teaching, which may not align with students' passions.","Wazazi wanah encouraged kusaidia maslahi ya taaluma ya watoto wao badala ya kuwabeba kuelekea tiba na ufundishaji, ambayo inaweza kutokubaliana na mapenzi ya wanafunzi.",,EducationNews_co_ke,https://educationnews.co.ke/parents-push-children-towards-medicine-and-teaching-despite-students-different-career-interests-says-kuccps/,2026-07-26,General,"Abakire batarore buya bagabire emokiri bw'imbokere y'abana babo, naki bataragireka abenyi bami bw'akaranga na kw'ensenge, omokiri omokinyake oria bobori nyasa.","Kik joma nobiro konyo loso ma ok nyaka winj gi chako ma jomoko, kendo eyo nyaka kibiro gi tich ma ok nyaka piny kuom, ka wacho koyi juchwe.","Waalidka waxaa lagu dhiirrigelinayaa inay taageeraan danaha xirfadeed ee carruurtooda halkii ay ku cadaadin lahaayeen caafimaadka iyo barashada, taasoo laga yaabo in aanay waafaqsaneyn xiisaha ardayda."
EDU-00841,Education,PSA,"Former Egerton University students recognize Kimani Njoroge for his exceptional teaching in coding and technology, shaping many careers in software and IT fields.","Wanafunzi wa zamani wa Chuo Kikuu cha Egerton wanamtambua Kimani Njoroge kwa ufundishaji wake bora katika uandaaji wa programu na teknolojia, akikimu taaluma nyingi katika sekta ya programu na teknolojia ya habari.",,EducationNews_co_ke,https://educationnews.co.ke/the-lecturer-who-made-coding-make-sense-why-kimani-njoroge-remains-an-egerton-legend/,2026-07-26,General,"Abasomoi b’Egerton University baranga Kimani Njoroge k’ogendanye obwaki mu kutendekera bakora na tekinolojia, bakiibire mbochaki ebikora bingi mu software na IT.","Masomo mar Egerton University osetinge Kimani Njoroge kuom tege mag ng'iyo e coding kod technology, koro oseyudo thuolo duto e software kod IT.","Ardaydii hore ee Jaamacadda Egerton ayaa aqoonsaday Kimani Njoroge sababtoo ah waxbarashadiisa sarreysa ee ku saabsan koodhka iyo tiknoolajiyada, isagoo qaabeynaya xirfado badan oo ku saabsan software iyo IT."
EDU-00842,Education,PSA,Teachers are advised that the Kenya National Union of Teachers (KNUT) may call for a strike if the proposed five-year renewal of practising licences by the Teachers Service Commission is not withdrawn.,Walimu wanashauriwa kwamba Chama cha Kitaifa cha Walimu wa Kenya (KNUT) kinaweza kuita mgomo ikiwa mapendekezo ya upya leseni za kufanya kazi kwa miaka mitano na Tume ya Huduma za Walimu hayataondolewa.,,EducationNews_co_ke,https://educationnews.co.ke/knut-threatens-strike-over-proposed-five-year-renewal-of-teachers-practising-licences/,2026-07-26,General,Abagereki baria naki naki Kenya National Union of Teachers (KNUT) naki bataria kusiire omokirima kwe mibea ya itano ibokire yebetwe omotiragani wa Teachers Service Commission omoma buya.,Ahenyinyi para gima Kenya National Union of Teachers (KNUT) en bende nyal timore gi chalo ma chonruok 5 kuonde makare mar konyo ng'ato ka licens mar jumba kod Teachers Service Commission awach ni ok nyal otim.,Macallimiinta waxaa la soo jeedinayaa in Ururka Qaranka Macallimiinta Kenya (KNUT) uu ku dhawaaqi karo dibadbax haddii soo jeedinta shanta sano ee cusboonaysiinta shatiyada shaqo ee Golaha Adeegga Macallimiinta aysan la noqon.
EDU-00843,Education,PSA,"Learners are urged to respect the law and engage in peaceful dispute resolution, as the courts uphold justice and accountability, deterring violence and ensuring community safety.","Wanafunzi wanahimizwa kuheshimu sheria na kushiriki katika kutafuta suluhu za amani, kwani mahakama zinaimarisha haki na uwajibikaji, zikizuia vurugu na kuhakikisha usalama wa jamii.",,EducationNews_co_ke,https://educationnews.co.ke/the-role-of-courts-in-deterring-unrest-why-learners-must-respect-the-law/,2026-07-26,General,"Abagere mameranage omogaka na bagenge omokang'oya osiebaki, naki omokama mong'era gufundukire omotete na ogogoto, omorogoti oriri ogwedori naki obwakire bw'omokere.","Jang'adi remb osiepna kuom chak mar law, kendo ok nyalo endore oko ni goyi, awalong' mar justice kendo accountability, to gichung' violence kod giyogi safar mar jamii.","Ardayda waxaa lagu boorinayaa inay ixtiraamaan sharciga oo ay ka qaybqaataan xallinta khilaafaadka si nabad ah, maxkamaduhuna waxay ilaalinayaan cadaaladda iyo xisaabtanka, taasoo ka hortagta rabshadaha isla markaana hubinaysa ammaanka bulshada."
EDU-00844,Education,PSA,Political leaders are urged to serve as role models for the youth and avoid incitement. Youth are encouraged to reject harmful practices and prioritize peace for a better future.,Viongozi wa kisiasa wanashauriwa kuwa mfano mzuri kwa vijana na kuepuka uchochezi. Vijana wanahimizwa kukataa vitendo vya kuharibu na kuweka mbele amani kwa ajili ya siku zijazo nzuri.,,EducationNews_co_ke,https://educationnews.co.ke/ps-mbaika-urges-political-leaders-to-be-role-models-to-youths/,2026-07-26,General,Abanyabaki bakiire bosi batie bakiore omokosi bwakire moshere omwaki na bugeto bwabaki. Abakosi bakiiri buaki buhende kosi noseri ne bwania buhoro bwaki.,"Jogoo mar serikali wan moko nikech konyo ni jomok wacho maler e piny. Jomok nyaka isekanyo mitego ma wacho maler, kendo noting'o duto ka ng'ato uyie maginchi ma yie.",Hoggaamiyayaasha siyaasadeed waxaa lagu boorinayaa inay noqdaan tusaale iyo in aysan kicin. Dhalinyarada waxaa lagu dhiirrigelinayaa inay diidaan dhaqanada waxyeelada leh iyo in ay mudnaanta siiyaan nabadda si mustaqbal wanaagsan u helaan.
EDU-00845,Education,PSA,"The Irish Government has expanded the Back-to-School Clothing and Footwear Allowance to include preschool children aged 2 and 3, benefiting an estimated 37,000 additional families.","Serikali ya Ireland imepanua Msaada wa Vazi na Viatu vya Kurudi Shuleni ili kujumuisha watoto wa shule ya awali wenye umri wa miaka 2 na 3, ikinufaisha familia zisizopungua 37,000 zaidi.",,EducationNews_co_ke,https://educationnews.co.ke/why-irelands-back-to-school-support-model-is-drawing-international-attention/,2026-07-26,General,"H serikali ya Ishiime yaeng'ereire omokireri ogwakamano gose gobwaki omogori buya na mbega buya kanda 2 na 3, buya ekere omogori 37,000 bwantigani.","Gavumenti mar Ireland yong' kod Back-to-School Clothing and Footwear Allowance kuom watoto ma oketi kuom chiegni 2 kendo 3, kendo neno kanyakla 37,000 onyalo.","Dowladda Irishga waxay ballaarisay lacagta dharka iyo kabaha loogu talagalay qofka soo lugeynaya dugsiga si loo darto carruurta xanaanada ku jirta da'da 2 iyo 3, taasoo ka faa'iideysanaysa qiyaastii 37,000 qoys oo dheeraad ah."
EDU-00846,Education,PSA,"A search is ongoing for Yvonne Wanjiru, a Grade 10 student from Murang'a County who went missing after being expelled from St Charles Lwanga High School. Please report any sightings to the Kandara Police Station.","Utafutaji unaendelea kwa Yvonne Wanjiru, mwanafunzi wa daraja la 10 kutoka Kaunti ya Murang'a ambaye alipotea baada ya kutimuliwa kutoka Shule ya Sekondari ya St Charles Lwanga. Tafadhali ripoti uwepo wowote kwa Kituo cha Polisi Kandara.",,EducationNews_co_ke,https://educationnews.co.ke/search-launched-for-student-who-went-missing-hours-after-expulsion-over-miniskirt-dyed-hair/,2026-07-26,General,"Oria egokoreka Yvonne Wanjiru, omokere omogori omokere omogeno ocha Murang'a, oyo oborwanyane nyang'anu orokere buya ku St Charles Lwanga High School. Naki bwakire busire ing'ina bota buya ku Kandara Police Station.","Konyo e kwondhori Yvonne Wanjiru, ndalo 10 mar Murang'a, ka gweno gi yore me St Charles Lwanga High School. Omiyo, teri kendo yore kadho e Kandara Police Station.","Baadhitaan ayaa socda si loo helo Yvonne Wanjiru, ardayda fasalka 10-aad ee ka socota Gobolka Murang'a oo lumay kadib markii laga jafay Dugsiga Sare ee St Charles Lwanga. Fadlan soo sheeg wax walba oo aad aragto oo ku saabsan. U dir warbixin ka timid Barkada Booliska Kandara."
EDU-00847,Education,PSA,The Directorate of Criminal Investigations (DCI) is investigating the death of a Grade 9 student at CITAM Schools Ngong. All community members are urged to avoid speculation during this time.,Mkurugenzi wa Uchunguzi wa Makosa ya Jinai (DCI) anachunguza kifo cha mwanafunzi wa Kidato cha Tisa katika Shule za CITAM Ngong. Wanajamii wote wanasisitizwa kuepuka uvumi wakati huu.,,EducationNews_co_ke,https://educationnews.co.ke/dci-launches-probe-into-death-of-grade-9-student-at-citam-schools-ngong/,2026-07-26,General,Abagere bure bachekanagirira Oria Okwanjire (DCI) nakioni okorori bw'ogori buse okoreri bw'ogotina kadogo Chikogo 9 naki CITAM Schools Ngong. Abaki chibori naki bokiri baki orianagirira oboki obokubere naki omorori.,Jok'ero ma kanyruok kanyaluok (DCI) nyaloyo koro kut jowinyo ka kelo chike e CITAM Schools Ngong. Jomoromo nyaka gimoro gi kanyalo chike ogendani yore.,Hey'adda Baarista Dembiyada (DCI) waxay baareysaa geerida arday fasalka 9-aad ah oo ka tirsan Dugsiyada CITAM ee Ngong. Dhammaan xubnaha bulshada waxaa lagu boorinayaa in ay ka fogaadaan maleyn iyo qiyaas xilligan.
EDU-00848,Education,PSA,"All workers, parents, teachers, and students must understand that continuous learning is essential in the age of AI. Adapt and update your skills to remain relevant in the evolving job market.","Wafanyakazi wote, wazazi, walimu, na wanafunzi wanapaswa kuelewa kwamba kujifunza bila kukoma ni muhimu katika enzi ya AI. Badilisha na sasisha ujuzi wako ili ubaki muhimu katika soko la ajira linalobadilika.",,EducationNews_co_ke,https://educationnews.co.ke/ai-is-coming-for-your-job-the-hard-lessons-every-worker-parent-teacher-and-student-must-learn/,2026-07-26,General,"Ababere, babi, abarimu, nakiogenda batoria obwakire buya bwakibori bweng'e buya ikiri mu gereka ya AI. Nakiogenda nakiobwensionye ahokore asuboria buni buya obwakire.","Ng'ato, mawuonyo, owadgi, kod mighta tigi nyalo yawi chiemo ni kuom joma dhok e chunya mar AI. Yienge kod bende bulu matindo gi bende ma oket gi nyaka nochiko mar dhok.","Dhammaan shaqaalaha, waalidiinta, macalimiinta, iyo ardayda waa inay fahmaan in barashada joogtada ah ay muhiim tahay xilligan ee AI. Diyaariyo oo cusboonaysii xirfadahaaga si aad ugu sii jirto suuqa shaqada ee isbeddelaya."
EDU-00849,Education,PSA,"Amagoro Comprehensive School has lost 27 laptops valued at Ksh400,000 to theft, affecting over 1,000 students' digital learning. The community is urged to report any information regarding the burglary.","Shule ya Upili ya Amagoro imempoteza kompyuta kibao 27 zenye thamani ya Ksh400,000 kutokana na wizi, huku ikihusisha kujifunza kwa kidijitali kwa wanafunzi zaidi ya 1,000. Jumuiya inaombwa kuripoti taarifa yoyote kuhusu wizi huo.",,EducationNews_co_ke,https://educationnews.co.ke/thieves-raid-amagoro-comprehensive-school-steal-27-laptops-worth-ksh400000/,2026-07-26,General,"Amagoro Comprehensive School ekegoro 27 laptops eria tseta Ksh400,000 naki robbery, omokiriri 1,000 sogori naki omong'ene ogokore. Ababere batarorere bakiere naki orokire gotigana khogotegana.","Amagoro Comprehensive School osebedo kod 27 laptops ma nyalo weche Ksh400,000 kendo okonyo, ibilonji 1,000 jotegno ma oket gi dhog piny. Jotegi ochiko nyisore kendo owete chandruok chieko.","Iskuulka Amagoro Comprehensive wuxuu lumiyey 27 laptop oo qiimahoodu yahay Ksh400,000 oo dhacay, taasoo saameyn ku yeelatay barashada dijitaalka ah ee in ka badan 1,000 arday. Bulshada waxaa laga codsanayaa inay soo gudbiyaan wax kasta oo macluumaad ah oo ku saabsan xadgudubka."
EDU-00850,Education,PSA,"Parents of students at PCEA Mai-a-Ihii Booth Boys High School in Kikuyu, Kiambu County, are advised to ensure their children's safety and consider transferring them if needed, following allegations of abuse.","Wazazi wa wanafunzi wa Shule ya Upili ya PCEA Mai-a-Ihii Booth Boys katika Kikuyu, Kaunti ya Kiambu, wanashauriwa kuhakikisha usalama wa watoto wao na kufikiria kuhamisha wanafunzi wao ikiwa ni lazima, kufuatia tuhuma za unyanyasaji.",,EducationNews_co_ke,https://educationnews.co.ke/school-principal-arrested-over-alleged-sexual-abuse-of-students/,2026-07-26,General,"Abagi b’abarwaki b’amatongo kw’ PCEA Mai-a-Ihii Booth Boys High School mu Kikuyu, Kiambu County, boragani bwogekire omotondo bwabaki bwokogekire omogendi bwogekire, no boriango bwoba gotanga bakanose itaki boche boke.","Kikuyu, Kiambu County, e piny, koro nyira mar abiro miyo duto ma PCEA Mai-a-Ihii Booth Boys High School nyaka golo ni gima ma ok nyal bwogore. Koro nyaka wunyiso duto makinde owalre ni nyakalruok mane bende wacho.","Waalidka ardayda ku nool PCEA Mai-a-Ihii Booth Boys High School ee Kikuyu, Gobolka Kiambu, waxaa loogu talagalay inay hubiyaan badbaadada carruurtooda iyo inay tixgeliyaan in la wareejiyo haddii loo baahdo, kaddib markii la soo jeediyay eedeymo xadgudub ah."
EDU-00851,Education,PSA,"All senior schools must register eligible Grade 10 learners for the Senior School-Based Assessments by July 30, 2026, through the SBA portal. Timely registration is crucial for eligibility.","Shule zote za sekondari zinapaswa kuwasajili wanafunzi wa Kidato cha 10 waliofaa kwa ajili ya tathmini za Shule za Sekondari kabla ya tarehe 30 Julai, 2026, kupitia lango la SBA. Usajili kwa wakati ni muhimu kwa ajili ya ufaa.",,EducationNews_co_ke,https://educationnews.co.ke/knec-sets-july-30-deadline-for-registration-of-grade-10-learners-for-senior-school-assessments/,2026-07-26,General,"Masomo mang'anya ongaananaka buya bwakorane abantugori bakiita Grade 10 kuora kusiina bwakube ne Senior School-Based Assessments buya 30, 2026, oria mu SBA portal. Gekore bwakogenda buya buya bwokire buya egokire.","Ramba, ma kwaya senior miyo chike mwak 10 mane en chike no ng'ato manyien kuom Senior School-Based Assessments kendo iye kanyo nyalo thurwa nyaka 30, mwaka 2026, kuom SBA portal. Jotengo mar timbe en chike nyaka kata.","Dhammaan dugsiyada sare waa inay diiwaan geliyaan ardayda fasalka 10-aad ee u qalma imtixaanaadka Dugsiga Sare ee Ku Saleysan ilaa July 30, 2026, iyaga oo adeegsanaya portal-ka SBA. Diiwaangelinta waqtigeeda ayaa muhiim u ah u-qalmitaanka."
EDU-00852,Education,PSA,The community is urged to report any signs of domestic violence or child neglect to local authorities to help prevent tragic incidents.,Jamii inasihiwa kuripoti dalili zozote za unyanyasaji wa ndani au neglect ya watoto kwa mamlaka za eneo ili kusaidia kuzuia matukio ya kusikitisha.,,EducationNews_co_ke,https://educationnews.co.ke/mother-arrested-after-suspected-arson-kills-two-children-in-bomet-county/,2026-07-26,General,Ababere batagwa naki buya bwose bwachoche bwomokang’ani omogore buya na boki mwomokang’ani bwogokiriga buya bwake.,Homa chike goyo kuom ber kendo mar joma mag ng'ato to ongeyo hibed ni ongi kod nyaka joma.,Bulshada waxaa lagu boorinayaa inay warbixin ka bixiyaan calaamadaha rabshadaha qoyska ama dayacaadda carruurta maamulka deegaanka si loo caawiyo ka hortagga dhacdooyinka murugada leh.
EDU-00853,Education,PSA,The family of Kenya Medical Training College student Anne Adhiambo seeks justice following her suspicious death on July 7. Police investigations are ongoing.,"Familia ya mwanafunzi wa Chuo cha Mafunzo ya Tiba Kenya, Anne Adhiambo, inatafuta haki kufuatia kifo chake cha kushangaza mnamo tarehe 7 Julai. Uchunguzi wa polisi unaendelea.",,EducationNews_co_ke,https://educationnews.co.ke/probe-launched-into-kmtc-students-death-as-family-demands-justice/,2026-07-26,General,"Ekiroto cha mwaki wa Onyanchiri ya Kenya Medical Training College, Anne Adhiambo, kinea bw'ogendire oria omogusii omobogoria buya kaigi na 7 chuka. Abatware ba abatoshanye kworagania.","Wang'ni mar Anne Adhiambo, owang' ni student kuom Kenya Medical Training College, owuon ji ma ohaler en mar heri duto ka juma 7. Okwong' pogruok kuom jaduong'.","Qoyska ardayda Kenya Medical Training College, Anne Adhiambo, ayaa raadinaya cadaalad ka dib markay ku geeriyoodey shaki leh 7-dii Luulyo. Baaritaanada booliisku waa socdaan."
EDU-00854,Education,PSA,"The 2026 KSSSA national Term Two football games will take place in Thika, featuring new teams such as Tenwek Boys and Highway Secondary School.","Michezo ya mpira wa miguu ya kitaifa ya Kipindi cha Pili ya KSSSA 2026 itafanyika Thika, ikijumuisha timu mpya kama Tenwek Boys na Shule ya Sekondari ya Highway.",,EducationNews_co_ke,https://educationnews.co.ke/new-faces-set-to-shine-at-ksssa-national-football-games-in-thika/,2026-07-26,General,"Maki 2026 KSSSA kietorori ya Term Mbiri ya bori boki naki Thika, naki abate bantekore oria Tenwek Boys na Highway Secondary School.","2026 KSSSA ichuni mawuok tigi chieng' dhak gi dho football e Thika, nikech timbe chak ng'ato kuom Tenwek Boys na Highway Secondary School.","Ciyaaraha kubadda cagta ee KSSSA qaranka ee Term Two 2026 ayaa ka dhici doona Thika, iyadoo kooxo cusub ay ka mid yihiin Tenwek Boys iyo Dugsiga Sare ee Highway."
EDU-00855,Education,PSA,Kakamega High School has won the Western Region football championship and will represent the region at the KSSSA national games in Thika.,Shule ya Kawaida ya Kakamega imeshinda mashindano ya soka ya Kanda ya Magharibi na itawakilisha kanda hiyo katika michezo ya kitaifa ya KSSSA Thika.,,EducationNews_co_ke,https://educationnews.co.ke/kakamega-high-school-dethrones-musingu-to-clinch-western-region-football-championship-title/,2026-07-26,General,Kakamega High School nakiore omokiri wa buya bw'ekegera bw'amaani na omokiri omogori bw'ekegera bwa KSSSA buya bw'ekekera Thika.,Kakamega High School obat kambi e Western Region kuonji e football championship kendo okonyo nyaka winjruok e KSSSA national games e Thika.,Dugsiga Sare ee Kakamega ayaa ku guuleystay tartanka kubadda cagta ee Gobolka Galbeedka wuxuuna matali doonaa gobolka ciyaaraha qaranka KSSSA ee ku dhacaya Thika.
EDU-00856,Education,PSA,Four schools in West Pokot County have received smart boards and laptops to enhance digital learning ahead of the Competency Based Education (CBE) rollout.,Shule nne katika Kaunti ya West Pokot zimepata bodi za smart na laptop ili kuboresha ujifunzaji wa kidijitali kabla ya kuzindua Elimu Iliyotolewa Kulingana na Uwezo (CBE).,,EducationNews_co_ke,https://educationnews.co.ke/west-pokot-schools-receive-smart-boards-and-laptops-in-digital-learning-boost-ahead-of-cbe-rollout/,2026-07-26,General,Shule nane mu West Pokot County zioraishie smart boards na laptops buogotire omokore buya mu digital learning naki buongo bwa Competency Based Education (CBE).,"Kanya in West Pokot County njima teri mar smart boards kod laptops kuom nyalo tho diji, to gima nyaka timo gi Competency Based Education (CBE) ma en mar otimre.",Afarta dugsiyo ee ka tirsan Degmada West Pokot ayaa helay looshyo casri ah iyo laptopyo si loo xoojiyo barashada dijitaalka ah ka hor bilowga Barashada Ku Salaysan Aqoonta (CBE).
EDU-00857,Education,PSA,"Report any suspicions of child sexual abuse immediately to the police, chiefs, or children's officers. It is mandatory to report; failure to do so is an offence.","Ripoti ukiukaji wowote wa unyanyasaji wa kijinsia kwa watoto mara moja kwa polisi, wenyeviti wa kata, au maafisa wa watoto. Ni lazima kuripoti; kutokufanya hivyo ni kosa.",,EducationNews_co_ke,https://educationnews.co.ke/police-pursue-kisii-trader-accused-of-luring-schoolgirls-as-villagers-torch-his-home/,2026-07-26,General,"Naki naki ogenda buya obware bwagendo bwokiri obwakiire buya, signa abashatani, naki abatechani baki. Naki ikirukire buya; kugendana na buya naki ikirukire oria.","Nyonj bura buo mar yong' gige gi chako gibuoyo kuom polisi, mayom, to kanyongo. Nitie kit kony, gi pinje kendo ok kony joma.","Inta badan in la soo sheegto shakiga ku saabsan xadgudubka galmada carruurta isla markiiba booliska, ciidanka tuulada, ama mas'uuliyiinta carruurta. Waa waajib in la soo sheego; diidmada ayaa ah dembi."
EDU-00858,Education,PSA,St. Paul's Nyankanda Secondary School is closed indefinitely due to a fire that destroyed the boys' dormitory. All male students must remain at home until further notice.,Shule ya Sekondari ya Mtakatifu Paulo Nyankanda imefungwa mpaka taarifa nyingine itakapotolewa kutokana na moto ulioteketeza hosteli ya wavulana. Wanafunzi wote wa kiume wanapaswa kubaki nyumbani hadi taarifa zaidi itolewe.,,EducationNews_co_ke,https://educationnews.co.ke/st-pauls-nyankanda-secondary-closed-after-dormitory-fire-as-six-students-arrested/,2026-07-26,General,Chuo cha Nyankanda cha St. Paul kimefungwa bila ukomo kwa sababu ya moto ulioharibu hostel ya wavulana. Wanafunzi wote wa kiume wanapaswa kubaki nyumbani hadi arifa zaidi itolewe.,Chik St. Paul's Nyankanda Secondary School nyalo koro tinde piny kod ochak mar moto ma awacho nyari boys' dormitory. Waduogo waɗoni ohero kod aunga kendo oritumre buok.,Dugsi Sare ee St. Paul's Nyankanda wuxuu xiranyahay mudda aan la cayimin sababo la xiriira dab burburiyey hoyga wiilasha. Dhamaan ardayda ragga ah waa in ay ku sugnaadaan guriga ilaa ogeysiis kale.
EDU-00859,Education,PSA,Parents of students from St. Paul's Gekano Boys School are advised to await further communication from the Ministry of Education regarding the school's closure and reconstruction efforts.,Wazazi wa wanafunzi wa Shule ya Wavulana ya St. Paul's Gekano wanashauriwa kusubiri mawasiliano zaidi kutoka Wizara ya Elimu kuhusu kufungwa kwa shule na juhudi za ujenzi mpya.,,EducationNews_co_ke,https://educationnews.co.ke/9-students-arraigned-at-nyamira-law-courts-over-arson-at-st-pauls-gekano-boys/,2026-07-26,General,Ababere b'abiogotari b'ogenda buchekere bwa St. Paul's Gekano Boys School barikwereka okire oria buya bwamokirire ogendani bw'ekegesori bwiinyaki bw'ekibokori naki bwekwete.,"Makarokogi gi chike mag St. Paul's Gekano Boys School, yot puro wuok ni gomo kamano ka itimogo chula kera kendo kod kido mar Ministry of Education mag chula maikare e ntero kendo ruoth.",Waalidka ardayda ka tirsan Dugsiga Sare ee St. Paul's Gekano Boys waxaa lagu talinayaa inay sugaan isgaarsiinta sii socota ee ka imanaysa Wasaaradda Waxbarashada oo ku saabsan xiritaanka dugsiga iyo dadaallada dib-u-dhiska.
EDU-00860,Education,PSA,KNEC is recruiting qualified teachers to become examiners for the 2026 KJSEA and KCSE exams. Apply online and submit recommendations by the specified deadline.,KNEC inatangaza nafasi za walimu wenye sifa kuwa wapima mitihani kwa ajili ya mtihani wa 2026 KJSEA na KCSE. Tafadhali omba mtandaoni na ushushe mapendekezo kabla ya tarehe iliyotolewa.,,EducationNews_co_ke,https://educationnews.co.ke/knec-launches-nationwide-recruitment-of-examiners-for-2026-kjsea-kcse/,2026-07-26,General,KNEC naki omokire abaki bwakire banga omokireri bosi bwakore 2026 KJSEA na KCSE. Naki oria intore naki omokiri bwabwa asema bwakire buya.,KNEC ogi e yo mag ring'ni yaduokto duto ka wang'ni nyaka ombe examiners nam KJSEA mag 2026 e KCSE. Osebedo kuom inya online kendo in gi chiegni mar kan.,KNEC waxay shaqaaleyneysaa macalimiin aqoon leh si ay u noqdaan imtixaanqaadayaasha imtixaanaadka 2026 KJSEA iyo KCSE. Codso khadka tooska ah oo soo gudbi talooyinka ka hor waqtiga lagu xusay.
EDU-00861,Education,PSA,Parents are urged to address their concerns regarding school leadership and management directly to the relevant authorities rather than protesting on school grounds.,Wazazi wanashauriwa kuelekeza wasiwasi wao kuhusu uongozi na usimamizi wa shule moja kwa moja kwa mamlaka husika badala ya kupinga kwenye maeneo ya shule.,,EducationNews_co_ke,https://educationnews.co.ke/police-foil-parents-protest-at-teso-north-school-over-leadership-claims/,2026-07-26,General,abaki bosi bakireri buya bamasinde bokenyie oborori ba shuleni naki babere abaki bosi bareturire buya bwagamo bamasinde.,"Parents nyaka timo dwond ogenda ma okonyo chalo buo e konyruok gi joma nopondo, kendo to kelo yore chalo maket e duto mar oganda.",Waalidiinta waxaa lagu boorinayaa inay si toos ah ula xidhiidhaan mas'uuliyiinta khuseeya arrimaha hogaaminta iyo maareynta dugsiga halkii ay ku muujin lahaayeen cabashooyinka meelaha dugsiga.
EDU-00862,Education,PSA,"Heads of Technical and Vocational Education and Training (TVET) institutions must collect March 2026 examination results from New Mitihani House weekdays from 8:00 a.m. to 5:00 p.m. after clearing any fee arrears. Results queries must be submitted online within 30 days or face a KSh5,000 penalty.","Viongozi wa taasisi za Elimu ya Ufundi na Ufundi Stadi (TVET) lazima wakusanye matokeo ya mtihani ya Machi 2026 kutoka New Mitihani House siku za kazi kuanzia saa 2:00 asubuhi hadi saa 11:00 jioni baada ya kulipa madeni yote. Maswali kuhusu matokeo yanapaswa kuwasilishwa mtandaoni ndani ya siku 30 au kukabiliwa na faini ya KSh5,000.",,EducationNews_co_ke,https://educationnews.co.ke/knec-releases-march-2026-tvet-examination-results/,2026-07-26,General,"Abakiri bakiinyansa bu Technical na Vocational Education and Training (TVET) batura buya nakiere Mariko 2026 naki Moka Mitihani muriri tichenda na 8:00 mna 5:00 naki mioria buya bwana motigana buya obwena bwaki. Abaki bwaki bwanika buya buya buriri buya tie bwenyere buya naki 30. Obwaki bwaki bwanika buya buya okang’ana na KSh5,000.","Niachogo ma chiegni gi Technical and Vocational Education and Training (TVET) en giyou mondo wach mar March 2026 kuom New Mitihani House maler gi pi 8:00 p.m. kadhi 5:00 p.m. nyaka owang'ni gin fee arrears. Kanyore ma wacho ni konyruok on online oyie ka 30 romb kite, ok nyalo chako gi KSh5,000.","Madaxda hay'adaha Tacliinta Farsamada iyo Tababarka (TVET) waa inay ururiyaan natiijooyinka imtixaanka Maarso 2026 ee New Mitihani House maalin walba ilaa 8:00 subaxnimo ilaa 5:00 galabnimo ka dib marka la bixiyo dhammaan daynka. Su'aalaha natiijooyinka waa in lagu soo gudbiyaa khadka tooska ah gudaha 30 maalmood ama keelid ah ciqaab dhan KSh5,000."
EDU-00863,Education,PSA,"Kakamega School's football team, the Green Commandos, has advanced to the Western Region final. Supporters are encouraged to attend the final match at Kanduyi Stadium.","Timu ya soka ya Shule ya Kakamega, Green Commandos, imefikia fainali ya Kanda ya Magharibi. Wafuasi wanahimizwa kuhudhuria mchezo wa fainali katika Uwanja wa Kanduyi.",,EducationNews_co_ke,https://educationnews.co.ke/how-coach-luche-revived-kakamega-schools-green-commandos/,2026-07-26,General,"Chuo cha Kakamega, mteam wa soka wa Green Commandos, wamefika kwa fainali ya Mkoa wa Magharibi. Wapenzi wanahimizwa kuhudhuria mechi ya fainali katika uwanja wa Kanduyi.","Chak jok' Kakamega, Green Commandos, abiro konyo gi final ma okel ka Western Region. Jotendji en to chalo kuom match mar final e Kanduyi Stadium.","Kooxda kubadda cagta ee Iskuulka Kakamega, Green Commandos, ayaa u soo baxay kama dambaysta Gobolka Galbeed. Taageerayaashu waxaa lagu dhiirrigelinayaa inay ka soo qeybgalaan cayaaraha kama dambaysta ah ee ka dhacaya Stadium-ka Kanduyi."
EDU-00864,Education,PSA,Households in Siaya are urged to switch from unclean cooking fuels like firewood and charcoal to improve children's health and reduce respiratory illnesses.,Familia katika Siaya zinashauriwa kubadilisha kutoka kwa mafuta machafu ya kupikia kama kuni na makaa ili kuboresha afya ya watoto na kupunguza magonjwa ya kupumua.,,EducationNews_co_ke,https://educationnews.co.ke/survey-links-75-percent-of-respiratory-illnesses-in-siaya-children-to-use-of-unclean-cooking-energy/,2026-07-26,General,Abaki baki bw'isi Siaya barengire gukombokere buya bui naki chabo na naki chaa imbire okogeya emosi buya bwakire oria buya.,Odhiambo e Siaya nyaka wa giwacho odhie koth kendo koth ikarok e tichu ma ok no gielo raw.,Qoyskii ku nool Siaya waxaa lagu boorinayaa inay ka beddelaan shidaalka aan nadiifka ahayn sida alwaaxda iyo kharashka si ay u hagaajiyaan caafimaadka carruurta iyo yareeyaan cudurrada neefsashada.
EDU-00865,Education,PSA,The Kenya Institute of Special Education (KISE) has trained Teachers Service Commission (TSC) officers to support inclusive education for learners with disabilities.,Taasisi ya Kenya ya Elimu Maalum (KISE) imetoa mafunzo kwa maafisa wa Tume ya Huduma za Walimu (TSC) ili kusaidia elimu jumuishi kwa wanafunzi wenye ulemavu.,,EducationNews_co_ke,https://educationnews.co.ke/kise-trains-tsc-officers-to-strengthen-inclusive-education-across-kenya/,2026-07-26,General,Ishule ya Mwakilishi wa Maki (KISE) iligana na Watumishi wa Walimu (TSC) bwakire zoka buya buya kweria buya buya obwakire aaki abaki bware buya.,Kenya Institute of Special Education (KISE) oonge ni Teachers Service Commission (TSC) kuom tinye ji nyaka tedo e gige mar kata jowi gi chako.,Machadka Kenya ee Waxbarashada Gaarka ah (KISE) ayaa tababar u fidiyay xubnaha Gobolka Adeegga Macallimiinta (TSC) si ay u taageeraan waxbarashada dadka naafada ah.
EDU-00866,Education,PSA,Teachers Service Commission employees can register for the Public Service Superannuation Scheme (PSSS) by visiting the PSSS Member Portal and completing the sign-up process.,Wafanyakazi wa Tume ya Huduma za Walimu wanaweza kujiandikisha katika Mpango wa Pensheni wa Huduma za Umma (PSSS) kwa kutembelea Tovuti ya Wajumbe wa PSSS na kukamilisha mchakato wa kujiandikisha.,,EducationNews_co_ke,https://educationnews.co.ke/psss-made-simple-how-teachers-can-register-on-portal-and-secure-their-retirement-benefits/,2026-07-26,General,Abakonzi b'Aberega bu TSC bakwaniora kuingira mu Public Service Superannuation Scheme (PSSS) gworogoya ku PSSS Member Portal na bambarireki mu panzori ya kusign-up.,Makar ni Teachers Service Commission ok nyal chako kuom Public Service Superannuation Scheme (PSSS) nikech kuom PSSS Member Portal to in gi wacho wach koro.,Shaqaalaha Kormeerka Macalimiinta waxay isdiiwaan gelin karaan Qorshaha Hawl-wadeennada Adeega Dadweynaha (PSSS) iyaga oo booqanaya Portal-ka Xubinimada PSSS isla markaana dhamaystiraya habka isdiiwaan gelinta.
EDU-00867,Education,PSA,Victor Makanda is the new chairman of the Kenya Secondary School Heads Association (KESSHA) for the Nyanza region. School heads are encouraged to support him in his new role.,Victor Makanda ndiye mwenyekiti mpya wa Chama cha Wakuu wa Shule za Sekondari Kenya (KESSHA) wa eneo la Nyanza. Wakuu wa shule wanahimizwa kumpa sapoti katika jukumu lake jipya.,,EducationNews_co_ke,https://educationnews.co.ke/makanda-takes-over-as-new-nyanza-kssha-chairman-as-nyangwe-bows-out/,2026-07-26,General,Victor Makanda ni omogaka omogendi buya wa Kenya Secondary School Heads Association (KESSHA) mwakinyanga ya Nyanza. Abere omokireri bosi baregeterera naki omogenda wamogori.,Victor Makanda en nyingi jodongo mar Kenya Secondary School Heads Association (KESSHA) yore Nyanza. Jodongo mudhika nyaka kuom ng'ato niya ma okwayo duto.,Victor Makanda waa guddoomiyaha cusub ee Ururka Madaxda Dugsiyada Sare ee Kenya (KESSHA) ee gobolka Nyanza. Madaxda dugsiyada waxaa lagu boorinayaa inay taageeraan isaga xilkiisa cusub.
EDU-00868,Education,PSA,Mombasa County has launched childcare programs at Mtongwe and Kisauni Technical Colleges to support young mothers in TVET and reduce dropout rates.,Kaunti ya Mombasa imeanzisha mipango ya huduma za watoto katika Vyuo vya Ufundi Mtongwe na Kisauni ili kusaidia akina mama vijana katika TVET na kupunguza viwango vya kuacha masomo.,,EducationNews_co_ke,https://educationnews.co.ke/mombasa-introduces-childcare-program-to-curb-tvet-dropouts-among-young-mothers/,2026-07-26,General,Mombasa County omegana emonera yaki naki bw'egurani mu Mtongwe na Kisauni Technical Colleges oria bogenyaki nyakokere bosi buya bosi buya nyakokere kiroki.,Mombasa County niongo ohing' gima matindo kuom nyundo kod chike e Mtongwe gi Kisauni Technical Colleges to yore young mothers e TVET gi to tich jochungo.,Dowladda Mombasa waxay bilawday barnaamijyo daryeelka carruurta ah oo ka socda kulliyadaha farsamada ee Mtongwe iyo Kisauni si ay u taageeraan hooyooyinka dhalinyarada ah ee TVET oo ay hoos u dhigaan heerka ka bixitaanka.
EDU-00869,Education,PSA,A Kajiado man has been sentenced to 20 years in prison for defiling his 13-year-old stepdaughter. The convict has 14 days to file an appeal.,Mwanamume wa Kajiado amepewa kifungo cha miaka 20 gerezani kwa kumuangamiza binti yake wa kambo mwenye umri wa miaka 13. Mfungwa ana siku 14 za kutoa rufaa.,,EducationNews_co_ke,https://educationnews.co.ke/kajiado-man-jailed-for-20-years-for-defiling-13-years-old-stepdaughter/,2026-07-26,General,Mogaka wa Kajiado omokire omokiro ore 20 mwaki obokiragia otoko 13 omokiri. Omokiri ondoi 14 orio oreregebwaki omokirongi.,Pek wilawa mare 20 ng'ato kanyakla kuom gweny mar unyalo 13 mwarumo. Wilawa oyudo 14 nyakar kendo ahinya thoko.,Nin ka socda Kajiado ayaa lagu xukumay 20 sano oo xabsi ah kadib markii uu kufsaday gabar uu ka dhashay 13 sano. Xukunka ayaa leh 14 maalmood oo uu kaga dacwoon karo.
EDU-00870,Education,PSA,Highway Secondary School will represent Nairobi at the KSSSA National Games from July 28 to August 1 at M-Pesa Academy in Thika after winning the regional football title.,Shule ya Sekondari ya Highway itawakilisha Nairobi katika Michezo ya Kitaifa ya KSSSA kuanzia Julai 28 hadi Agosti 1 katika Akademia ya M-Pesa huko Thika baada ya kushinda taji la mpira wa miguu wa kikanda.,,EducationNews_co_ke,https://educationnews.co.ke/highway-secondary-retain-nairobi-football-crown-after-dramatic-penalty-win-over-upper-hill/,2026-07-26,General,Highway Secondary School oserere na Nairobi buya KSSSA National Games buya July 28-Agosti 1 buya M-Pesa Academy Mosongari Thika buya omokira obwaki buya bushere bwanogori.,Highway Secondary School niki gote Nairobi e KSSSA National Games manok odhi e July 28 kendo August 1 e M-Pesa Academy Thika nyaka ogendini buo regional.,Dugsiga Sare ee Highway ayaa matali doona Nairobi ciyaartoyda KSSSA ee Qaranka laga bilaabo Luulyo 28 ilaa Ogosto 1 ee Akadeemiga M-Pesa ee Thika ka dib markii ay ku guuleysteen horyaalka kubadda cagta ee gobolka.
